Area,Year,Week,Precipitation energy (GWh),Useful inflow HBV (used before 2015 and to min/max/avg) (GWh),"Useful inflow (production data and reservoir statistics, used from 2015) (GWh)",Hydrological balance (GWh),Reservoir deviation (GWh),Groundwater and groundwater (GWh),Snow (GWh),"Deviation snow, ground and groundwater (GWh)"
NO,2026,18,1088,3587,,,,17213,21827,-21612
NO,2026,17,857,2500,2381,-20912,371,15904,25765,-21283
NO,2026,16,1911,1364,1381,-21182,-301,16232,27231,-20881
NO,2026,15,541,881,736,-21075,-90,14432,29448,-20984
NO,2026,14,4791,1072,946,-20316,-110,14402,30157,-20206
NO,2026,13,3253,1206,1007,-23164,-530,14284,27104,-22635
NO,2026,12,1995,1819,1115,-24174,-1175,14875,24906,-22999
NO,2026,11,4521,1579,1075,-23236,-1830,13915,25913,-21405
NO,2026,10,2775,862,616,-24514,-2528,13569,23958,-21986
NO,2026,9,3493,452,593,-23788,-2545,12752,23399,-21243
NO,2026,8,2511,173,195,-24568,-2843,12545,20974,-21724
NO,2026,7,520,178,184,-24181,-2457,12630,18690,-21725
NO,2026,6,201,218,248,-21562,-1877,12766,18209,-19685
NO,2026,5,241,283,233,-18626,-1453,12936,18024,-17173
NO,2026,4,355,413,353,-15061,-469,13166,17799,-14592
NO,2026,3,3576,522,508,-11208,491,13510,17586,-11698
NO,2026,2,860,594,519,-10561,1338,13710,14575,-11899
NO,2026,1,2997,1040,796,-7363,2504,14246,13774,-9867
NO,2025,52,2595,1896,1364,-4447,2719,15136,11014,-7166
NO,2025,51,5256,4098,3461,-2337,3305,15747,9881,-5642
NO,2025,50,5213,2128,2699,-3569,1309,15273,8925,-4877
NO,2025,49,2596,1932,1701,-5282,-251,14359,7417,-5032
NO,2025,48,3896,1379,1359,-4196,-507,14732,6319,-3689
NO,2025,47,1412,1219,966,-4194,-447,14717,4417,-3747
NO,2025,46,4355,2552,2590,-1512,742,15762,3322,-2255
NO,2025,45,3904,3742,3667,-2263,234,16321,1179,-2497
NO,2025,44,2707,2247,2061,-2644,-1501,15880,1708,-1142
NO,2025,43,4468,2630,2521,-1403,-815,16040,1178,-588
NO,2025,42,2001,2908,2299,-2063,-593,14522,993,-1470
NO,2025,41,4434,4147,4244,-775,-567,15346,580,-208
NO,2025,40,4382,1911,2122,-2174,-2060,14851,520,-115
NO,2025,39,343,2568,1975,-2758,-1467,13513,255,-1292
NO,2025,38,3292,4137,3952,409,-395,14901,505,804
NO,2025,37,5277,3918,3576,-338,-1678,15189,368,1340
NO,2025,36,5339,4078,4478,-2417,-2194,13430,448,-223
NO,2025,35,705,1541,1164,-5824,-3792,11497,580,-2031
NO,2025,34,1051,2253,1646,-4186,-2480,11783,737,-1706
NO,2025,33,1575,3277,2888,-2268,-1305,12729,759,-964
NO,2025,32,5457,5255,5200,-1305,-1084,13736,936,-220
NO,2025,31,3660,2596,2318,-4286,-3070,13097,1181,-1216
NO,2025,30,383,2625,2345,-5446,-2197,11295,1845,-3249
NO,2025,29,-198,4007,3582,-3415,-849,12095,2987,-2566
NO,2025,28,-1273,3455,3252,-936,-403,13575,5379,-533
NO,2025,27,2875,4785,4564,2676,963,15834,7904,1713
NO,2025,26,2848,5059,5420,1575,1388,15593,9699,187
NO,2025,25,1688,5334,5803,-321,1175,15334,11970,-1495
NO,2025,24,-301,3672,3796,-1160,1185,16223,14678,-2345
NO,2025,23,2480,4908,4846,-102,3446,17171,17507,-3548
NO,2025,22,3233,4747,4627,-930,5478,17431,19551,-6408
NO,2025,21,2148,3356,3322,-2620,7439,16760,21718,-10059
NO,2025,20,-576,3955,3811,-2688,10644,16241,23788,-13332
NO,2025,19,-347,2722,2475,-513,12221,16880,27834,-12733
NO,2025,18,3155,4354,4085,1713,14390,16463,31512,-12677
NO,2025,17,1024,2569,2340,-515,13552,16798,32088,-14067
NO,2025,16,2067,4150,3698,-248,13944,16814,33339,-14192
NO,2025,15,2454,2088,1870,-1176,12205,16216,35267,-13381
NO,2025,14,1085,1838,1529,-1878,11783,15475,35629,-13661
NO,2025,13,3434,1533,1569,-445,11395,15081,37100,-11841
NO,2025,12,1055,911,722,-972,10993,14464,36351,-11965
NO,2025,11,1803,1487,1142,796,11184,14821,36025,-10388
NO,2025,10,10761,3716,3516,2704,11595,16200,34423,-8890
NO,2025,9,2763,1697,1434,-3717,8619,14647,30411,-12336
NO,2025,8,4187,876,957,-2752,8248,14674,29570,-11000
NO,2025,7,792,623,441,-2929,8565,13622,27928,-11494
NO,2025,6,2506,930,797,88,9431,14021,27295,-9343
NO,2025,5,928,849,802,1342,9560,14176,25739,-8218
NO,2025,4,3065,1587,1390,4258,9985,14878,24953,-5727
NO,2025,3,4474,3346,2759,5507,9899,15971,22430,-4393
NO,2025,2,2219,790,807,5815,8115,13762,24122,-2301
NO,2025,1,3816,1444,1405,7375,8903,14237,22122,-1528
NO,2024,52,4330,2592,2786,9213,8724,15220,18586,489
NO,2024,51,5290,2369,2528,8513,7761,14486,17536,753
NO,2024,50,5366,1546,1375,6319,6567,15112,13716,-247
NO,2024,49,2065,2578,2227,5182,6698,15136,10156,-1516
NO,2024,48,5236,1869,2280,5884,6046,15651,8927,-163
NO,2024,47,3364,1553,1252,5633,5112,15302,8100,521
NO,2024,46,5681,2597,2392,6160,5819,16240,5439,340
NO,2024,45,1095,3643,2787,4494,5307,16286,2897,-813
NO,2024,44,8199,5193,4416,7745,4980,17232,4263,2765
NO,2024,43,6028,5705,5414,4072,3229,17345,1305,843
NO,2024,42,3562,2697,2730,1292,473,17107,697,819
NO,2024,41,4236,2388,2450,448,-441,15048,1974,889
NO,2024,40,1560,2034,1573,-421,-265,14325,1005,-156
NO,2024,39,4890,2145,1952,1943,1342,14446,1215,601
NO,2024,38,-273,2403,1846,1213,2250,13342,222,-1037
NO,2024,37,5735,5219,4126,4916,3475,15489,169,1441
NO,2024,36,3193,3449,2660,3335,2460,14828,147,875
NO,2024,35,1977,4796,4099,3132,2739,14314,188,394
NO,2024,34,6330,4742,4575,3192,1249,15950,219,1942
NO,2024,33,2448,3318,3147,-1082,-737,13851,256,-345
NO,2024,32,4728,3375,3728,-1255,-795,14119,312,-460
NO,2024,31,-326,2118,1796,-4134,-1407,12356,412,-2727
NO,2024,30,3011,3725,3385,-1718,-125,14207,589,-1593
NO,2024,29,1179,3257,3229,-2607,-24,14236,830,-2583
NO,2024,28,2800,3687,4014,-2227,608,15213,1438,-2835
NO,2024,27,3231,2790,3119,-3520,1166,14949,2391,-4686
NO,2024,26,37,4192,4404,-5303,2746,14207,2849,-8049
NO,2024,25,1150,4989,5181,-4307,3598,16014,4879,-7905
NO,2024,24,2659,4335,4597,-4531,4441,17543,6731,-8972
NO,2024,23,5191,5463,5672,-5938,6051,17649,8589,-11989
NO,2024,22,1812,9628,10071,-9333,7278,17438,9341,-16611
NO,2024,21,411,9187,9446,-10110,4042,19360,15025,-14152
NO,2024,20,-488,10060,9760,-8536,1239,19062,24525,-9775
NO,2024,19,662,7104,6325,-5749,-3178,19387,35488,-2572
NO,2024,18,323,4357,4339,-3550,-4846,18953,42995,1296
NO,2024,17,1157,1061,871,-1136,-6129,14299,53646,4993
NO,2024,16,305,2172,1784,-761,-4246,14315,53515,3485
NO,2024,15,4332,3899,3793,254,-4002,15698,53423,4256
NO,2024,14,2757,1035,1061,-2084,-6770,13733,55717,4686
NO,2024,13,2789,896,909,-3126,-7010,13183,54722,3884
NO,2024,12,2471,726,624,-3293,-6822,12559,53750,3530
NO,2024,11,3095,779,387,-2980,-6411,12588,52076,3430
NO,2024,10,138,768,693,-2880,-6023,12359,50296,3142
NO,2024,9,2435,871,717,-82,-5830,12794,50348,5748
NO,2024,8,3140,757,614,781,-5833,12308,49551,6614
NO,2024,7,3818,529,529,897,-5694,12127,47508,6591
NO,2024,6,1095,758,676,263,-5475,12289,44109,5738
NO,2024,5,11967,1569,1409,2331,-5368,12731,43102,7700
NO,2024,4,7470,1241,1116,-6136,-6780,12679,33523,644
NO,2024,3,3887,390,416,-10148,-7785,12190,28241,-2362
NO,2024,2,2370,659,456,-10116,-6984,12213,24839,-3133
NO,2024,1,620,380,365,-8732,-6244,12189,23210,-2488
NO,2023,52,2778,691,640,-3852,-5625,12445,22644,1773
NO,2023,51,6296,2059,1775,-3623,-5335,12857,20124,1712
NO,2023,50,2996,489,1294,-8387,-6359,12829,14219,-2028
NO,2023,49,603,252,331,-8793,-6554,12312,12256,-2239
NO,2023,48,367,377,366,-5927,-5405,12543,11676,-522
NO,2023,47,4437,826,739,-2566,-3906,12897,11323,1340
NO,2023,46,376,495,512,-3737,-3041,13034,7608,-697
NO,2023,45,1136,913,779,-573,-1336,13507,7252,763
NO,2023,44,2846,981,1027,2122,300,14019,6533,1822
NO,2023,43,189,1205,907,2455,1532,14470,4259,923
NO,2023,42,2522,2514,1834,6711,3923,15399,4375,2788
NO,2023,41,6014,3602,3640,7788,4075,16988,2859,3713
NO,2023,40,4132,3451,3141,5087,3009,16403,1161,2078
NO,2023,39,3469,4353,4018,4810,2889,16820,160,1921
NO,2023,38,8844,5313,5815,4929,1861,17489,180,3068
NO,2023,37,3217,2719,2719,-1106,-1053,13974,190,-53
NO,2023,36,898,2607,2416,-1135,-462,13245,183,-673
NO,2023,35,1515,3534,2322,488,53,14342,201,435
NO,2023,34,3848,4031,3337,2628,715,15922,218,1913
NO,2023,33,2828,3992,3634,2234,818,15614,253,1416
NO,2023,32,9223,6943,5383,2278,661,16196,312,1616
NO,2023,31,1267,2611,2284,-3022,-1516,13608,380,-1506
NO,2023,30,1811,3233,3072,-2223,-640,14286,520,-1583
NO,2023,29,3274,3991,4550,-1745,83,15071,749,-1828
NO,2023,28,3462,3853,5170,-3496,-360,15387,965,-3136
NO,2023,27,1995,4017,4074,-6754,-1093,14683,1681,-5661
NO,2023,26,2366,5211,5722,-7230,-324,15594,2606,-6906
NO,2023,25,432,7056,7325,-8612,-705,15798,5094,-7907
NO,2023,24,-1285,8983,7648,-7730,-2131,17844,9804,-5598
NO,2023,23,-585,7194,6547,-3451,-3507,19233,19050,56
NO,2023,22,1111,5488,5945,-44,-3095,19046,27395,3052
NO,2023,21,2524,9370,7864,25,-2543,19463,31643,2568
NO,2023,20,394,7521,6785,1054,-4018,19787,38646,5072
NO,2023,19,1069,4770,4555,2988,-5524,18535,47424,8512
NO,2023,18,1098,1110,984,3554,-5657,14222,55641,9211
NO,2023,17,3377,2550,1546,3291,-3652,14688,55207,6942
NO,2023,16,998,2641,1921,1919,-2967,15686,53546,4886
NO,2023,15,4178,1546,1180,3019,-3089,13559,57414,6108
NO,2023,14,296,313,383,478,-3176,12394,56025,3654
NO,2023,13,1163,384,356,2094,-2321,12310,56127,4414
NO,2023,12,3448,730,837,3292,-1581,12597,55056,4874
NO,2023,11,5106,410,462,1957,-1754,12375,52570,3711
NO,2023,10,1207,283,412,-894,-1632,12382,47870,739
NO,2023,9,2108,523,486,1069,-862,12625,46700,1932
NO,2023,8,5623,858,842,1846,-679,12725,45044,2525
NO,2023,7,3707,1243,1105,-895,-871,13063,39958,-23
NO,2023,6,5725,914,1041,-1533,-1482,12912,37696,-52
NO,2023,5,6527,890,791,-4499,-2205,12656,33184,-2294
NO,2023,4,3280,960,1154,-7719,-2368,12919,27288,-5350
NO,2023,3,2375,468,522,-7546,-2686,12588,25346,-4860
NO,2023,2,4760,1128,1065,-6305,-2124,12906,23098,-4181
NO,2023,1,4252,570,775,-8582,-3097,12839,19563,-5485
NO,2022,52,6373,779,803,-8141,-3545,13058,15662,-4597
NO,2022,51,3809,644,734,-11969,-3831,13124,10008,-8138
NO,2022,50,1769,495,381,-12665,-3540,13375,6575,-9125
NO,2022,49,1131,666,464,-10384,-2260,13799,4884,-8124
NO,2022,48,1623,1249,949,-7423,-921,14420,3818,-6502
NO,2022,47,1714,1414,990,-5070,-89,15132,2767,-4982
NO,2022,46,320,3101,1690,-3049,639,16178,1473,-3688
NO,2022,45,7059,5273,5703,1455,945,18935,1572,510
NO,2022,44,5207,3837,4202,-2482,-2727,17647,1328,245
NO,2022,43,2854,2585,3148,-4680,-4609,16534,1202,-71
NO,2022,42,2457,2958,2404,-4810,-5376,15644,1908,566
NO,2022,41,4311,3803,3734,-3989,-6010,16702,1452,2021
NO,2022,40,7800,4457,5414,-4959,-7282,16953,857,2323
NO,2022,39,3878,2490,3065,-10910,-10416,14297,269,-494
NO,2022,38,1477,1655,1539,-12227,-11258,12932,700,-969
NO,2022,37,4904,2297,2345,-10938,-10435,12910,804,-504
NO,2022,36,-366,1219,713,-13611,-10483,10187,787,-3127
NO,2022,35,-382,1782,1223,-10875,-8940,11242,930,-1936
NO,2022,34,1523,2733,2288,-8457,-8198,12870,1096,-260
NO,2022,33,2904,2789,2794,-7485,-7781,13302,1446,296
NO,2022,32,619,2802,2708,-8185,-7435,12106,2035,-750
NO,2022,31,3360,3354,3379,-6074,-6614,13413,2621,540
NO,2022,30,1612,3329,3332,-7482,-6960,12589,3278,-522
NO,2022,29,326,3422,3383,-7148,-6873,13034,4338,-275
NO,2022,28,1038,3631,3529,-5552,-6349,14199,6085,797
NO,2022,27,2585,5289,4620,-4816,-5647,15225,7630,831
NO,2022,26,2510,8103,7699,-5077,-5645,16274,9399,567
NO,2022,25,-107,5729,6832,-5175,-7833,16177,15279,2658
NO,2022,24,1443,6568,7083,-4329,-8615,17300,20233,4286
NO,2022,23,257,7097,7139,-4767,-9521,18444,24537,4754
NO,2022,22,1711,6418,7095,-3023,-9805,18858,31313,6781
NO,2022,21,2128,7014,7649,-3422,-10066,18342,36839,6644
NO,2022,20,762,4739,4257,-4440,-11489,18056,42354,7049
NO,2022,19,3341,4068,4056,-3149,-10324,16879,47743,7175
NO,2022,18,1407,1870,2093,-5497,-10405,15737,49823,4907
NO,2022,17,734,2299,1676,-6390,-9552,15305,50809,3161
NO,2022,16,-39,3006,1612,-5462,-8927,16234,51576,3465
NO,2022,15,1442,608,546,-3063,-9176,13326,57652,6113
NO,2022,14,2381,561,429,-3001,-8399,13160,57003,5398
NO,2022,13,1786,1159,810,-3896,-8247,13555,54818,4351
NO,2022,12,1909,1538,912,-2837,-7880,13940,53882,5043
NO,2022,11,1461,769,446,-1571,-7865,12925,54603,6294
NO,2022,10,886,509,385,-177,-7542,12652,54226,7365
NO,2022,9,1789,519,494,1823,-7306,12578,53945,9129
NO,2022,8,4412,470,635,3184,-6831,12600,52659,10015
NO,2022,7,4040,737,823,1480,-6771,12744,48551,8251
NO,2022,6,7362,762,991,-149,-7457,12939,45029,7309
NO,2022,5,6085,948,1084,-5148,-8354,13141,38197,3205
NO,2022,4,6994,1602,1671,-8192,-8815,13631,32550,623
NO,2022,3,6313,1373,1326,-11959,-10031,13672,27193,-1928
NO,2022,2,6140,1769,2039,-14964,-10780,13971,22030,-4184
NO,2022,1,3267,919,736,-18003,-11859,13251,18492,-6144
NO,2021,52,3135,900,1035,-15428,-11545,13781,15653,-3882
NO,2021,51,1698,1325,749,-15237,-11196,13725,13503,-4041
NO,2021,50,5110,1760,1772,-12257,-10105,14660,12263,-2152
NO,2021,49,820,569,442,-14074,-10896,13371,10257,-3178
NO,2021,48,1684,895,605,-10805,-9456,13906,9485,-1349
NO,2021,47,2600,1912,1577,-8418,-8167,14777,7853,-251
NO,2021,46,4178,2646,2573,-6818,-7502,15954,6070,685
NO,2021,45,3824,2513,2126,-7786,-8407,15577,5040,621
NO,2021,44,4131,3737,3415,-7579,-8247,16412,2987,668
NO,2021,43,5699,4687,5158,-7734,-9070,17003,2139,1335
NO,2021,42,4674,3203,3159,-10146,-11522,15332,3030,1376
NO,2021,41,5356,3778,3295,-11801,-12699,15716,1316,898
NO,2021,40,5177,4285,4038,-13237,-13309,15366,193,73
NO,2021,39,5229,2812,3783,-14884,-14357,14355,178,-527
NO,2021,38,3031,1657,1988,-18272,-15583,11657,255,-2689
NO,2021,37,870,1484,1021,-18549,-14764,10250,183,-3785
NO,2021,36,2110,1750,1888,-15848,-12513,10589,176,-3335
NO,2021,35,468,1354,1172,-15590,-11422,9690,251,-4168
NO,2021,34,151,1551,1265,-14066,-10228,10209,179,-3838
NO,2021,33,1082,2007,1712,-11900,-8791,11157,185,-3109
NO,2021,32,1755,1911,1894,-10481,-7515,11731,194,-2967
NO,2021,31,180,1792,1435,-9970,-5966,11282,209,-4004
NO,2021,30,3503,2770,2721,-8093,-4352,12419,229,-3742
NO,2021,29,271,2169,2183,-10417,-3859,10783,307,-6558
NO,2021,28,438,2630,2818,-9263,-2286,12141,368,-6977
NO,2021,27,3094,3359,4232,-8683,-720,13465,597,-7963
NO,2021,26,-1248,2662,3071,-11197,190,12436,1282,-11387
NO,2021,25,1079,4162,4460,-8928,2669,14801,2400,-11598
NO,2021,24,4070,4655,6185,-8775,4284,16366,3821,-13059
NO,2021,23,231,5860,7124,-13075,4288,15892,4972,-17363
NO,2021,22,-1695,8940,7851,-12578,4199,17750,8863,-16777
NO,2021,21,321,6012,6671,-7624,3306,19152,18456,-10930
NO,2021,20,1527,6688,6553,-6330,3461,18538,25032,-9791
NO,2021,19,2485,4870,5194,-5802,2584,18728,30333,-8386
NO,2021,18,719,669,828,-6931,2060,13995,37666,-8991
NO,2021,17,414,808,625,-6849,4458,14183,37462,-11307
NO,2021,16,852,2045,908,-5606,6664,14862,37213,-12270
NO,2021,15,756,746,614,-3992,7504,13842,39526,-11496
NO,2021,14,5872,1363,994,-2727,8666,14053,39319,-11393
NO,2021,13,3724,2693,2708,-6553,8523,14942,34004,-15076
NO,2021,12,2624,1263,952,-8317,6415,13986,34062,-14732
NO,2021,11,1459,549,448,-8366,6112,13183,33572,-14478
NO,2021,10,3819,860,578,-7062,6597,13427,32428,-13659
NO,2021,9,3040,1856,870,-7858,6606,13935,28995,-14464
NO,2021,8,4483,2259,1855,-6950,6427,14259,27608,-13377
NO,2021,7,2515,289,369,-8204,5076,12639,27125,-13281
NO,2021,6,1195,154,175,-7741,5391,12482,25046,-13131
NO,2021,5,436,180,255,-5369,6273,12598,23893,-11642
NO,2021,4,514,318,165,-2181,7149,12756,23471,-9331
NO,2021,3,4892,596,686,1664,8448,13035,22975,-6784
NO,2021,2,1831,373,382,376,8808,13066,18686,-8433
NO,2021,1,359,458,439,2509,10106,13354,16936,-7597
NO,2020,53,2950,1014,831,7403,12528,13780,16612,-5125
NO,2020,52,2856,1656,1308,9327,14164,14339,14140,-4837
NO,2020,51,2918,1230,1567,10689,14609,14768,12581,-3920
NO,2020,50,1670,1091,983,11413,14796,14429,11264,-3383
NO,2020,49,2070,1464,1226,13815,15483,15031,10108,-1668
NO,2020,48,4531,3259,2377,15814,15963,16082,8509,-149
NO,2020,47,10357,5181,4053,15853,15302,17382,6049,551
NO,2020,46,1630,2520,2038,9629,12365,16422,2181,-2736
NO,2020,45,5308,4473,4026,11677,12102,17239,2333,-424
NO,2020,44,4003,3547,2903,10060,9853,16329,2609,208
NO,2020,43,5996,2525,2657,10461,9640,15646,2983,821
NO,2020,42,876,1891,1516,8617,10357,14666,580,-1740
NO,2020,41,4745,3336,3305,11395,11323,15930,275,71
NO,2020,40,999,2392,2954,10322,11151,14429,228,-829
NO,2020,39,5676,3617,3457,11801,11205,15171,486,597
NO,2020,38,3066,3732,3245,10553,10932,13327,896,-379
NO,2020,37,4773,3379,3746,11359,10742,13892,943,617
NO,2020,36,1751,1819,2199,9458,10122,12559,877,-664
NO,2020,35,1727,2544,1958,10076,10969,12179,1037,-893
NO,2020,34,1241,2636,3151,11340,11682,12726,1158,-341
NO,2020,33,-669,3205,2278,11712,11477,12878,1809,236
NO,2020,32,2040,4635,3612,15659,12500,15018,3033,3159
NO,2020,31,3729,5960,5761,17404,12501,15861,4537,4904
NO,2020,30,1688,4346,4390,16169,10047,15621,6890,6122
NO,2020,29,1103,4602,5112,16954,9401,16503,8698,7553
NO,2020,28,3295,5639,4095,17488,8251,16745,11980,9238
NO,2020,27,4120,7428,5829,17816,8599,17228,14014,9217
NO,2020,26,208,11957,9880,17144,7426,17632,17191,9718
NO,2020,25,-880,13709,11866,20944,2758,19472,27512,18186
NO,2020,24,156,10237,10375,25630,-3287,20356,41807,28917
NO,2020,23,1972,12291,10171,26844,-7633,20907,51797,34477
NO,2020,22,667,7162,6140,29341,-10879,19275,64334,40220
NO,2020,21,1710,2480,3103,31589,-10314,17206,73234,41903
NO,2020,20,1983,1179,1093,31370,-6555,14221,77065,37925
NO,2020,19,1053,1603,1503,31165,-1950,14940,75622,33115
NO,2020,18,1589,1920,1480,31774,1236,14848,76342,30538
NO,2020,17,178,2813,1714,32149,3477,15266,76358,28672
NO,2020,16,4482,1303,1181,34274,4222,13347,81050,30051
NO,2020,15,2203,1183,1077,31335,4902,13335,77963,26434
NO,2020,14,4143,780,757,30846,5283,12734,77594,25563
NO,2020,13,2381,1059,756,28868,5894,12996,74000,22974
NO,2020,12,4335,878,756,29342,6387,12582,73153,22955
NO,2020,11,4527,1000,889,27738,6705,12659,69609,21034
NO,2020,10,4275,594,664,25746,6498,12611,66150,19248
NO,2020,9,4041,925,824,24456,6783,12815,62252,17674
NO,2020,8,10214,1841,1702,23550,6868,13430,58496,16682
NO,2020,7,6997,1430,1293,16084,5549,13263,50316,10535
NO,2020,6,3750,1167,1156,11833,4424,13345,44723,7408
NO,2020,5,3869,1317,1274,11077,3693,13582,41934,7383
NO,2020,4,6100,2306,2167,10307,2860,14041,38964,7447
NO,2020,3,7870,2291,1723,7557,1043,13736,35571,6514
NO,2020,2,7761,2516,2568,3436,-219,13966,29875,3655
NO,2020,1,10043,3599,2802,-1330,-2202,13827,24933,873
NO,2019,52,1366,616,1074,-5653,-4924,12256,20332,-728
NO,2019,51,2543,739,967,-4123,-4711,12526,19331,587
NO,2019,50,5292,1275,1198,-3560,-4555,12681,17389,995
NO,2019,49,5772,1520,1452,-5776,-5065,13203,12893,-711
NO,2019,48,2064,733,729,-8481,-5671,12485,9446,-2809
NO,2019,47,4176,850,820,-7338,-5085,12889,7738,-2253
NO,2019,46,1448,612,617,-8548,-4549,12726,4614,-3999
NO,2019,45,428,819,622,-6820,-3352,13168,3360,-3468
NO,2019,44,1291,1589,1330,-3304,-1520,13989,2958,-1783
NO,2019,43,3939,2584,2692,-918,-414,15272,2031,-504
NO,2019,42,2559,2299,2181,-1526,-601,14455,1605,-925
NO,2019,41,2958,1822,2144,-1051,-795,14106,1771,-256
NO,2019,40,2317,1825,1570,-1010,-302,13622,1156,-708
NO,2019,39,1177,2628,1969,243,956,14154,193,-713
NO,2019,38,4945,4795,3320,2855,1786,14730,940,1069
NO,2019,37,4025,3037,4180,2923,1457,15240,444,1466
NO,2019,36,4617,3240,3177,737,293,14212,334,445
NO,2019,35,1988,2931,3330,-956,48,12883,222,-1004
NO,2019,34,3227,3527,3747,-1724,-839,13068,274,-884
NO,2019,33,4702,3120,3647,-3030,-1892,12999,315,-1138
NO,2019,32,1883,1916,2095,-6327,-2779,10953,390,-3548
NO,2019,31,684,2383,1949,-6384,-1624,10220,515,-4760
NO,2019,30,73,2735,3008,-5190,-440,10853,786,-4750
NO,2019,29,640,1978,2409,-4409,-267,12088,1418,-4142
NO,2019,28,-819,2423,2220,-4126,931,12425,2005,-5057
NO,2019,27,2432,3037,3491,-1628,3066,14293,3038,-4694
NO,2019,26,696,3086,3875,-3048,4128,14538,3392,-7176
NO,2019,25,1672,4081,5139,-3290,5282,16052,4174,-8572
NO,2019,24,1648,5122,6180,-4950,5659,16875,5763,-10609
NO,2019,23,2695,5315,8497,-6744,5308,18246,7929,-12052
NO,2019,22,3104,3219,3988,-11032,3419,17533,11406,-14451
NO,2019,21,3230,7541,9097,-13655,5675,18098,11109,-19331
NO,2019,20,154,3450,3858,-16564,3009,17933,15856,-19573
NO,2019,19,3403,2289,2286,-15954,4314,17257,19922,-20268
NO,2019,18,1161,6407,5697,-18249,6214,17114,19074,-24464
NO,2019,17,882,7144,5625,-17962,3279,19111,22601,-21241
NO,2019,16,86,1411,1062,-16809,-776,15702,32609,-16033
NO,2019,15,49,946,667,-15696,-518,13630,36057,-15178
NO,2019,14,991,1396,1030,-13984,150,14348,36283,-14134
NO,2019,13,4443,1765,1665,-13046,-121,14540,36558,-12925
NO,2019,12,4299,1054,1084,-15511,-1244,13590,34923,-14267
NO,2019,11,2623,682,522,-17843,-1915,13277,32028,-15928
NO,2019,10,2977,1100,683,-18226,-2098,13756,29629,-16128
NO,2019,9,2300,2429,1141,-18278,-2452,14555,27014,-15826
NO,2019,8,2946,1518,1126,-16745,-3347,14118,27728,-13398
NO,2019,7,4161,991,857,-16634,-4103,13501,27013,-12531
NO,2019,6,2495,314,499,-18176,-4907,12523,24867,-13269
NO,2019,5,1273,272,368,-17918,-5001,12570,22646,-12917
NO,2019,4,1191,385,445,-15705,-4363,12795,21420,-11342
NO,2019,3,4670,713,590,-12938,-3551,13125,20282,-9387
NO,2019,2,3216,1250,1026,-13911,-3208,13673,15809,-10703
NO,2019,1,5814,1829,1401,-13905,-3619,14165,13436,-10286
NO,2018,52,3066,1049,937,-14130,-4542,13585,10143,-9589
NO,2018,51,1234,512,527,-13675,-4175,13233,8537,-9500
NO,2018,50,892,707,447,-11023,-3013,13628,7438,-8009
NO,2018,49,4020,1403,965,-7773,-1855,14258,6631,-5918
NO,2018,48,2596,1405,1026,-8184,-1778,14934,3400,-6406
NO,2018,47,255,1570,907,-7087,-1417,15081,2128,-5671
NO,2018,46,3661,3524,3112,-3108,-331,16532,2030,-2777
NO,2018,45,1323,2141,2207,-3086,-1633,15730,2813,-1453
NO,2018,44,2670,1603,1553,-963,-1660,14736,4692,697
NO,2018,43,5434,3194,2706,130,-501,14919,3519,631
NO,2018,42,3526,4671,3573,-796,-149,15613,725,-648
NO,2018,41,4224,4477,5712,113,-1347,16538,1057,1461
NO,2018,40,3850,3479,2961,-1666,-4224,15491,2553,2557
NO,2018,39,7154,5835,4938,-1095,-3878,16313,1530,2783
NO,2018,38,7054,5153,5867,-2884,-5933,17001,649,3049
NO,2018,37,7652,5340,6024,-7375,-9001,15385,460,1627
NO,2018,36,2293,2264,2717,-12402,-11809,13320,188,-593
NO,2018,35,901,2275,2025,-12629,-11471,12751,199,-1158
NO,2018,34,2653,3510,3210,-11064,-10867,13773,256,-197
NO,2018,33,3912,3938,4227,-10832,-11099,14503,215,267
NO,2018,32,5910,3092,3649,-12778,-12270,14155,229,-508
NO,2018,31,3821,2926,2707,-17095,-12722,10870,251,-4373
NO,2018,30,1454,1732,1846,-19470,-12449,9056,312,-7020
NO,2018,29,66,1660,1608,-20010,-11094,8301,431,-8916
NO,2018,28,-237,1544,1471,-19232,-9182,8714,723,-10050
NO,2018,27,-1071,1838,1746,-17899,-6432,9386,1171,-11467
NO,2018,26,-821,2039,2174,-15818,-3619,11034,1873,-12199
NO,2018,25,2811,3125,3469,-14195,-853,12968,2487,-13343
NO,2018,24,3168,2969,4425,-16407,1035,13002,2803,-17442
NO,2018,23,-557,2793,3929,-20078,2642,11917,3590,-22720
NO,2018,22,-1670,5338,6556,-18985,5668,14008,4729,-24653
NO,2018,21,-1091,6634,6012,-17130,5612,16658,9137,-22742
NO,2018,20,-899,10046,8025,-13566,6005,18443,15347,-19571
NO,2018,19,1733,11117,11172,-9045,3231,20650,24521,-12276
NO,2018,18,1440,3383,3267,-9451,-3892,17521,37573,-5559
NO,2018,17,2333,5044,3353,-10083,-4311,16250,40930,-5773
NO,2018,16,1162,5094,3274,-9803,-5655,17010,43187,-4148
NO,2018,15,1329,843,603,-7679,-7220,12575,51830,-459
NO,2018,14,2238,216,285,-7525,-6698,11621,52317,-827
NO,2018,13,641,166,153,-8266,-6172,11539,50390,-2094
NO,2018,12,2239,176,198,-6669,-5345,11615,49841,-1324
NO,2018,11,1116,95,171,-6368,-4544,11567,47843,-1824
NO,2018,10,692,86,159,-4948,-3820,11611,46774,-1128
NO,2018,9,565,100,136,-2514,-2896,11667,46108,381
NO,2018,8,678,143,218,311,-1749,11742,45561,2060
NO,2018,7,1780,268,348,3136,-580,11842,44918,3716
NO,2018,6,1739,288,515,4522,-57,11984,43255,4579
NO,2018,5,3838,576,576,6144,485,12052,41741,5659
NO,2018,4,4360,594,826,5851,886,12205,38317,4964
NO,2018,3,2929,361,552,5062,1080,12197,34578,3981
NO,2018,2,1667,391,583,5793,1767,12390,31820,4025
NO,2018,1,2135,574,799,7677,2627,12621,30316,5050
NO,2017,52,4587,1625,1630,11001,2848,13272,28197,8153
NO,2017,51,5315,1422,2294,10196,2905,14024,24537,7292
NO,2017,50,821,763,807,8029,2355,13174,21576,5675
NO,2017,49,6594,1930,2439,11178,3282,13871,20832,7896
NO,2017,48,1510,778,1025,7471,2075,13456,16680,5396
NO,2017,47,6075,1299,1969,9450,2934,13994,15402,6516
NO,2017,46,4625,1477,1226,6249,2896,14476,10216,3353
NO,2017,45,3979,2226,1677,5188,3582,15309,6293,1605
NO,2017,44,3690,2828,2515,5308,4077,16004,3957,1231
NO,2017,43,5526,3146,2974,5664,4230,16057,3184,1434
NO,2017,42,3789,3411,2998,4150,4141,15754,1241,9
NO,2017,41,3577,2645,2892,4051,3450,15839,896,601
NO,2017,40,7189,4959,4676,3799,3380,15066,839,419
NO,2017,39,542,1890,2618,397,1629,13599,229,-1232
NO,2017,38,1922,2214,2399,2525,2021,14376,729,504
NO,2017,37,3720,3301,3811,3793,2770,14509,732,1023
NO,2017,36,2879,2349,3269,2664,2095,13846,824,569
NO,2017,35,904,2067,2203,1606,1842,12882,991,-235
NO,2017,34,523,2470,2267,2969,2400,13602,1194,570
NO,2017,33,3280,3109,3789,5258,3179,15121,1410,2080
NO,2017,32,1806,3321,3668,3859,2571,14390,1789,1288
NO,2017,31,3984,3945,4733,4381,2396,15095,2384,1985
NO,2017,30,2038,3817,3835,1630,758,13948,3312,872
NO,2017,29,565,3544,3552,1460,288,13652,5168,1172
NO,2017,28,2927,4099,4263,2770,532,14917,6809,2238
NO,2017,27,1488,3907,3617,1662,728,14585,8375,935
NO,2017,26,345,4591,4457,2464,2122,15229,10218,342
NO,2017,25,2412,5383,5998,4021,3030,16854,12935,990
NO,2017,24,1100,7368,7802,2751,3052,17576,15369,-301
NO,2017,23,4166,7309,10219,2678,1422,19250,20233,1256
NO,2017,22,855,6224,6626,-2330,-1861,17008,25913,-469
NO,2017,21,571,7234,8004,-1591,-1626,18212,30360,35
NO,2017,20,4904,7300,8803,-733,-2939,19332,36235,2206
NO,2017,19,829,2389,2203,-5219,-6066,14978,43317,848
NO,2017,18,-5,2002,1638,-4312,-3661,15692,44309,-651
NO,2017,17,1848,832,809,-3192,-2275,13451,48585,-917
NO,2017,16,2827,1144,1053,-3828,-530,13968,47079,-3298
NO,2017,15,2287,1954,1576,-5143,297,14286,45139,-5440
NO,2017,14,2702,2860,2330,-5605,-53,14975,44238,-5552
NO,2017,13,3157,2080,1894,-5844,-1337,14682,44833,-4507
NO,2017,12,3013,694,730,-6368,-2137,12531,46018,-4231
NO,2017,11,5484,1173,842,-7132,-2146,12507,43740,-4987
NO,2017,10,1569,408,397,-10093,-2573,12270,39723,-7520
NO,2017,9,2486,710,585,-8682,-2117,12486,38343,-6566
NO,2017,8,5141,1336,976,-8272,-2084,12752,36304,-6187
NO,2017,7,1815,762,753,-10250,-2527,12810,32511,-7724
NO,2017,6,472,514,481,-8914,-2574,12600,31720,-6339
NO,2017,5,1643,1025,726,-5936,-2176,13085,31289,-3759
NO,2017,4,2525,2075,1480,-3604,-1846,13775,30025,-1758
NO,2017,3,4014,1671,1657,-1681,-2365,13954,29524,684
NO,2017,2,5069,1386,1153,-1898,-2939,12940,28286,1041
NO,2017,1,3505,1770,1322,-3291,-3028,13307,24317,-263
NO,2016,52,8529,2429,2850,-76,-2970,14907,21304,2894
NO,2016,51,5588,2303,2141,-5133,-4351,13903,16585,-782
NO,2016,50,2045,1629,1300,-6957,-5224,13453,13889,-1733
NO,2016,49,5572,2797,2839,-4674,-4876,14277,12732,202
NO,2016,48,4303,1420,1211,-6724,-6371,12555,11832,-353
NO,2016,47,4621,1493,1840,-7439,-6138,13305,8275,-1300
NO,2016,46,4260,1564,1411,-9268,-6469,12656,5885,-2798
NO,2016,45,621,683,492,-10249,-6176,12079,3844,-4073
NO,2016,44,3192,1680,1275,-6804,-4071,12731,3267,-2733
NO,2016,43,3606,1346,1333,-5720,-2477,12693,1871,-3243
NO,2016,42,703,852,714,-5440,-817,11975,387,-4623
NO,2016,41,-25,1060,723,-2901,745,12178,310,-3645
NO,2016,40,267,2171,1455,930,2922,13134,360,-1992
NO,2016,39,7015,3706,4795,4667,4347,14508,871,320
NO,2016,38,41,1652,1497,-232,2289,11777,303,-2521
NO,2016,37,1261,2851,2295,2714,3760,12812,359,-1047
NO,2016,36,1903,2549,3125,4700,4654,13672,475,46
NO,2016,35,2748,3228,3446,4756,4455,13826,583,301
NO,2016,34,2892,2729,3037,4013,3556,14013,670,457
NO,2016,33,-12,2529,2105,2919,3295,13205,870,-376
NO,2016,32,4335,3475,4290,5401,4170,14923,1200,1231
NO,2016,31,2486,3040,3359,2917,3215,13873,1324,-298
NO,2016,30,3661,3386,4151,2027,2948,13816,1653,-920
NO,2016,29,145,2954,3325,-635,2206,12472,2336,-2841
NO,2016,28,1860,3166,3921,446,2653,13894,3386,-2207
NO,2016,27,666,3064,3459,-569,3020,13856,4581,-3589
NO,2016,26,2651,4586,6089,28,4324,15227,5583,-4296
NO,2016,25,1564,4279,5783,-2421,3600,15209,7567,-6022
NO,2016,24,350,4297,4864,-3964,3710,15504,10068,-7674
NO,2016,23,-424,6342,5591,-3598,4969,15950,13710,-8567
NO,2016,22,63,10086,10226,-105,6585,18574,18126,-6690
NO,2016,21,1611,7541,7919,1862,3237,19310,27852,-1375
NO,2016,20,1691,3511,4623,2326,2244,18118,35325,81
NO,2016,19,83,6627,4617,1410,3399,17480,37978,-1988
NO,2016,18,1159,2689,2571,4936,3247,16835,45506,1689
NO,2016,17,1907,915,775,4633,3660,14332,49593,973
NO,2016,16,2026,1179,906,3830,5202,14053,48920,-1372
NO,2016,15,783,1132,936,3203,5885,14249,47933,-2682
NO,2016,14,1870,1805,1336,4279,6452,14604,47988,-2173
NO,2016,13,2734,1844,1053,4958,6347,13966,48667,-1389
NO,2016,12,1650,1146,796,5514,6411,13823,48060,-897
NO,2016,11,1603,1591,810,6718,6499,14175,47278,219
NO,2016,10,606,178,317,8673,6654,12300,49232,2019
NO,2016,9,1761,221,405,11357,7658,12345,48749,3700
NO,2016,8,3170,353,405,12773,8474,12460,47082,4298
NO,2016,7,1783,359,542,12982,9302,12643,44082,3680
NO,2016,6,2896,985,726,14234,9595,12850,42449,4639
NO,2016,5,5999,972,1138,14851,9572,13042,40370,5278
NO,2016,4,7003,1418,1495,11850,9002,13408,34997,2848
NO,2016,3,1602,350,451,8097,7964,12925,30001,133
NO,2016,2,1984,500,552,10807,9312,13195,28485,1495
NO,2016,1,548,757,716,12938,10628,13634,26564,2311
NO,2015,53,2058,1553,1284,17590,12686,14388,26031,4904
NO,2015,52,8005,4797,3081,19941,13299,15358,24600,6642
NO,2015,51,3596,1801,2997,17543,11793,15545,21475,5750
NO,2015,50,7735,3493,2580,16827,10587,14489,20827,6241
NO,2015,49,9920,2069,3192,13577,9125,14830,16429,4452
NO,2015,48,4277,1591,1896,5846,7034,14646,8906,-1188
NO,2015,47,3534,1924,1369,4678,6605,14172,6782,-1926
NO,2015,46,6595,3259,2784,5240,7180,15344,4055,-1939
NO,2015,45,3425,2511,2312,2276,6077,15157,1039,-3801
NO,2015,44,2074,1985,1853,2439,5879,14298,993,-3440
NO,2015,43,2928,1903,2130,4125,6673,14514,745,-2548
NO,2015,42,1058,1462,1364,4554,7304,13616,620,-2750
NO,2015,41,685,1591,1246,6709,8226,13872,745,-1516
NO,2015,40,2105,2801,2458,9656,9633,14852,657,22
NO,2015,39,2385,2816,2634,11694,10030,15453,1270,1664
NO,2015,38,5553,4386,4538,13458,10398,15619,2043,3060
NO,2015,37,-148,2434,1867,11049,8875,13892,2500,2174
NO,2015,36,3786,4194,3733,14898,10290,15431,3278,4608
NO,2015,35,4824,4723,5400,14426,9437,15086,4012,4990
NO,2015,34,-531,4466,3830,11224,6649,13190,5612,4575
NO,2015,33,568,4421,4776,14838,5681,15203,8406,9157
NO,2015,32,2332,5044,5253,16421,3839,16355,11118,12581
NO,2015,31,1373,4636,4683,16730,1916,16105,14203,14814
NO,2015,30,1630,5561,5294,17354,34,16502,17206,17319
NO,2015,29,1979,6072,5980,18152,-2048,17565,20283,20200
NO,2015,28,4018,9246,8448,18348,-4367,17781,24421,22715
NO,2015,27,-344,8479,9433,17307,-8546,18038,29840,25853
NO,2015,26,270,6958,6569,18918,-13078,17970,39132,31997
NO,2015,25,573,4712,5094,21205,-14123,18052,46074,35328
NO,2015,24,1239,5808,5962,21941,-13310,18359,50139,35252
NO,2015,23,5089,5776,5520,22070,-13037,19141,54193,35107
NO,2015,22,2601,3904,3858,19251,-11623,18100,56163,30873
NO,2015,21,2680,3529,3457,18599,-8638,17524,58250,27237
NO,2015,20,2708,3903,3948,18200,-5240,16906,59895,23440
NO,2015,19,2275,2630,3106,16900,-3838,16153,62032,20737
NO,2015,18,1727,1434,1259,15412,-2603,14601,64066,18015
NO,2015,17,2206,2556,1800,14882,-600,15312,63123,15483
NO,2015,16,2717,1634,1069,14263,-329,14095,64841,14591
NO,2015,15,2423,1322,1042,13397,325,14221,63716,13072
NO,2015,14,1554,542,475,12692,551,12794,64111,12140
NO,2015,13,3026,828,610,12935,1056,13002,62900,11879
NO,2015,12,1324,869,608,12792,1834,13204,60533,10958
NO,2015,11,4119,1812,1221,14370,2277,13250,60077,12093
NO,2015,10,4309,1084,973,13425,1858,13417,57664,11568
NO,2015,9,3510,853,819,11918,1404,12906,55002,10514
NO,2015,8,4161,1182,1106,11087,1048,13108,52175,10039
NO,2015,7,4899,1326,1034,9925,620,12725,49624,9305
NO,2015,6,2231,347,548,8383,191,12390,46462,8192
NO,2015,5,3980,668,654,9333,491,12486,44488,8841
NO,2015,4,1715,510,701,8655,561,12611,41040,8094
NO,2015,3,9037,1168,1200,10858,1241,12977,39435,9617
NO,2015,2,5937,1407,1340,5294,962,13354,31162,4331
NO,2015,1,7743,1872,1254,2885,758,14037,25977,2127
NO,2014,52,4204,691,926,619,-291,12641,21586,911
NO,2014,51,6039,845,1101,198,761,12942,17765,-563
NO,2014,50,5501,1050,1036,-2413,1163,13268,12232,-3575
NO,2014,49,2753,1113,1007,-4522,1230,13769,7286,-5752
NO,2014,48,3642,1371,999,-3597,1676,13904,5564,-5273
NO,2014,47,561,1176,1027,-3600,2054,14246,2980,-5654
NO,2014,46,2142,2238,1852,-641,2830,15229,2639,-3471
NO,2014,45,3148,3420,2405,841,2791,15775,2272,-1950
NO,2014,44,8424,6620,5475,2316,2608,16844,1596,-291
NO,2014,43,6662,4367,4970,-1111,-249,16089,856,-862
NO,2014,42,2176,1974,2055,-4609,-2425,14046,756,-2184
NO,2014,41,5088,2771,3208,-3740,-2256,14226,424,-1484
NO,2014,40,2259,3009,2515,-6028,-2889,12107,240,-3139
NO,2014,39,4532,1893,2073,-4491,-2494,12694,368,-1997
NO,2014,38,-107,1374,1013,-5751,-1833,10511,173,-3918
NO,2014,37,1777,2487,2259,-2420,149,11449,200,-2569
NO,2014,36,1022,2154,2072,-1222,1000,11633,246,-2222
NO,2014,35,378,1972,1798,252,1812,12239,309,-1560
NO,2014,34,3486,2565,2518,1961,2442,13368,377,-481
NO,2014,33,2331,2754,2717,780,2613,12175,443,-1833
NO,2014,32,2727,2930,2670,584,2799,12093,584,-2214
NO,2014,31,1656,2847,2520,75,3342,11326,902,-3267
NO,2014,30,-681,3229,2566,356,3896,11474,1375,-3540
NO,2014,29,1658,4596,3885,2991,4686,13203,2750,-1695
NO,2014,28,898,5853,6598,3621,4561,13886,4661,-940
NO,2014,27,769,4271,4242,3662,2376,14523,8789,1287
NO,2014,26,94,3425,3164,4775,3022,14690,12168,1753
NO,2014,25,762,4938,5209,6811,5328,15489,14792,1483
NO,2014,24,587,7825,7853,7446,6017,17080,17595,1429
NO,2014,23,211,9002,8506,8417,4368,18918,23358,4049
NO,2014,22,14,9286,8372,11073,2975,19344,32145,8098
NO,2014,21,1886,9734,10755,14119,1463,20683,40510,12656
NO,2014,20,1147,3728,4058,13634,-2523,17816,51702,16157
NO,2014,19,1663,2087,2098,13963,-869,15989,56290,14833
NO,2014,18,725,3756,2603,13815,1654,15974,56839,12160
NO,2014,17,165,3115,2489,15325,2207,16531,59540,13118
NO,2014,16,2670,1955,1264,16629,1802,14641,64530,14826
NO,2014,15,4115,2221,1879,15936,2239,14596,63965,13697
NO,2014,14,599,917,717,13952,1921,13323,63473,12031
NO,2014,13,904,987,740,15720,2588,13546,63608,13132
NO,2014,12,7700,1800,1562,17473,3001,13509,63742,14472
NO,2014,11,5636,2101,1299,12262,2100,13612,57783,10162
NO,2014,10,4158,1099,969,9644,1184,13296,54678,8461
NO,2014,9,3860,1492,1129,8246,666,12751,52222,7579
NO,2014,8,3041,650,617,7559,122,12357,50324,7437
NO,2014,7,3967,721,709,7405,150,12523,47777,7255
NO,2014,6,2508,414,481,5990,-418,12349,44718,6407
NO,2014,5,1621,262,415,6236,-605,12350,42624,6841
NO,2014,4,629,332,500,7875,-172,12542,41062,8047
NO,2014,3,1920,588,531,10928,434,12835,40453,10495
NO,2014,2,3443,1521,1415,12930,1186,13324,38604,11744
NO,2014,1,5618,1951,1538,12645,500,13714,36318,12145
NO,2013,52,8441,2173,1933,12388,-722,13929,32498,13111
NO,2013,51,5876,1797,2068,7484,-1459,13848,26365,8943
NO,2013,50,5707,1842,2328,4896,-2227,14019,22179,7122
NO,2013,49,8156,1393,1603,2335,-3270,13311,19102,5606
NO,2013,48,4681,1532,1506,-2612,-3556,13839,11846,944
NO,2013,47,2661,1958,1635,-3998,-3736,13797,8821,-262
NO,2013,46,4940,1938,2250,-3029,-3690,14928,7071,661
NO,2013,45,3627,1913,1586,-5171,-4307,14011,5122,-864
NO,2013,44,4475,3160,2910,-5362,-4106,14928,2546,-1256
NO,2013,43,6521,3498,3810,-6367,-4848,15231,1057,-1519
NO,2013,42,706,1293,1132,-9589,-5998,12534,861,-3591
NO,2013,41,3937,3142,3063,-7290,-5058,13612,290,-2232
NO,2013,40,1641,1204,1092,-8125,-5638,12879,120,-2487
NO,2013,39,510,1620,1335,-6598,-4027,12304,184,-2571
NO,2013,38,4889,3110,3341,-3638,-2616,13369,211,-1021
NO,2013,37,465,1941,1704,-5761,-3201,11581,76,-2561
NO,2013,36,2099,2207,1967,-3413,-1854,12461,81,-1559
NO,2013,35,451,2110,1578,-3160,-1186,12041,92,-1975
NO,2013,34,1213,3463,3042,-1329,-438,13240,95,-891
NO,2013,33,4459,3075,3125,-6,-740,15078,107,734
NO,2013,32,4015,3567,3824,-2314,-869,13324,123,-1445
NO,2013,31,3248,2542,2792,-4277,-1282,12343,156,-2995
NO,2013,30,-627,2188,2030,-6308,-1012,10842,251,-5296
NO,2013,29,1552,2719,3422,-4313,275,12520,539,-4589
NO,2013,28,-97,2824,3110,-5030,529,13095,833,-5558
NO,2013,27,655,3624,3898,-3864,1654,14958,1548,-5518
NO,2013,26,3014,5674,5787,-3471,2387,16731,2516,-5858
NO,2013,25,2891,4710,5150,-5171,1779,17750,4098,-6951
NO,2013,24,1300,4721,5167,-7389,2141,17057,6659,-9530
NO,2013,23,2660,6853,6003,-7992,2955,17579,9700,-10947
NO,2013,22,825,9739,9430,-7682,3955,19581,12172,-11637
NO,2013,21,3308,12309,11285,-6151,1321,20018,21047,-7472
NO,2013,20,4197,7554,8263,-6045,-3340,20322,30334,-2705
NO,2013,19,2258,4783,4631,-9364,-6286,17674,36695,-3079
NO,2013,18,3493,1382,1017,-10606,-7064,13873,43237,-3543
NO,2013,17,3327,2204,1351,-13369,-5467,14058,40992,-7902
NO,2013,16,4889,2815,2082,-15470,-5145,14116,39904,-10325
NO,2013,15,526,88,68,-18787,-6029,11907,40200,-12758
NO,2013,14,836,88,57,-17995,-4902,11891,39781,-13094
NO,2013,13,626,82,95,-17241,-4148,11922,39008,-13093
NO,2013,12,274,104,85,-15852,-3463,11982,38408,-12390
NO,2013,11,1084,157,220,-13622,-2602,12063,38151,-11020
NO,2013,10,1676,341,243,-12110,-1887,12180,37110,-10223
NO,2013,9,3321,736,362,-11148,-1728,12351,35623,-9421
NO,2013,8,1437,170,175,-11459,-1675,12132,33328,-9784
NO,2013,7,538,129,205,-9923,-1074,12141,32055,-8848
NO,2013,6,1700,256,258,-7531,-652,12243,31538,-6879
NO,2013,5,4884,498,441,-6293,-464,12385,29920,-5828
NO,2013,4,917,222,313,-8138,-493,12416,25497,-7645
NO,2013,3,584,301,238,-5269,304,12610,24611,-5573
NO,2013,2,755,639,637,-1931,1308,12826,24120,-3239
NO,2013,1,5759,1338,1207,826,1874,13212,23627,-1047
NO,2012,52,4357,467,634,193,1067,13004,19438,-874
NO,2012,51,1243,440,381,-910,1789,13034,15537,-2699
NO,2012,50,1568,492,513,1842,3150,13319,14449,-1308
NO,2012,49,495,691,527,4046,4156,13755,12942,-110
NO,2012,48,391,1346,1054,7673,5502,14450,12461,2171
NO,2012,47,5172,3136,2781,11196,6162,15804,12110,5034
NO,2012,46,4706,2640,2399,9495,4799,15139,10895,4696
NO,2012,45,3963,1380,1642,8216,4116,14360,9737,4100
NO,2012,44,3925,1522,1228,7277,4425,14451,7132,2853
NO,2012,43,3894,1808,1397,7080,5660,14654,4573,1421
NO,2012,42,3364,1917,1730,7584,7330,15595,1645,254
NO,2012,41,1906,2046,1644,7427,7704,14660,1197,-277
NO,2012,40,4230,3274,3175,9444,8870,15647,413,574
NO,2012,39,1762,1907,1750,8833,8690,14840,363,143
NO,2012,38,3309,3407,2816,11618,10055,14853,1311,1563
NO,2012,37,4230,3372,3915,12428,10308,15317,1021,2120
NO,2012,36,3286,3309,3894,10894,9529,14390,1076,1365
NO,2012,35,3044,2863,3098,9816,8490,14341,1093,1326
NO,2012,34,2230,3028,2766,8932,8105,13737,1317,828
NO,2012,33,383,2746,2679,9520,8398,13849,1724,1122
NO,2012,32,1452,3318,2796,11556,8975,14705,2767,2581
NO,2012,31,2161,4019,3385,13281,9603,15414,3758,3678
NO,2012,30,1613,4481,4905,13905,9388,15562,5345,4518
NO,2012,29,1108,4761,3962,14098,7960,16245,7541,6138
NO,2012,28,4618,8294,7084,15637,7590,18241,9293,8047
NO,2012,27,1714,7331,7860,14371,4951,17892,13553,9420
NO,2012,26,697,6898,7178,14368,2145,18084,19244,12223
NO,2012,25,2047,7105,7183,15484,459,18906,24918,15025
NO,2012,24,1879,6292,6273,15020,-927,18565,30629,15948
NO,2012,23,483,3969,4288,14656,-1041,17823,36101,15697
NO,2012,22,348,6541,5877,15819,1619,17058,40532,14200
NO,2012,21,-506,7692,7089,18181,2584,19899,44235,15597
NO,2012,20,3512,3890,2735,21466,2158,17598,55071,19308
NO,2012,19,2353,2341,1740,20875,5101,16507,56714,15774
NO,2012,18,1425,2981,1964,20503,7827,16057,57271,12675
NO,2012,17,3045,1861,1362,21172,9090,15434,59602,12083
NO,2012,16,1387,814,658,19694,10091,14169,59779,9603
NO,2012,15,2757,1188,860,20223,11675,14441,58972,8548
NO,2012,14,1680,1217,1111,19497,12343,14594,57324,7154
NO,2012,13,2737,3827,2754,19947,12441,15773,55754,7505
NO,2012,12,3731,2637,2285,20642,10579,15619,57224,10063
NO,2012,11,3677,2243,1808,19844,9180,14529,57368,10664
NO,2012,10,3491,929,980,19208,8131,13333,57257,11077
NO,2012,9,4088,1413,1541,18520,7821,13285,54808,10699
NO,2012,8,6893,952,892,17275,7071,12700,52748,10204
NO,2012,7,3686,381,395,13287,6814,12546,46973,6474
NO,2012,6,1421,204,318,12690,7110,12593,43647,5580
NO,2012,5,897,212,417,14756,7863,12635,42391,6893
NO,2012,4,1369,315,586,17657,8889,12805,41521,8768
NO,2012,3,2908,567,753,20058,9603,13045,40204,10455
NO,2012,2,6525,948,1158,20748,10038,13348,37547,10710
NO,2012,1,4897,1057,1344,17596,10164,13645,31673,7431
NO,2011,52,8819,2549,2811,17929,9773,14216,27256,8156
NO,2011,51,2839,793,1077,12223,8233,13916,21344,3990
NO,2011,50,5006,1371,1264,12603,8453,14262,18964,4150
NO,2011,49,3770,1451,1196,10947,8158,14808,14788,2789
NO,2011,48,9411,3998,3390,10832,8275,15936,11362,2557
NO,2011,47,6564,2399,2594,5354,6172,16322,5740,-818
NO,2011,46,2450,1948,1672,1818,5139,15868,2150,-3321
NO,2011,45,1055,2468,2062,3122,5520,16023,1576,-2397
NO,2011,44,3041,3603,3751,6039,5690,17094,1986,349
NO,2011,43,2495,2398,2459,6629,4637,16491,3308,1992
NO,2011,42,4011,2758,2763,7983,5171,16174,3623,2811
NO,2011,41,3902,2854,2272,7131,4612,15452,3201,2519
NO,2011,40,6363,4232,3707,7569,5360,16366,1329,2209
NO,2011,39,2301,3450,3481,5080,4515,15539,86,565
NO,2011,38,3805,3570,3361,5828,3890,16327,212,1938
NO,2011,37,4468,4599,4279,5541,3470,16166,122,2071
NO,2011,36,6002,4530,4219,4296,2149,16111,137,2146
NO,2011,35,2265,3282,3013,1097,718,14328,158,378
NO,2011,34,3076,2883,2907,1102,207,14929,192,895
NO,2011,33,4178,3359,2686,91,112,14188,242,-21
NO,2011,32,1168,2419,2125,-1004,628,12957,303,-1632
NO,2011,31,1111,2803,2409,552,1882,13806,358,-1330
NO,2011,30,2372,4684,3937,1325,2602,14572,541,-1277
NO,2011,29,4889,3835,4841,1343,2154,15984,852,-812
NO,2011,28,733,3468,3716,-2990,1052,14141,1305,-4042
NO,2011,27,1808,4610,5284,-2369,1784,15935,1937,-4153
NO,2011,26,4448,6236,7123,-3242,1477,16940,3446,-4719
NO,2011,25,1311,4771,5043,-6923,-331,16537,5669,-6592
NO,2011,24,1918,7212,6891,-7397,83,18119,7648,-7480
NO,2011,23,5353,9756,10944,-7915,-935,20344,10903,-6980
NO,2011,22,2831,5244,6206,-12363,-5035,18516,17547,-7327
NO,2011,21,4552,5262,5043,-14817,-4992,18064,20648,-9825
NO,2011,20,2996,4514,4388,-17593,-3913,17610,22071,-13680
NO,2011,19,976,6175,5724,-19443,-3407,18023,23388,-16036
NO,2011,18,105,2901,2652,-18985,-5255,16720,30203,-13730
NO,2011,17,120,5615,4132,-18424,-5335,17698,32165,-13089
NO,2011,16,816,5394,4107,-16807,-8096,18135,37499,-8711
NO,2011,15,2245,4555,2979,-15550,-11187,16594,43908,-4363
NO,2011,14,5038,3714,2559,-15083,-13399,14784,48297,-1684
NO,2011,13,2007,754,736,-17910,-15846,12855,49103,-2064
NO,2011,12,7602,1964,1172,-18176,-16138,12441,48300,-2038
NO,2011,11,1570,238,215,-23318,-17287,11508,43695,-6031
NO,2011,10,3336,454,367,-23062,-17412,11583,42280,-5650
NO,2011,9,2849,419,321,-24257,-17866,11620,39383,-6391
NO,2011,8,1518,171,193,-24896,-18261,11548,37060,-6636
NO,2011,7,658,163,230,-23762,-17981,11516,35747,-5781
NO,2011,6,4160,436,537,-21937,-18027,11641,35109,-3909
NO,2011,5,5462,764,631,-23993,-18879,11823,31196,-5114
NO,2011,4,2801,492,453,-26926,-19732,11811,26552,-7194
NO,2011,3,3531,511,679,-26795,-20093,11750,24343,-6702
NO,2011,2,4918,362,370,-27877,-20778,11659,21426,-7099
NO,2011,1,3187,264,284,-30301,-20921,11718,16788,-9381
NO,2010,52,2226,183,195,-28585,-20851,11810,13772,-7734
NO,2010,51,673,176,201,-27222,-19582,11905,11724,-7640
NO,2010,50,1875,264,280,-24235,-18290,12058,11073,-5945
NO,2010,49,1886,290,309,-22743,-17462,12246,9281,-5281
NO,2010,48,590,333,246,-21212,-16416,12455,7490,-4796
NO,2010,47,189,419,393,-18242,-15059,12711,6986,-3183
NO,2010,46,628,660,543,-15186,-13783,13131,6805,-1402
NO,2010,45,1227,1067,814,-12627,-12614,13741,6243,-13
NO,2010,44,4206,2844,2081,-10444,-11570,14741,5116,1126
NO,2010,43,4480,2395,2511,-10590,-11423,15667,2973,833
NO,2010,42,3106,1715,1308,-11469,-11157,14071,2603,-312
NO,2010,41,1251,2118,1445,-11132,-10365,14509,857,-768
NO,2010,40,7489,5228,5402,-8140,-8916,16079,183,776
NO,2010,39,254,1734,1581,-12607,-11564,13786,230,-1044
NO,2010,38,4290,2788,2684,-9622,-10514,15036,458,892
NO,2010,37,4581,2755,3003,-10833,-10636,13785,235,-198
NO,2010,36,218,1434,1323,-13069,-11023,11910,145,-2045
NO,2010,35,896,1811,1566,-11288,-9954,12576,199,-1334
NO,2010,34,3224,2635,3234,-10017,-9327,13331,205,-690
NO,2010,33,670,2262,2386,-11801,-10084,12578,156,-1717
NO,2010,32,1747,2527,2803,-11186,-9982,13518,170,-1204
NO,2010,31,1659,2544,2426,-11833,-10021,13465,217,-1813
NO,2010,30,1024,2475,2391,-12573,-10173,13690,299,-2399
NO,2010,29,3176,3950,3968,-12761,-9903,14337,453,-2858
NO,2010,28,3788,3247,4353,-14941,-10647,14521,672,-4294
NO,2010,27,161,2911,3410,-18935,-11091,13079,1102,-7844
NO,2010,26,1163,3583,3917,-18750,-10247,14595,2008,-8503
NO,2010,25,871,3852,3757,-19436,-9456,15294,3525,-9980
NO,2010,24,1464,4503,4155,-19739,-8292,16536,5264,-11447
NO,2010,23,2505,5265,5479,-20480,-7221,18068,6900,-13259
NO,2010,22,-52,4933,4933,-22019,-6550,17102,10819,-15468
NO,2010,21,855,5350,5001,-21106,-5685,17404,15712,-15421
NO,2010,20,1879,9137,9391,-20409,-4903,19508,18347,-15506
NO,2010,19,1370,1821,2787,-21463,-9546,16317,29213,-11917
NO,2010,18,276,1448,1386,-23291,-8707,14040,32027,-14585
NO,2010,17,2564,2231,2136,-23313,-7674,14857,32457,-15639
NO,2010,16,1397,839,652,-25708,-8432,12614,34455,-17276
NO,2010,15,2506,1522,1066,-26253,-7925,13241,33295,-18329
NO,2010,14,504,1086,647,-27437,-8313,12627,33014,-19124
NO,2010,13,2505,931,541,-26305,-8551,12188,34080,-17753
NO,2010,12,2277,1065,539,-26775,-8738,12176,32567,-18037
NO,2010,11,3055,608,394,-26599,-8945,11872,31707,-17654
NO,2010,10,3280,354,328,-27491,-9148,11248,29922,-18343
NO,2010,9,964,79,167,-28356,-9241,11108,27171,-19115
NO,2010,8,1103,90,167,-26947,-9093,11152,26239,-17853
NO,2010,7,868,92,128,-25292,-8622,11204,25171,-16670
NO,2010,6,1175,107,200,-23269,-8210,11268,24332,-15059
NO,2010,5,1048,132,156,-21469,-7877,11334,23207,-13592
NO,2010,4,2449,220,202,-19361,-7424,11427,22194,-11937
NO,2010,3,542,142,194,-18086,-6711,11493,19926,-11375
NO,2010,2,623,269,216,-15212,-6051,11609,19415,-9161
NO,2010,1,845,169,284,-12431,-5225,11644,19038,-7206
NO,2009,53,1142,232,272,-8676,-3170,11775,18235,-5506
NO,2009,52,1781,322,436,-5697,-1481,11970,17131,-4215
NO,2009,51,1380,485,385,-3812,-196,12243,15411,-3615
NO,2009,50,1196,803,774,-1135,1162,12639,14139,-2298
NO,2009,49,1395,1016,843,996,1403,12983,13417,-407
NO,2009,48,5930,3095,2332,3241,1931,13906,12144,1309
NO,2009,47,5576,2380,3122,1208,718,14461,8910,491
NO,2009,46,1447,698,929,-2055,-1050,12435,7899,-1005
NO,2009,45,2745,1053,1202,-543,-153,12682,6923,-391
NO,2009,44,1017,887,916,-97,685,12795,5154,-782
NO,2009,43,490,1189,1014,2498,2455,13201,4648,43
NO,2009,42,1467,1456,1222,6114,4514,13779,4808,1601
NO,2009,41,4313,2065,1865,8027,5540,13484,5136,2486
NO,2009,40,5395,3673,2639,7481,6520,14029,2418,961
NO,2009,39,4646,3686,4358,6700,6824,14647,290,-124
NO,2009,38,705,2394,2136,4624,5253,13648,324,-630
NO,2009,37,2925,3563,3863,7127,5952,15074,318,1175
NO,2009,36,4975,4420,4528,6825,5077,15496,352,1747
NO,2009,35,2672,3039,3498,4343,3368,14692,392,976
NO,2009,34,3898,3692,3697,3087,2255,14587,471,832
NO,2009,33,3042,2549,3011,1276,1180,13995,552,96
NO,2009,32,313,3117,3287,-306,915,12979,691,-1221
NO,2009,31,3182,3651,4469,1050,705,14802,1038,345
NO,2009,30,4765,4172,4630,-1520,-1137,14586,1420,-382
NO,2009,29,1121,2899,4182,-5347,-2891,13227,1965,-2456
NO,2009,28,2953,3654,4629,-6714,-3914,13727,2961,-2799
NO,2009,27,-1305,5420,5146,-9432,-4642,12936,4300,-4789
NO,2009,26,-1529,5244,5006,-6688,-5459,15359,8518,-1229
NO,2009,25,2121,4343,4186,-3796,-5761,16991,13773,1965
NO,2009,24,1429,3951,3668,-4864,-4785,17051,16117,-78
NO,2009,23,-149,5431,4255,-5237,-2876,16751,19115,-2361
NO,2009,22,3942,6703,5920,-2300,-608,18960,22738,-1692
NO,2009,21,1050,5326,5092,-4085,-332,18435,26349,-3753
NO,2009,20,446,3651,3237,-3315,739,17673,31633,-4054
NO,2009,19,2736,4921,4121,-2207,2578,17730,34932,-4785
NO,2009,18,1501,6942,5837,-3062,2468,18953,36168,-5531
NO,2009,17,604,3149,2749,-2735,-651,16890,43978,-2084
NO,2009,16,951,3412,2597,-2247,-1485,15335,48248,-762
NO,2009,15,2074,2166,1844,-1347,-2717,14515,51719,1370
NO,2009,14,1878,840,737,-2172,-3861,12634,53820,1690
NO,2009,13,1225,342,291,-2391,-3809,11674,53766,1418
NO,2009,12,3013,574,392,-1423,-3207,11850,52713,1784
NO,2009,11,2269,381,289,-2081,-3005,11725,50434,925
NO,2009,10,2685,360,373,-1875,-2637,11768,48507,762
NO,2009,9,3029,452,343,-1874,-2450,11734,46235,575
NO,2009,8,2853,232,323,-2115,-2268,11803,43594,153
NO,2009,7,1521,179,302,-2101,-1833,11809,40967,-268
NO,2009,6,1828,257,341,-780,-1557,11942,39495,777
NO,2009,5,576,322,361,289,-1447,12102,37768,1736
NO,2009,4,3841,687,643,2915,-1133,12375,37231,4048
NO,2009,3,5271,2301,1488,2532,-1137,12724,33739,3668
NO,2009,2,4377,612,856,1720,-1795,12378,31322,3516
NO,2009,1,2097,572,533,479,-1614,12222,27759,2093
NO,2008,52,2990,752,814,4040,-1136,12405,26088,5176
NO,2008,51,4478,892,999,4742,-253,12591,23674,4996
NO,2008,50,1241,434,549,3944,290,12433,20296,3654
NO,2008,49,1132,657,736,6342,1227,12787,19135,5115
NO,2008,48,4303,1300,1440,8764,2050,13391,18064,6715
NO,2008,47,5376,1784,1501,7799,2171,13595,14913,5628
NO,2008,46,5699,2024,2255,6005,2353,14703,10288,3652
NO,2008,45,1697,1336,1374,3217,1805,13986,7422,1411
NO,2008,44,3353,2683,2029,4973,2601,14256,6846,2372
NO,2008,43,8454,4076,4685,6252,3503,15826,4730,2749
NO,2008,42,3449,3404,2941,1161,1749,14262,2136,-588
NO,2008,41,4991,2524,3438,1256,893,14978,1519,364
NO,2008,40,4201,1804,1692,-1265,108,12495,1618,-1373
NO,2008,39,1150,1368,1480,-1969,1280,11531,280,-3249
NO,2008,38,110,1034,1036,-85,2674,11545,298,-2759
NO,2008,37,214,1644,1566,3009,4562,12361,303,-1554
NO,2008,36,3927,2669,2780,5810,6041,13510,361,-230
NO,2008,35,1022,1781,1809,4362,6087,12003,380,-1725
NO,2008,34,171,1963,1618,5380,6779,12380,446,-1399
NO,2008,33,3231,2812,3096,7707,7966,13626,567,-259
NO,2008,32,2632,2666,2528,6531,7931,12788,704,-1400
NO,2008,31,288,2982,2808,6481,8791,12247,938,-2310
NO,2008,30,-103,3411,3760,7814,9078,13277,1848,-1264
NO,2008,29,2634,3933,4279,9375,8788,14961,3273,586
NO,2008,28,2249,5023,4314,8305,8347,15093,4353,-42
NO,2008,27,-317,5181,5492,8721,8572,15570,6605,150
NO,2008,26,2105,4678,4602,10635,8049,16711,10981,2586
NO,2008,25,2230,5055,5716,10532,8897,17099,13334,1635
NO,2008,24,2108,7190,6113,9408,9208,16797,16649,200
NO,2008,23,-1647,12885,9514,9998,9353,19264,19608,646
NO,2008,22,-522,7374,6824,17526,6910,20636,33370,10616
NO,2008,21,1134,3219,3487,20564,6868,17842,44391,13695
NO,2008,20,1409,7156,5978,21220,10103,18129,46349,11117
NO,2008,19,622,8092,7245,22825,9627,19768,50877,13198
NO,2008,18,4194,6256,6415,24525,6637,17684,60856,17888
NO,2008,17,341,1097,1180,21184,3251,13318,67567,17933
NO,2008,16,881,520,462,21521,4181,12022,69663,17341
NO,2008,15,1683,566,459,22127,5664,12028,69300,16464
NO,2008,14,2910,1116,655,22289,6832,12155,68067,15457
NO,2008,13,1401,262,421,21774,7332,11727,66737,14442
NO,2008,12,2058,391,423,22827,8288,11776,65543,14540
NO,2008,11,2487,1006,745,23428,9012,12077,63573,14416
NO,2008,10,3850,645,785,23845,9171,12023,62165,14675
NO,2008,9,6610,1387,1183,22967,9379,12224,58758,13588
NO,2008,8,7500,1593,1577,19320,8791,12540,53232,10529
NO,2008,7,2001,574,659,14854,7968,11884,48046,6886
NO,2008,6,3376,677,824,15951,8082,12019,46509,7868
NO,2008,5,5789,1034,1120,15379,7700,12042,43769,7678
NO,2008,4,7332,924,959,12710,7216,12156,38895,5494
NO,2008,3,6762,1123,1059,8770,6936,12330,32299,1834
NO,2008,2,4069,640,682,5296,6456,12193,26832,-1159
NO,2008,1,1822,741,757,4381,6676,12343,23249,-2295
NO,2007,52,5781,1554,1445,8002,6793,12988,21538,1209
NO,2007,51,1745,1291,984,5666,6547,12710,17679,-881
NO,2007,50,655,707,670,8160,7225,12571,17439,935
NO,2007,49,4525,1526,1533,11153,7876,13071,17013,3277
NO,2007,48,5820,969,1137,9769,7355,12833,14321,2413
NO,2007,47,2589,1009,953,7016,7533,13085,9278,-517
NO,2007,46,1458,1070,929,7605,8103,13459,7382,-498
NO,2007,45,4549,2034,1663,9607,9108,14041,6454,499
NO,2007,44,7285,3731,3513,8714,9364,15196,2885,-650
NO,2007,43,1055,1833,2230,5120,8240,14079,608,-3120
NO,2007,42,2939,2434,2391,7332,8822,14314,1182,-1491
NO,2007,41,2532,1638,1596,7399,8489,13859,1184,-1091
NO,2007,40,1237,1854,1671,8402,9692,13985,212,-1290
NO,2007,39,1996,3203,3112,10788,11107,14388,352,-319
NO,2007,38,4971,3376,2771,13273,11153,14960,1761,2120
NO,2007,37,3812,2934,2769,12681,11669,14003,1227,1012
NO,2007,36,3128,2805,2627,12531,12253,13518,861,278
NO,2007,35,2450,2340,2116,12670,12744,13113,922,-74
NO,2007,34,283,2706,2400,13099,13414,13042,869,-315
NO,2007,33,5040,3992,4393,15507,14070,14695,1193,1437
NO,2007,32,95,2937,3186,12569,12965,12881,1615,-396
NO,2007,31,1599,3349,3555,14692,13378,14164,2644,1314
NO,2007,30,1489,3813,3831,15167,13162,15028,3365,2004
NO,2007,29,2489,5380,4902,15718,12836,15738,4793,2883
NO,2007,28,4654,6883,5967,15685,11788,16693,6691,3897
NO,2007,27,3122,6979,8605,14019,10339,16645,9060,3680
NO,2007,26,794,6628,5807,11104,6518,16285,13406,4586
NO,2007,25,1325,6210,5687,12892,5968,17549,18174,6924
NO,2007,24,132,7806,5589,13627,5993,16737,24142,7633
NO,2007,23,-1775,11067,8694,17160,6464,19233,29690,10695
NO,2007,22,2164,6940,8026,23573,4688,20071,42203,18884
NO,2007,21,2381,6003,5262,22327,3485,18469,48911,18842
NO,2007,20,3634,3299,3791,22787,4865,18358,52925,17922
NO,2007,19,1610,3748,3511,20047,6390,16976,54129,13657
NO,2007,18,-193,5422,4739,20083,7284,18194,55257,12799
NO,2007,17,1854,4398,4650,21847,5494,17620,61685,16353
NO,2007,16,2417,2866,1806,20617,2899,15073,66990,17718
NO,2007,15,3095,1444,1352,20495,2686,14869,67804,17809
NO,2007,14,2658,1205,886,18826,2517,13690,67383,16309
NO,2007,13,338,1161,600,18057,2378,13593,66109,15680
NO,2007,12,1845,832,641,20261,2462,13157,67421,17799
NO,2007,11,6358,2223,1475,20756,2414,13516,66059,18341
NO,2007,10,2869,605,632,17349,1305,12717,62839,16043
NO,2007,9,1876,244,311,17052,1130,12499,60817,15922
NO,2007,8,2147,324,353,17714,1283,12598,59077,16431
NO,2007,7,1189,336,383,18724,1923,12803,57042,16801
NO,2007,6,1835,707,652,20436,2105,12980,56010,18330
NO,2007,5,5578,936,931,21926,2196,13422,54442,19731
NO,2007,4,3384,595,690,19519,1827,13241,50008,17691
NO,2007,3,7217,1471,1492,19690,2024,13694,46766,17666
NO,2007,2,8690,1884,1878,15534,990,14222,40508,14544
NO,2007,1,5811,1822,1448,9631,-465,14402,33582,10096
NO,2006,52,3351,2197,1835,9003,-1754,14924,29150,10757
NO,2006,51,4093,2070,2140,9135,-2613,15285,27732,11748
NO,2006,50,9659,3240,2907,8255,-3742,15008,26065,11997
NO,2006,49,6217,3551,2299,1834,-6151,15480,19313,7985
NO,2006,48,6422,4763,3612,-233,-7826,16349,15984,7593
NO,2006,47,4596,2401,2610,-2683,-10717,14871,16043,8035
NO,2006,46,6982,2348,2429,-4976,-12451,14497,14317,7475
NO,2006,45,7058,3904,3040,-9342,-13609,14491,9773,4267
NO,2006,44,5645,1904,2628,-12521,-15057,14220,7047,2536
NO,2006,43,4001,2266,2090,-15614,-15393,14622,2963,-221
NO,2006,42,3551,2240,1964,-16226,-15147,14875,1031,-1079
NO,2006,41,1930,2692,2247,-17037,-15519,14297,320,-1517
NO,2006,40,4521,2320,2865,-15943,-15762,14929,376,-182
NO,2006,39,2766,2231,2082,-18635,-16612,12735,302,-2023
NO,2006,38,1995,2371,2269,-18892,-16431,11906,235,-2461
NO,2006,37,68,2209,1727,-18648,-16422,11852,140,-2226
NO,2006,36,4012,3039,2801,-16186,-15625,13391,149,-560
NO,2006,35,3678,3092,3168,-17810,-15996,12149,145,-1814
NO,2006,34,1579,1941,1705,-20091,-17076,11061,150,-3015
NO,2006,33,1664,1859,1558,-19991,-16359,10661,158,-3632
NO,2006,32,1270,1802,1266,-19847,-15227,10100,172,-4620
NO,2006,31,725,2043,1643,-18994,-13506,9808,199,-5487
NO,2006,30,252,1838,1412,-18413,-12428,10146,258,-5985
NO,2006,29,-789,2023,1786,-17443,-10871,10706,370,-6572
NO,2006,28,3561,3084,3598,-15623,-9334,12676,521,-6290
NO,2006,27,-300,2514,2927,-18650,-9045,11696,725,-9604
NO,2006,26,-468,2963,2883,-18006,-7551,13139,1511,-10455
NO,2006,25,2843,4975,5445,-16411,-5482,15127,2742,-10929
NO,2006,24,-1125,6585,5835,-18659,-5462,15130,4919,-13197
NO,2006,23,-647,4645,4362,-15770,-5494,17442,10509,-10276
NO,2006,22,318,3722,3764,-13256,-3317,17562,15889,-9939
NO,2006,21,3525,5295,4747,-12361,-836,17900,19113,-11524
NO,2006,20,2612,3664,3814,-13873,454,18042,20991,-14328
NO,2006,19,163,9172,6155,-15628,1542,17929,22348,-17170
NO,2006,18,688,4009,4375,-11819,-929,17798,31964,-10890
NO,2006,17,1155,1585,1370,-12561,-2822,13868,39345,-9739
NO,2006,16,1612,853,516,-13042,-2416,12661,41059,-10625
NO,2006,15,1712,554,374,-13385,-1519,12515,40484,-11866
NO,2006,14,1937,294,348,-13836,-927,12239,39616,-12909
NO,2006,13,2490,326,302,-14198,-391,12195,38020,-13807
NO,2006,12,1071,173,202,-14538,186,12141,35914,-14725
NO,2006,11,666,159,172,-13073,991,12265,34905,-14064
NO,2006,10,388,129,174,-11061,1779,12235,34438,-12840
NO,2006,9,1525,240,213,-8299,2680,12352,34062,-10979
NO,2006,8,1057,280,327,-6621,3489,12548,32586,-10110
NO,2006,7,1476,311,318,-4584,4089,12526,31845,-8673
NO,2006,6,4945,629,615,-2966,4486,12692,30515,-7452
NO,2006,5,2475,1237,668,-4682,4542,12888,26022,-9224
NO,2006,4,2132,460,354,-3042,4750,12777,24988,-7792
NO,2006,3,4201,615,681,-1298,5380,12818,23298,-6678
NO,2006,2,3524,912,849,-1711,5934,13193,19347,-7645
NO,2006,1,268,313,350,-1879,6038,12955,17015,-7917
NO,2005,52,774,496,390,3642,6939,13228,16791,-3297
NO,2005,51,2977,782,973,6991,8507,13703,16051,-1516
NO,2005,50,5851,1858,1465,7616,9114,14126,13451,-1498
NO,2005,49,1486,789,1070,5802,8907,14161,9541,-3105
NO,2005,48,1769,1126,877,7682,9387,14578,8457,-1706
NO,2005,47,3067,2200,1658,9866,10317,15637,6793,-450
NO,2005,46,6953,4108,3007,10942,10613,16235,5432,328
NO,2005,45,6503,4987,4264,8837,9796,17565,1472,-959
NO,2005,44,5648,5024,5168,6562,7562,17387,344,-999
NO,2005,43,3757,1981,2749,4097,4728,16117,1059,-632
NO,2005,42,2232,1674,1331,3358,4901,14378,1065,-1543
NO,2005,41,2232,2162,1846,4620,5850,14613,290,-1231
NO,2005,40,1676,2695,2333,5828,6643,14482,190,-814
NO,2005,39,3416,2715,2809,7508,7067,15262,239,441
NO,2005,38,2207,3435,3003,7696,7002,14461,834,694
NO,2005,37,5782,4246,4020,9033,6781,15203,1267,2252
NO,2005,36,3031,3367,2962,6776,5830,14199,848,946
NO,2005,35,3159,3556,3316,6549,5472,14212,972,1076
NO,2005,34,3839,2917,3220,5590,4440,14184,1192,1150
NO,2005,33,71,2486,2125,3606,3868,12666,1524,-261
NO,2005,32,2209,3575,2941,5982,4617,14146,2112,1366
NO,2005,31,2112,3326,2774,6745,4891,14329,3020,1854
NO,2005,30,981,4447,3189,7095,5064,14301,4119,2031
NO,2005,29,2909,6084,4889,9079,4977,15585,6165,4102
NO,2005,28,857,6992,4783,9002,3588,15112,9788,5414
NO,2005,27,107,9265,7758,12208,3042,16620,14571,9166
NO,2005,26,-164,6860,5971,15646,131,17426,23195,15515
NO,2005,25,1138,10124,9312,18523,-619,18355,29586,19143
NO,2005,24,3373,8805,9387,19843,-4305,19535,37860,24148
NO,2005,23,1129,5234,5463,17359,-7637,18180,45043,24996
NO,2005,22,1208,4576,5269,17954,-6252,18399,49197,24206
NO,2005,21,3394,5832,6686,17704,-4913,18204,52951,22618
NO,2005,20,2778,1949,2759,15361,-5134,16298,57558,20495
NO,2005,19,616,1756,2046,13117,-2578,15317,57825,15694
NO,2005,18,1717,3007,3244,13427,-285,15496,58867,13711
NO,2005,17,492,1390,1690,12288,-544,15116,60669,12832
NO,2005,16,208,1070,1140,12168,-222,13774,62961,12390
NO,2005,15,2595,1611,1394,13194,411,14052,63594,12782
NO,2005,14,3502,1940,1151,12281,323,13811,62912,11958
NO,2005,13,248,677,550,11547,288,12976,62305,11259
NO,2005,12,950,555,546,13600,644,12749,62987,12957
NO,2005,11,3505,565,424,15012,882,12403,62961,14130
NO,2005,10,1545,389,254,14419,1514,12426,59992,12905
NO,2005,9,1300,263,287,16175,2282,12395,58893,13893
NO,2005,8,212,263,209,18203,3188,12494,57765,15015
NO,2005,7,1394,433,405,21446,4184,12692,57615,17262
NO,2005,6,4091,1010,684,23366,4679,13005,56342,18687
NO,2005,5,4773,1116,707,22769,4599,13271,53032,18170
NO,2005,4,1981,591,800,21781,4605,13083,49651,17176
NO,2005,3,4210,1882,1237,23421,4852,13489,47874,18569
NO,2005,2,9088,4044,2234,23374,4433,13938,45187,18941
NO,2005,1,12767,2702,2540,19471,3056,14490,39812,16414
NO,2004,53,6382,967,1370,11098,2157,13313,31142,8940
NO,2004,52,5418,1121,1005,7882,2137,13553,25508,5745
NO,2004,51,5248,2503,2011,6081,2554,14342,20454,3527
NO,2004,50,4528,2315,1654,4637,1500,14143,18069,3136
NO,2004,49,2070,993,1448,3801,476,13879,16254,3325
NO,2004,48,4500,1157,1417,4341,-14,14026,15069,4355
NO,2004,47,7256,2552,2042,2643,-281,14469,11334,2923
NO,2004,46,5028,2311,2625,-1115,-1007,15306,5925,-108
NO,2004,45,3907,1866,1709,-3798,-2440,14818,3820,-1359
NO,2004,44,2024,1633,1439,-4813,-2765,14303,2379,-2048
NO,2004,43,2672,1630,1677,-3592,-2133,14935,1413,-1459
NO,2004,42,429,1624,1278,-3101,-1465,14794,556,-1635
NO,2004,41,5101,3909,3458,-672,-1118,16041,539,447
NO,2004,40,2266,2893,2575,-2255,-2331,15238,323,75
NO,2004,39,5318,4584,4217,-1382,-2589,15987,280,1207
NO,2004,38,5949,3646,4029,-3431,-4456,15275,352,1025
NO,2004,37,2032,2539,2488,-6937,-6040,13120,202,-896
NO,2004,36,3084,3080,3309,-6565,-5995,13338,194,-569
NO,2004,35,2542,2245,2828,-7932,-6960,12920,216,-972
NO,2004,34,4042,2009,2074,-9297,-7665,12360,234,-1632
NO,2004,33,-1022,1906,1517,-11712,-7381,9852,269,-4331
NO,2004,32,1331,2346,2339,-9309,-6549,11727,404,-2761
NO,2004,31,-571,2245,2090,-9449,-6270,11587,728,-3179
NO,2004,30,1774,2861,3237,-7803,-6053,13445,1194,-1750
NO,2004,29,889,2546,2772,-8984,-6782,13595,1850,-2202
NO,2004,28,928,3479,3433,-9238,-6706,14362,2593,-2532
NO,2004,27,2067,4223,4572,-9048,-6458,15690,3745,-2590
NO,2004,26,2233,3785,4097,-10319,-6840,16011,5615,-3479
NO,2004,25,3118,4438,4140,-11794,-6259,15681,7583,-5535
NO,2004,24,1853,4588,4569,-13518,-5018,15790,8956,-8500
NO,2004,23,-853,4845,3577,-14564,-3982,15877,11768,-10582
NO,2004,22,-71,2717,2331,-10981,-1138,16413,17133,-9843
NO,2004,21,3680,4301,3795,-9386,2724,16640,19788,-12109
NO,2004,20,419,6534,5356,-11224,4837,17268,20032,-16061
NO,2004,19,2932,7762,10454,-9296,4415,20045,23691,-13711
NO,2004,18,1559,4935,4165,-13960,-2229,17267,31655,-11730
NO,2004,17,1972,4790,4124,-14417,-3982,16604,35913,-10435
NO,2004,16,1332,1841,1697,-15301,-6558,14797,40804,-8744
NO,2004,15,2225,1199,760,-15763,-7104,12930,43275,-8660
NO,2004,14,968,817,680,-16751,-7240,12696,42557,-9511
NO,2004,13,993,731,456,-16393,-7513,12431,42711,-8880
NO,2004,12,4064,1846,1165,-15145,-7281,13007,41909,-7864
NO,2004,11,628,207,303,-16685,-8260,11782,41027,-8425
NO,2004,10,1252,246,349,-15306,-8188,11830,40565,-7118
NO,2004,9,2148,460,431,-14100,-8108,11938,39463,-5993
NO,2004,8,1983,705,579,-13715,-8192,12321,37401,-5522
NO,2004,7,2224,561,613,-13022,-8474,12178,36318,-4548
NO,2004,6,5357,1249,1535,-12739,-8929,12502,34348,-3810
NO,2004,5,2428,276,366,-15991,-10647,11824,30965,-5344
NO,2004,4,1924,272,354,-15516,-10588,11979,28651,-4928
NO,2004,3,2474,497,368,-14143,-10321,12110,26863,-3822
NO,2004,2,2303,441,514,-13517,-10323,12308,24683,-3194
NO,2004,1,1468,701,645,-13086,-10320,12580,22542,-2766
NO,2003,52,5586,1401,1433,-9595,-10640,13195,21167,1046
NO,2003,51,5411,1662,1378,-12040,-11024,13425,16827,-1017
NO,2003,50,5310,1282,1121,-14055,-11574,13079,13515,-2481
NO,2003,49,4080,1214,904,-16275,-12111,13093,9550,-4164
NO,2003,48,1937,882,847,-17375,-12480,12964,6881,-4895
NO,2003,47,1978,912,897,-16626,-12568,13112,5709,-4059
NO,2003,46,646,992,817,-16023,-12479,13485,4310,-3544
NO,2003,45,2282,1774,1614,-13804,-11987,14173,4007,-1817
NO,2003,44,3602,1390,1264,-13098,-12095,13325,4402,-1003
NO,2003,43,1082,888,656,-13241,-11023,13008,2581,-2217
NO,2003,42,875,1475,1113,-10190,-8632,13853,1574,-1558
NO,2003,41,2536,2013,1894,-7867,-7808,14708,1366,-60
NO,2003,40,1782,2633,2298,-7222,-7356,14996,625,135
NO,2003,39,8285,4969,4676,-5432,-6933,15945,615,1501
NO,2003,38,4429,3175,3188,-9949,-8999,13285,367,-949
NO,2003,37,2385,2310,2552,-11713,-9714,12057,161,-1999
NO,2003,36,1026,1634,1597,-12076,-9689,11549,164,-2388
NO,2003,35,501,1987,2163,-11038,-8928,11824,174,-2110
NO,2003,34,2352,2913,2613,-10180,-9128,13004,170,-1052
NO,2003,33,5165,3136,2515,-10728,-9462,13007,178,-1266
NO,2003,32,-247,1971,1590,-13833,-9439,10307,191,-4394
NO,2003,31,1035,2677,2686,-11553,-8054,11783,213,-3499
NO,2003,30,3381,3264,3727,-11607,-8130,12652,260,-3477
NO,2003,29,-459,2505,2804,-14639,-9055,11680,384,-5584
NO,2003,28,1170,2883,3249,-14226,-8891,13293,860,-5334
NO,2003,27,732,4256,4634,-14965,-8482,14026,1516,-6483
NO,2003,26,2056,5281,5490,-14999,-8745,15635,3216,-6254
NO,2003,25,1193,4408,5231,-16029,-9338,16052,6055,-6691
NO,2003,24,614,6020,6176,-17113,-9331,16696,8768,-7783
NO,2003,23,1044,8202,9102,-17011,-9908,18418,12706,-7103
NO,2003,22,1841,6947,7448,-17118,-12395,18418,20249,-4723
NO,2003,21,2884,5711,6157,-18259,-13815,18467,25627,-4444
NO,2003,20,3475,3877,3447,-20149,-13960,16428,30745,-6189
NO,2003,19,2652,2960,2835,-22293,-12601,15518,32236,-9693
NO,2003,18,2704,2487,2159,-24331,-11844,14600,33564,-12487
NO,2003,17,229,3610,1883,-26527,-11668,14778,33316,-14859
NO,2003,16,84,1452,955,-24985,-12302,13287,38375,-12683
NO,2003,15,419,421,380,-24265,-12470,10237,42833,-11794
NO,2003,14,2905,929,598,-23658,-11982,10461,42628,-11676
NO,2003,13,2110,1141,698,-25142,-12290,10711,40459,-12851
NO,2003,12,1623,745,523,-25348,-12836,10015,40253,-12512
NO,2003,11,2983,1040,522,-25148,-13353,9831,39607,-11796
NO,2003,10,2731,259,299,-26003,-14028,9422,38116,-11975
NO,2003,9,345,225,209,-26624,-14299,9408,35661,-12325
NO,2003,8,221,319,201,-24710,-14427,9454,35506,-10283
NO,2003,7,1267,525,364,-22420,-14449,9511,35562,-7971
NO,2003,6,2077,293,395,-21264,-14972,9466,34901,-6293
NO,2003,5,1848,717,483,-20951,-15418,9592,33008,-5534
NO,2003,4,5385,1003,741,-19917,-15851,9757,31734,-4067
NO,2003,3,8675,1492,1114,-22418,-16760,9885,27251,-5658
NO,2003,2,2700,179,88,-28172,-17997,9257,20753,-10174
NO,2003,1,1409,139,204,-27845,-17472,9245,18269,-10373
NO,2002,52,1254,181,145,-24024,-16949,9337,16905,-7075
NO,2002,51,2634,308,306,-21881,-15777,9436,15729,-6104
NO,2002,50,604,172,234,-21181,-14979,9456,13419,-6201
NO,2002,49,408,163,207,-18680,-14323,9458,12992,-4357
NO,2002,48,1020,219,230,-16102,-13562,9586,12615,-2540
NO,2002,47,695,288,383,-14197,-12715,9727,11671,-1482
NO,2002,46,1693,397,406,-11955,-11604,9951,11037,-351
NO,2002,45,1498,641,706,-10470,-10168,10215,9479,-303
NO,2002,44,2733,1101,796,-8695,-8825,10412,8448,129
NO,2002,43,6919,1100,978,-7560,-6995,10910,6332,-565
NO,2002,42,580,538,213,-10474,-4953,10220,1244,-5521
NO,2002,41,263,882,716,-7566,-2859,10718,710,-4706
NO,2002,40,2384,1761,1600,-4181,-735,11487,553,-3446
NO,2002,39,1924,1219,1165,-3317,392,10913,438,-3709
NO,2002,38,1325,1449,1169,-1833,1999,10503,266,-3832
NO,2002,37,-118,1818,1440,127,3595,10547,203,-3468
NO,2002,36,3734,2476,2324,2882,4961,11800,221,-2079
NO,2002,35,2314,1714,1535,1659,5444,10090,234,-3785
NO,2002,34,-670,1722,1417,1143,6325,8779,265,-5181
NO,2002,33,963,1959,1608,3600,7651,10050,351,-4051
NO,2002,32,-294,2081,1497,4728,9048,10074,497,-4320
NO,2002,31,-1033,2424,2216,7574,10920,11352,797,-3346
NO,2002,30,1194,3258,2656,10261,11731,13469,1450,-1470
NO,2002,29,-330,3859,3049,11294,12332,14478,2133,-1038
NO,2002,28,5015,5808,5657,13922,12927,16881,3601,995
NO,2002,27,2486,4226,3710,10799,11627,15841,5357,-827
NO,2002,26,2670,4607,4410,10522,12677,15934,7017,-2154
NO,2002,25,1772,5417,5169,9749,13574,16139,8835,-3825
NO,2002,24,2151,8243,6820,9698,14177,16906,11861,-4479
NO,2002,23,-1595,8618,7550,10402,13479,17907,17243,-3077
NO,2002,22,2216,7724,7787,15189,12854,19041,26685,2336
NO,2002,21,1179,6776,8155,14851,11808,19339,32241,3043
NO,2002,20,866,6542,6678,14355,10199,18122,39395,4156
NO,2002,19,-107,5235,4845,14917,8853,19005,44506,6064
NO,2002,18,4686,4413,3988,16376,7934,17451,51643,8442
NO,2002,17,1948,4143,3998,12855,6786,17137,51885,6069
NO,2002,16,144,1451,1258,11773,4669,14709,56740,7104
NO,2002,15,724,1315,1066,12932,4977,14107,58714,7956
NO,2002,14,437,1384,1160,13770,5039,14004,59491,8731
NO,2002,13,1539,815,506,15059,4578,12901,61603,10481
NO,2002,12,2004,430,391,15759,4711,12480,61348,11049
NO,2002,11,2792,438,475,16157,5130,12477,59784,11027
NO,2002,10,8083,694,724,15756,5407,12647,57216,10349
NO,2002,9,2340,396,509,10244,5179,12685,49773,5064
NO,2002,8,4220,998,726,10578,5321,12985,47516,5257
NO,2002,7,4963,1020,894,9634,5369,13417,43893,4265
NO,2002,6,4778,1683,1133,7564,4824,13469,39930,2740
NO,2002,5,7138,884,1121,5927,3700,13412,36948,2227
NO,2002,4,5214,1251,752,1646,3068,13313,30822,-1422
NO,2002,3,3587,2107,1301,418,2990,13824,26398,-2572
NO,2002,2,3504,1552,1436,925,2253,13668,25189,-1328
NO,2002,1,3202,481,483,847,1728,13015,23991,-881
NO,2001,52,1048,444,424,3220,2239,13094,21204,981
NO,2001,51,2695,868,753,5998,3568,13501,20198,2430
NO,2001,50,945,1205,1149,7410,4559,13899,18028,2852
NO,2001,49,2402,1010,1001,10086,4651,13671,18572,5435
NO,2001,48,4516,1222,1340,11067,4937,14159,16711,6130
NO,2001,47,2984,1565,1179,9670,4926,14290,13335,4744
NO,2001,46,5293,1732,1467,10302,5362,14921,11358,4941
NO,2001,45,4587,2588,1991,8585,5771,15531,7280,2814
NO,2001,44,7967,4264,3883,8069,5882,17141,3777,2187
NO,2001,43,3457,2107,2155,4004,4405,16592,813,-401
NO,2001,42,1734,2960,2509,4012,4888,15651,458,-876
NO,2001,41,6377,4569,4550,5322,4152,16731,573,1171
NO,2001,40,6540,3678,4424,2082,2008,15056,504,74
NO,2001,39,361,1218,1109,-2323,-23,12286,474,-2300
NO,2001,38,1201,1811,1618,167,1261,13292,216,-1094
NO,2001,37,1531,1818,1649,1325,1853,13468,222,-528
NO,2001,36,1410,2240,2156,2299,2732,13437,231,-433
NO,2001,35,3103,2933,2651,3071,2923,14025,230,147
NO,2001,34,773,2625,2837,1781,2309,13460,238,-528
NO,2001,33,2387,3170,3512,2421,1941,14680,252,480
NO,2001,32,2895,2929,2715,1235,925,14923,278,309
NO,2001,31,3465,2790,3328,416,1017,14595,298,-601
NO,2001,30,680,2932,2876,-2272,198,13588,331,-2470
NO,2001,29,2773,3247,3384,-2060,-81,15235,434,-1979
NO,2001,28,4469,4074,4890,-4129,-470,15258,570,-3659
NO,2001,27,702,4026,5420,-8647,-1604,13926,1056,-7043
NO,2001,26,-80,5166,5840,-9852,-2739,15501,2491,-7114
NO,2001,25,723,5805,6046,-9451,-3817,17136,6029,-5633
NO,2001,24,638,4002,3906,-9539,-4705,17489,10924,-4834
NO,2001,23,2252,4917,5140,-9253,-2964,18160,13778,-6289
NO,2001,22,1713,5697,5802,-10141,-1590,18065,16773,-8551
NO,2001,21,966,4293,4757,-10654,-1207,17808,21282,-9447
NO,2001,20,1314,7412,5382,-10715,0,18425,24221,-10715
NO,2001,19,-82,4788,3840,-8741,-451,18531,30626,-8290
NO,2001,18,1644,2288,1837,-6928,-543,14598,39669,-6385
NO,2001,17,2134,1232,796,-7747,230,13650,41326,-7977
NO,2001,16,790,318,184,-8850,1380,12334,41781,-10230
NO,2001,15,944,582,379,-8508,2707,12433,41216,-11216
NO,2001,14,5236,1213,540,-8274,3193,12680,40619,-11466
NO,2001,13,880,127,134,-11373,3303,12068,37278,-14676
NO,2001,12,250,154,181,-10215,3971,12119,36475,-14185
NO,2001,11,1851,406,200,-8165,4575,12261,36232,-12740
NO,2001,10,2743,303,311,-7657,4804,12280,34773,-12461
NO,2001,9,857,246,218,-7800,4992,12310,32292,-12792
NO,2001,8,3099,624,443,-5524,5735,12524,31462,-11259
NO,2001,7,4833,838,624,-5415,6087,12643,28900,-11502
NO,2001,6,2416,250,216,-7380,5679,12353,25247,-13059
NO,2001,5,298,312,250,-6644,6062,12513,22915,-12706
NO,2001,4,2727,541,442,-3334,6785,12788,22650,-10120
NO,2001,3,779,567,429,-2598,6934,12837,20426,-9532
NO,2001,2,2291,495,387,414,7537,12839,20223,-7122
NO,2001,1,2765,571,584,1665,8283,13085,18183,-6618
NO,2000,52,1381,565,543,4367,8607,13282,15793,-4241
NO,2000,51,734,922,687,7029,10031,13814,14453,-3002
NO,2000,50,3532,2358,1752,10431,11021,14727,13759,-590
NO,2000,49,3223,2554,2371,10891,10294,15353,12051,597
NO,2000,48,3054,1875,1564,11172,9062,14663,12187,2110
NO,2000,47,5411,2276,1358,11603,8753,14672,11058,2850
NO,2000,46,4058,2656,1398,10212,8886,14885,7780,1326
NO,2000,45,2965,2436,1492,10685,9305,15297,6079,1380
NO,2000,44,7598,3660,2292,12000,9803,15747,5180,2197
NO,2000,43,4287,3397,2656,9548,10191,15782,1382,-643
NO,2000,42,3229,2845,3156,10072,10669,15869,521,-596
NO,2000,41,6041,3576,3143,9490,9636,15330,658,-146
NO,2000,40,1057,1698,1977,7412,9334,13265,298,-1922
NO,2000,39,1735,1976,2096,9221,10373,13587,321,-1152
NO,2000,38,594,2079,2035,11657,11250,13346,1662,407
NO,2000,37,1736,3023,2316,14474,12356,14470,1865,2118
NO,2000,36,3605,2915,3136,16945,13439,15625,1982,3506
NO,2000,35,2626,3017,2599,16208,13430,14751,2135,2777
NO,2000,34,1763,3089,2648,16312,13530,14337,2672,2782
NO,2000,33,3574,3801,3544,17623,13900,15038,3136,3723
NO,2000,32,3389,3892,3231,16829,13502,14226,3992,3327
NO,2000,31,323,3492,2852,16991,13852,13759,4875,3140
NO,2000,30,374,4786,3949,19528,14309,14900,6708,5219
NO,2000,29,-464,5235,4076,22071,13828,16000,9892,8243
NO,2000,28,2074,5438,4635,25630,13508,17680,13929,12122
NO,2000,27,1727,8131,5665,26402,13308,17951,17168,13094
NO,2000,26,3340,7846,6976,29246,12554,19929,21868,16692
NO,2000,25,3348,8268,6943,28911,11092,19424,27194,17819
NO,2000,24,5083,7968,6078,28834,10158,17949,33973,18676
NO,2000,23,-113,5020,4425,27375,10395,18860,36346,16979
NO,2000,22,4059,6160,4998,30281,13105,19120,41446,17175
NO,2000,21,2008,6533,5888,29415,14988,19198,43766,14428
NO,2000,20,1620,10128,8671,30414,15944,19131,48700,14470
NO,2000,19,241,7839,6415,32348,12962,18632,58201,19386
NO,2000,18,1205,7636,7029,35311,11126,18242,66595,24185
NO,2000,17,1845,4303,4131,36112,7428,16962,74675,28685
NO,2000,16,3515,2207,1792,35507,5524,15107,79220,29982
NO,2000,15,1143,837,485,33830,5561,12824,80309,28268
NO,2000,14,3532,559,452,34785,6677,12489,80383,28108
NO,2000,13,1118,463,407,33471,7586,12504,77404,25885
NO,2000,12,3496,762,742,35044,8555,12296,76973,26489
NO,2000,11,3771,429,629,34353,9018,12219,74349,25335
NO,2000,10,6353,587,751,33156,9449,12176,71045,23707
NO,2000,9,6359,919,752,29734,9711,12282,65135,20023
NO,2000,8,3163,370,502,26444,9678,12298,59713,16766
NO,2000,7,2502,607,555,26362,10190,12448,56769,16172
NO,2000,6,5622,1428,1089,26876,10223,12881,54432,16654
NO,2000,5,8430,824,1026,24341,9307,12934,50234,15034
NO,2000,4,4183,555,544,18790,8791,12639,42918,9999
NO,2000,3,4419,923,757,18132,8971,12787,39167,9160
NO,2000,2,4142,1314,927,17408,9073,12896,35623,8335
NO,2000,1,8200,1376,1532,16834,8995,13343,32383,7839
NO,1999,52,1813,942,,13776,8150,12961,25982,5626
NO,1999,51,5037,954,,15995,9174,13512,24578,6821
NO,1999,50,3404,763,,14575,9601,13376,20673,4974
NO,1999,49,5794,1555,,14660,10034,14016,17418,4626
NO,1999,48,9113,3447,,12345,9836,14796,12453,2509
NO,1999,47,5250,2245,,7687,8771,15302,6495,-1084
NO,1999,46,1011,1584,,5449,7879,14245,4664,-2430
NO,1999,45,2903,2621,,7957,8408,15725,3820,-451
NO,1999,44,5294,4662,,8511,7846,15876,3519,665
NO,1999,43,4579,2054,,7163,5996,15216,3759,1168
NO,1999,42,608,1148,,5719,6152,13537,3015,-434
NO,1999,41,4376,2550,,8011,7018,14396,2730,992
NO,1999,40,2512,2507,,7051,7165,14372,1001,-114
NO,1999,39,4286,2568,,8169,7789,14875,564,380
NO,1999,38,2719,2232,,6822,7629,13374,420,-807
NO,1999,37,2257,1762,,6103,7336,12512,472,-1234
NO,1999,36,1491,2282,,6227,8211,11561,556,-1984
NO,1999,35,1318,2122,,7054,8710,11774,679,-1656
NO,1999,34,1507,1778,,7091,8502,11943,872,-1411
NO,1999,33,714,1901,,7811,9493,11703,1066,-1682
NO,1999,32,1760,2061,,9571,10794,12365,1303,-1223
NO,1999,31,-443,2647,,10658,12433,12060,1660,-1775
NO,1999,30,65,3503,,13606,13601,13770,2624,5
NO,1999,29,3613,4869,,16030,14019,15845,3814,2010
NO,1999,28,1498,5345,,14133,12813,15407,5399,1320
NO,1999,27,-39,5377,,15146,12547,16317,8307,2599
NO,1999,26,3389,7300,,17801,12766,18018,12122,5035
NO,1999,25,2428,6748,,16285,10818,18143,16121,5466
NO,1999,24,1817,8036,,16142,10504,18863,20020,5637
NO,1999,23,2775,8509,,15388,8117,19668,25829,7271
NO,1999,22,1737,6681,,14332,6090,19408,32224,8243
NO,1999,21,3433,6714,,13763,5380,19116,37804,8383
NO,1999,20,861,4996,,12348,5148,18560,42002,7201
NO,1999,19,752,1603,,12562,5081,15078,49849,7481
NO,1999,18,91,2001,,12972,7749,15913,49962,5223
NO,1999,17,925,3397,,13462,8545,15852,52018,4917
NO,1999,16,840,1524,,13692,7520,14855,55662,6172
NO,1999,15,2037,2573,,14264,7872,14408,56849,6392
NO,1999,14,4402,3234,,14239,7071,16141,55792,7168
NO,1999,13,1793,1542,,11731,4737,13256,57760,6994
NO,1999,12,3242,402,,11977,3932,11926,58900,8046
NO,1999,11,2840,407,,10809,4059,11932,56051,6750
NO,1999,10,1150,220,,10098,4043,11822,53747,6055
NO,1999,9,3982,393,,11462,4240,11914,52702,7222
NO,1999,8,3087,356,,9713,3949,12019,48990,5764
NO,1999,7,6262,848,,9060,3836,12222,46047,5225
NO,1999,6,840,489,,5504,3263,12351,40550,2241
NO,1999,5,7514,1634,,7603,3190,12717,39828,4412
NO,1999,4,2209,668,,3233,2019,12202,34570,1215
NO,1999,3,5647,1149,,4566,2107,12547,32706,2459
NO,1999,2,2500,340,,2083,1489,12159,28619,593
NO,1999,1,3084,767,,2693,1961,12385,26235,732
NO,1998,53,3176,736,,3704,2902,12616,23702,802
NO,1998,52,3755,955,,3370,2808,12940,20937,561
NO,1998,51,7168,1801,,3329,3483,13573,17542,-155
NO,1998,50,389,516,,-287,2931,12652,13206,-3217
NO,1998,49,2197,1206,,2774,3580,13126,12875,-806
NO,1998,48,1951,1103,,3931,3596,12778,12297,334
NO,1998,47,1386,504,,5316,3912,12846,11438,1404
NO,1998,46,1803,757,,6998,4911,13095,10332,2088
NO,1998,45,541,1045,,8207,5812,13641,8751,2395
NO,1998,44,5795,3106,,10997,6809,14672,8246,4187
NO,1998,43,5828,2303,,9282,6737,15217,5135,2545
NO,1998,42,4387,1578,,6391,6458,13493,3425,-68
NO,1998,41,1815,1266,,4955,6938,13515,635,-1984
NO,1998,40,1111,1383,,6557,8391,13232,419,-1834
NO,1998,39,813,2157,,8667,9731,13463,533,-1063
NO,1998,38,3302,2887,,11022,10453,14581,589,569
NO,1998,37,3827,2402,,10396,10066,13917,631,330
NO,1998,36,-502,1426,,8816,10160,11961,796,-1344
NO,1998,35,595,2203,,12097,11841,13411,953,256
NO,1998,34,3889,3566,,13913,12346,14736,1057,1567
NO,1998,33,1488,2707,,11805,10898,14143,1215,907
NO,1998,32,2537,3243,,12425,11001,14681,1635,1424
NO,1998,31,1180,3415,,11873,10547,14686,2135,1327
NO,1998,30,3256,4026,,12635,10175,15857,2992,2460
NO,1998,29,2149,3653,,10232,8352,15306,4222,1880
NO,1998,28,902,4057,,9010,7475,15346,5676,1535
NO,1998,27,2302,6531,,9450,7235,16496,7744,2215
NO,1998,26,1356,6608,,8696,5141,17545,11115,3555
NO,1998,25,2544,5488,,7932,2596,17850,16284,5336
NO,1998,24,3142,6091,,6536,2486,17903,19393,4050
NO,1998,23,1506,4564,,3820,1522,17322,23203,2297
NO,1998,22,215,2880,,4223,3810,17407,26395,412
NO,1998,21,1116,6060,,4863,6821,17039,29540,-1958
NO,1998,20,147,5522,,6497,8016,19110,32732,-1519
NO,1998,19,1718,3487,,7617,7603,17190,40271,14
NO,1998,18,2966,4724,,6461,7696,17164,42252,-1236
NO,1998,17,808,1440,,4697,6279,15072,46298,-1582
NO,1998,16,2450,706,,4466,6752,13182,48877,-2286
NO,1998,15,1863,834,,3398,7944,13370,46948,-4546
NO,1998,14,2801,2330,,2857,8300,13948,45374,-5443
NO,1998,13,1809,783,,2228,7283,13014,45952,-5055
NO,1998,12,3416,708,,2765,7567,12799,45179,-4802
NO,1998,11,2271,568,,1755,7680,12867,42441,-5925
NO,1998,10,2571,1076,,1909,7805,13353,40265,-5896
NO,1998,9,8964,3398,,2252,7525,14346,37776,-5272
NO,1998,8,5619,2781,,-2709,5789,15007,31739,-8498
NO,1998,7,5584,1407,,-5701,3262,12756,31325,-8963
NO,1998,6,3891,476,,-8605,2071,12251,27732,-10676
NO,1998,5,2988,758,,-9674,1895,12383,24182,-11569
NO,1998,4,1956,733,,-9213,1961,12597,21786,-11174
NO,1998,3,4040,2131,,-7727,1869,13126,20072,-9596
NO,1998,2,3878,588,,-8240,548,12620,18777,-8788
NO,1998,1,2699,469,,-9505,254,12401,15727,-9759
NO,1997,52,1151,414,,-6610,790,12454,13462,-7401
NO,1997,51,841,677,,-4398,1680,12747,12445,-6078
NO,1997,50,3372,1340,,-1684,2342,13047,12003,-4026
NO,1997,49,2498,497,,-1830,1880,12706,10392,-3710
NO,1997,48,412,519,,-988,2632,12905,8215,-3620
NO,1997,47,431,911,,1661,3296,13427,7819,-1634
NO,1997,46,3625,1953,,4318,3901,14101,7655,417
NO,1997,45,2067,1358,,4120,3957,13877,6283,164
NO,1997,44,2126,1690,,5618,4838,14741,4770,780
NO,1997,43,3757,2031,,7280,5932,14248,4907,1348
NO,1997,42,2938,2158,,7839,7306,15698,1822,534
NO,1997,41,3987,3188,,7731,7040,15762,1062,690
NO,1997,40,3822,2423,,6981,6335,14910,1222,646
NO,1997,39,1254,3102,,6587,6864,14379,403,-277
NO,1997,38,6406,5142,,10059,7390,15825,1446,2669
NO,1997,37,5584,3798,,7695,5714,15338,860,1981
NO,1997,36,3212,3733,,5040,4747,13850,544,293
NO,1997,35,6017,3278,,4045,3703,13785,666,342
NO,1997,34,1492,1901,,-1370,1630,10391,836,-2999
NO,1997,33,-611,2070,,-1554,1994,9700,1204,-3547
NO,1997,32,-868,2608,,595,2545,11208,1734,-1949
NO,1997,31,1805,3400,,2977,2608,13179,2684,369
NO,1997,30,842,3965,,2464,1670,13372,3811,794
NO,1997,29,-660,5031,,3309,914,13964,6079,2395
NO,1997,28,-623,6304,,5652,-539,15855,9824,6191
NO,1997,27,2441,10222,,8864,-1859,18053,14696,10724
NO,1997,26,2383,7344,,9597,-6203,18651,22254,15799
NO,1997,25,813,8507,,8805,-8594,17993,28204,17399
NO,1997,24,-368,12219,,10246,-10798,19418,34872,21043
NO,1997,23,-820,8300,,13274,-15949,19314,48136,29223
NO,1997,22,767,3779,,16812,-16779,17512,59469,33591
NO,1997,21,478,3781,,17327,-14303,16050,64117,31630
NO,1997,20,1754,4571,,18887,-11450,16859,66839,30337
NO,1997,19,3930,1944,,19101,-10157,14864,71841,29257
NO,1997,18,1711,1584,,16349,-7854,14025,70830,24203
NO,1997,17,2028,491,,15212,-6616,12427,72354,21829
NO,1997,16,1647,769,,13805,-5124,12745,70529,18929
NO,1997,15,2647,818,,13194,-4383,12655,69787,17578
NO,1997,14,7837,2195,,11646,-4235,12674,67972,15882
NO,1997,13,5481,799,,5905,-5189,12253,62862,11093
NO,1997,12,394,388,,2291,-5381,12192,58259,7671
NO,1997,11,2935,1227,,3995,-5216,12567,57878,9211
NO,1997,10,6885,1702,,3296,-5992,12653,56149,9288
NO,1997,9,7327,1456,,-878,-7173,12615,51074,6295
NO,1997,8,6788,677,,-5922,-8557,12332,45547,2634
NO,1997,7,4287,908,,-10526,-9254,12211,39562,-1272
NO,1997,6,5611,730,,-12574,-10322,12393,36015,-2252
NO,1997,5,3976,931,,-16150,-11584,12472,31096,-4566
NO,1997,4,2420,833,,-17563,-12604,12405,28194,-4958
NO,1997,3,6547,1415,,-17207,-13474,12622,26439,-3733
NO,1997,2,1890,217,,-20879,-14698,11946,22058,-6181
NO,1997,1,833,216,,-20051,-14514,12077,20272,-5537
NO,1996,52,1355,294,,-14750,-13172,12253,19485,-1578
NO,1996,51,2643,443,,-12901,-12314,12458,18224,-587
NO,1996,50,2184,911,,-12183,-11586,12815,15664,-596
NO,1996,49,2895,746,,-11543,-11985,12862,14387,442
NO,1996,48,490,580,,-11880,-12251,13043,12067,370
NO,1996,47,1831,1188,,-9592,-11921,13614,11596,2330
NO,1996,46,2681,1434,,-8730,-12008,14442,10175,3278
NO,1996,45,7099,3754,,-8716,-12114,15046,8348,3398
NO,1996,44,6598,2704,,-12492,-13963,15704,4498,1472
NO,1996,43,1210,1857,,-16964,-15611,14646,1808,-1353
NO,1996,42,3353,2697,,-15341,-15501,15228,1918,161
NO,1996,41,4520,3567,,-16362,-16828,15155,1445,466
NO,1996,40,6432,3216,,-18360,-18660,14595,1191,300
NO,1996,39,3181,1132,,-22388,-20042,12264,449,-2346
NO,1996,38,-409,880,,-23189,-19208,10353,267,-3982
NO,1996,37,889,1185,,-20580,-17995,11184,448,-2585
NO,1996,36,260,1895,,-18700,-16460,11582,278,-2240
NO,1996,35,4581,2646,,-17278,-16278,12817,291,-1000
NO,1996,34,1995,2006,,-20985,-17371,10281,331,-3614
NO,1996,33,-850,1510,,-22481,-17907,9477,401,-4574
NO,1996,32,-96,1909,,-20872,-17466,10949,537,-3406
NO,1996,31,1876,2106,,-19722,-17097,12100,769,-2625
NO,1996,30,28,2131,,-20875,-17286,11787,1014,-3588
NO,1996,29,308,2379,,-20434,-17179,12727,1666,-3255
NO,1996,28,165,3003,,-20270,-17058,14047,2228,-3212
NO,1996,27,4630,4112,,-19894,-16817,15714,3234,-3077
NO,1996,26,-862,3487,,-23966,-17286,13957,4468,-6680
NO,1996,25,2526,4248,,-22471,-16383,16192,6519,-6088
NO,1996,24,2064,6104,,-24780,-16071,16090,8447,-8709
NO,1996,23,1631,5107,,-26194,-16753,17186,11600,-9441
NO,1996,22,1504,3264,,-27223,-16323,16656,15834,-10900
NO,1996,21,1494,2620,,-27864,-13717,16227,18164,-14147
NO,1996,20,1437,3209,,-27866,-10098,15214,20379,-17768
NO,1996,19,928,1490,,-28179,-8275,14500,23044,-19903
NO,1996,18,2431,2018,,-28001,-5494,14995,23151,-22507
NO,1996,17,2460,3883,,-29638,-4520,15796,22039,-25118
NO,1996,16,1216,1850,,-31105,-6248,14626,24861,-24858
NO,1996,15,237,927,,-30679,-6045,12165,28065,-24634
NO,1996,14,904,163,,-29099,-5300,11425,29541,-23799
NO,1996,13,1799,115,,-28569,-4786,11296,28943,-23783
NO,1996,12,214,64,,-28111,-3892,11325,27235,-24220
NO,1996,11,104,101,,-25974,-3153,11377,27035,-22821
NO,1996,10,572,145,,-23714,-2613,11452,26959,-21102
NO,1996,9,4302,240,,-21663,-2250,11456,26524,-19414
NO,1996,8,752,173,,-23305,-1990,11514,22414,-21315
NO,1996,7,3380,252,,-20824,-1125,11643,21702,-19699
NO,1996,6,527,117,,-21014,-597,11600,18642,-20418
NO,1996,5,1226,172,,-18174,131,11698,18131,-18304
NO,1996,4,267,189,,-15917,851,11799,16990,-16768
NO,1996,3,605,390,,-12453,1624,11975,16742,-14077
NO,1996,2,2122,386,,-9422,2248,12084,16431,-11670
NO,1996,1,792,265,,-8133,2967,12088,14699,-11100
NO,1995,52,1672,391,,-3556,3495,12326,13939,-7051
NO,1995,51,1734,671,,-800,5461,12689,12319,-6261
NO,1995,50,2213,1346,,1984,7076,13320,10664,-5092
NO,1995,49,803,638,,3935,7545,12730,10467,-3610
NO,1995,48,1123,1632,,6871,8551,13310,9751,-1680
NO,1995,47,5106,1764,,9718,8961,14312,9325,757
NO,1995,46,1762,959,,8045,8982,13173,7229,-937
NO,1995,45,1765,1399,,10187,10542,13847,5794,-355
NO,1995,44,1936,2482,,12327,11719,14701,4637,607
NO,1995,43,7768,5784,,15174,12998,16882,3101,2176
NO,1995,42,7681,4752,,12990,11618,15678,2680,1372
NO,1995,41,2884,3587,,8911,9468,14740,837,-557
NO,1995,40,5325,3753,,8895,8112,15514,755,783
NO,1995,39,6059,3142,,5773,6019,12877,1938,-245
NO,1995,38,1585,1439,,4700,6045,12209,1048,-1345
NO,1995,37,842,1613,,5894,7088,11988,1035,-1195
NO,1995,36,3008,2094,,7548,8034,12480,1135,-486
NO,1995,35,1057,1897,,6431,8189,10961,1389,-1758
NO,1995,34,2258,2266,,7635,8842,11451,1569,-1207
NO,1995,33,420,2508,,7101,8862,10733,1957,-1761
NO,1995,32,107,2543,,8288,8818,11593,2769,-529
NO,1995,31,-166,3995,,10466,9412,12911,3637,1054
NO,1995,30,-283,4649,,12347,8313,14516,5907,4034
NO,1995,29,4576,6692,,14436,6744,17149,8191,7692
NO,1995,28,251,5379,,11575,3441,16307,11314,8134
NO,1995,27,1270,4655,,13323,2445,16534,16368,10878
NO,1995,26,-130,8658,,13828,2457,17265,19212,11372
NO,1995,25,880,8581,,17067,200,19477,26188,16867
NO,1995,24,1439,9640,,18260,-2266,20337,33435,20526
NO,1995,23,2805,11737,,18886,-5327,20686,41753,24213
NO,1995,22,4402,13383,,19042,-9514,21056,50889,28555
NO,1995,21,393,4599,,17002,-16075,19120,62495,33077
NO,1995,20,1628,1365,,18215,-14437,14683,71330,32652
NO,1995,19,1089,3451,,17846,-10549,15106,70736,28395
NO,1995,18,1448,2876,,18494,-9296,16043,72400,27790
NO,1995,17,729,1422,,17993,-9046,13147,76845,27039
NO,1995,16,678,643,,18300,-8123,12502,78266,26422
NO,1995,15,1265,803,,19063,-6842,12763,78007,25905
NO,1995,14,4249,537,,19336,-6233,12089,78245,25570
NO,1995,13,3330,481,,16918,-5686,12156,74470,22605
NO,1995,12,4770,808,,15928,-5067,12272,71503,20995
NO,1995,11,4321,708,,13715,-4888,12071,67765,18603
NO,1995,10,1345,240,,12137,-4607,11929,64328,16744
NO,1995,9,4010,397,,13374,-4360,11988,63140,17734
NO,1995,8,4158,536,,11963,-4287,12098,59396,16250
NO,1995,7,4099,763,,10693,-4121,12276,55582,14813
NO,1995,6,6477,868,,9500,-4376,12198,52337,13876
NO,1995,5,7124,545,,5963,-4837,12354,46579,10800
NO,1995,4,2407,560,,2021,-4780,12347,40012,6801
NO,1995,3,6198,1292,,3018,-4685,12725,37772,7703
NO,1995,2,4532,643,,256,-5203,12588,33055,5459
NO,1995,1,1485,455,,-1168,-5061,12678,29102,3893
NO,1994,52,5412,1253,,,,12961,27787,7432
NO,1994,51,5673,1231,,,,13340,23307,5377
NO,1994,50,3732,1207,,,,13283,18976,3183
NO,1994,49,4394,1266,,,,13847,15930,2970
NO,1994,48,3353,1869,,,,14170,12540,1969
NO,1994,47,6486,2854,,,,14591,10719,2430
NO,1994,46,4788,1359,,,,13350,8489,500
NO,1994,45,1326,1178,,,,13693,4766,-1538
NO,1994,44,2175,1225,,,,13803,4549,-379
NO,1994,43,2634,1846,,,,14212,3237,-358
NO,1994,42,1088,1307,,,,13501,3235,-250
NO,1994,41,2999,2882,,,,14656,2348,870
NO,1994,40,3437,2255,,,,14897,2101,1513
NO,1994,39,4152,1967,,,,13488,2415,844
NO,1994,38,771,1673,,,,13465,558,-578
NO,1994,37,2071,2443,,,,14100,732,615
NO,1994,36,3377,2114,,,,14540,625,1064
NO,1994,35,987,2549,,,,13170,607,-332
NO,1994,34,3652,2853,,,,14547,656,976
NO,1994,33,2310,2877,,,,13291,785,-376
NO,1994,32,2826,2633,,,,13404,1003,-484
NO,1994,31,2049,3228,,,,12582,1216,-1696
NO,1994,30,610,3478,,,,12291,2050,-2048
NO,1994,29,-1005,4032,,,,13202,3628,-819
NO,1994,28,1669,6749,,,,15772,5964,2249
NO,1994,27,-1434,8208,,,,16551,10378,4904
NO,1994,26,2397,8138,,,,18397,18471,11762
NO,1994,25,2877,5581,,,,18257,24758,14216
NO,1994,24,1436,5037,,,,17361,28634,12749
NO,1994,23,2489,6737,,,,18206,31651,11630
NO,1994,22,1787,4348,,,,18844,35598,11052
NO,1994,21,184,3775,,,,16852,40383,8697
NO,1994,20,796,4788,,,,17264,43781,7684
NO,1994,19,529,7521,,,,19045,46292,7889
NO,1994,18,732,4054,,,,17140,55590,12078
NO,1994,17,3629,3886,,,,15829,60417,13293
NO,1994,16,1750,759,,,,12560,64130,12346
NO,1994,15,471,696,,,,12314,63415,10865
NO,1994,14,1488,834,,,,12037,63929,11202
NO,1994,13,4757,859,,,,12187,63132,11297
NO,1994,12,3186,298,,,,11608,59830,8659
NO,1994,11,3876,404,,,,11622,56911,7300
NO,1994,10,7262,828,,,,11802,53242,5531
NO,1994,9,2274,146,,,,11633,46994,1234
NO,1994,8,607,88,,,,11600,44902,1257
NO,1994,7,481,109,,,,11650,44329,2934
NO,1994,6,572,121,,,,11678,43921,4939
NO,1994,5,4092,328,,,,11754,43367,6987
NO,1994,4,7472,552,,,,11846,39451,5739
NO,1994,3,6968,517,,,,12025,32276,1507
NO,1994,2,2589,264,,,,11960,25912,-2313
NO,1994,1,2140,200,,,,11996,23548,-2343
NO,1993,52,1340,238,,,,12116,21486,285
NO,1993,51,4763,787,,,,12286,20204,1221
NO,1993,50,2468,370,,,,12488,16031,-556
NO,1993,49,4118,773,,,,12504,13921,-382
NO,1993,48,3465,436,,,,12712,10377,-1651
NO,1993,47,951,381,,,,12797,7281,-2802
NO,1993,46,763,613,,,,13151,6366,-1822
NO,1993,45,2101,798,,,,13558,5822,-617
NO,1993,44,703,1086,,,,13815,4306,-610
NO,1993,43,2242,1708,,,,14471,4081,745
NO,1993,42,2415,1527,,,,14268,3832,1115
NO,1993,41,2957,1944,,,,14454,2821,1141
NO,1993,40,4286,1806,,,,15096,1235,845
NO,1993,39,236,1235,,,,13162,764,-1134
NO,1993,38,3500,1966,,,,14035,2952,2386
NO,1993,37,31,1021,,,,12477,2986,1244
NO,1993,36,214,1683,,,,13469,2988,2356
NO,1993,35,1674,2561,,,,14696,3187,3774
NO,1993,34,1101,2516,,,,14992,3736,4502
NO,1993,33,1944,3484,,,,15891,4225,5664
NO,1993,32,3310,4658,,,,16615,5016,6740
NO,1993,31,2335,5367,,,,16687,6307,7500
NO,1993,30,4219,6146,,,,17550,8491,9652
NO,1993,29,1511,6668,,,,17045,11049,10446
NO,1993,28,3479,7753,,,,17655,15760,13929
NO,1993,27,2820,6000,,,,16720,21240,15935
NO,1993,26,-264,7477,,,,17037,24367,16298
NO,1993,25,1251,4990,,,,17560,31903,20665
NO,1993,24,711,4931,,,,17241,36193,20188
NO,1993,23,-101,6656,,,,18684,39214,19671
NO,1993,22,1124,5163,,,,18412,46567,21588
NO,1993,21,78,8602,,,,18268,51026,20757
NO,1993,20,691,9420,,,,20565,57702,24906
NO,1993,19,748,6240,,,,18450,69010,30013
NO,1993,18,3442,7146,,,,17798,75470,32616
NO,1993,17,152,5718,,,,17694,79710,34452
NO,1993,16,2606,951,,,,12930,90285,38870
NO,1993,15,1026,258,,,,11792,89793,36721
NO,1993,14,329,259,,,,11668,89151,36055
NO,1993,13,942,295,,,,11753,88991,36722
NO,1993,12,3413,820,,,,11925,88157,37301
NO,1993,11,8448,1629,,,,12305,85176,36247
NO,1993,10,2432,339,,,,11740,78983,31210
NO,1993,9,1030,214,,,,11671,76985,31262
NO,1993,8,1774,343,,,,11788,76050,32594
NO,1993,7,4156,746,,,,11990,74411,33357
NO,1993,6,1707,773,,,,12145,70883,32368
NO,1993,5,10265,1575,,,,12238,69858,33963
NO,1993,4,2426,438,,,,11762,61737,27941
NO,1993,3,10017,1368,,,,12034,59428,28667
NO,1993,2,11901,1129,,,,12226,50537,22578
NO,1993,1,6061,807,,,,12191,39771,14075
NO,1992,53,1777,620,,,,12246,34488,11218
NO,1992,52,2511,948,,,,12439,33164,12287
NO,1992,51,8159,1779,,,,12845,31241,12816
NO,1992,50,4575,1136,,,,12426,25350,8701
NO,1992,49,7471,1938,,,,12502,21880,7575
NO,1992,48,4777,758,,,,12074,16961,4295
NO,1992,47,1877,593,,,,12241,12784,2145
NO,1992,46,2555,1257,,,,12651,11096,2408
NO,1992,45,8057,1744,,,,13281,9210,2494
NO,1992,44,1035,548,,,,12461,3792,-2478
NO,1992,43,948,795,,,,12928,2849,-2030
NO,1992,42,1094,1371,,,,13594,2052,-1340
NO,1992,41,4097,2543,,,,14744,1240,-150
NO,1992,40,99,2131,,,,14185,323,-978
NO,1992,39,3945,3092,,,,16061,402,1403
NO,1992,38,2260,2730,,,,14843,1386,1627
NO,1992,37,1681,2472,,,,15193,1470,2445
NO,1992,36,2661,3286,,,,15786,1613,3299
NO,1992,35,4810,3707,,,,16253,1761,3905
NO,1992,34,1589,3288,,,,14951,1931,2656
NO,1992,33,3736,3807,,,,16025,2383,3957
NO,1992,32,4424,4684,,,,15489,2899,3496
NO,1992,31,4025,4718,,,,14948,3637,3090
NO,1992,30,3470,4223,,,,14733,4526,2870
NO,1992,29,2978,3741,,,,13704,6221,2278
NO,1992,28,394,3426,,,,12810,7898,1221
NO,1992,27,595,3574,,,,13100,10635,1711
NO,1992,26,120,3989,,,,14026,12787,1707
NO,1992,25,710,5621,,,,14785,16006,1992
NO,1992,24,-987,10167,,,,16379,19541,2674
NO,1992,23,-1362,11716,,,,18264,29224,9261
NO,1992,22,-950,11416,,,,19526,41572,17708
NO,1992,21,549,8313,,,,19249,54736,25448
NO,1992,20,1556,2879,,,,16975,65177,28791
NO,1992,19,3008,3185,,,,15344,68239,26136
NO,1992,18,4081,1901,,,,14891,69014,23253
NO,1992,17,1330,552,,,,13122,68682,18852
NO,1992,16,2769,1110,,,,13381,67662,16698
NO,1992,15,620,532,,,,13437,65994,14566
NO,1992,14,722,383,,,,12806,66545,14586
NO,1992,13,1946,939,,,,13161,65857,14995
NO,1992,12,4118,1097,,,,13532,64513,15266
NO,1992,11,4065,1187,,,,13114,61966,13846
NO,1992,10,2539,1123,,,,13317,58949,12752
NO,1992,9,4519,1111,,,,13106,57824,13536
NO,1992,8,2678,622,,,,13217,54348,12322
NO,1992,7,3767,1124,,,,13401,52135,12492
NO,1992,6,4900,1282,,,,13940,49003,12284
NO,1992,5,2846,1782,,,,13827,45564,11257
NO,1992,4,1268,878,,,,13107,45333,12883
NO,1992,3,5970,1661,,,,13406,44670,15281
NO,1992,2,7090,1301,,,,13156,40701,13673
NO,1992,1,12511,2094,,,,13653,34432,10197
NO,1991,52,5273,893,,,,13241,24549,4473
NO,1991,51,6609,1713,,,,13552,19867,2150
NO,1991,50,5296,1660,,,,14465,14106,-504
NO,1991,49,1560,1428,,,,13891,11167,-1749
NO,1991,48,3121,3399,,,,14779,10233,271
NO,1991,47,2425,1056,,,,14090,11390,2600
NO,1991,46,4469,1224,,,,13140,11016,2817
NO,1991,45,5008,2034,,,,13673,7265,942
NO,1991,44,2662,1188,,,,14042,4014,-674
NO,1991,43,1007,1356,,,,13982,2691,-1135
NO,1991,42,2980,2020,,,,14686,2371,71
NO,1991,41,666,2314,,,,14482,1708,57
NO,1991,40,5131,2557,,,,15048,2838,2400
NO,1991,39,6736,4240,,,,14551,896,387
NO,1991,38,4492,3293,,,,13142,478,-982
NO,1991,37,3589,1949,,,,11977,443,-1798
NO,1991,36,1835,1944,,,,10298,438,-3364
NO,1991,35,-151,1359,,,,10163,364,-3581
NO,1991,34,-344,1941,,,,11177,423,-2626
NO,1991,33,3394,2815,,,,12794,537,-1120
NO,1991,32,2027,2153,,,,11758,656,-2478
NO,1991,31,-865,2233,,,,10999,933,-3562
NO,1991,30,-425,2682,,,,12740,1565,-2084
NO,1991,29,1799,3839,,,,14667,2377,-605
NO,1991,28,1539,5475,,,,15393,3547,-547
NO,1991,27,-1112,5757,,,,16288,6540,803
NO,1991,26,1741,6812,,,,18192,11640,4727
NO,1991,25,3348,6980,,,,18725,16443,6369
NO,1991,24,1495,5146,,,,18055,21067,5876
NO,1991,23,2049,3550,,,,17170,25840,4783
NO,1991,22,192,5123,,,,17389,27314,1313
NO,1991,21,2669,3407,,,,16013,33882,1358
NO,1991,20,504,2558,,,,15587,35241,-2533
NO,1991,19,488,1690,,,,15219,37804,-4424
NO,1991,18,-21,1001,,,,14042,40275,-6336
NO,1991,17,305,816,,,,13746,41609,-7597
NO,1991,16,2061,2011,,,,14204,41693,-8448
NO,1991,15,1262,2379,,,,15352,40625,-8888
NO,1991,14,3379,1772,,,,13653,43554,-7558
NO,1991,13,1434,890,,,,12833,42878,-8311
NO,1991,12,2617,1113,,,,12398,42822,-7560
NO,1991,11,2351,582,,,,12094,41681,-7459
NO,1991,10,1850,258,,,,11887,40148,-7479
NO,1991,9,1459,580,,,,11943,38493,-6957
NO,1991,8,3322,377,,,,12094,37475,-5675
NO,1991,7,619,145,,,,11911,34732,-6401
NO,1991,6,113,199,,,,12037,34133,-4490
NO,1991,5,749,502,,,,12226,34026,-1882
NO,1991,4,4239,985,,,,12575,33438,456
NO,1991,3,1384,382,,,,12289,30532,27
NO,1991,2,3202,598,,,,12356,29457,1627
NO,1991,1,6372,902,,,,12682,26493,1288
NO,1990,52,5762,1442,,,,13016,20669,369
NO,1990,51,2092,816,,,,12824,16594,-1851
NO,1990,50,1408,657,,,,12968,15225,-882
NO,1990,49,6877,2162,,,,13258,14209,660
NO,1990,48,2190,701,,,,12991,9862,-1888
NO,1990,47,1315,1006,,,,13189,8216,-1476
NO,1990,46,4425,1443,,,,14084,7038,-217
NO,1990,45,1207,1178,,,,13748,4450,-1799
NO,1990,44,4495,2306,,,,13990,4231,-510
NO,1990,43,841,1517,,,,13900,2220,-1687
NO,1990,42,1722,3113,,,,14847,1999,-140
NO,1990,41,6301,3833,,,,15188,3164,2218
NO,1990,40,3999,2699,,,,14815,1232,561
NO,1990,39,1477,1814,,,,13883,1003,-174
NO,1990,38,4707,2966,,,,14306,2610,2315
NO,1990,37,1285,1960,,,,13097,2167,1047
NO,1990,36,2486,2828,,,,13581,2268,1749
NO,1990,35,1603,2563,,,,13533,2531,1955
NO,1990,34,1235,2899,,,,13600,3152,2526
NO,1990,33,3888,3604,,,,14498,3720,3767
NO,1990,32,811,3250,,,,12901,4788,2798
NO,1990,31,1881,4477,,,,14220,5771,4497
NO,1990,30,-591,4537,,,,14329,8086,6026
NO,1990,29,-961,5152,,,,15964,11492,9809
NO,1990,28,3018,6494,,,,17615,16006,14134
NO,1990,27,5379,7293,,,,18631,18684,15290
NO,1990,26,1815,7561,,,,17421,22101,14416
NO,1990,25,4080,8109,,,,18847,26713,16761
NO,1990,24,-932,8625,,,,17189,32784,16726
NO,1990,23,94,7701,,,,18356,41572,21701
NO,1990,22,465,3812,,,,17968,49917,24494
NO,1990,21,1545,2918,,,,16636,54745,22844
NO,1990,20,-81,5281,,,,17078,55844,19561
NO,1990,19,-330,8641,,,,18780,59783,21115
NO,1990,18,1326,7104,,,,19610,68365,27323
NO,1990,17,1080,3319,,,,16542,77517,31106
NO,1990,16,2304,1852,,,,15183,81274,32112
NO,1990,15,2688,1350,,,,14757,81305,31197
NO,1990,14,4988,1948,,,,14457,80317,30009
NO,1990,13,3369,2029,,,,15009,76805,27792
NO,1990,12,8847,4660,,,,15450,75101,27771
NO,1990,11,9197,2194,,,,15573,71030,25370
NO,1990,10,10636,1293,,,,13354,66374,20215
NO,1990,9,4701,2021,,,,13780,56573,12958
NO,1990,8,9705,2823,,,,15078,52656,12490
NO,1990,7,2861,1051,,,,13134,47880,7969
NO,1990,6,8432,3316,,,,13860,45345,8545
NO,1990,5,5498,1366,,,,12925,41360,6153
NO,1990,4,4340,963,,,,12441,37766,4649
NO,1990,3,10005,1517,,,,12666,34160,4031
NO,1990,2,6104,1121,,,,12786,25563,-1835
NO,1990,1,970,428,,,,12564,20846,-4477
NO,1989,52,2223,1046,,,,12862,20024,-430
NO,1989,51,4757,553,,,,12726,19021,477
NO,1989,50,1920,482,,,,12913,14627,-1535
NO,1989,49,3978,1331,,,,13331,12774,-702
NO,1989,48,2685,992,,,,13946,9596,-1198
NO,1989,47,1680,934,,,,13796,8122,-961
NO,1989,46,2066,2092,,,,14613,6606,-120
NO,1989,45,4561,2574,,,,15534,5796,1334
NO,1989,44,2548,1983,,,,15088,4389,746
NO,1989,43,6450,4252,,,,15013,3981,1186
NO,1989,42,3119,2031,,,,15164,1843,21
NO,1989,41,2626,1544,,,,13593,2407,-134
NO,1989,40,2268,1933,,,,14130,841,-515
NO,1989,39,1774,2864,,,,14114,603,-343
NO,1989,38,3642,3545,,,,14912,3363,3674
NO,1989,37,1637,2011,,,,14109,4012,3903
NO,1989,36,2172,2919,,,,14249,4244,4392
NO,1989,35,687,2587,,,,14687,4581,5159
NO,1989,34,3890,5070,,,,16029,5127,6929
NO,1989,33,3455,5161,,,,16483,5906,7938
NO,1989,32,2345,5031,,,,16647,7458,9213
NO,1989,31,5528,6368,,,,16678,10051,11235
NO,1989,30,1118,6383,,,,15324,12417,11352
NO,1989,29,190,4243,,,,15224,17900,15476
NO,1989,28,1027,7254,,,,15942,21365,17820
NO,1989,27,-830,7602,,,,17175,26653,21803
NO,1989,26,4617,9671,,,,17790,34792,27476
NO,1989,25,-301,10646,,,,17895,40277,29373
NO,1989,24,-1086,9011,,,,19016,50607,36376
NO,1989,23,2759,6177,,,,19199,60922,41895
NO,1989,22,1482,3687,,,,17164,66653,40427
NO,1989,21,144,7848,,,,18508,67716,37686
NO,1989,20,2853,5109,,,,17985,76320,40944
NO,1989,19,2510,2846,,,,16527,80265,39345
NO,1989,18,1315,2706,,,,16146,81162,36656
NO,1989,17,1429,1251,,,,14662,84131,35840
NO,1989,16,769,2936,,,,15306,83366,34328
NO,1989,15,3384,2566,,,,15782,85236,36154
NO,1989,14,943,489,,,,12873,87432,35541
NO,1989,13,2661,855,,,,13038,86819,35835
NO,1989,12,3822,687,,,,12796,85277,35294
NO,1989,11,2731,775,,,,12896,82047,33709
NO,1989,10,2849,935,,,,13130,79886,33503
NO,1989,9,2694,535,,,,12828,78306,33740
NO,1989,8,5611,768,,,,12999,75960,33715
NO,1989,7,8031,1064,,,,13297,70774,31026
NO,1989,6,8419,2498,,,,13837,63274,26451
NO,1989,5,10248,3169,,,,14479,56766,23111
NO,1989,4,5582,1811,,,,14158,50183,18784
NO,1989,3,10110,2687,,,,13818,46878,17903
NO,1989,2,8588,1417,,,,13300,40093,13208
NO,1989,1,3242,1467,,,,13349,32932,8394
NO,1988,52,7677,1858,,,,13526,31065,11274
NO,1988,51,5907,728,,,,12814,26030,7575
NO,1988,50,3874,761,,,,13040,20630,4595
NO,1988,49,4567,658,,,,13128,17452,3772
NO,1988,48,1988,691,,,,13398,13294,1952
NO,1988,47,2957,1102,,,,13986,11429,2536
NO,1988,46,3837,1822,,,,14255,9370,2285
NO,1988,45,2433,1268,,,,14527,7199,1729
NO,1988,44,2582,1107,,,,14211,6403,1884
NO,1988,43,3953,1553,,,,14839,4335,1366
NO,1988,42,591,1968,,,,15441,1411,-133
NO,1988,41,3424,2788,,,,16458,1820,2145
NO,1988,40,3697,3229,,,,16911,825,2250
NO,1988,39,5741,4647,,,,16593,797,2330
NO,1988,38,5382,3763,,,,16246,331,1976
NO,1988,37,3959,3037,,,,14717,194,694
NO,1988,36,744,3016,,,,13849,86,-166
NO,1988,35,4835,3586,,,,15706,91,1688
NO,1988,34,1823,3262,,,,14176,96,45
NO,1988,33,5083,3255,,,,15265,102,916
NO,1988,32,136,2249,,,,13063,113,-1716
NO,1988,31,1586,3435,,,,14518,136,-840
NO,1988,30,4694,4172,,,,16071,165,-153
NO,1988,29,4127,4456,,,,15162,217,-2269
NO,1988,28,3204,3632,,,,14770,383,-4334
NO,1988,27,4361,4453,,,,14455,721,-6850
NO,1988,26,1893,3683,,,,13646,1286,-10173
NO,1988,25,-987,4181,,,,13466,2836,-12497
NO,1988,24,-1153,5103,,,,15679,5671,-11897
NO,1988,23,-858,7431,,,,17976,9737,-10513
NO,1988,22,1905,11159,,,,19517,16779,-7094
NO,1988,21,-6,6603,,,,20691,25401,-2446
NO,1988,20,949,6966,,,,17723,35310,-329
NO,1988,19,-166,7350,,,,19396,40057,2006
NO,1988,18,1727,2637,,,,15773,51592,6713
NO,1988,17,256,436,,,,13004,55369,5420
NO,1988,16,2764,1016,,,,12891,55660,4206
NO,1988,15,3524,454,,,,12882,53962,1979
NO,1988,14,2209,731,,,,12633,51177,-954
NO,1988,13,2044,284,,,,12376,50003,-1643
NO,1988,12,1090,147,,,,12275,48342,-2163
NO,1988,11,683,95,,,,12279,47391,-1563
NO,1988,10,1125,131,,,,12336,46732,-445
NO,1988,9,3276,211,,,,12405,45653,664
NO,1988,8,2012,240,,,,12482,42514,-248
NO,1988,7,2878,318,,,,12577,40635,168
NO,1988,6,1869,340,,,,12660,37984,-16
NO,1988,5,3720,503,,,,12838,36262,966
NO,1988,4,2838,364,,,,12808,33056,306
NO,1988,3,3808,631,,,,13053,30327,586
NO,1988,2,3983,910,,,,13248,26959,22
NO,1988,1,1625,649,,,,13294,23886,-707
NO,1987,53,4626,1232,,,,13736,22480,700
NO,1987,52,4200,1044,,,,13645,19224,-447
NO,1987,51,3065,513,,,,13374,16386,-1510
NO,1987,50,3020,652,,,,13629,13587,-1860
NO,1987,49,1955,638,,,,13903,10997,-1907
NO,1987,48,1010,731,,,,14148,9473,-1120
NO,1987,47,3689,1397,,,,14801,8541,462
NO,1987,46,3161,1407,,,,15262,5823,-253
NO,1987,45,2487,1882,,,,16139,3257,-601
NO,1987,44,2233,1988,,,,16283,2593,146
NO,1987,43,963,4011,,,,17092,1615,900
NO,1987,42,9326,5934,,,,20227,1635,4876
NO,1987,41,7929,4268,,,,17660,1051,2577
NO,1987,40,438,1755,,,,14791,458,-237
NO,1987,39,3095,3555,,,,16163,1179,2282
NO,1987,38,5250,3846,,,,16560,2110,4068
NO,1987,37,5597,3181,,,,15901,1485,3168
NO,1987,36,934,1993,,,,13642,1320,862
NO,1987,35,2970,2777,,,,14468,1449,1808
NO,1987,34,2232,2478,,,,14037,1596,1407
NO,1987,33,668,2083,,,,13573,2131,1252
NO,1987,32,3328,2718,,,,14328,2624,2061
NO,1987,31,1243,2338,,,,13180,3048,734
NO,1987,30,-44,3802,,,,13452,3780,843
NO,1987,29,-885,3701,,,,14665,6303,3320
NO,1987,28,1354,5306,,,,16280,9277,6070
NO,1987,27,1342,5605,,,,17507,12187,7670
NO,1987,26,1936,6151,,,,18568,15596,9058
NO,1987,25,3053,6572,,,,19156,19459,9816
NO,1987,24,2762,6677,,,,18587,23857,9198
NO,1987,23,491,5295,,,,18647,28042,8462
NO,1987,22,683,5689,,,,17849,33896,8355
NO,1987,21,1225,3638,,,,17533,39481,8478
NO,1987,20,1179,2114,,,,15755,43827,6221
NO,1987,19,954,3154,,,,16072,44576,3201
NO,1987,18,2130,5296,,,,17082,45918,2348
NO,1987,17,2079,1673,,,,14222,52244,3514
NO,1987,16,1858,834,,,,12585,53562,1802
NO,1987,15,520,312,,,,12125,53045,306
NO,1987,14,994,405,,,,12187,52793,215
NO,1987,13,2477,187,,,,12070,52323,371
NO,1987,12,2219,126,,,,12007,50097,-675
NO,1987,11,248,67,,,,12053,47951,-1230
NO,1987,10,546,101,,,,12109,47711,307
NO,1987,9,2117,171,,,,12179,47182,1967
NO,1987,8,1962,195,,,,12282,45138,2176
NO,1987,7,2547,317,,,,12363,43299,2618
NO,1987,6,3663,637,,,,12576,40853,2770
NO,1987,5,3852,293,,,,12487,37959,2312
NO,1987,4,2577,254,,,,12605,34300,1348
NO,1987,3,133,198,,,,12684,31914,1803
NO,1987,2,2208,314,,,,12819,31835,4470
NO,1987,1,2782,439,,,,13053,29695,4861
NO,1986,52,1505,523,,,,13368,27016,7068
NO,1986,51,2582,863,,,,13838,25562,8131
NO,1986,50,2680,2081,,,,14578,23117,8620
NO,1986,49,12006,3346,,,,15278,21893,10364
NO,1986,48,5942,2604,,,,15704,12965,3929
NO,1986,47,2284,1763,,,,14552,10927,2599
NO,1986,46,5735,3156,,,,15364,9677,3702
NO,1986,45,4711,2184,,,,15150,7497,2650
NO,1986,44,6448,3921,,,,16232,3987,1489
NO,1986,43,3710,2261,,,,14482,3421,96
NO,1986,42,3429,2772,,,,14972,1603,-411
NO,1986,41,2669,2148,,,,14674,1348,-112
NO,1986,40,4961,3386,,,,14208,1405,127
NO,1986,39,2035,1900,,,,13059,1098,-903
NO,1986,38,2630,1658,,,,13781,1232,411
NO,1986,37,2066,1697,,,,13186,902,-130
NO,1986,36,2148,2007,,,,13356,399,-346
NO,1986,35,1037,1894,,,,13297,271,-540
NO,1986,34,2727,2812,,,,14036,296,106
NO,1986,33,1899,2524,,,,14103,181,-167
NO,1986,32,3662,2778,,,,14278,223,-391
NO,1986,31,4219,2691,,,,13035,281,-2179
NO,1986,30,722,1648,,,,10851,430,-5107
NO,1986,29,225,1793,,,,11171,635,-5842
NO,1986,28,1515,2344,,,,12008,973,-6506
NO,1986,27,617,2840,,,,12416,1276,-8332
NO,1986,26,-1250,3883,,,,13302,2247,-9557
NO,1986,25,-168,6370,,,,15970,4584,-8245
NO,1986,24,1560,6957,,,,17460,9790,-5997
NO,1986,23,1693,6590,,,,19044,13883,-5300
NO,1986,22,2838,5095,,,,17891,20256,-5243
NO,1986,21,3507,6806,,,,18926,21734,-7877
NO,1986,20,2894,6876,,,,18394,25910,-9057
NO,1986,19,1584,9849,,,,19093,29564,-8791
NO,1986,18,1445,2834,,,,16304,41139,-3209
NO,1986,17,1269,448,,,,12308,46612,-4032
NO,1986,16,597,129,,,,11743,46359,-6243
NO,1986,15,764,201,,,,11823,45807,-7235
NO,1986,14,1317,300,,,,11891,45183,-7691
NO,1986,13,3375,643,,,,11973,44087,-7962
NO,1986,12,2104,406,,,,12077,41262,-9441
NO,1986,11,281,215,,,,11840,39830,-9564
NO,1986,10,3858,251,,,,11850,39754,-7909
NO,1986,9,1533,87,,,,11800,36213,-9381
NO,1986,8,420,85,,,,11853,34727,-8664
NO,1986,7,792,122,,,,11923,34323,-6798
NO,1986,6,257,95,,,,11962,33616,-5081
NO,1986,5,670,147,,,,12040,33367,-2726
NO,1986,4,4056,319,,,,12144,32718,-695
NO,1986,3,3048,322,,,,12225,28885,-1684
NO,1986,2,2303,239,,,,12332,26027,-1825
NO,1986,1,731,257,,,,12476,23813,-1599
NO,1985,52,2746,740,,,,12708,23104,2495
NO,1985,51,4961,687,,,,12968,20847,2545
NO,1985,50,3098,636,,,,13094,16464,482
NO,1985,49,4645,757,,,,13136,13988,316
NO,1985,48,688,413,,,,13248,10007,-1485
NO,1985,47,555,638,,,,13645,9350,116
NO,1985,46,1860,1037,,,,14056,9044,1761
NO,1985,45,5730,1527,,,,14813,7486,2303
NO,1985,44,2521,1774,,,,15146,3038,-546
NO,1985,43,2143,2570,,,,16063,1462,-281
NO,1985,42,3143,3460,,,,16934,1106,1054
NO,1985,41,5057,4647,,,,17498,980,2344
NO,1985,40,6202,4872,,,,17636,576,2727
NO,1985,39,1893,2523,,,,15841,1123,1904
NO,1985,38,6802,4319,,,,17080,1611,4090
NO,1985,37,1680,2599,,,,15942,406,2131
NO,1985,36,4484,2964,,,,16297,829,3026
NO,1985,35,4027,3830,,,,15399,220,1510
NO,1985,34,3217,3006,,,,15057,226,1057
NO,1985,33,2698,3361,,,,14409,281,238
NO,1985,32,3458,2982,,,,14619,359,86
NO,1985,31,1372,2445,,,,13726,449,-1320
NO,1985,30,765,3316,,,,14124,677,-1588
NO,1985,29,5737,3646,,,,16163,899,-587
NO,1985,28,1331,3276,,,,13645,1165,-4677
NO,1985,27,364,3787,,,,14358,2080,-5587
NO,1985,26,1691,5618,,,,16187,3569,-5349
NO,1985,25,283,5411,,,,17148,6578,-5072
NO,1985,24,1624,5078,,,,18242,10787,-4218
NO,1985,23,1262,6717,,,,18110,14594,-5522
NO,1985,22,368,8268,,,,18995,19501,-4894
NO,1985,21,1453,7455,,,,18132,28657,-1749
NO,1985,20,630,6599,,,,18291,34934,-136
NO,1985,19,1,2205,,,,15081,44473,2107
NO,1985,18,809,461,,,,12490,49322,1159
NO,1985,17,1923,647,,,,12302,49155,-1496
NO,1985,16,2542,646,,,,12526,47682,-4138
NO,1985,15,575,193,,,,12065,46285,-6515
NO,1985,14,2420,274,,,,12087,45874,-6804
NO,1985,13,1408,211,,,,12064,43744,-8213
NO,1985,12,1005,166,,,,12112,42506,-8161
NO,1985,11,2932,484,,,,12176,41604,-7453
NO,1985,10,2386,211,,,,12140,39218,-8155
NO,1985,9,2286,288,,,,12172,37007,-8215
NO,1985,8,2014,146,,,,12215,34959,-8070
NO,1985,7,1742,130,,,,12237,33069,-7739
NO,1985,6,1370,180,,,,12323,31381,-6956
NO,1985,5,4370,298,,,,12429,30073,-5632
NO,1985,4,2831,248,,,,12506,25913,-7139
NO,1985,3,984,241,,,,12655,23169,-6970
NO,1985,2,1547,282,,,,12757,22329,-5099
NO,1985,1,1540,417,,,,12997,20831,-4059
NO,1984,52,2864,1209,,,,13366,19347,-603
NO,1984,51,3162,640,,,,13401,17701,-167
NO,1984,50,2539,1380,,,,13819,14780,-476
NO,1984,49,3535,1408,,,,14661,12827,680
NO,1984,48,3882,1380,,,,14349,11074,682
NO,1984,47,2222,1001,,,,14339,8639,98
NO,1984,46,451,1337,,,,14935,6856,452
NO,1984,45,2965,2737,,,,16061,6652,2716
NO,1984,44,4744,4273,,,,17812,4794,3876
NO,1984,43,4740,3821,,,,16599,5758,4550
NO,1984,42,6946,4176,,,,17670,3932,4616
NO,1984,41,7023,3693,,,,15998,3018,2882
NO,1984,40,4372,2350,,,,15498,294,305
NO,1984,39,1224,1971,,,,13519,299,-1242
NO,1984,38,3042,1735,,,,14052,772,222
NO,1984,37,2846,2031,,,,12868,604,-746
NO,1984,36,1309,1809,,,,11993,584,-1524
NO,1984,35,3730,2372,,,,12385,606,-1118
NO,1984,34,131,1949,,,,10793,651,-2782
NO,1984,33,111,1955,,,,11979,870,-1603
NO,1984,32,1298,3178,,,,13195,1169,-529
NO,1984,31,3665,3052,,,,14231,1666,402
NO,1984,30,582,2207,,,,12451,2515,-1423
NO,1984,29,669,3320,,,,13257,3195,-1196
NO,1984,28,1607,4218,,,,14403,4557,-527
NO,1984,27,-149,2990,,,,14514,7026,-485
NO,1984,26,1315,3530,,,,15746,8974,-385
NO,1984,25,2405,5309,,,,16369,10668,-1762
NO,1984,24,1163,4334,,,,16547,13600,-3099
NO,1984,23,-11,9761,,,,17577,15925,-4725
NO,1984,22,2756,11777,,,,20410,23297,317
NO,1984,21,143,9764,,,,19692,33587,4742
NO,1984,20,1977,6624,,,,19258,44131,10027
NO,1984,19,690,2401,,,,15789,52578,10920
NO,1984,18,990,6246,,,,17276,52949,9573
NO,1984,17,724,2744,,,,15652,60147,12847
NO,1984,16,1763,1076,,,,13198,64771,13624
NO,1984,15,2110,943,,,,12845,64500,12481
NO,1984,14,575,175,,,,11995,64237,11467
NO,1984,13,1223,92,,,,11789,64037,11804
NO,1984,12,234,78,,,,11830,62866,11916
NO,1984,11,439,126,,,,11892,62645,13304
NO,1984,10,3404,304,,,,11988,62224,14699
NO,1984,9,2333,333,,,,12025,59103,13734
NO,1984,8,735,139,,,,12000,57145,13901
NO,1984,7,750,244,,,,12062,56488,15506
NO,1984,6,3257,259,,,,12074,55974,17388
NO,1984,5,1848,179,,,,12126,52915,16908
NO,1984,4,233,155,,,,12186,51179,17807
NO,1984,3,1440,300,,,,12313,50954,20473
NO,1984,2,6181,600,,,,12523,49564,21902
NO,1984,1,8246,1037,,,,12654,43829,18596
NO,1983,52,9777,1045,,,,13023,36239,15945
NO,1983,51,1771,496,,,,12927,27641,9299
NO,1983,50,1907,877,,,,13331,25975,10230
NO,1983,49,4390,1740,,,,13660,24656,11509
NO,1983,48,1741,762,,,,13726,22020,11006
NO,1983,47,4888,1205,,,,14060,20734,11914
NO,1983,46,2738,1327,,,,14534,16623,9818
NO,1983,45,3824,2914,,,,15398,14407,9808
NO,1983,44,8157,3844,,,,15668,13371,10308
NO,1983,43,7949,4590,,,,16385,8544,7122
NO,1983,42,8095,5268,,,,16553,5321,4888
NO,1983,41,5514,2971,,,,16766,2526,3158
NO,1983,40,4263,3400,,,,15371,1493,1378
NO,1983,39,3577,3738,,,,14752,1383,1076
NO,1983,38,6278,4878,,,,16117,1910,3426
NO,1983,37,4092,3224,,,,15150,1580,2512
NO,1983,36,4589,2670,,,,13849,1855,1603
NO,1983,35,1836,2687,,,,11651,2041,-417
NO,1983,34,337,2780,,,,11733,2603,109
NO,1983,33,2623,3326,,,,12995,3544,2088
NO,1983,32,224,3421,,,,12855,4334,2297
NO,1983,31,3896,4736,,,,14272,5992,4769
NO,1983,30,-81,4653,,,,13582,7510,4703
NO,1983,29,2298,4612,,,,14808,10962,8121
NO,1983,28,-96,7311,,,,15194,13016,8723
NO,1983,27,-60,7204,,,,17160,18693,13829
NO,1983,26,1928,6558,,,,17662,25716,18272
NO,1983,25,-439,8589,,,,17729,30589,19520
NO,1983,24,96,6512,,,,18235,39532,24521
NO,1983,23,616,6572,,,,18849,45642,26265
NO,1983,22,2288,8473,,,,19585,51185,27380
NO,1983,21,4836,8772,,,,20616,56745,28824
NO,1983,20,4494,8059,,,,19585,62128,28352
NO,1983,19,3933,5914,,,,17818,67848,28219
NO,1983,18,112,3007,,,,16028,71951,27327
NO,1983,17,473,2834,,,,15098,75905,28051
NO,1983,16,4522,1941,,,,13816,79675,29146
NO,1983,15,608,340,,,,12048,78975,26159
NO,1983,14,1352,242,,,,11898,78863,25996
NO,1983,13,858,204,,,,11806,77850,25635
NO,1983,12,2029,391,,,,11917,77077,26215
NO,1983,11,1644,595,,,,12140,75222,26128
NO,1983,10,7617,948,,,,12006,74328,26820
NO,1983,9,1849,254,,,,11956,67701,22264
NO,1983,8,1197,273,,,,12000,66069,22825
NO,1983,7,958,201,,,,12016,65138,24110
NO,1983,6,953,241,,,,12013,64382,25736
NO,1983,5,3922,539,,,,12181,63475,27523
NO,1983,4,8632,1476,,,,12529,59710,26681
NO,1983,3,9196,855,,,,12549,52547,22302
NO,1983,2,6694,1360,,,,12572,44169,16556
NO,1983,1,7895,1034,,,,12619,38806,13538
NO,1982,52,3447,805,,,,12681,31906,11270
NO,1982,51,5469,715,,,,12764,29189,10683
NO,1982,50,4868,557,,,,12826,24347,8097
NO,1982,49,2852,856,,,,13156,19719,6068
NO,1982,48,1372,977,,,,13627,17269,6155
NO,1982,47,6949,1796,,,,13914,16602,7636
NO,1982,46,4809,1880,,,,14453,10959,4074
NO,1982,45,6407,2727,,,,15873,6688,2565
NO,1982,44,3417,2433,,,,14770,4260,300
NO,1982,43,2535,2052,,,,15047,3112,352
NO,1982,42,4811,2027,,,,14760,3005,780
NO,1982,41,929,1386,,,,14315,761,-1057
NO,1982,40,481,2362,,,,15333,236,83
NO,1982,39,5992,4561,,,,16950,450,2339
NO,1982,38,4581,3813,,,,15694,556,1648
NO,1982,37,3825,4371,,,,15129,405,1316
NO,1982,36,4943,3682,,,,15599,489,1987
NO,1982,35,5428,3554,,,,14194,762,848
NO,1982,34,3084,2421,,,,12784,328,-1115
NO,1982,33,2496,2329,,,,11883,388,-2180
NO,1982,32,3966,2544,,,,11357,521,-3014
NO,1982,31,-820,2031,,,,9471,684,-5340
NO,1982,30,-939,2295,,,,10878,1268,-4242
NO,1982,29,436,3442,,,,12694,2218,-2736
NO,1982,28,410,4442,,,,14492,3297,-1699
NO,1982,27,1378,5176,,,,15432,6307,-286
NO,1982,26,2338,5131,,,,16846,8831,572
NO,1982,25,-237,3416,,,,15629,13040,-129
NO,1982,24,87,3321,,,,16169,16292,-785
NO,1982,23,-353,7202,,,,17004,18849,-2374
NO,1982,22,-539,11137,,,,20336,23456,402
NO,1982,21,2866,7240,,,,19197,36799,7458
NO,1982,20,1701,6116,,,,17599,43137,7375
NO,1982,19,965,2759,,,,15791,49688,8032
NO,1982,18,2429,1395,,,,13939,53454,6741
NO,1982,17,2885,1942,,,,13477,52911,3436
NO,1982,16,888,1561,,,,13421,52141,1217
NO,1982,15,2115,744,,,,12315,54009,1459
NO,1982,14,3954,1031,,,,12185,52798,218
NO,1982,13,1371,900,,,,12180,49948,-1894
NO,1982,12,3213,1022,,,,12006,49688,-1086
NO,1982,11,2639,413,,,,11120,48441,-1673
NO,1982,10,2370,296,,,,11125,46196,-2192
NO,1982,9,3457,404,,,,11151,44093,-2150
NO,1982,8,1028,271,,,,11164,41036,-3044
NO,1982,7,1036,448,,,,11222,40241,-1581
NO,1982,6,2733,397,,,,11315,39576,232
NO,1982,5,1668,224,,,,11194,37371,431
NO,1982,4,3985,293,,,,11205,35914,1561
NO,1982,3,964,366,,,,11308,32127,641
NO,1982,2,3550,219,,,,11248,31602,2666
NO,1982,1,981,126,,,,11241,28301,1655
NO,1981,53,1482,153,,,,11328,27350,3163
NO,1981,52,711,155,,,,11422,25925,4031
NO,1981,51,871,204,,,,11550,25236,5517
NO,1981,50,612,329,,,,11726,24392,7042
NO,1981,49,3260,630,,,,12017,23798,9008
NO,1981,48,8145,1090,,,,12111,21082,8452
NO,1981,47,5017,797,,,,12389,13748,3257
NO,1981,46,2551,926,,,,12654,9290,605
NO,1981,45,4409,1246,,,,12899,7457,360
NO,1981,44,1566,1013,,,,13170,4065,-1496
NO,1981,43,1638,1451,,,,13643,3070,-1094
NO,1981,42,1862,2288,,,,14486,2089,-411
NO,1981,41,5379,3436,,,,15912,1164,942
NO,1981,40,6226,5146,,,,15140,89,-258
NO,1981,39,6307,3487,,,,13804,594,-662
NO,1981,38,1497,1177,,,,10998,943,-2660
NO,1981,37,944,1755,,,,10478,1016,-2723
NO,1981,36,-40,1357,,,,10946,1171,-1984
NO,1981,35,342,1818,,,,11742,1478,-888
NO,1981,34,1561,2372,,,,12748,1756,278
NO,1981,33,1031,2904,,,,13138,2034,720
NO,1981,32,1000,3378,,,,13732,2964,1805
NO,1981,31,1975,4022,,,,15054,3881,3440
NO,1981,30,1381,4061,,,,15666,5211,4489
NO,1981,29,3047,6013,,,,16341,7198,5891
NO,1981,28,495,5694,,,,17129,9490,7132
NO,1981,27,2504,5382,,,,17698,14267,9940
NO,1981,26,927,5387,,,,17727,17343,9965
NO,1981,25,1459,5638,,,,17879,21902,10983
NO,1981,24,3363,6381,,,,18171,26052,10976
NO,1981,23,1681,8308,,,,18970,28589,9332
NO,1981,22,3198,11354,,,,19358,35236,11204
NO,1981,21,-129,12775,,,,20244,43061,14768
NO,1981,20,120,8689,,,,18958,57866,23464
NO,1981,19,1246,850,,,,13662,72170,28384
NO,1981,18,926,372,,,,12129,73295,24771
NO,1981,17,996,658,,,,12401,72493,21941
NO,1981,16,1132,1536,,,,12897,71707,20259
NO,1981,15,1372,1219,,,,12893,72218,20246
NO,1981,14,1163,505,,,,11693,73330,20258
NO,1981,13,3301,291,,,,11324,73053,20355
NO,1981,12,1216,127,,,,11296,70055,18572
NO,1981,11,3804,265,,,,11356,68897,19019
NO,1981,10,1764,139,,,,11387,65314,17188
NO,1981,9,387,142,,,,11463,63615,17684
NO,1981,8,326,220,,,,11587,63240,19583
NO,1981,7,2634,499,,,,11779,62933,21668
NO,1981,6,7147,1823,,,,12143,60416,21899
NO,1981,5,5992,1330,,,,12418,54896,19181
NO,1981,4,2136,257,,,,11449,51278,17170
NO,1981,3,4590,353,,,,11361,49492,18059
NO,1981,2,3789,368,,,,11503,45106,16424
NO,1981,1,9195,963,,,,11683,41510,15306
NO,1980,52,4872,563,,,,11751,33205,11639
NO,1980,51,2925,1093,,,,12039,28607,9377
NO,1980,50,5992,1245,,,,12586,26271,9781
NO,1980,49,3073,659,,,,12045,22122,7360
NO,1980,48,2779,1615,,,,12433,19356,7049
NO,1980,47,7310,1142,,,,12905,17767,7793
NO,1980,46,2709,577,,,,12294,12255,3211
NO,1980,45,874,782,,,,12698,9738,2440
NO,1980,44,3033,1205,,,,12988,9391,3649
NO,1980,43,2479,1274,,,,13246,7335,2774
NO,1980,42,3679,1809,,,,14086,5314,2415
NO,1980,41,6604,3991,,,,15367,2239,1472
NO,1980,40,4706,2772,,,,14099,1048,-339
NO,1980,39,713,2049,,,,13237,72,-1751
NO,1980,38,3823,3105,,,,14305,124,-172
NO,1980,37,4012,2750,,,,13560,90,-568
NO,1980,36,2568,2186,,,,12168,58,-1875
NO,1980,35,1533,1781,,,,11469,87,-2553
NO,1980,34,3661,2121,,,,11507,85,-2634
NO,1980,33,-880,1322,,,,9541,70,-4841
NO,1980,32,2385,2052,,,,11112,82,-3698
NO,1980,31,-914,1867,,,,10241,100,-5153
NO,1980,30,494,2351,,,,11968,182,-4239
NO,1980,29,2305,2405,,,,13175,303,-4170
NO,1980,28,278,2378,,,,12707,477,-6303
NO,1980,27,540,3311,,,,13930,884,-7211
NO,1980,26,2910,3822,,,,15617,1635,-7854
NO,1980,25,2497,4914,,,,15606,2505,-10687
NO,1980,24,773,6680,,,,15694,4819,-12734
NO,1980,23,-129,8013,,,,17925,8648,-11653
NO,1980,22,3397,5123,,,,19201,15847,-8342
NO,1980,21,11,6057,,,,17058,19993,-11486
NO,1980,20,-384,5275,,,,18419,25013,-9929
NO,1980,19,742,4345,,,,15840,33482,-8125
NO,1980,18,159,3249,,,,15942,37284,-7426
NO,1980,17,436,986,,,,13217,43235,-6501
NO,1980,16,1335,1275,,,,12697,44360,-7288
NO,1980,15,1672,496,,,,11783,45288,-7794
NO,1980,14,1664,211,,,,11548,44382,-8835
NO,1980,13,1094,78,,,,11434,43046,-9542
NO,1980,12,176,66,,,,11467,41997,-9315
NO,1980,11,831,126,,,,11523,41828,-7883
NO,1980,10,1716,187,,,,11591,41050,-6872
NO,1980,9,2636,286,,,,11674,39440,-6280
NO,1980,8,175,168,,,,11639,37148,-6457
NO,1980,7,3306,252,,,,11699,37078,-4268
NO,1980,6,724,93,,,,11654,34067,-4939
NO,1980,5,1369,122,,,,11720,33366,-3048
NO,1980,4,1135,158,,,,11804,32040,-1714
NO,1980,3,2725,308,,,,11914,30951,71
NO,1980,2,494,157,,,,11947,28528,290
NO,1980,1,733,271,,,,12079,28054,2245
NO,1979,52,3446,578,,,,12316,27344,6344
NO,1979,51,1525,376,,,,12447,24353,5530
NO,1979,50,989,559,,,,12607,23055,6587
NO,1979,49,7620,2080,,,,13131,22098,8422
NO,1979,48,5427,1177,,,,13146,16610,5015
NO,1979,47,3740,927,,,,13255,12298,2673
NO,1979,46,1842,578,,,,13033,9735,1430
NO,1979,45,3302,1295,,,,13533,7976,1512
NO,1979,44,3531,1135,,,,14131,5397,798
NO,1979,43,950,1923,,,,14798,2384,-625
NO,1979,42,4564,2853,,,,16367,1847,1229
NO,1979,41,4004,3065,,,,15784,802,452
NO,1979,40,562,1641,,,,13982,1774,270
NO,1979,39,3984,3105,,,,15336,1553,1828
NO,1979,38,5330,3892,,,,15535,1521,2454
NO,1979,37,4463,3054,,,,14694,1069,1545
NO,1979,36,2503,2549,,,,13936,471,306
NO,1979,35,940,2207,,,,13525,638,56
NO,1979,34,1898,3647,,,,14618,705,1097
NO,1979,33,5255,4891,,,,15887,920,2356
NO,1979,32,3473,3336,,,,14984,1290,1383
NO,1979,31,2601,3207,,,,14262,1693,460
NO,1979,30,568,3034,,,,13980,2359,-50
NO,1979,29,3774,4376,,,,15426,3203,981
NO,1979,28,1173,3908,,,,14723,4447,-316
NO,1979,27,383,3539,,,,15135,6744,-145
NO,1979,26,4897,6515,,,,16876,8243,14
NO,1979,25,-264,5914,,,,16348,10611,-1839
NO,1979,24,639,7452,,,,17612,15765,130
NO,1979,23,-214,11445,,,,18780,21770,2323
NO,1979,22,2486,9622,,,,20281,32484,9375
NO,1979,21,4257,6386,,,,18814,41557,11833
NO,1979,20,3801,3986,,,,15881,46939,9459
NO,1979,19,480,644,,,,12656,50563,5772
NO,1979,18,1588,913,,,,12617,50788,2753
NO,1979,17,1746,1246,,,,12853,49908,-191
NO,1979,16,960,583,,,,12248,50079,-2019
NO,1979,15,661,452,,,,11929,50050,-2886
NO,1979,14,1229,481,,,,11709,50072,-2983
NO,1979,13,2927,505,,,,11685,49348,-2988
NO,1979,12,1394,140,,,,11397,47218,-4165
NO,1979,11,878,239,,,,11462,45893,-3878
NO,1979,10,6577,850,,,,11638,45064,-2812
NO,1979,9,4843,530,,,,11703,39304,-6387
NO,1979,8,603,67,,,,11449,35276,-8519
NO,1979,7,462,80,,,,11491,34703,-6851
NO,1979,6,2678,135,,,,11542,34260,-4857
NO,1979,5,1429,124,,,,11607,31666,-4861
NO,1979,4,471,106,,,,11680,30284,-3593
NO,1979,3,460,137,,,,11770,29829,-1195
NO,1979,2,4073,325,,,,11881,29387,1083
NO,1979,1,1307,193,,,,11999,25515,-373
NO,1978,52,391,217,,,,12135,24270,3088
NO,1978,51,1518,324,,,,12335,23891,4956
NO,1978,50,1525,405,,,,12582,22459,5966
NO,1978,49,382,514,,,,12918,21006,7117
NO,1978,48,639,861,,,,13424,20642,9326
NO,1978,47,7262,2399,,,,14273,20023,11415
NO,1978,46,10635,3723,,,,15432,14091,8185
NO,1978,45,4554,3999,,,,15715,7077,2796
NO,1978,44,5167,3849,,,,15628,6819,3717
NO,1978,43,7240,2535,,,,14839,6486,3518
NO,1978,42,4158,2098,,,,14339,2360,-286
NO,1978,41,1536,2420,,,,14326,410,-1397
NO,1978,40,2741,2024,,,,14133,1504,151
NO,1978,39,2520,2498,,,,14012,1007,-41
NO,1978,38,5118,3524,,,,14529,1448,1376
NO,1978,37,4438,2677,,,,14297,232,312
NO,1978,36,2144,1552,,,,12578,166,-1357
NO,1978,35,912,1622,,,,11761,165,-2182
NO,1978,34,2996,2597,,,,12398,126,-1702
NO,1978,33,3019,2198,,,,11645,122,-2685
NO,1978,32,66,1721,,,,10413,138,-4341
NO,1978,31,373,1968,,,,11450,181,-3863
NO,1978,30,1013,2265,,,,12123,316,-3950
NO,1978,29,589,1790,,,,12690,500,-4458
NO,1978,28,-387,3005,,,,13529,639,-5319
NO,1978,27,4839,4527,,,,16222,1008,-4795
NO,1978,26,2545,3528,,,,15135,1638,-8332
NO,1978,25,997,3656,,,,14762,2868,-11169
NO,1978,24,-573,4144,,,,15536,4701,-13010
NO,1978,23,2295,8224,,,,17562,7448,-13217
NO,1978,22,-752,11609,,,,19160,12110,-12120
NO,1978,21,2001,11038,,,,20304,23883,-4350
NO,1978,20,263,3275,,,,16862,36941,442
NO,1978,19,16,2152,,,,13598,43385,-464
NO,1978,18,241,609,,,,12646,46595,-1411
NO,1978,17,624,694,,,,12116,47484,-3352
NO,1978,16,954,473,,,,12271,47440,-4633
NO,1978,15,1940,449,,,,11855,47382,-5628
NO,1978,14,499,413,,,,11983,45792,-6990
NO,1978,13,2529,533,,,,11894,45804,-6324
NO,1978,12,1664,173,,,,11648,44072,-7060
NO,1978,11,1939,329,,,,11728,42496,-7010
NO,1978,10,2315,391,,,,11877,40732,-6904
NO,1978,9,3024,607,,,,11895,38798,-6701
NO,1978,8,3023,166,,,,11694,36605,-6944
NO,1978,7,1672,115,,,,11727,33712,-7605
NO,1978,6,380,113,,,,11800,32092,-6768
NO,1978,5,1604,180,,,,11892,31724,-4517
NO,1978,4,1306,234,,,,12015,30173,-3370
NO,1978,3,1835,483,,,,12197,28917,-1680
NO,1978,2,3608,838,,,,12375,27407,-403
NO,1978,1,5577,607,,,,12586,24481,-820
NO,1977,52,2823,746,,,,12529,19569,-1218
NO,1977,51,3884,855,,,,12886,17152,-1232
NO,1977,50,4907,1085,,,,13169,13880,-2026
NO,1977,49,2356,617,,,,12992,10281,-3535
NO,1977,48,946,790,,,,13382,8156,-3202
NO,1977,47,1761,982,,,,13764,7653,-1463
NO,1977,46,1825,2104,,,,14670,5980,-689
NO,1977,45,7335,4087,,,,16537,4477,1017
NO,1977,44,5452,3585,,,,15570,2390,-771
NO,1977,43,3170,2821,,,,15102,1138,-1568
NO,1977,42,2651,2409,,,,14911,1000,-1075
NO,1977,41,2654,2406,,,,14513,1215,-405
NO,1977,40,1947,1781,,,,13341,2213,68
NO,1977,39,4997,2762,,,,14439,1011,390
NO,1977,38,-106,2037,,,,13030,401,-1170
NO,1977,37,3580,2676,,,,13771,1812,1365
NO,1977,36,5136,3402,,,,13842,916,657
NO,1977,35,1928,2505,,,,12979,112,-1018
NO,1977,34,3916,2182,,,,13283,124,-819
NO,1977,33,688,1619,,,,11280,135,-3036
NO,1977,32,-609,2124,,,,11538,179,-3174
NO,1977,31,2071,2659,,,,13645,274,-1575
NO,1977,30,2838,2998,,,,13631,439,-2320
NO,1977,29,3407,2100,,,,13134,731,-3783
NO,1977,28,15,2076,,,,11378,1018,-7091
NO,1977,27,-1910,3635,,,,12787,1301,-7937
NO,1977,26,3305,3327,,,,15821,3224,-6061
NO,1977,25,-359,4228,,,,14961,4124,-9714
NO,1977,24,-611,8333,,,,17858,5720,-9669
NO,1977,23,4243,5523,,,,19468,13245,-5514
NO,1977,22,846,5559,,,,18172,16070,-9148
NO,1977,21,-175,9083,,,,19331,19927,-9280
NO,1977,20,154,3417,,,,16723,32268,-4370
NO,1977,19,2747,3255,,,,14841,37569,-5036
NO,1977,18,339,2720,,,,14298,38842,-7513
NO,1977,17,2369,967,,,,11260,44343,-7349
NO,1977,16,1710,424,,,,10636,43595,-10115
NO,1977,15,1284,178,,,,10377,42580,-11907
NO,1977,14,1150,221,,,,10408,41443,-12914
NO,1977,13,1588,266,,,,10496,40422,-13104
NO,1977,12,1088,509,,,,10652,38955,-13173
NO,1977,11,2036,754,,,,10835,38222,-12177
NO,1977,10,2566,640,,,,10710,37100,-11703
NO,1977,9,2957,195,,,,10299,35625,-11470
NO,1977,8,669,63,,,,10240,32931,-12074
NO,1977,7,916,82,,,,10276,32284,-10485
NO,1977,6,554,100,,,,10320,31397,-8942
NO,1977,5,2010,187,,,,10388,30865,-6880
NO,1977,4,1765,127,,,,10408,29015,-6135
NO,1977,3,731,118,,,,10466,27317,-5011
NO,1977,2,1018,193,,,,10552,26610,-3023
NO,1977,1,4460,431,,,,10702,25624,-1561
NO,1976,53,1834,167,,,,10636,21690,-3189
NO,1976,52,1345,189,,,,10745,19920,-2652
NO,1976,51,242,250,,,,10891,18633,-1746
NO,1976,50,2496,509,,,,11126,18398,449
NO,1976,49,2609,771,,,,11309,16225,726
NO,1976,48,3974,972,,,,11637,14092,989
NO,1976,47,2308,781,,,,11786,10982,-112
NO,1976,46,2869,1082,,,,11788,9489,-61
NO,1976,45,2933,871,,,,11791,7731,-474
NO,1976,44,753,1113,,,,12003,5492,-1235
NO,1976,43,2406,1453,,,,12570,5322,85
NO,1976,42,6439,2396,,,,12919,4049,-18
NO,1976,41,3620,1636,,,,12418,639,-3077
NO,1976,40,508,836,,,,10617,509,-4360
NO,1976,39,-217,1196,,,,11147,909,-3003
NO,1976,38,1505,1664,,,,12077,1895,-629
NO,1976,37,4871,2192,,,,11374,2688,-156
NO,1976,36,2481,1883,,,,9765,1710,-2625
NO,1976,35,-183,1696,,,,9144,1619,-3345
NO,1976,34,-259,2226,,,,9977,2170,-2079
NO,1976,33,-1199,2559,,,,11083,3068,-299
NO,1976,32,812,2529,,,,12794,4661,2563
NO,1976,31,3000,3726,,,,13650,5457,3613
NO,1976,30,326,4664,,,,13421,6420,3452
NO,1976,29,1638,6419,,,,15515,8619,6486
NO,1976,28,-782,7344,,,,15745,13209,9467
NO,1976,27,695,7714,,,,16841,20431,15247
NO,1976,26,682,7986,,,,18217,26406,19518
NO,1976,25,1454,9197,,,,18651,33639,23492
NO,1976,24,1039,7490,,,,18697,41769,27219
NO,1976,23,543,6495,,,,17890,49383,29046
NO,1976,22,378,10059,,,,18192,55359,30161
NO,1976,21,-187,8131,,,,18935,64781,35178
NO,1976,20,2142,5023,,,,16618,75810,39066
NO,1976,19,1408,1269,,,,13982,81591,38126
NO,1976,18,799,747,,,,12705,82764,34817
NO,1976,17,1476,1151,,,,13096,82378,32521
NO,1976,16,2774,1340,,,,13145,82065,30865
NO,1976,15,3168,454,,,,12109,81743,28987
NO,1976,14,5668,742,,,,11839,79309,26383
NO,1976,13,1951,167,,,,11859,74359,22197
NO,1976,12,478,118,,,,11813,72625,21658
NO,1976,11,161,205,,,,11920,72162,22849
NO,1976,10,2521,633,,,,12115,72011,24612
NO,1976,9,9768,1216,,,,12301,69933,24840
NO,1976,8,1704,294,,,,11982,61743,18481
NO,1976,7,1549,214,,,,11980,60354,19290
NO,1976,6,907,177,,,,12049,58948,20338
NO,1976,5,863,223,,,,12164,58106,22137
NO,1976,4,5788,647,,,,12340,57278,24060
NO,1976,3,4060,513,,,,12481,51991,21679
NO,1976,2,8330,847,,,,12764,48146,20725
NO,1976,1,9497,1930,,,,13085,40302,15500
NO,1975,52,12283,1933,,,,13615,32228,12527
NO,1975,51,5249,845,,,,12966,22613,4309
NO,1975,50,7006,926,,,,13105,18107,2137
NO,1975,49,5079,957,,,,13446,11712,-1649
NO,1975,48,3341,1448,,,,13922,7153,-3665
NO,1975,47,3791,1187,,,,13956,5290,-3634
NO,1975,46,1311,1554,,,,14714,1970,-4655
NO,1975,45,2338,2284,,,,15470,1520,-3007
NO,1975,44,3090,3080,,,,15800,1219,-1712
NO,1975,43,1112,1570,,,,15483,1618,-706
NO,1975,42,2239,2556,,,,15704,1898,617
NO,1975,41,4881,4825,,,,16610,1403,1880
NO,1975,40,6458,5578,,,,17798,327,2640
NO,1975,39,9270,6019,,,,16982,474,2395
NO,1975,38,4423,3527,,,,14527,403,328
NO,1975,37,5172,3316,,,,13497,447,-274
NO,1975,36,2227,2246,,,,11595,453,-2053
NO,1975,35,2311,1947,,,,11357,500,-2251
NO,1975,34,1459,1805,,,,10621,594,-3011
NO,1975,33,691,2082,,,,10398,786,-3267
NO,1975,32,-891,2593,,,,10687,1238,-2966
NO,1975,31,-305,3048,,,,12540,2225,-729
NO,1975,30,3280,4278,,,,14410,3442,1463
NO,1975,29,1043,4319,,,,13667,5077,1096
NO,1975,28,-419,6065,,,,14680,7322,2515
NO,1975,27,-411,5286,,,,15683,12918,6576
NO,1975,26,505,6476,,,,16244,18265,9403
NO,1975,25,522,5556,,,,17925,22867,11993
NO,1975,24,326,9646,,,,18393,27711,12858
NO,1975,23,886,3444,,,,18495,37406,17674
NO,1975,22,434,5409,,,,17481,41133,15224
NO,1975,21,1645,6794,,,,18199,45704,15366
NO,1975,20,2431,6881,,,,18339,51077,16054
NO,1975,19,176,3197,,,,16996,57264,16813
NO,1975,18,3320,1465,,,,13025,64375,16748
NO,1975,17,1243,944,,,,12486,63131,12664
NO,1975,16,297,159,,,,11705,63661,11021
NO,1975,15,984,131,,,,11651,63571,10357
NO,1975,14,732,112,,,,11675,62700,9610
NO,1975,13,798,169,,,,11754,62003,9735
NO,1975,12,771,192,,,,11853,61275,10349
NO,1975,11,731,287,,,,11956,60600,11322
NO,1975,10,1549,460,,,,12075,60050,12612
NO,1975,9,1893,913,,,,12175,58882,13663
NO,1975,8,3126,444,,,,12146,57988,14890
NO,1975,7,853,283,,,,11939,55527,14421
NO,1975,6,1302,692,,,,12154,54745,16240
NO,1975,5,4291,557,,,,12160,54146,18173
NO,1975,4,5171,833,,,,12255,50316,17013
NO,1975,3,6390,1491,,,,12546,45703,15455
NO,1975,2,8502,1131,,,,12375,41008,13197
NO,1975,1,7670,1232,,,,12763,33268,8143
NO,1974,52,4830,1760,,,,12695,26955,6333
NO,1974,51,4789,563,,,,12292,24364,5386
NO,1974,50,3679,697,,,,12243,20202,3370
NO,1974,49,5929,818,,,,12434,17045,2672
NO,1974,48,1473,499,,,,12479,11918,-343
NO,1974,47,1259,793,,,,12796,10629,545
NO,1974,46,6360,1751,,,,13339,9626,1626
NO,1974,45,2366,619,,,,13154,5251,-1591
NO,1974,44,390,799,,,,13452,3240,-2038
NO,1974,43,2520,1382,,,,14202,2916,-690
NO,1974,42,1731,1340,,,,14830,1191,-964
NO,1974,41,528,1533,,,,14704,953,-478
NO,1974,40,2166,2644,,,,15786,901,1202
NO,1974,39,5312,3927,,,,16618,627,2186
NO,1974,38,5580,4237,,,,15766,631,1796
NO,1974,37,3788,3831,,,,14758,296,836
NO,1974,36,4420,3278,,,,14730,321,951
NO,1974,35,2962,3188,,,,13204,420,-484
NO,1974,34,1006,2397,,,,12847,612,-767
NO,1974,33,3325,2799,,,,13830,782,161
NO,1974,32,485,2066,,,,12652,1118,-1122
NO,1974,31,1533,2781,,,,13593,1517,-385
NO,1974,30,2763,3489,,,,14324,1877,-187
NO,1974,29,2882,3787,,,,14460,2391,-797
NO,1974,28,1107,3474,,,,14334,3334,-1819
NO,1974,27,2240,4210,,,,14886,5071,-2068
NO,1974,26,86,5032,,,,14685,7276,-3145
NO,1974,25,-780,8529,,,,16674,10394,-1730
NO,1974,24,-149,5620,,,,18345,18351,3449
NO,1974,23,3783,5068,,,,18049,24667,4490
NO,1974,22,1785,4603,,,,17280,26994,884
NO,1974,21,1185,8817,,,,18586,28732,-1219
NO,1974,20,-450,5865,,,,18188,37203,2030
NO,1974,19,-59,2242,,,,15977,46002,4531
NO,1974,18,125,2865,,,,15403,48964,3715
NO,1974,17,474,1785,,,,14149,53099,4295
NO,1974,16,1174,1220,,,,13457,55214,4326
NO,1974,15,1130,1580,,,,12634,56169,3939
NO,1974,14,410,821,,,,12338,57019,4592
NO,1974,13,127,192,,,,11227,58573,5779
NO,1974,12,2110,232,,,,11163,58698,7082
NO,1974,11,553,129,,,,11153,56826,6745
NO,1974,10,222,183,,,,11240,56316,8043
NO,1974,9,663,424,,,,11368,56147,10121
NO,1974,8,2450,510,,,,11514,55776,12046
NO,1974,7,3677,675,,,,11416,53968,12339
NO,1974,6,2102,409,,,,11346,51056,11742
NO,1974,5,2268,552,,,,11513,49191,12570
NO,1974,4,3626,772,,,,11631,47368,13442
NO,1974,3,6134,818,,,,11691,44479,13376
NO,1974,2,2572,444,,,,11592,39274,10681
NO,1974,1,3286,1026,,,,11744,36997,10853
NO,1973,52,3806,608,,,,12016,34512,13212
NO,1973,51,2826,351,,,,11650,31709,12090
NO,1973,50,6192,749,,,,11864,29005,11793
NO,1973,49,4987,590,,,,12024,23412,8628
NO,1973,48,1038,627,,,,12311,18740,6310
NO,1973,47,7818,1343,,,,12905,17736,7761
NO,1973,46,3441,1391,,,,13099,11110,2870
NO,1973,45,8851,2869,,,,14319,7872,2194
NO,1973,44,2160,1617,,,,12780,3596,-2354
NO,1973,43,3203,1461,,,,13079,2838,-1890
NO,1973,42,746,773,,,,12258,1979,-2748
NO,1973,41,2012,1435,,,,12996,1294,-1844
NO,1973,40,1606,2206,,,,13551,233,-1702
NO,1973,39,2531,1341,,,,12666,1646,-749
NO,1973,38,882,1724,,,,12916,1039,-646
NO,1973,37,2480,2981,,,,13366,1341,489
NO,1973,36,5382,3635,,,,14171,1077,1147
NO,1973,35,1449,1649,,,,12316,1142,-650
NO,1973,34,1572,2161,,,,11993,1413,-820
NO,1973,33,-145,2665,,,,12561,1424,-466
NO,1973,32,5378,4225,,,,14471,1925,1504
NO,1973,31,642,2776,,,,12908,2268,-319
NO,1973,30,394,3939,,,,13912,3076,599
NO,1973,29,2819,5094,,,,15705,4536,2594
NO,1973,28,3654,6627,,,,15540,6879,2933
NO,1973,27,958,7010,,,,15404,10090,3469
NO,1973,26,-490,8255,,,,15766,15959,6620
NO,1973,25,-1297,8505,,,,17581,23230,12012
NO,1973,24,3587,6552,,,,17522,33474,17749
NO,1973,23,1033,8243,,,,18576,35718,16067
NO,1973,22,3558,9047,,,,19707,42195,18512
NO,1973,21,884,4417,,,,17046,50791,19300
NO,1973,20,2265,2344,,,,14919,56619,18177
NO,1973,19,3368,2903,,,,14761,56968,14283
NO,1973,18,3306,925,,,,12959,58441,10748
NO,1973,17,1374,590,,,,12193,56829,6069
NO,1973,16,1578,633,,,,12174,56095,3924
NO,1973,15,1174,414,,,,12052,55306,2493
NO,1973,14,3386,849,,,,12317,54297,1849
NO,1973,13,1519,1555,,,,12819,51305,102
NO,1973,12,3544,1189,,,,12679,51577,1476
NO,1973,11,2031,601,,,,11833,50157,755
NO,1973,10,2614,405,,,,11595,49005,1087
NO,1973,9,2164,446,,,,11681,46730,1017
NO,1973,8,4406,1021,,,,11896,44802,1454
NO,1973,7,2177,423,,,,11698,41644,298
NO,1973,6,7164,1251,,,,12008,39578,927
NO,1973,5,2520,607,,,,12037,33658,-2438
NO,1973,4,3201,828,,,,12296,31514,-1747
NO,1973,3,841,624,,,,12233,29257,-1304
NO,1973,2,1733,1731,,,,12834,28471,1120
NO,1973,1,5060,2456,,,,13375,28029,3517
NO,1972,52,1736,712,,,,11838,27101,5622
NO,1972,51,1258,1112,,,,11983,25965,6678
NO,1972,50,5339,1254,,,,12117,25741,8782
NO,1972,49,4279,1292,,,,11693,22116,7002
NO,1972,48,5248,1405,,,,11947,18906,6113
NO,1972,47,1414,500,,,,11424,15681,4225
NO,1972,46,2719,1024,,,,11849,14359,4869
NO,1972,45,8235,2543,,,,12704,11852,4559
NO,1972,44,4009,2241,,,,12995,5969,233
NO,1972,43,5060,1423,,,,12132,5167,-508
NO,1972,42,2791,1263,,,,11625,2076,-3284
NO,1972,41,1491,1528,,,,11938,298,-3897
NO,1972,40,1673,1556,,,,12002,218,-3266
NO,1972,39,431,1199,,,,11760,308,-2992
NO,1972,38,1828,1720,,,,12601,463,-1537
NO,1972,37,1935,1869,,,,12344,537,-1336
NO,1972,36,3418,2116,,,,12308,492,-1301
NO,1972,35,-71,1545,,,,11195,210,-2703
NO,1972,34,120,1916,,,,12260,304,-1663
NO,1972,33,1659,2708,,,,13727,369,-356
NO,1972,32,5636,4928,,,,14330,494,-68
NO,1972,31,3840,3295,,,,13120,692,-1682
NO,1972,30,622,2333,,,,11788,1041,-3560
NO,1972,29,-113,3357,,,,12376,1704,-3569
NO,1972,28,349,3845,,,,14058,3108,-2321
NO,1972,27,1452,6130,,,,15863,4636,-1527
NO,1972,26,680,6317,,,,17419,7691,5
NO,1972,25,3728,6816,,,,17857,13004,2063
NO,1972,24,1889,7186,,,,18201,16023,977
NO,1972,23,4717,9657,,,,19177,20659,1609
NO,1972,22,1379,5321,,,,18381,26838,1829
NO,1972,21,2710,6191,,,,18607,30801,870
NO,1972,20,440,3557,,,,16743,36451,-167
NO,1972,19,-162,4469,,,,16330,40173,-944
NO,1972,18,1068,2631,,,,15329,46037,713
NO,1972,17,1934,862,,,,12680,50326,54
NO,1972,16,874,891,,,,12710,49291,-2344
NO,1972,15,1071,890,,,,12641,49415,-2809
NO,1972,14,3112,603,,,,12186,49724,-2855
NO,1972,13,2272,439,,,,12002,47412,-4608
NO,1972,12,4593,911,,,,12205,45377,-5197
NO,1972,11,1812,352,,,,11930,42023,-7281
NO,1972,10,1533,137,,,,11753,40763,-6997
NO,1972,9,752,117,,,,11801,39316,-6278
NO,1972,8,331,149,,,,11891,38595,-4758
NO,1972,7,1400,176,,,,11941,38364,-2739
NO,1972,6,1384,183,,,,12013,37067,-1580
NO,1972,5,804,196,,,,12117,35757,-260
NO,1972,4,1563,450,,,,12281,34981,1704
NO,1972,3,1307,295,,,,12401,33755,3363
NO,1972,2,395,373,,,,12630,32513,4957
NO,1972,1,184,682,,,,12988,32138,7239
NO,1971,52,1754,1696,,,,13601,32044,12329
NO,1971,51,9253,2663,,,,14129,31533,14393
NO,1971,50,4763,1903,,,,14105,25093,10123
NO,1971,49,7210,2242,,,,13635,22790,9618
NO,1971,48,2729,1613,,,,13576,17994,6830
NO,1971,47,2382,930,,,,13542,16997,7659
NO,1971,46,4420,1420,,,,13482,15646,7789
NO,1971,45,4080,1789,,,,14201,11947,6152
NO,1971,44,8855,5255,,,,15681,8244,5195
NO,1971,43,1855,2640,,,,14634,5945,2772
NO,1971,42,8914,3956,,,,15629,5844,4487
NO,1971,41,4138,3104,,,,13903,2824,594
NO,1971,40,5416,4219,,,,14907,920,341
NO,1971,39,3421,2394,,,,14261,492,-307
NO,1971,38,5695,3220,,,,13510,649,-443
NO,1971,37,1512,1286,,,,11351,376,-2491
NO,1971,36,-8,1829,,,,11069,362,-2669
NO,1971,35,2945,1921,,,,12364,494,-1250
NO,1971,34,624,2227,,,,11216,522,-2488
NO,1971,33,655,2325,,,,12185,737,-1529
NO,1971,32,1254,2770,,,,13338,971,-582
NO,1971,31,2081,3265,,,,14460,1191,156
NO,1971,30,1976,3380,,,,14548,1908,67
NO,1971,29,2106,2708,,,,14597,3008,-43
NO,1971,28,3873,3671,,,,14702,3496,-1290
NO,1971,27,-94,4747,,,,13848,4180,-3997
NO,1971,26,1687,5809,,,,15841,7012,-2252
NO,1971,25,471,4449,,,,16257,10882,-1660
NO,1971,24,2402,4904,,,,16616,14668,-1962
NO,1971,23,-224,6202,,,,16898,17131,-4197
NO,1971,22,-45,11662,,,,18975,21798,-2616
NO,1971,21,1799,3964,,,,19006,34031,4500
NO,1971,20,2192,6705,,,,17387,38065,2090
NO,1971,19,1071,6017,,,,17098,43220,2871
NO,1971,18,670,2216,,,,15005,50604,4957
NO,1971,17,618,524,,,,12519,54705,4271
NO,1971,16,2429,1252,,,,12892,54263,2810
NO,1971,15,1853,1030,,,,12837,53199,1171
NO,1971,14,565,354,,,,12123,53171,529
NO,1971,13,846,217,,,,11947,53146,1071
NO,1971,12,2052,271,,,,11922,52545,1687
NO,1971,11,2205,266,,,,11971,50704,1442
NO,1971,10,3867,358,,,,12021,48712,1220
NO,1971,9,451,187,,,,12085,45166,-144
NO,1971,8,2092,353,,,,12222,44768,1746
NO,1971,7,2536,641,,,,12421,42830,2207
NO,1971,6,3028,899,,,,12809,40554,2703
NO,1971,5,4254,633,,,,12809,38471,3147
NO,1971,4,2348,604,,,,12687,35023,2152
NO,1971,3,2556,846,,,,13024,32957,3187
NO,1971,2,2462,2775,,,,13539,30776,4130
NO,1971,1,6239,668,,,,13032,31729,6874
NO,1970,53,930,403,,,,12415,26810,3709
NO,1970,52,2225,1055,,,,12804,25917,5404
NO,1970,51,3122,1212,,,,13412,24187,6330
NO,1970,50,3580,1487,,,,13446,22299,6670
NO,1970,49,3052,836,,,,12720,21008,6921
NO,1970,48,4508,1786,,,,13302,18222,6784
NO,1970,47,3942,940,,,,12938,15923,5981
NO,1970,46,3606,689,,,,12686,13187,4535
NO,1970,45,2614,881,,,,13155,9799,2957
NO,1970,44,5093,1600,,,,13905,7322,2497
NO,1970,43,6128,3035,,,,14892,2898,-17
NO,1970,42,1493,1971,,,,14506,358,-2122
NO,1970,41,3810,2461,,,,14932,410,-792
NO,1970,40,2303,1652,,,,13922,145,-1419
NO,1970,39,780,1865,,,,13234,206,-1620
NO,1970,38,2674,2547,,,,14487,87,-27
NO,1970,37,3277,2938,,,,14200,126,108
NO,1970,36,6153,3112,,,,13625,345,-132
NO,1970,35,-170,1490,,,,10715,55,-3339
NO,1970,34,2096,2059,,,,11843,64,-2319
NO,1970,33,692,1541,,,,11328,81,-3042
NO,1970,32,-975,2116,,,,11750,102,-3040
NO,1970,31,1348,3223,,,,14076,160,-1258
NO,1970,30,4885,3798,,,,15443,240,-706
NO,1970,29,2324,3263,,,,14007,341,-3300
NO,1970,28,3760,3322,,,,14658,453,-4376
NO,1970,27,4252,3586,,,,13733,676,-7616
NO,1970,26,1553,3438,,,,12300,1158,-11647
NO,1970,25,-1564,3924,,,,12715,2317,-13766
NO,1970,24,-626,7050,,,,15192,5146,-12909
NO,1970,23,-419,6769,,,,17558,10700,-9969
NO,1970,22,936,5723,,,,18351,17414,-7625
NO,1970,21,2725,6019,,,,16704,24121,-7712
NO,1970,20,-199,7840,,,,17729,26749,-8883
NO,1970,19,-70,2909,,,,14877,38067,-4503
NO,1970,18,840,652,,,,11280,44752,-4620
NO,1970,17,1996,831,,,,11094,44755,-7104
NO,1970,16,1098,285,,,,10836,43892,-9617
NO,1970,15,600,68,,,,10387,43542,-10936
NO,1970,14,103,61,,,,10389,43006,-11370
NO,1970,13,1241,141,,,,10441,42906,-10676
NO,1970,12,2419,354,,,,10490,41763,-10527
NO,1970,11,765,64,,,,10434,39763,-11036
NO,1970,10,2091,104,,,,10464,39027,-10022
NO,1970,9,1421,83,,,,10498,37009,-9887
NO,1970,8,1252,72,,,,10530,35638,-9076
NO,1970,7,935,78,,,,10572,34425,-8048
NO,1970,6,1397,121,,,,10622,33519,-6519
NO,1970,5,1278,112,,,,10674,32191,-5267
NO,1970,4,662,120,,,,10730,30965,-3862
NO,1970,3,1894,187,,,,10799,30347,-1648
NO,1970,2,1030,151,,,,10868,28558,-759
NO,1970,1,1921,264,,,,10982,27562,657
NO,1969,52,1182,193,,,,11052,25857,3593
NO,1969,51,508,254,,,,11174,24750,4654
NO,1969,50,2241,439,,,,11397,24265,6587
NO,1969,49,1865,328,,,,11418,22459,7069
NO,1969,48,1511,407,,,,11651,20691,7602
NO,1969,47,3160,733,,,,12003,19230,8352
NO,1969,46,4373,1016,,,,12443,16363,7467
NO,1969,45,4195,1217,,,,12888,12571,5463
NO,1969,44,9400,2702,,,,13725,8774,3768
NO,1969,43,2583,2093,,,,14252,1636,-1919
NO,1969,42,2617,2951,,,,14278,1183,-1525
NO,1969,41,2043,3401,,,,14637,1240,-257
NO,1969,40,6298,3158,,,,13544,3809,1867
NO,1969,39,7000,3622,,,,13748,665,-646
NO,1969,38,109,1939,,,,11264,70,-3268
NO,1969,37,5722,2825,,,,12878,65,-1274
NO,1969,36,1265,1335,,,,9708,61,-4332
NO,1969,35,817,1537,,,,9503,63,-4542
NO,1969,34,2846,1470,,,,9725,69,-4433
NO,1969,33,-644,1475,,,,7704,77,-6671
NO,1969,32,-1241,1805,,,,8798,103,-5991
NO,1969,31,538,2334,,,,10711,179,-4605
NO,1969,30,797,2368,,,,11573,317,-4499
NO,1969,29,1444,2340,,,,12468,483,-4697
NO,1969,28,2798,2651,,,,12812,685,-5991
NO,1969,27,2112,2584,,,,12241,920,-8865
NO,1969,26,-106,4413,,,,12120,1324,-11661
NO,1969,25,319,4368,,,,14367,3271,-11161
NO,1969,24,-969,4764,,,,15287,6303,-11656
NO,1969,23,684,4774,,,,16950,10504,-10773
NO,1969,22,334,7716,,,,18442,13306,-11642
NO,1969,21,236,3984,,,,17458,22056,-9023
NO,1969,20,1750,5256,,,,16571,26902,-9888
NO,1969,19,1319,2965,,,,15805,31474,-10168
NO,1969,18,1681,1795,,,,12840,36207,-11605
NO,1969,17,1835,925,,,,12633,36615,-13705
NO,1969,16,1407,667,,,,11912,36462,-15971
NO,1969,15,2196,1431,,,,12398,35259,-17208
NO,1969,14,2728,339,,,,11204,35771,-17789
NO,1969,13,969,74,,,,10955,33667,-19400
NO,1969,12,100,40,,,,10942,32799,-19039
NO,1969,11,1147,84,,,,10973,32702,-17558
NO,1969,10,2985,136,,,,11010,31592,-16911
NO,1969,9,220,59,,,,11039,28726,-17629
NO,1969,8,204,79,,,,11080,28522,-15642
NO,1969,7,865,143,,,,11143,28324,-13578
NO,1969,6,1925,256,,,,11253,27486,-11921
NO,1969,5,2571,282,,,,11296,25779,-11058
NO,1969,4,2408,240,,,,11305,23480,-10773
NO,1969,3,2893,225,,,,11389,21192,-10212
NO,1969,2,1293,300,,,,11465,18449,-10271
NO,1969,1,3689,311,,,,11622,17293,-8972
NO,1968,52,1278,330,,,,11697,13863,-7756
NO,1968,51,1938,443,,,,11916,12701,-6652
NO,1968,50,873,564,,,,12183,10948,-5944
NO,1968,49,1226,775,,,,12413,10441,-3954
NO,1968,48,2440,1197,,,,12512,9937,-2291
NO,1968,47,1732,798,,,,12582,8691,-1607
NO,1968,46,487,681,,,,12558,7824,-956
NO,1968,45,821,1124,,,,12943,7654,601
NO,1968,44,6462,3178,,,,14051,6876,2197
NO,1968,43,5072,3324,,,,14515,3284,-7
NO,1968,42,3509,2707,,,,13288,2932,-766
NO,1968,41,2893,1535,,,,13150,2378,-606
NO,1968,40,3998,3420,,,,13627,596,-1262
NO,1968,39,4341,1871,,,,13244,530,-1287
NO,1968,38,861,1187,,,,10999,580,-3022
NO,1968,37,-17,2178,,,,11429,431,-2358
NO,1968,36,7247,4471,,,,13123,545,-432
NO,1968,35,479,1461,,,,9637,781,-3691
NO,1968,34,122,1374,,,,9672,1132,-3422
NO,1968,33,647,1379,,,,10139,1503,-2809
NO,1968,32,-460,2065,,,,10375,1777,-2740
NO,1968,31,-273,2650,,,,11570,2673,-1252
NO,1968,30,-772,2841,,,,12830,4033,474
NO,1968,29,439,3049,,,,14586,5729,2668
NO,1968,28,1803,3871,,,,15179,7709,3401
NO,1968,27,-945,5665,,,,15807,9226,3008
NO,1968,26,4812,7835,,,,18038,13735,6668
NO,1968,25,841,9475,,,,17844,17268,6314
NO,1968,24,-649,8244,,,,19136,25038,10927
NO,1968,23,2403,11661,,,,19621,33835,15229
NO,1968,22,-242,5803,,,,18835,44429,19874
NO,1968,21,-165,2303,,,,16221,53373,21057
NO,1968,20,1321,2388,,,,15695,56468,18802
NO,1968,19,2722,2597,,,,16102,57221,15876
NO,1968,18,1516,5568,,,,16837,56518,12702
NO,1968,17,1710,4175,,,,16523,61212,14782
NO,1968,16,664,1245,,,,13944,66509,16108
NO,1968,15,1117,439,,,,12690,68406,16231
NO,1968,14,2839,966,,,,12736,67677,15648
NO,1968,13,5591,1772,,,,13496,65085,14559
NO,1968,12,4383,343,,,,12172,62650,12043
NO,1968,11,3707,253,,,,12160,58601,9527
NO,1968,10,3333,350,,,,12260,55057,7803
NO,1968,9,1257,248,,,,12299,52071,6977
NO,1968,8,1344,129,,,,12203,51170,8129
NO,1968,7,3391,209,,,,12285,49868,9108
NO,1968,6,2257,270,,,,12395,46586,8321
NO,1968,5,5479,581,,,,12553,44420,8840
NO,1968,4,3945,647,,,,12638,39438,6518
NO,1968,3,2877,286,,,,12677,36139,6021
NO,1968,2,2161,265,,,,12743,33481,6039
NO,1968,1,1556,332,,,,12937,31387,6436
NO,1967,52,2663,521,,,,13210,29878,9772
NO,1967,51,4469,802,,,,13599,27343,9673
NO,1967,50,5209,1258,,,,14224,23085,8233
NO,1967,49,5666,1748,,,,14365,19069,6627
NO,1967,48,2578,1419,,,,15189,14381,4830
NO,1967,47,1758,2175,,,,15217,13276,5612
NO,1967,46,6682,1771,,,,14833,14160,7654
NO,1967,45,3663,2463,,,,15395,8740,4138
NO,1967,44,3729,2779,,,,16035,7002,4306
NO,1967,43,5530,3575,,,,16966,5237,4396
NO,1967,42,5706,4755,,,,16323,4092,3429
NO,1967,41,6163,3839,,,,17501,2178,3545
NO,1967,40,9638,5494,,,,16652,850,2016
NO,1967,39,2073,1723,,,,13336,203,-1521
NO,1967,38,1230,1708,,,,12781,553,-1268
NO,1967,37,-525,1992,,,,12911,665,-641
NO,1967,36,5016,4384,,,,14851,884,1635
NO,1967,35,2643,2700,,,,13936,1047,874
NO,1967,34,-927,2454,,,,13280,1434,488
NO,1967,33,3826,4029,,,,15580,2152,3281
NO,1967,32,806,3413,,,,14934,2828,2871
NO,1967,31,4734,5602,,,,16240,3979,4725
NO,1967,30,1027,4260,,,,15122,5893,4626
NO,1967,29,3003,6496,,,,16500,7766,6619
NO,1967,28,875,5843,,,,16390,11470,8373
NO,1967,27,1277,6660,,,,17685,15330,10990
NO,1967,26,2423,7079,,,,18292,20371,13557
NO,1967,25,2001,9905,,,,18334,25329,14864
NO,1967,24,-773,9893,,,,20187,31879,18820
NO,1967,23,2526,9226,,,,19121,44097,24992
NO,1967,22,248,11169,,,,21413,48979,27002
NO,1967,21,3360,6494,,,,18902,62971,33336
NO,1967,20,4080,4584,,,,16327,68984,31949
NO,1967,19,2220,2351,,,,15422,70683,28657
NO,1967,18,1459,880,,,,12832,73487,25666
NO,1967,17,1128,962,,,,13156,72603,22807
NO,1967,16,4029,1311,,,,12381,73250,21286
NO,1967,15,887,824,,,,12642,70336,18114
NO,1967,14,1883,531,,,,11997,70949,18182
NO,1967,13,2894,622,,,,11968,69628,17574
NO,1967,12,7862,952,,,,12033,67281,16534
NO,1967,11,6807,1030,,,,12100,60254,11120
NO,1967,10,5260,1519,,,,12367,54225,7079
NO,1967,9,7090,642,,,,11859,51036,5502
NO,1967,8,2559,295,,,,11735,44702,1193
NO,1967,7,643,250,,,,11776,42391,1122
NO,1967,6,5938,742,,,,11863,41908,3111
NO,1967,5,5095,313,,,,11821,36745,433
NO,1967,4,1404,185,,,,11840,31916,-1802
NO,1967,3,2436,392,,,,11983,30556,-255
NO,1967,2,3247,232,,,,11980,28535,331
NO,1967,1,1491,248,,,,12048,25469,-371
NO,1966,52,2588,316,,,,12209,24050,2942
NO,1966,51,6115,729,,,,12351,21619,2701
NO,1966,50,3189,431,,,,12579,15977,-520
NO,1966,49,2806,602,,,,12765,13025,-1018
NO,1966,48,3674,691,,,,13001,10592,-1148
NO,1966,47,1122,647,,,,13280,7351,-2249
NO,1966,46,1714,1309,,,,13809,6373,-1156
NO,1966,45,3084,1712,,,,14359,5471,-166
NO,1966,44,2385,1206,,,,14005,4526,-200
NO,1966,43,1692,1717,,,,14592,2820,-395
NO,1966,42,4744,2911,,,,15979,1534,527
NO,1966,41,1202,1425,,,,14086,1667,-380
NO,1966,40,2902,2221,,,,14747,1270,531
NO,1966,39,2239,1977,,,,14417,988,345
NO,1966,38,3412,3459,,,,14880,852,1131
NO,1966,37,5136,3280,,,,15302,559,1643
NO,1966,36,4758,3354,,,,13822,228,-51
NO,1966,35,635,1573,,,,12366,174,-1568
NO,1966,34,642,2026,,,,12864,177,-1185
NO,1966,33,2710,2962,,,,13939,191,-321
NO,1966,32,2004,2632,,,,13966,209,-718
NO,1966,31,3835,2649,,,,14170,247,-1078
NO,1966,30,3701,2927,,,,12520,304,-3565
NO,1966,29,-564,1990,,,,11252,392,-6004
NO,1966,28,2538,2366,,,,12923,590,-5974
NO,1966,27,1437,2019,,,,12226,782,-9016
NO,1966,26,-58,2191,,,,12291,1037,-11778
NO,1966,25,881,3760,,,,13780,1520,-13498
NO,1966,24,-1926,6523,,,,14979,2988,-15280
NO,1966,23,-215,6631,,,,18250,8237,-11739
NO,1966,22,1442,4772,,,,18741,14863,-9786
NO,1966,21,2695,6092,,,,18227,18959,-11351
NO,1966,20,4185,8973,,,,19685,21184,-12493
NO,1966,19,1358,3401,,,,17338,28800,-11309
NO,1966,18,1671,4829,,,,15319,33008,-12326
NO,1966,17,1554,1541,,,,14168,37636,-11148
NO,1966,16,408,77,,,,11417,40435,-12493
NO,1966,15,27,89,,,,11421,40101,-13343
NO,1966,14,764,141,,,,11498,40081,-13186
NO,1966,13,1753,217,,,,11543,39411,-13068
NO,1966,12,3588,585,,,,11690,37730,-13360
NO,1966,11,3153,523,,,,11824,34617,-14792
NO,1966,10,2502,723,,,,11720,32129,-15663
NO,1966,9,1727,258,,,,11546,30563,-15285
NO,1966,8,2969,194,,,,11511,29129,-14603
NO,1966,7,784,81,,,,11504,26356,-15185
NO,1966,6,1419,136,,,,11559,25596,-13504
NO,1966,5,4063,260,,,,11627,24222,-12284
NO,1966,4,1958,129,,,,11674,20356,-13527
NO,1966,3,1399,123,,,,11742,18466,-12586
NO,1966,2,205,127,,,,11831,17110,-11244
NO,1966,1,932,162,,,,11944,16918,-9025
NO,1965,52,1571,199,,,,12023,16066,-5227
NO,1965,51,3005,308,,,,12164,14544,-4562
NO,1965,50,2718,291,,,,12313,11688,-5074
NO,1965,49,957,285,,,,12510,9062,-5235
NO,1965,48,683,385,,,,12768,8138,-3835
NO,1965,47,2188,523,,,,13110,7488,-2282
NO,1965,46,719,716,,,,13577,5379,-2383
NO,1965,45,575,1224,,,,14282,4703,-1012
NO,1965,44,3869,2606,,,,15316,4361,946
NO,1965,43,6163,3454,,,,16176,2350,719
NO,1965,42,1746,2182,,,,14678,1293,-1014
NO,1965,41,3023,1847,,,,15050,1417,333
NO,1965,40,1740,1847,,,,14656,674,-156
NO,1965,39,591,2168,,,,14982,414,335
NO,1965,38,2940,4217,,,,16233,1042,2674
NO,1965,37,5529,3535,,,,17358,1163,4304
NO,1965,36,4399,3440,,,,15588,1016,2503
NO,1965,35,1937,2305,,,,14266,1209,1367
NO,1965,34,3654,2665,,,,14096,1522,1391
NO,1965,33,-237,2162,,,,12494,1903,-54
NO,1965,32,-344,2411,,,,13754,2677,1540
NO,1965,31,3043,3862,,,,15745,3260,3510
NO,1965,30,3826,3555,,,,15725,4008,3344
NO,1965,29,-375,4040,,,,14349,5053,1754
NO,1965,28,-52,3663,,,,15528,8124,4165
NO,1965,27,1592,3961,,,,16828,10563,5366
NO,1965,26,3055,6417,,,,17230,12634,4759
NO,1965,25,2671,7328,,,,18674,14808,4684
NO,1965,24,1239,8834,,,,18824,19612,5189
NO,1965,23,852,10293,,,,19414,27002,8190
NO,1965,22,-207,5715,,,,18594,37761,12965
NO,1965,21,92,3794,,,,17167,45401,14031
NO,1965,20,1494,2143,,,,15148,51293,13080
NO,1965,19,561,3355,,,,16056,51192,9802
NO,1965,18,890,2548,,,,15306,54919,9573
NO,1965,17,389,1977,,,,14578,57457,9083
NO,1965,16,1121,1162,,,,13607,60093,9355
NO,1965,15,2566,802,,,,12804,60982,8920
NO,1965,14,1205,630,,,,12508,59555,7298
NO,1965,13,2918,668,,,,12616,58918,7512
NO,1965,12,1077,165,,,,12176,57154,6551
NO,1965,11,2631,387,,,,12309,56111,7187
NO,1965,10,1674,128,,,,12239,53972,6699
NO,1965,9,689,104,,,,12237,52445,7288
NO,1965,8,2043,202,,,,12322,51777,8855
NO,1965,7,1712,260,,,,12461,49821,9238
NO,1965,6,3128,388,,,,12531,48313,10185
NO,1965,5,2386,303,,,,12606,45529,10002
NO,1965,4,569,166,,,,12524,43567,10533
NO,1965,3,1277,341,,,,12661,43016,12884
NO,1965,2,7745,789,,,,12907,41815,14537
NO,1965,1,3531,393,,,,12867,34883,9864
NO,1964,53,4750,499,,,,13045,31558,9087
NO,1964,52,2762,524,,,,13235,27120,7039
NO,1964,51,2361,761,,,,13463,24697,6891
NO,1964,50,5665,1345,,,,14004,22581,7509
NO,1964,49,2171,707,,,,13851,18474,5518
NO,1964,48,5899,1742,,,,14464,16418,6143
NO,1964,47,4645,1491,,,,14896,11883,3899
NO,1964,46,3625,1368,,,,15138,8558,2357
NO,1964,45,3581,1512,,,,15318,6196,1517
NO,1964,44,1375,2073,,,,16003,3538,810
NO,1964,43,3455,2740,,,,16968,3346,2507
NO,1964,42,4733,4153,,,,17168,2564,2746
NO,1964,41,6278,3682,,,,18329,959,3155
NO,1964,40,3755,3138,,,,15808,1041,1363
NO,1964,39,2851,2709,,,,15906,426,1272
NO,1964,38,3773,2950,,,,15816,1320,2535
NO,1964,37,2726,2468,,,,14922,1425,2129
NO,1964,36,2794,3586,,,,14912,1165,1977
NO,1964,35,4095,3446,,,,15608,1192,2692
NO,1964,34,4901,2828,,,,14736,1300,1810
NO,1964,33,2,2461,,,,12550,1356,-545
NO,1964,32,213,2598,,,,13916,1996,1020
NO,1964,31,4368,4133,,,,15553,2545,2603
NO,1964,30,1910,3629,,,,14938,2949,1498
NO,1964,29,377,3817,,,,15009,4412,1773
NO,1964,28,3747,3772,,,,16818,5981,3312
NO,1964,27,2863,4279,,,,15949,6961,885
NO,1964,26,2073,5325,,,,16802,7652,-652
NO,1964,25,4806,6457,,,,17851,9982,-965
NO,1964,24,3928,5737,,,,17391,12328,-3528
NO,1964,23,1923,3008,,,,16703,15043,-6481
NO,1964,22,75,6850,,,,16685,16285,-10420
NO,1964,21,-233,4486,,,,17821,22257,-8460
NO,1964,20,2086,5509,,,,17023,27969,-8369
NO,1964,19,4012,4464,,,,17972,30731,-8744
NO,1964,18,2382,3824,,,,16159,33250,-11244
NO,1964,17,825,3634,,,,15017,36018,-11917
NO,1964,16,1969,982,,,,13334,40694,-10317
NO,1964,15,934,189,,,,11799,41300,-11766
NO,1964,14,124,67,,,,11655,40712,-12397
NO,1964,13,47,80,,,,11698,40616,-11708
NO,1964,12,38,126,,,,11770,40577,-10432
NO,1964,11,1086,505,,,,11895,40543,-8796
NO,1964,10,783,215,,,,11938,39957,-7618
NO,1964,9,1780,207,,,,11904,39433,-6057
NO,1964,8,935,185,,,,11952,37814,-5478
NO,1964,7,1488,436,,,,12109,36913,-4022
NO,1964,6,5109,623,,,,12332,35665,-2663
NO,1964,5,4383,689,,,,12427,31096,-4610
NO,1964,4,5815,900,,,,12479,27373,-5706
NO,1964,3,1390,645,,,,12469,22524,-7802
NO,1964,2,2632,1278,,,,12808,21480,-5896
NO,1964,1,4365,1224,,,,12728,20312,-4847
NO,1963,52,4233,509,,,,12430,17544,-3342
NO,1963,51,1462,282,,,,12350,13937,-4983
NO,1963,50,1094,375,,,,12588,12533,-3955
NO,1963,49,1137,500,,,,12855,11570,-2382
NO,1963,48,1706,604,,,,13104,10705,-931
NO,1963,47,3466,782,,,,13423,9276,-181
NO,1963,46,2603,1108,,,,13983,6042,-1314
NO,1963,45,2368,1231,,,,14654,3901,-1441
NO,1963,44,816,1918,,,,14934,2542,-1255
NO,1963,43,3378,3746,,,,16348,2310,851
NO,1963,42,2627,2735,,,,15548,3633,2195
NO,1963,41,5750,3197,,,,16629,2768,3263
NO,1963,40,3003,2865,,,,15145,1864,1524
NO,1963,39,7363,3782,,,,15931,1084,1955
NO,1963,38,2345,3022,,,,13788,319,-495
NO,1963,37,3307,2619,,,,14568,201,552
NO,1963,36,2145,2373,,,,13894,96,-110
NO,1963,35,2506,2694,,,,13770,131,-208
NO,1963,34,1655,2848,,,,13698,161,-366
NO,1963,33,2364,3107,,,,14430,245,223
NO,1963,32,4174,3109,,,,14726,330,164
NO,1963,31,-142,2267,,,,12858,535,-2101
NO,1963,30,1728,3273,,,,14246,936,-1207
NO,1963,29,4444,3354,,,,15319,1176,-1153
NO,1963,28,3220,2504,,,,13671,1574,-4243
NO,1963,27,-237,2549,,,,12477,1883,-7665
NO,1963,26,3031,3236,,,,14134,2351,-8620
NO,1963,25,1756,2075,,,,13225,3257,-12317
NO,1963,24,-343,2518,,,,12659,3923,-16665
NO,1963,23,-1492,4735,,,,14810,4418,-18999
NO,1963,22,994,9362,,,,18255,7153,-17981
NO,1963,21,2586,5752,,,,19511,14615,-14412
NO,1963,20,2021,8038,,,,18861,18676,-15824
NO,1963,19,3747,5438,,,,19425,24542,-13480
NO,1963,18,2182,3259,,,,15354,30542,-14756
NO,1963,17,215,1626,,,,14036,33108,-15808
NO,1963,16,1961,856,,,,12457,36173,-15715
NO,1963,15,1167,423,,,,12011,35547,-17307
NO,1963,14,867,207,,,,11731,35106,-17927
NO,1963,13,1975,282,,,,11713,34475,-17834
NO,1963,12,867,100,,,,11640,32879,-18260
NO,1963,11,512,125,,,,11694,32070,-17470
NO,1963,10,1232,286,,,,11788,31590,-16135
NO,1963,9,1483,151,,,,11776,30678,-14941
NO,1963,8,1305,84,,,,11720,29411,-14113
NO,1963,7,1076,93,,,,11772,28147,-13125
NO,1963,6,355,99,,,,11836,27104,-11719
NO,1963,5,906,235,,,,11927,26760,-9445
NO,1963,4,3199,202,,,,11979,26044,-7535
NO,1963,3,1114,132,,,,12039,23010,-7745
NO,1963,2,1502,162,,,,12138,21939,-6109
NO,1963,1,1178,208,,,,12270,20483,-5134
NO,1962,52,1339,383,,,,12453,19342,-1522
NO,1962,51,942,359,,,,12597,18261,-411
NO,1962,50,5066,876,,,,12904,17357,1186
NO,1962,49,3228,1373,,,,13420,12677,-709
NO,1962,48,3740,756,,,,13083,11242,-416
NO,1962,47,1930,629,,,,13285,8086,-1509
NO,1962,46,2165,927,,,,13841,6225,-1272
NO,1962,45,1226,1678,,,,14591,4286,-1120
NO,1962,44,3004,1783,,,,14674,4713,656
NO,1962,43,4214,3404,,,,15521,2714,429
NO,1962,42,5507,3143,,,,15886,1691,591
NO,1962,41,1817,2101,,,,14633,711,-790
NO,1962,40,4125,3001,,,,15503,101,118
NO,1962,39,420,1669,,,,14239,211,-610
NO,1962,38,2449,2410,,,,15314,1496,2208
NO,1962,37,2732,2656,,,,15437,1369,2588
NO,1962,36,3582,3248,,,,15787,1016,2701
NO,1962,35,3099,3301,,,,15353,1090,2334
NO,1962,34,2520,3049,,,,15456,1151,2381
NO,1962,33,3204,3461,,,,15461,1520,2530
NO,1962,32,3861,3211,,,,15461,1733,2302
NO,1962,31,1083,2606,,,,14331,2140,976
NO,1962,30,1610,3417,,,,14757,3109,1477
NO,1962,29,1090,4043,,,,15494,4163,2009
NO,1962,28,-171,5724,,,,16304,6331,3149
NO,1962,27,812,5721,,,,17697,10958,6630
NO,1962,26,1219,6302,,,,17913,15885,8693
NO,1962,25,2876,9032,,,,19513,19654,10368
NO,1962,24,709,6719,,,,19240,26531,12524
NO,1962,23,271,6149,,,,19652,32477,13901
NO,1962,22,1069,4881,,,,17576,40731,14917
NO,1962,21,2908,6461,,,,18633,43787,13883
NO,1962,20,1295,3993,,,,17146,49172,12957
NO,1962,19,869,2732,,,,15922,53347,11822
NO,1962,18,267,1339,,,,13872,57387,10607
NO,1962,17,1678,2417,,,,14485,57912,9444
NO,1962,16,556,665,,,,12628,60647,8930
NO,1962,15,2310,240,,,,11993,61408,8536
NO,1962,14,2465,207,,,,11942,59396,6573
NO,1962,13,2038,112,,,,11948,57118,5044
NO,1962,12,1109,89,,,,11974,55171,4365
NO,1962,11,711,96,,,,12020,54101,4888
NO,1962,10,1720,144,,,,12080,53412,5979
NO,1962,9,1107,164,,,,12154,51750,6510
NO,1962,8,1891,331,,,,12273,50680,7709
NO,1962,7,7331,608,,,,12351,49019,8325
NO,1962,6,4952,509,,,,12523,42093,3957
NO,1962,5,4197,488,,,,12507,37671,2045
NO,1962,4,3567,443,,,,12541,33936,919
NO,1962,3,4254,595,,,,12723,30610,538
NO,1962,2,4332,857,,,,12893,26758,-534
NO,1962,1,3157,534,,,,13020,23170,-1697
NO,1961,52,3736,414,,,,12992,20593,269
NO,1961,51,1516,673,,,,13289,16985,-996
NO,1961,50,756,409,,,,13327,16145,397
NO,1961,49,4495,698,,,,13644,15478,2314
NO,1961,48,2395,959,,,,14147,11167,574
NO,1961,47,4130,1852,,,,14947,8946,1013
NO,1961,46,2992,2075,,,,15197,6513,371
NO,1961,45,4362,2596,,,,16506,4381,890
NO,1961,44,3954,3396,,,,16453,2775,498
NO,1961,43,6691,4674,,,,17955,858,1006
NO,1961,42,3057,2977,,,,16543,386,-57
NO,1961,41,7159,4278,,,,16594,312,772
NO,1961,40,380,2258,,,,14026,43,-1417
NO,1961,39,4699,2857,,,,15641,85,666
NO,1961,38,2102,2936,,,,13726,135,-740
NO,1961,37,3395,2110,,,,14213,201,196
NO,1961,36,2032,1993,,,,12794,200,-1107
NO,1961,35,1044,2158,,,,12565,190,-1354
NO,1961,34,1019,1741,,,,13200,276,-750
NO,1961,33,1043,2459,,,,13643,318,-490
NO,1961,32,2518,2808,,,,14648,423,179
NO,1961,31,2634,2776,,,,14521,614,-360
NO,1961,30,2873,2951,,,,14255,750,-1384
NO,1961,29,740,3222,,,,13867,1031,-2750
NO,1961,28,3009,4196,,,,15050,1976,-2461
NO,1961,27,2023,3155,,,,14822,3263,-3940
NO,1961,26,1538,4004,,,,14938,4270,-5898
NO,1961,25,4603,5413,,,,16269,5481,-7049
NO,1961,24,656,5300,,,,16272,6483,-10491
NO,1961,23,1027,9492,,,,17900,9654,-10673
NO,1961,22,1693,6570,,,,19124,17274,-6992
NO,1961,21,1431,4297,,,,16948,24572,-7017
NO,1961,20,39,4434,,,,17407,27252,-8702
NO,1961,19,797,4346,,,,16767,32527,-8154
NO,1961,18,1482,4304,,,,17052,36024,-7577
NO,1961,17,301,3657,,,,15763,40366,-6824
NO,1961,16,533,1142,,,,13071,46612,-4661
NO,1961,15,1851,667,,,,12803,47547,-4514
NO,1961,14,1419,427,,,,12311,46873,-5580
NO,1961,13,4586,1065,,,,12638,45555,-5829
NO,1961,12,5878,1333,,,,13246,41439,-8095
NO,1961,11,5555,1997,,,,13718,36484,-11032
NO,1961,10,4218,2570,,,,14074,32672,-12766
NO,1961,9,3565,941,,,,11874,33371,-12149
NO,1961,8,2050,1075,,,,11615,31055,-12574
NO,1961,7,3192,767,,,,11466,30292,-11287
NO,1961,6,4796,346,,,,10934,28458,-11268
NO,1961,5,2140,248,,,,10916,24025,-13193
NO,1961,4,1355,145,,,,10971,22068,-12519
NO,1961,3,753,380,,,,11045,20789,-10960
NO,1961,2,2481,229,,,,11127,20339,-8718
NO,1961,1,1374,232,,,,11122,18105,-8661
NO,1960,52,2213,479,,,,11272,16803,-5242
NO,1960,51,2073,459,,,,11358,14982,-4930
NO,1960,50,998,333,,,,11531,13210,-4334
NO,1960,49,1111,627,,,,11617,12475,-2715
NO,1960,48,4243,1077,,,,12130,11485,-1125
NO,1960,47,2385,490,,,,11682,8825,-2373
NO,1960,46,1945,581,,,,11785,6834,-2720
NO,1960,45,1693,772,,,,12077,5175,-2744
NO,1960,44,3352,863,,,,12512,3830,-2389
NO,1960,43,554,682,,,,12363,1524,-3920
NO,1960,42,223,1086,,,,12947,1086,-2952
NO,1960,41,2680,2473,,,,13903,1020,-1211
NO,1960,40,4109,1869,,,,14355,432,-699
NO,1960,39,1389,2123,,,,12451,149,-2460
NO,1960,38,3398,1762,,,,13343,24,-1234
NO,1960,37,-425,1485,,,,11341,9,-2867
NO,1960,36,907,1684,,,,12754,74,-1272
NO,1960,35,2446,2623,,,,13376,132,-600
NO,1960,34,3242,3118,,,,13517,12,-698
NO,1960,33,2625,2352,,,,12975,21,-1456
NO,1960,32,2021,2029,,,,12349,21,-2522
NO,1960,31,-6,2546,,,,11792,31,-3671
NO,1960,30,795,2674,,,,13460,67,-2862
NO,1960,29,3420,4096,,,,14726,115,-2807
NO,1960,28,3907,3428,,,,15015,160,-4313
NO,1960,27,827,2522,,,,14044,244,-7737
NO,1960,26,5890,3892,,,,15096,463,-9546
NO,1960,25,-442,2636,,,,12738,592,-15468
NO,1960,24,1940,3377,,,,14858,1149,-17239
NO,1960,23,1760,4334,,,,15650,1729,-20848
NO,1960,22,362,5593,,,,16476,3402,-23512
NO,1960,21,2139,6030,,,,18050,7200,-23287
NO,1960,20,-85,9178,,,,17829,11583,-23949
NO,1960,19,-179,6247,,,,18082,21079,-18285
NO,1960,18,755,1203,,,,13276,32646,-14730
NO,1960,17,1141,797,,,,11683,34701,-16569
NO,1960,16,1828,1127,,,,11718,34361,-18266
NO,1960,15,2584,1068,,,,11371,34070,-19424
NO,1960,14,987,410,,,,10885,33098,-20782
NO,1960,13,205,160,,,,10621,32801,-20600
NO,1960,12,341,225,,,,10710,32677,-19393
NO,1960,11,382,105,,,,10583,32701,-17949
NO,1960,10,138,141,,,,10614,32394,-16505
NO,1960,9,3144,246,,,,10690,32313,-14391
NO,1960,8,1072,128,,,,10661,29457,-15126
NO,1960,7,856,169,,,,10741,28428,-13876
NO,1960,6,2182,502,,,,10876,27600,-12184
NO,1960,5,1399,267,,,,10886,25945,-11303
NO,1960,4,1896,640,,,,11005,24695,-9858
NO,1960,3,2431,258,,,,10992,23469,-8333
NO,1960,2,1066,245,,,,10992,21307,-7886
NO,1960,1,1529,529,,,,11214,20274,-6399
NO,1959,53,3351,589,,,,11402,19097,-5017
NO,1959,52,3061,770,,,,11436,16307,-5573
NO,1959,51,2479,604,,,,11614,13848,-5807
NO,1959,50,1164,615,,,,11795,11812,-5468
NO,1959,49,2508,1220,,,,12380,10684,-3744
NO,1959,48,2693,2084,,,,13081,8734,-2925
NO,1959,47,2586,1305,,,,12241,9048,-1591
NO,1959,46,4606,1778,,,,12848,7177,-1314
NO,1959,45,2204,1830,,,,12918,4335,-2743
NO,1959,44,5781,2459,,,,13002,3945,-1783
NO,1959,43,4859,1574,,,,12346,1367,-4094
NO,1959,42,541,902,,,,10410,102,-6474
NO,1959,41,1238,1978,,,,10724,103,-5307
NO,1959,40,1667,1578,,,,11236,204,-4046
NO,1959,39,2745,1681,,,,10916,561,-3583
NO,1959,38,1542,1771,,,,10150,476,-3975
NO,1959,37,1531,1870,,,,10396,380,-3442
NO,1959,36,-174,1587,,,,10396,407,-3297
NO,1959,35,3291,2828,,,,11616,551,-1942
NO,1959,34,1375,3142,,,,10970,512,-2744
NO,1959,33,2990,2095,,,,11899,745,-1808
NO,1959,32,591,1664,,,,10114,1047,-3730
NO,1959,31,449,2056,,,,10469,1359,-3666
NO,1959,30,240,2520,,,,11182,1652,-3555
NO,1959,29,1341,2754,,,,11994,2625,-3029
NO,1959,28,1783,2850,,,,12348,3458,-3682
NO,1959,27,718,2772,,,,12150,4504,-5371
NO,1959,26,-1436,3321,,,,12744,5799,-6563
NO,1959,25,3364,3513,,,,14656,8531,-5612
NO,1959,24,415,4248,,,,14660,8803,-9783
NO,1959,23,986,3959,,,,15960,11440,-10826
NO,1959,22,525,3811,,,,16133,14374,-12882
NO,1959,21,-4,5129,,,,17145,16815,-14578
NO,1959,20,-599,8372,,,,19388,19963,-14010
NO,1959,19,2033,3431,,,,16628,32067,-8753
NO,1959,18,3188,5156,,,,17358,32919,-10375
NO,1959,17,1152,1627,,,,14555,37930,-10467
NO,1959,16,1699,2442,,,,14806,38250,-11289
NO,1959,15,1416,627,,,,12498,41397,-10970
NO,1959,14,2642,849,,,,12806,40317,-11641
NO,1959,13,1592,621,,,,12660,38702,-12660
NO,1959,12,1399,620,,,,12630,37792,-12357
NO,1959,11,797,783,,,,12772,36909,-11553
NO,1959,10,2825,2155,,,,13483,36220,-9810
NO,1959,9,5233,1397,,,,13035,36111,-8247
NO,1959,8,8125,990,,,,12152,33221,-9871
NO,1959,7,533,250,,,,11898,26393,-14753
NO,1959,6,1030,436,,,,12004,26015,-12640
NO,1959,5,2053,300,,,,11920,25532,-10682
NO,1959,4,3569,234,,,,11873,23841,-9844
NO,1959,3,1488,188,,,,11982,20383,-10430
NO,1959,2,1318,256,,,,12121,18941,-9123
NO,1959,1,5231,493,,,,12322,17663,-7902
NO,1958,52,784,385,,,,12487,12756,-8073
NO,1958,51,1399,407,,,,12714,12131,-6425
NO,1958,50,1199,628,,,,13071,10795,-5209
NO,1958,49,4619,1221,,,,13654,9652,-3501
NO,1958,48,3415,1997,,,,14367,5610,-4763
NO,1958,47,1876,1380,,,,14416,4260,-4204
NO,1958,46,1657,1536,,,,14395,3862,-3082
NO,1958,45,2638,2003,,,,15377,2832,-1787
NO,1958,44,2828,3427,,,,15257,2412,-1061
NO,1958,43,4821,2990,,,,16520,1885,598
NO,1958,42,4038,3671,,,,15504,1187,-295
NO,1958,41,6303,3954,,,,16076,387,328
NO,1958,40,3230,2296,,,,14012,137,-1336
NO,1958,39,4136,2595,,,,12970,175,-1915
NO,1958,38,1112,1583,,,,11418,559,-2624
NO,1958,37,2507,1961,,,,11558,618,-2042
NO,1958,36,-463,1999,,,,10682,650,-2769
NO,1958,35,1422,2245,,,,12248,958,-902
NO,1958,34,-26,2445,,,,12319,1328,-579
NO,1958,33,1372,2862,,,,13982,1814,1345
NO,1958,32,2827,3441,,,,14525,2524,2158
NO,1958,31,2467,3496,,,,14638,3005,2148
NO,1958,30,3180,3340,,,,14627,3988,2226
NO,1958,29,1788,3863,,,,13703,5067,1122
NO,1958,28,2107,5581,,,,14462,6424,1399
NO,1958,27,-169,9988,,,,15965,8562,2502
NO,1958,26,691,8022,,,,17435,17564,9894
NO,1958,25,2298,7745,,,,17205,25480,13887
NO,1958,24,-125,5156,,,,15928,32580,15262
NO,1958,23,-438,8436,,,,17509,36552,15834
NO,1958,22,3079,6269,,,,16705,46655,19969
NO,1958,21,2177,2410,,,,14001,52838,18301
NO,1958,20,1112,1646,,,,12636,54549,13824
NO,1958,19,2226,1683,,,,12259,55555,10366
NO,1958,18,2836,1868,,,,12058,55297,6703
NO,1958,17,2235,916,,,,10946,55508,3501
NO,1958,16,1493,561,,,,10461,54714,831
NO,1958,15,1139,79,,,,10063,54221,-581
NO,1958,14,205,51,,,,10048,53187,-1530
NO,1958,13,494,52,,,,10053,53025,-944
NO,1958,12,344,54,,,,10085,52550,-146
NO,1958,11,43,79,,,,10125,52218,1109
NO,1958,10,2822,251,,,,10190,52176,2853
NO,1958,9,1076,97,,,,10194,49598,2397
NO,1958,8,1854,180,,,,10252,48563,3571
NO,1958,7,2984,248,,,,10356,46782,4093
NO,1958,6,3140,523,,,,10415,43981,3737
NO,1958,5,2365,424,,,,10659,41127,3653
NO,1958,4,1927,247,,,,10406,39470,4318
NO,1958,3,5049,407,,,,10549,37603,5359
NO,1958,2,2518,327,,,,10622,32897,3334
,,,,,,,,,,
Source: https://www.nve.no/energi/analyser-og-statistikk/hydrologiske-data-til-kraftsituasjonsrapporten/,,,,,,,,,,
"Applied filters:
Iso-uke is not blank
Data is not Avvik snow, mark og grunnvann or Magasinavvik
Iso-year is not Glattet snitt 2002-2021",,,,,,,,,,