Område,År,Uke,Nedbørsenergi,Nyttbart tilsig HBV (brukes før 2015 og til min/maks/gj.snitt),"Nyttbart tilsig (produksjonsdata og magasinstatistikk, brukes f.o.m. 2015)",Hydrologisk balanse,Magasinavvik,Mark-og grunnvann,Snø,"Avvik snø, mark og grunnvann"
NO,2020,25,-880,13709,11866,20944,2758,19472,27512,18186
NO,2013,21,3308,12309,11285,-6151,1321,20018,21047,-7472
NO,2018,19,1733,11117,11172,-9045,3231,20650,24521,-12276
NO,2011,23,5353,9756,10944,-7915,-935,20344,10903,-6980
NO,2014,21,1886,9734,10755,14119,1463,20683,40510,12656
NO,2004,19,2932,7762,10454,-9296,4415,20045,23691,-13711
NO,2020,24,156,10237,10375,25630,-3287,20356,41807,28917
NO,2016,22,63,10086,10226,-105,6585,18574,18126,-6690
NO,2017,23,4166,7309,10219,2678,1422,19250,20233,1256
NO,2020,23,1972,12291,10171,26844,-7633,20907,51797,34477
NO,2024,22,1812,9628,10071,-9333,7278,17438,9341,-16611
NO,2020,26,208,11957,9880,17144,7426,17632,17191,9718
NO,2024,20,-488,10060,9760,-8536,1239,19062,24525,-9775
NO,2008,23,-1647,12885,9514,9998,9353,19264,19608,646
NO,2024,21,411,9187,9446,-10110,4042,19360,15025,-14152
NO,2015,27,-344,8479,9433,17307,-8546,18038,29840,25853
NO,2013,22,825,9739,9430,-7682,3955,19581,12172,-11637
NO,2010,20,1879,9137,9391,-20409,-4903,19508,18347,-15506
NO,2005,24,3373,8805,9387,19843,-4305,19535,37860,24148
NO,2005,25,1138,10124,9312,18523,-619,18355,29586,19143
NO,2003,23,1044,8202,9102,-17011,-9908,18418,12706,-7103
NO,2019,21,3230,7541,9097,-13655,5675,18098,11109,-19331
NO,2017,20,4904,7300,8803,-733,-2939,19332,36235,2206
NO,2007,23,-1775,11067,8694,17160,6464,19233,29690,10695
NO,2000,20,1620,10128,8671,30414,15944,19131,48700,14470
NO,2007,27,3122,6979,8605,14019,10339,16645,9060,3680
NO,2014,23,211,9002,8506,8417,4368,18918,23358,4049
NO,2019,23,2695,5315,8497,-6744,5308,18246,7929,-12052
NO,2015,28,4018,9246,8448,18348,-4367,17781,24421,22715
NO,2014,22,14,9286,8372,11073,2975,19344,32145,8098
NO,2013,20,4197,7554,8263,-6045,-3340,20322,30334,-2705
NO,2002,21,1179,6776,8155,14851,11808,19339,32241,3043
NO,2007,22,2164,6940,8026,23573,4688,20071,42203,18884
NO,2018,20,-899,10046,8025,-13566,6005,18443,15347,-19571
NO,2017,21,571,7234,8004,-1591,-1626,18212,30360,35
NO,2016,21,1611,7541,7919,1862,3237,19310,27852,-1375
NO,2023,21,2524,9370,7864,25,-2543,19463,31643,2568
NO,2012,27,1714,7331,7860,14371,4951,17892,13553,9420
NO,2014,24,587,7825,7853,7446,6017,17080,17595,1429
NO,2021,22,-1695,8940,7851,-12578,4199,17750,8863,-16777
NO,2017,24,1100,7368,7802,2751,3052,17576,15369,-301
NO,2002,22,2216,7724,7787,15189,12854,19041,26685,2336
NO,2005,27,107,9265,7758,12208,3042,16620,14571,9166
NO,2022,26,2510,8103,7699,-5077,-5645,16274,9399,567
NO,2022,21,2128,7014,7649,-3422,-10066,18342,36839,6644
NO,2023,24,-1285,8983,7648,-7730,-2131,17844,9804,-5598
NO,2002,23,-1595,8618,7550,10402,13479,17907,17243,-3077
NO,2003,22,1841,6947,7448,-17118,-12395,18418,20249,-4723
NO,2023,25,432,7056,7325,-8612,-705,15798,5094,-7907
NO,2008,19,622,8092,7245,22825,9627,19768,50877,13198
NO,2012,25,2047,7105,7183,15484,459,18906,24918,15025
NO,2012,26,697,6898,7178,14368,2145,18084,19244,12223
NO,2022,23,257,7097,7139,-4767,-9521,18444,24537,4754
NO,2021,23,231,5860,7124,-13075,4288,15892,4972,-17363
NO,2011,26,4448,6236,7123,-3242,1477,16940,3446,-4719
NO,2022,22,1711,6418,7095,-3023,-9805,18858,31313,6781
NO,2012,21,-506,7692,7089,18181,2584,19899,44235,15597
NO,2012,28,4618,8294,7084,15637,7590,18241,9293,8047
NO,2022,24,1443,6568,7083,-4329,-8615,17300,20233,4286
NO,2000,18,1205,7636,7029,35311,11126,18242,66595,24185
NO,2000,26,3340,7846,6976,29246,12554,19929,21868,16692
NO,2000,25,3348,8268,6943,28911,11092,19424,27194,17819
NO,2011,24,1918,7212,6891,-7397,83,18119,7648,-7480
NO,2022,25,-107,5729,6832,-5175,-7833,16177,15279,2658
NO,2008,22,-522,7374,6824,17526,6910,20636,33370,10616
NO,2002,24,2151,8243,6820,9698,14177,16906,11861,-4479
NO,2023,20,394,7521,6785,1054,-4018,19787,38646,5072
NO,2005,21,3394,5832,6686,17704,-4913,18204,52951,22618
NO,2002,20,866,6542,6678,14355,10199,18122,39395,4156
NO,2021,21,321,6012,6671,-7624,3306,19152,18456,-10930
NO,2017,22,855,6224,6626,-2330,-1861,17008,25913,-469
NO,2014,28,898,5853,6598,3621,4561,13886,4661,-940
NO,2015,26,270,6958,6569,18918,-13078,17970,39132,31997
NO,2018,22,-1670,5338,6556,-18985,5668,14008,4729,-24653
NO,2021,20,1527,6688,6553,-6330,3461,18538,25032,-9791
NO,2023,23,-585,7194,6547,-3451,-3507,19233,19050,56
NO,2000,19,241,7839,6415,32348,12962,18632,58201,19386
NO,2008,18,4194,6256,6415,24525,6637,17684,60856,17888
NO,2024,19,662,7104,6325,-5749,-3178,19387,35488,-2572
NO,2012,24,1879,6292,6273,15020,-927,18565,30629,15948
NO,2011,22,2831,5244,6206,-12363,-5035,18516,17547,-7327
NO,2021,24,4070,4655,6185,-8775,4284,16366,3821,-13059
NO,2019,24,1648,5122,6180,-4950,5659,16875,5763,-10609
NO,2003,24,614,6020,6176,-17113,-9331,16696,8768,-7783
NO,2003,21,2884,5711,6157,-18259,-13815,18467,25627,-4444
NO,2006,19,163,9172,6155,-15628,1542,17929,22348,-17170
NO,2020,22,667,7162,6140,29341,-10879,19275,64334,40220
NO,2008,24,2108,7190,6113,9408,9208,16797,16649,200
NO,2016,26,2651,4586,6089,28,4324,15227,5583,-4296
NO,2000,24,5083,7968,6078,28834,10158,17949,33973,18676
NO,2001,25,723,5805,6046,-9451,-3817,17136,6029,-5633
NO,2018,37,7652,5340,6024,-7375,-9001,15385,460,1627
NO,2018,21,-1091,6634,6012,-17130,5612,16658,9137,-22742
NO,2013,23,2660,6853,6003,-7992,2955,17579,9700,-10947
NO,2017,25,2412,5383,5998,4021,3030,16854,12935,990
NO,2015,29,1979,6072,5980,18152,-2048,17565,20283,20200
NO,2008,20,1409,7156,5978,21220,10103,18129,46349,11117
NO,2005,26,-164,6860,5971,15646,131,17426,23195,15515
NO,2007,28,4654,6883,5967,15685,11788,16693,6691,3897
NO,2015,24,1239,5808,5962,21941,-13310,18359,50139,35252
NO,2023,22,1111,5488,5945,-44,-3095,19046,27395,3052
NO,2009,22,3942,6703,5920,-2300,-608,18960,22738,-1692
NO,2000,21,2008,6533,5888,29415,14988,19198,43766,14428
NO,2012,22,348,6541,5877,15819,1619,17058,40532,14200
NO,2018,38,7054,5153,5867,-2884,-5933,17001,649,3049
NO,2001,26,-80,5166,5840,-9852,-2739,15501,2491,-7114
NO,2009,18,1501,6942,5837,-3062,2468,18953,36168,-5531
NO,2006,24,-1125,6585,5835,-18659,-5462,15130,4919,-13197
NO,2020,27,4120,7428,5829,17816,8599,17228,14014,9217
NO,2023,38,8844,5313,5815,4929,1861,17489,180,3068
NO,2007,26,794,6628,5807,11104,6518,16285,13406,4586
NO,2025,25,1688,5334,5803,-321,1175,15334,11970,-1495
NO,2001,22,1713,5697,5802,-10141,-1590,18065,16773,-8551
NO,2013,26,3014,5674,5787,-3471,2387,16731,2516,-5858
NO,2016,25,1564,4279,5783,-2421,3600,15209,7567,-6022
NO,2020,31,3729,5960,5761,17404,12501,15861,4537,4904
NO,2011,19,976,6175,5724,-19443,-3407,18023,23388,-16036
NO,2023,26,2366,5211,5722,-7230,-324,15594,2606,-6906
NO,2008,25,2230,5055,5716,10532,8897,17099,13334,1635
NO,2018,41,4224,4477,5712,113,-1347,16538,1057,1461
NO,2022,45,7059,5273,5703,1455,945,18935,1572,510
NO,2019,18,1161,6407,5697,-18249,6214,17114,19074,-24464
NO,2007,25,1325,6210,5687,12892,5968,17549,18174,6924
NO,2024,23,5191,5463,5672,-5938,6051,17649,8589,-11989
NO,2000,27,1727,8131,5665,26402,13308,17951,17168,13094
NO,2002,28,5015,5808,5657,13922,12927,16881,3601,995
NO,2019,17,882,7144,5625,-17962,3279,19111,22601,-21241
NO,2016,23,-424,6342,5591,-3598,4969,15950,13710,-8567
NO,2007,24,132,7806,5589,13627,5993,16737,24142,7633
NO,2015,23,5089,5776,5520,22070,-13037,19141,54193,35107
NO,2008,27,-317,5181,5492,8721,8572,15570,6605,150
NO,2003,26,2056,5281,5490,-14999,-8745,15635,3216,-6254
NO,2010,23,2505,5265,5479,-20480,-7221,18068,6900,-13259
NO,2014,44,8424,6620,5475,2316,2608,16844,1596,-291
NO,2005,23,1129,5234,5463,17359,-7637,18180,45043,24996
NO,2006,25,2843,4975,5445,-16411,-5482,15127,2742,-10929
NO,2001,27,702,4026,5420,-8647,-1604,13926,1056,-7043
NO,2025,26,2848,5059,5420,1575,1388,15593,9699,187
NO,2022,40,7800,4457,5414,-4959,-7282,16953,857,2323
NO,2024,43,6028,5705,5414,4072,3229,17345,1305,843
NO,2010,40,7489,5228,5402,-8140,-8916,16079,183,776
NO,2015,35,4824,4723,5400,14426,9437,15086,4012,4990
NO,2023,32,9223,6943,5383,2278,661,16196,312,1616
NO,2001,20,1314,7412,5382,-10715,0,18425,24221,-10715
NO,2004,20,419,6534,5356,-11224,4837,17268,20032,-16061
NO,2015,30,1630,5561,5294,17354,34,16502,17206,17319
NO,2011,27,1808,4610,5284,-2369,1784,15935,1937,-4153
NO,2005,22,1208,4576,5269,17954,-6252,18399,49197,24206
NO,2007,21,2381,6003,5262,22327,3485,18469,48911,18842
NO,2015,32,2332,5044,5253,16421,3839,16355,11118,12581
NO,2003,25,1193,4408,5231,-16029,-9338,16052,6055,-6691
NO,2014,25,762,4938,5209,6811,5328,15489,14792,1483
NO,2025,32,5457,5255,5200,-1305,-1084,13736,936,-220
NO,2021,19,2485,4870,5194,-5802,2584,18728,30333,-8386
NO,2024,25,1150,4989,5181,-4307,3598,16014,4879,-7905
NO,2023,28,3462,3853,5170,-3496,-360,15387,965,-3136
NO,2002,25,1772,5417,5169,9749,13574,16139,8835,-3825
NO,2005,44,5648,5024,5168,6562,7562,17387,344,-999
NO,2013,24,1300,4721,5167,-7389,2141,17057,6659,-9530
NO,2021,43,5699,4687,5158,-7734,-9070,17003,2139,1335
NO,2013,25,2891,4710,5150,-5171,1779,17750,4098,-6951
NO,2009,27,-1305,5420,5146,-9432,-4642,12936,4300,-4789
NO,2001,23,2252,4917,5140,-9253,-2964,18160,13778,-6289
NO,2019,25,1672,4081,5139,-3290,5282,16052,4174,-8572
NO,2020,29,1103,4602,5112,16954,9401,16503,8698,7553
NO,2015,25,573,4712,5094,21205,-14123,18052,46074,35328
NO,2009,21,1050,5326,5092,-4085,-332,18435,26349,-3753
NO,2011,21,4552,5262,5043,-14817,-4992,18064,20648,-9825
NO,2011,25,1311,4771,5043,-6923,-331,16537,5669,-6592
NO,2009,26,-1529,5244,5006,-6688,-5459,15359,8518,-1229
NO,2010,21,855,5350,5001,-21106,-5685,17404,15712,-15421
NO,2000,22,4059,6160,4998,30281,13105,19120,41446,17175
NO,2014,43,6662,4367,4970,-1111,-249,16089,856,-862
NO,2018,39,7154,5835,4938,-1095,-3878,16313,1530,2783
NO,2010,22,-52,4933,4933,-22019,-6550,17102,10819,-15468
NO,2012,30,1613,4481,4905,13905,9388,15562,5345,4518
NO,2007,29,2489,5380,4902,15718,12836,15738,4793,2883
NO,2001,28,4469,4074,4890,-4129,-470,15258,570,-3659
NO,2005,29,2909,6084,4889,9079,4977,15585,6165,4102
NO,2016,24,350,4297,4864,-3964,3710,15504,10068,-7674
NO,2025,23,2480,4908,4846,-102,3446,17171,17507,-3548
NO,2002,19,-107,5235,4845,14917,8853,19005,44506,6064
NO,2011,29,4889,3835,4841,1343,2154,15984,852,-812
NO,2016,39,7015,3706,4795,4667,4347,14508,871,320
NO,2005,28,857,6992,4783,9002,3588,15112,9788,5414
NO,2015,33,568,4421,4776,14838,5681,15203,8406,9157
NO,2001,21,966,4293,4757,-10654,-1207,17808,21282,-9447
NO,2006,21,3525,5295,4747,-12361,-836,17900,19113,-11524
NO,2007,18,-193,5422,4739,20083,7284,18194,55257,12799
NO,2017,31,3984,3945,4733,4381,2396,15095,2384,1985
NO,2008,43,8454,4076,4685,6252,3503,15826,4730,2749
NO,2015,31,1373,4636,4683,16730,1916,16105,14203,14814
NO,2003,39,8285,4969,4676,-5432,-6933,15945,615,1501
NO,2017,40,7189,4959,4676,3799,3380,15066,839,419
NO,2007,17,1854,4398,4650,21847,5494,17620,61685,16353
NO,2000,28,2074,5438,4635,25630,13508,17680,13929,12122
NO,2003,27,732,4256,4634,-14965,-8482,14026,1516,-6483
NO,2013,19,2258,4783,4631,-9364,-6286,17674,36695,-3079
NO,2009,30,4765,4172,4630,-1520,-1137,14586,1420,-382
NO,2009,28,2953,3654,4629,-6714,-3914,13727,2961,-2799
NO,2025,22,3233,4747,4627,-930,5478,17431,19551,-6408
NO,2016,20,1691,3511,4623,2326,2244,18118,35325,81
NO,2022,27,2585,5289,4620,-4816,-5647,15225,7630,831
NO,2016,19,83,6627,4617,1410,3399,17480,37978,-1988
NO,2008,26,2105,4678,4602,10635,8049,16711,10981,2586
NO,2024,24,2659,4335,4597,-4531,4441,17543,6731,-8972
NO,2024,34,6330,4742,4575,3192,1249,15950,219,1942
NO,2004,27,2067,4223,4572,-9048,-6458,15690,3745,-2590
NO,2004,24,1853,4588,4569,-13518,-5018,15790,8956,-8500
NO,2025,27,2875,4785,4564,2676,963,15834,7904,1713
NO,2023,19,1069,4770,4555,2988,-5524,18535,47424,8512
NO,2001,41,6377,4569,4550,5322,4152,16731,573,1171
NO,2023,29,3274,3991,4550,-1745,83,15071,749,-1828
NO,2015,38,5553,4386,4538,13458,10398,15619,2043,3060
NO,2009,36,4975,4420,4528,6825,5077,15496,352,1747
NO,2025,36,5339,4078,4478,-2417,-2194,13430,448,-223
NO,2009,31,3182,3651,4469,1050,705,14802,1038,345
NO,2021,25,1079,4162,4460,-8928,2669,14801,2400,-11598
NO,2017,26,345,4591,4457,2464,2122,15229,10218,342
NO,2000,23,-113,5020,4425,27375,10395,18860,36346,16979
NO,2018,24,3168,2969,4425,-16407,1035,13002,2803,-17442
NO,2001,40,6540,3678,4424,2082,2008,15056,504,74
NO,2024,44,8199,5193,4416,7745,4980,17232,4263,2765
NO,2002,26,2670,4607,4410,10522,12677,15934,7017,-2154
NO,2024,26,37,4192,4404,-5303,2746,14207,2849,-8049
NO,2007,33,5040,3992,4393,15507,14070,14695,1193,1437
NO,2020,30,1688,4346,4390,16169,10047,15621,6890,6122
NO,2011,20,2996,4514,4388,-17593,-3913,17610,22071,-13680
NO,2006,18,688,4009,4375,-11819,-929,17798,31964,-10890
NO,2006,23,-647,4645,4362,-15770,-5494,17442,10509,-10276
NO,2009,39,4646,3686,4358,6700,6824,14647,290,-124
NO,2010,28,3788,3247,4353,-14941,-10647,14521,672,-4294
NO,2024,18,323,4357,4339,-3550,-4846,18953,42995,1296
NO,2008,28,2249,5023,4314,8305,8347,15093,4353,-42
NO,2016,32,4335,3475,4290,5401,4170,14923,1200,1231
NO,2012,23,483,3969,4288,14656,-1041,17823,36101,15697
NO,2008,29,2634,3933,4279,9375,8788,14961,3273,586
NO,2011,37,4468,4599,4279,5541,3470,16166,122,2071
NO,2005,45,6503,4987,4264,8837,9796,17565,1472,-959
NO,2017,28,2927,4099,4263,2770,532,14917,6809,2238
NO,2022,20,762,4739,4257,-4440,-11489,18056,42354,7049
NO,2009,23,-149,5431,4255,-5237,-2876,16751,19115,-2361
NO,2025,41,4434,4147,4244,-775,-567,15346,580,-208
NO,2014,27,769,4271,4242,3662,2376,14523,8789,1287
NO,2021,27,3094,3359,4232,-8683,-720,13465,597,-7963
NO,2018,33,3912,3938,4227,-10832,-11099,14503,215,267
NO,2011,36,6002,4530,4219,4296,2149,16111,137,2146
NO,2004,39,5318,4584,4217,-1382,-2589,15987,280,1207
NO2,2017,20,2450,3139,4205,-2953,454,5536,4912,-3407
NO,2022,44,5207,3837,4202,-2482,-2727,17647,1328,245
NO,2009,25,2121,4343,4186,-3796,-5761,16991,13773,1965
NO,2009,29,1121,2899,4182,-5347,-2891,13227,1965,-2456
NO,2019,37,4025,3037,4180,2923,1457,15240,444,1466
NO,2004,18,1559,4935,4165,-13960,-2229,17267,31655,-11730
NO,2010,24,1464,4503,4155,-19739,-8292,16536,5264,-11447
NO,2016,30,3661,3386,4151,2027,2948,13816,1653,-920
NO,2004,25,3118,4438,4140,-11794,-6259,15681,7583,-5535
NO,2011,17,120,5615,4132,-18424,-5335,17698,32165,-13089
NO,2000,17,1845,4303,4131,36112,7428,16962,74675,28685
NO,2024,37,5735,5219,4126,4916,3475,15489,169,1441
NO,2004,17,1972,4790,4124,-14417,-3982,16604,35913,-10435
NO,2009,19,2736,4921,4121,-2207,2578,17730,34932,-4785
NO,2011,16,816,5394,4107,-16807,-8096,18135,37499,-8711
NO,2024,35,1977,4796,4099,3132,2739,14314,188,394
NO,2004,26,2233,3785,4097,-10319,-6840,16011,5615,-3479
NO,2020,28,3295,5639,4095,17488,8251,16745,11980,9238
NO,2025,18,3155,4354,4085,1713,14390,16463,31512,-12677
NO,2000,29,-464,5235,4076,22071,13828,16000,9892,8243
NO,2023,27,1995,4017,4074,-6754,-1093,14683,1681,-5661
NO,2014,20,1147,3728,4058,13634,-2523,17816,51702,16157
NO,2022,19,3341,4068,4056,-3149,-10324,16879,47743,7175
NO,2020,47,10357,5181,4053,15853,15302,17382,6049,551
NO,2021,40,5177,4285,4038,-13237,-13309,15366,193,73
NO,2004,38,5949,3646,4029,-3431,-4456,15275,352,1025
NO,2020,45,5308,4473,4026,11677,12102,17239,2333,-424
NO,2005,37,5782,4246,4020,9033,6781,15203,1267,2252
NO,2023,39,3469,4353,4018,4810,2889,16820,160,1921
NO,2024,28,2800,3687,4014,-2227,608,15213,1438,-2835
NO,2002,17,1948,4143,3998,12855,6786,17137,51885,6069
NO,2002,18,4686,4413,3988,16376,7934,17451,51643,8442
NO,2019,22,3104,3219,3988,-11032,3419,17533,11406,-14451
NO,2010,29,3176,3950,3968,-12761,-9903,14337,453,-2858
NO,2012,29,1108,4761,3962,14098,7960,16245,7541,6138
NO,2025,38,3292,4137,3952,409,-395,14901,505,804
NO,2000,30,374,4786,3949,19528,14309,14900,6708,5219
NO,2015,20,2708,3903,3948,18200,-5240,16906,59895,23440
NO,2011,30,2372,4684,3937,1325,2602,14572,541,-1277
NO,2018,23,-557,2793,3929,-20078,2642,11917,3590,-22720
NO,2016,28,1860,3166,3921,446,2653,13894,3386,-2207
NO,2010,26,1163,3583,3917,-18750,-10247,14595,2008,-8503
NO,2012,37,4230,3372,3915,12428,10308,15317,1021,2120
NO,2001,24,638,4002,3906,-9539,-4705,17489,10924,-4834
NO,2013,27,655,3624,3898,-3864,1654,14958,1548,-5518
NO,2012,36,3286,3309,3894,10894,9529,14390,1076,1365
NO,2014,29,1658,4596,3885,2991,4686,13203,2750,-1695
NO,2001,44,7967,4264,3883,8069,5882,17141,3777,2187
NO,2019,26,696,3086,3875,-3048,4128,14538,3392,-7176
NO2,2018,19,288,3297,3871,-1860,2754,5186,5413,-4614
NO,2009,37,2925,3563,3863,7127,5952,15074,318,1175
NO,2015,22,2601,3904,3858,19251,-11623,18100,56163,30873
NO,2019,20,154,3450,3858,-16564,3009,17933,15856,-19573
NO,2001,19,-82,4788,3840,-8741,-451,18531,30626,-8290
NO,2017,30,2038,3817,3835,1630,758,13948,3312,872
NO,2007,30,1489,3813,3831,15167,13162,15028,3365,2004
NO,2015,34,-531,4466,3830,11224,6649,13190,5612,4575
NO,2013,32,4015,3567,3824,-2314,-869,13324,123,-1445
NO,2006,20,2612,3664,3814,-13873,454,18042,20991,-14328
NO,2017,37,3720,3301,3811,3793,2770,14509,732,1023
NO,2025,20,-576,3955,3811,-2688,10644,16241,23788,-13332
NO,2013,43,6521,3498,3810,-6367,-4848,15231,1057,-1519
NO2,2016,22,422,3380,3804,1571,3512,5168,3629,-1941
NO,2025,24,-301,3672,3796,-1160,1185,16223,14678,-2345
NO,2004,21,3680,4301,3795,-9386,2724,16640,19788,-12109
NO,2024,15,4332,3899,3793,254,-4002,15698,53423,4256
NO,2007,20,3634,3299,3791,22787,4865,18358,52925,17922
NO,2017,33,3280,3109,3789,5258,3179,15121,1410,2080
NO,2021,39,5229,2812,3783,-14884,-14357,14355,178,-527
NO,2006,22,318,3722,3764,-13256,-3317,17562,15889,-9939
NO,2008,30,-103,3411,3760,7814,9078,13277,1848,-1264
NO,2010,25,871,3852,3757,-19436,-9456,15294,3525,-9980
NO,2011,44,3041,3603,3751,6039,5690,17094,1986,349
NO,2019,34,3227,3527,3747,-1724,-839,13068,274,-884
NO,2020,37,4773,3379,3746,11359,10742,13892,943,617
NO,2022,41,4311,3803,3734,-3989,-6010,16702,1452,2021
NO,2015,36,3786,4194,3733,14898,10290,15431,3278,4608
NO,2024,32,4728,3375,3728,-1255,-795,14119,312,-460
NO,2003,30,3381,3264,3727,-11607,-8130,12652,260,-3477
NO,2011,28,733,3468,3716,-2990,1052,14141,1305,-4042
NO,2002,27,2486,4226,3710,10799,11627,15841,5357,-827
NO,2011,40,6363,4232,3707,7569,5360,16366,1329,2209
NO,2025,16,2067,4150,3698,-248,13944,16814,33339,-14192
NO,2009,34,3898,3692,3697,3087,2255,14587,471,832
NO,2009,24,1429,3951,3668,-4864,-4785,17051,16117,-78
NO,2017,32,1806,3321,3668,3859,2571,14390,1789,1288
NO,2025,45,3904,3742,3667,-2263,234,16321,1179,-2497
NO,2018,32,5910,3092,3649,-12778,-12270,14155,229,-508
NO,2019,33,4702,3120,3647,-3030,-1892,12999,315,-1138
NO,2023,41,6014,3602,3640,7788,4075,16988,2859,3713
NO,2023,33,2828,3992,3634,2234,818,15614,253,1416
NO,2017,27,1488,3907,3617,1662,728,14585,8375,935
NO,2006,48,6422,4763,3612,-233,-7826,16349,15984,7593
NO,2020,32,2040,4635,3612,15659,12500,15018,3033,3159
NO,2006,28,3561,3084,3598,-15623,-9334,12676,521,-6290
NO,2025,29,-198,4007,3582,-3415,-849,12095,2987,-2566
NO,2004,23,-853,4845,3577,-14564,-3982,15877,11768,-10582
NO,2025,37,5277,3918,3576,-338,-1678,15189,368,1340
NO,2018,42,3526,4671,3573,-796,-149,15613,725,-648
NO,2007,31,1599,3349,3555,14692,13378,14164,2644,1314
NO,2017,29,565,3544,3552,1460,288,13652,5168,1172
NO,2000,33,3574,3801,3544,17623,13900,15038,3136,3723
NO,2022,28,1038,3631,3529,-5552,-6349,14199,6085,797
NO,2025,10,10761,3716,3516,2704,11595,16200,34423,-8890
NO,2007,44,7285,3731,3513,8714,9364,15196,2885,-650
NO,2001,33,2387,3170,3512,2421,1941,14680,252,480
NO,2007,19,1610,3748,3511,20047,6390,16976,54129,13657
NO,2009,35,2672,3039,3498,4343,3368,14692,392,976
NO,2019,27,2432,3037,3491,-1628,3066,14293,3038,-4694
NO,2008,21,1134,3219,3487,20564,6868,17842,44391,13695
NO,2011,39,2301,3450,3481,5080,4515,15539,86,565
NO2,2020,25,75,4619,3477,10217,3244,5547,7977,6972
NO2,2020,24,-2,3377,3476,11873,1314,5470,12862,10559
NO,2018,25,2811,3125,3469,-14195,-853,12968,2487,-13343
NO,2025,51,5256,4098,3461,-2337,3305,15747,9881,-5642
NO,2016,27,666,3064,3459,-569,3020,13856,4581,-3589
NO,2004,41,5101,3909,3458,-672,-1118,16041,539,447
NO,2015,21,2680,3529,3457,18599,-8638,17524,58250,27237
NO,2020,39,5676,3617,3457,11801,11205,15171,486,597
NO,2003,20,3475,3877,3447,-20149,-13960,16428,30745,-6189
NO,2016,35,2748,3228,3446,4756,4455,13826,583,301
NO2,2017,23,2227,2102,3444,-884,2380,4855,1081,-3264
NO,2008,41,4991,2524,3438,1256,893,14978,1519,364
NO,2004,28,928,3479,3433,-9238,-6706,14362,2593,-2532
NO2,2024,22,952,3120,3424,1261,4579,4684,2736,-3319
NO,2013,29,1552,2719,3422,-4313,275,12520,539,-4589
NO,2021,44,4131,3737,3415,-7579,-8247,16412,2987,668
NO,2010,27,161,2911,3410,-18935,-11091,13079,1102,-7844
NO,2011,48,9411,3998,3390,10832,8275,15936,11362,2557
NO,2012,31,2161,4019,3385,13281,9603,15414,3758,3678
NO,2024,30,3011,3725,3385,-1718,-125,14207,589,-1593
NO,2001,29,2773,3247,3384,-2060,-81,15235,434,-1979
NO,2022,29,326,3422,3383,-7148,-6873,13034,4338,-275
NO,2022,31,3360,3354,3379,-6074,-6614,13413,2621,540
NO,2011,38,3805,3570,3361,5828,3890,16327,212,1938
NO,2016,31,2486,3040,3359,2917,3215,13873,1324,-298
NO,2018,17,2333,5044,3353,-10083,-4311,16250,40930,-5773
NO,2013,38,4889,3110,3341,-3638,-2616,13369,211,-1021
NO,2023,34,3848,4031,3337,2628,715,15922,218,1913
NO,2022,30,1612,3329,3332,-7482,-6960,12589,3278,-522
NO2,2020,23,980,3955,3331,12253,-452,5574,16332,12706
NO,2019,35,1988,2931,3330,-956,48,12883,222,-1004
NO,2001,31,3465,2790,3328,416,1017,14595,298,-601
NO,2016,29,145,2954,3325,-635,2206,12472,2336,-2841
NO,2025,21,2148,3356,3322,-2620,7439,16760,21718,-10059
NO,2019,38,4945,4795,3320,2855,1786,14730,940,1069
NO,2005,35,3159,3556,3316,6549,5472,14212,972,1076
NO,2004,36,3084,3080,3309,-6565,-5995,13338,194,-569
NO,2020,41,4745,3336,3305,11395,11323,15930,275,71
NO2,2024,21,528,3184,3301,721,3559,5289,4191,-2838
NO,2021,41,5356,3778,3295,-11801,-12699,15716,1316,898
NO,2009,32,313,3117,3287,-306,915,12979,691,-1221
NO,2018,16,1162,5094,3274,-9803,-5655,17010,43187,-4148
NO,2017,36,2879,2349,3269,2664,2095,13846,824,569
NO,2018,18,1440,3383,3267,-9451,-3892,17521,37573,-5559
NO,2025,28,-1273,3455,3252,-936,-403,13575,5379,-533
NO,2003,28,1170,2883,3249,-14226,-8891,13293,860,-5334
NO,2020,38,3066,3732,3245,10553,10932,13327,896,-379
NO,2005,18,1717,3007,3244,13427,-285,15496,58867,13711
NO,2004,30,1774,2861,3237,-7803,-6053,13445,1194,-1750
NO,2009,20,446,3651,3237,-3315,739,17673,31633,-4054
NO,2010,34,3224,2635,3234,-10017,-9327,13331,205,-690
NO,2000,32,3389,3892,3231,16829,13502,14226,3992,3327
NO,2024,29,1179,3257,3229,-2607,-24,14236,830,-2583
NO,2005,34,3839,2917,3220,5590,4440,14184,1192,1150
NO,2018,34,2653,3510,3210,-11064,-10867,13773,256,-197
NO,2014,41,5088,2771,3208,-3740,-2256,14226,424,-1484
NO2,2024,20,-243,3010,3206,971,2651,5123,7052,-1681
NO,2015,49,9920,2069,3192,13577,9125,14830,16429,4452
NO,2005,30,981,4447,3189,7095,5064,14301,4119,2031
NO,2003,38,4429,3175,3188,-9949,-8999,13285,367,-949
NO,2007,32,95,2937,3186,12569,12965,12881,1615,-396
NO,2019,36,4617,3240,3177,737,293,14212,334,445
NO,2012,40,4230,3274,3175,9444,8870,15647,413,574
NO5,2020,25,-110,3281,3175,5163,412,4143,7616,4751
NO,2006,35,3678,3092,3168,-17810,-15996,12149,145,-1814
NO,2014,26,94,3425,3164,4775,3022,14690,12168,1753
NO,2021,42,4674,3203,3159,-10146,-11522,15332,3030,1376
NO,2000,42,3229,2845,3156,10072,10669,15869,521,-596
NO,2020,34,1241,2636,3151,11340,11682,12726,1158,-341
NO,2022,43,2854,2585,3148,-4680,-4609,16534,1202,-71
NO,2024,33,2448,3318,3147,-1082,-737,13851,256,-345
NO,2000,41,6041,3576,3143,9490,9636,15330,658,-146
NO,2023,40,4132,3451,3141,5087,3009,16403,1161,2078
NO,2000,36,3605,2915,3136,16945,13439,15625,1982,3506
NO2,2015,27,-275,2914,3129,6842,-2258,4888,8999,9100
NO,2013,33,4459,3075,3125,-6,-740,15078,107,734
NO,2016,36,1903,2549,3125,4700,4654,13672,475,46
NO,2009,47,5576,2380,3122,1208,718,14461,8910,491
NO,2024,27,3231,2790,3119,-3520,1166,14949,2391,-4686
NO,2007,39,1996,3203,3112,10788,11107,14388,352,-319
NO,2018,46,3661,3524,3112,-3108,-331,16532,2030,-2777
NO,2013,28,-97,2824,3110,-5030,529,13095,833,-5558
NO,2015,19,2275,2630,3106,16900,-3838,16153,62032,20737
NO,2020,21,1710,2480,3103,31589,-10314,17206,73234,41903
NO,2012,35,3044,2863,3098,9816,8490,14341,1093,1326
NO,2008,33,3231,2812,3096,7707,7966,13626,567,-259
NO,2015,52,8005,4797,3081,19941,13299,15358,24600,6642
NO,2023,30,1811,3233,3072,-2223,-640,14286,520,-1583
NO,2021,26,-1248,2662,3071,-11197,190,12436,1282,-11387
NO,2022,39,3878,2490,3065,-10910,-10416,14297,269,-494
NO,2013,41,3937,3142,3063,-7290,-5058,13612,290,-2232
NO,2002,29,-330,3859,3049,11294,12332,14478,2133,-1038
NO,2013,34,1213,3463,3042,-1329,-438,13240,95,-891
NO,2006,45,7058,3904,3040,-9342,-13609,14491,9773,4267
NO,2016,34,2892,2729,3037,4013,3556,14013,670,457
NO,2011,35,2265,3282,3013,1097,718,14328,158,378
NO,2009,33,3042,2549,3011,1276,1180,13995,552,96
NO,2019,30,73,2735,3008,-5190,-440,10853,786,-4750
NO,2005,46,6953,4108,3007,10942,10613,16235,5432,328
NO,2005,38,2207,3435,3003,7696,7002,14461,834,694
NO,2010,37,4581,2755,3003,-10833,-10636,13785,235,-198
NO,2017,42,3789,3411,2998,4150,4141,15754,1241,9
NO,2015,51,3596,1801,2997,17543,11793,15545,21475,5750
NO,2011,15,2245,4555,2979,-15550,-11187,16594,43908,-4363
NO,2017,43,5526,3146,2974,5664,4230,16057,3184,1434
NO,2005,36,3031,3367,2962,6776,5830,14199,848,946
NO,2018,40,3850,3479,2961,-1666,-4224,15491,2553,2557
NO,2020,40,999,2392,2954,10322,11151,14429,228,-829
NO2,2016,21,531,2802,2950,1623,2001,5089,6852,-377
NO,2005,32,2209,3575,2941,5982,4617,14146,2112,1366
NO,2008,42,3449,3404,2941,1161,1749,14262,2136,-588
NO,2006,27,-300,2514,2927,-18650,-9045,11696,725,-9604
NO,2013,44,4475,3160,2910,-5362,-4106,14928,2546,-1256
NO,2006,50,9659,3240,2907,8255,-3742,15008,26065,11997
NO,2011,34,3076,2883,2907,1102,207,14929,192,895
NO,2020,44,4003,3547,2903,10060,9853,16329,2609,208
NO,2017,41,3577,2645,2892,4051,3450,15839,896,601
NO,2025,33,1575,3277,2888,-2268,-1305,12729,759,-964
NO,2006,26,-468,2963,2883,-18006,-7551,13139,1511,-10455
NO,2001,30,680,2932,2876,-2272,198,13588,331,-2470
NO2,2018,37,2610,2244,2874,-1014,-1968,4112,41,954
NO2,2020,26,343,4037,2867,8853,4810,4974,4641,4043
NO,2006,40,4521,2320,2865,-15943,-15762,14929,376,-182
NO2,2015,28,1253,3286,2858,6954,-589,4685,7010,7542
NO,2000,31,323,3492,2852,16991,13852,13759,4875,3140
NO,2016,52,8529,2429,2850,-76,-2970,14907,21304,2894
NO,2016,49,5572,2797,2839,-4674,-4876,14277,12732,202
NO,2001,34,773,2625,2837,1781,2309,13460,238,-528
NO,2003,19,2652,2960,2835,-22293,-12601,15518,32236,-9693
NO,2004,35,2542,2245,2828,-7932,-6960,12920,216,-972
NO2,2023,38,3218,2076,2824,1785,949,4190,1,836
NO,2021,28,438,2630,2818,-9263,-2286,12141,368,-6977
NO,2012,38,3309,3407,2816,11618,10055,14853,1311,1563
NO,2011,52,8819,2549,2811,17929,9773,14216,27256,8156
NO,2005,39,3416,2715,2809,7508,7067,15262,239,441
NO,2008,31,288,2982,2808,6481,8791,12247,938,-2310
NO,2003,29,-459,2505,2804,-14639,-9055,11680,384,-5584
NO,2010,32,1747,2527,2803,-11186,-9982,13518,170,-1204
NO,2020,1,10043,3599,2802,-1330,-2202,13827,24933,873
NO,2006,36,4012,3039,2801,-16186,-15625,13391,149,-560
NO,2012,32,1452,3318,2796,11556,8975,14705,2767,2581
NO,2022,33,2904,2789,2794,-7485,-7781,13302,1446,296
NO,2013,31,3248,2542,2792,-4277,-1282,12343,156,-2995
NO,2010,19,1370,1821,2787,-21463,-9546,16317,29213,-11917
NO,2024,45,1095,3643,2787,4494,5307,16286,2897,-813
NO,2024,52,4330,2592,2786,9213,8724,15220,18586,489
NO,2015,46,6595,3259,2784,5240,7180,15344,4055,-1939
NO,2012,47,5172,3136,2781,11196,6162,15804,12110,5034
NO,2008,36,3927,2669,2780,5810,6041,13510,361,-230
NO,2005,31,2112,3326,2774,6745,4891,14329,3020,1854
NO,2004,29,889,2546,2772,-8984,-6782,13595,1850,-2202
NO,2007,38,4971,3376,2771,13273,11153,14960,1761,2120
NO,2007,37,3812,2934,2769,12681,11669,14003,1227,1012
NO,2012,34,2230,3028,2766,8932,8105,13737,1317,828
NO,2011,42,4011,2758,2763,7983,5171,16174,3623,2811
NO,2005,20,2778,1949,2759,15361,-5134,16298,57558,20495
NO,2025,3,4474,3346,2759,5507,9899,15971,22430,-4393
NO,2012,13,2737,3827,2754,19947,12441,15773,55754,7505
NO,2005,43,3757,1981,2749,4097,4728,16117,1059,-632
NO,2009,17,604,3149,2749,-2735,-651,16890,43978,-2084
NO2,2023,21,684,3013,2745,1245,-1278,4925,9916,2523
NO,2012,20,3512,3890,2735,21466,2158,17598,55071,19308
NO,2024,42,3562,2697,2730,1292,473,17107,697,819
NO,2021,30,3503,2770,2721,-8093,-4352,12419,229,-3742
NO,2023,37,3217,2719,2719,-1106,-1053,13974,190,-53
NO,2014,33,2331,2754,2717,780,2613,12175,443,-1833
NO,2018,36,2293,2264,2717,-12402,-11809,13320,188,-593
NO,2001,32,2895,2929,2715,1235,925,14923,278,309
NO,2021,13,3724,2693,2708,-6553,8523,14942,34004,-15076
NO,2022,32,619,2802,2708,-8185,-7435,12106,2035,-750
NO,2018,31,3821,2926,2707,-17095,-12722,10870,251,-4373
NO,2018,43,5434,3194,2706,130,-501,14919,3519,631
NO,2025,50,5213,2128,2699,-3569,1309,15273,8925,-4877
NO2,2019,21,1444,1649,2696,-4538,3091,4277,413,-7629
NO,2019,43,3939,2584,2692,-918,-414,15272,2031,-504
NO,2003,31,1035,2677,2686,-11553,-8054,11783,213,-3499
NO,2011,33,4178,3359,2686,91,112,14188,242,-21
NO,2010,38,4290,2788,2684,-9622,-10514,15036,458,892
NO,2012,33,383,2746,2679,9520,8398,13849,1724,1122
NO,2014,32,2727,2930,2670,584,2799,12093,584,-2214
NO,2024,36,3193,3449,2660,3335,2460,14828,147,875
NO,2020,43,5996,2525,2657,10461,9640,15646,2983,821
NO,2000,43,4287,3397,2656,9548,10191,15782,1382,-643
NO,2002,30,1194,3258,2656,10261,11731,13469,1450,-1470
NO,2011,18,105,2901,2652,-18985,-5255,16720,30203,-13730
NO,2001,35,3103,2933,2651,3071,2923,14025,230,147
NO,2000,34,1763,3089,2648,16312,13530,14337,2672,2782
NO,2009,40,5395,3673,2639,7481,6520,14029,2418,961
NO,2015,39,2385,2816,2634,11694,10030,15453,1270,1664
NO,2006,44,5645,1904,2628,-12521,-15057,14220,7047,2536
NO,2007,36,3128,2805,2627,12531,12253,13518,861,278
NO,2004,46,5028,2311,2625,-1115,-1007,15306,5925,-108
NO,2017,39,542,1890,2618,397,1629,13599,229,-1232
NO5,2024,22,741,2627,2618,-742,2475,3835,3594,-3216
NO,2003,34,2352,2913,2613,-10180,-9128,13004,170,-1052
NO5,2020,26,218,3008,2612,4484,1629,3882,5001,2855
NO,2006,47,4596,2401,2610,-2683,-10717,14871,16043,8035
NO5,2015,27,-69,2317,2610,5487,-3602,3843,10460,9089
NO,2014,18,725,3756,2603,13815,1654,15974,56839,12160
NO,2000,35,2626,3017,2599,16208,13430,14751,2135,2777
NO,2009,16,951,3412,2597,-2247,-1485,15335,48248,-762
NO2,2017,21,-117,2441,2596,-3651,927,4610,3130,-4578
NO,2011,47,6564,2399,2594,5354,6172,16322,5740,-818
NO,2025,46,4355,2552,2590,-1512,742,15762,3322,-2255
NO5,2016,22,168,2557,2590,1390,494,3900,7641,897
NO,2015,50,7735,3493,2580,16827,10587,14489,20827,6241
NO,2004,40,2266,2893,2575,-2255,-2331,15238,323,75
NO,2021,46,4178,2646,2573,-6818,-7502,15954,6070,685
NO5,2024,21,219,2459,2572,-792,1507,4180,5349,-2299
NO,2016,18,1159,2689,2571,4936,3247,16835,45506,1689
NO,2020,2,7761,2516,2568,3436,-219,13966,29875,3655
NO,2014,30,-681,3229,2566,356,3896,11474,1375,-3540
NO,2011,14,5038,3714,2559,-15083,-13399,14784,48297,-1684
NO2,2024,19,-14,2645,2555,2005,1348,5175,10695,657
NO,2003,37,2385,2310,2552,-11713,-9714,12057,161,-1999
NO,2005,1,12767,2702,2540,19471,3056,14490,39812,16414
NO,2008,32,2632,2666,2528,6531,7931,12788,704,-1400
NO,2024,51,5290,2369,2528,8513,7761,14486,17536,753
NO,2025,43,4468,2630,2521,-1403,-815,16040,1178,-588
NO,2014,31,1656,2847,2520,75,3342,11326,902,-3267
NO,2014,34,3486,2565,2518,1961,2442,13368,377,-481
NO,2003,33,5165,3136,2515,-10728,-9462,13007,178,-1266
NO,2014,40,2259,3009,2515,-6028,-2889,12107,240,-3139
NO,2017,44,3690,2828,2515,5308,4077,16004,3957,1231
NO,2010,43,4480,2395,2511,-10590,-11423,15667,2973,833
NO,2001,42,1734,2960,2509,4012,4888,15651,458,-876
NO,2014,17,165,3115,2489,15325,2207,16531,59540,13118
NO,2004,37,2032,2539,2488,-6937,-6040,13120,202,-896
NO2,2022,40,2865,1730,2484,-5827,-6817,4558,51,990
NO,2025,19,-347,2722,2475,-513,12221,16880,27834,-12733
NO2,2018,20,-329,2942,2475,-3289,3435,4491,2639,-6724
NO2,2022,45,2277,2212,2472,-1452,-1712,5037,52,259
NO,2011,43,2495,2398,2459,6629,4637,16491,3308,1992
NO,2015,40,2105,2801,2458,9656,9633,14852,657,22
NO,2024,41,4236,2388,2450,448,-441,15048,1974,889
NO,2017,49,6594,1930,2439,11178,3282,13871,20832,7896
NO2,2018,38,2478,1840,2437,873,-553,4723,58,1426
NO,2006,46,6982,2348,2429,-4976,-12451,14497,14317,7475
NO,2010,31,1659,2544,2426,-11833,-10021,13465,217,-1813
NO5,2017,23,979,1602,2423,-771,852,3704,4073,-1623
NO,2023,36,898,2607,2416,-1135,-462,13245,183,-673
NO,2011,31,1111,2803,2409,552,1882,13806,358,-1330
NO,2019,29,640,1978,2409,-4409,-267,12088,1418,-4142
NO,2014,45,3148,3420,2405,841,2791,15775,2272,-1950
NO,2022,42,2457,2958,2404,-4810,-5376,15644,1908,566
NO,2007,34,283,2706,2400,13099,13414,13042,869,-315
NO,2012,46,4706,2640,2399,9495,4799,15139,10895,4696
NO,2017,38,1922,2214,2399,2525,2021,14376,729,504
NO2,2019,17,469,1863,2395,-7199,2620,4769,2592,-9819
NO,2024,46,5681,2597,2392,6160,5819,16240,5439,340
NO,2007,42,2939,2434,2391,7332,8822,14314,1182,-1491
NO,2010,30,1024,2475,2391,-12573,-10173,13690,299,-2399
NO,2010,33,670,2262,2386,-11801,-10084,12578,156,-1717
NO,2026,17,857,2500,2381,-20912,371,15904,25765,-21283
NO,2020,48,4531,3259,2377,15814,15963,16082,8509,-149
NO2,2020,22,200,2595,2376,12612,-1738,5136,19953,14351
NO2,2017,40,3242,2540,2372,3440,2880,4010,168,560
NO,2000,49,3223,2554,2371,10891,10294,15353,12051,597
NO5,2020,24,38,2274,2361,5912,-1225,4067,11229,7137
NO,2022,37,4904,2297,2345,-10938,-10435,12910,804,-504
NO,2025,30,383,2625,2345,-5446,-2197,11295,1845,-3249
NO,2025,17,1024,2569,2340,-515,13552,16798,32088,-14067
NO,2004,32,1331,2346,2339,-9309,-6549,11727,404,-2761
NO,2005,40,1676,2695,2333,5828,6643,14482,190,-814
NO,2009,48,5930,3095,2332,3241,1931,13906,12144,1309
NO,2004,22,-71,2717,2331,-10981,-1138,16413,17133,-9843
NO,2017,14,2702,2860,2330,-5605,-53,14975,44238,-5552
NO,2013,50,5707,1842,2328,4896,-2227,14019,22179,7122
NO5,2015,28,826,2459,2328,5458,-2522,3623,8895,7980
NO2,2021,21,376,2144,2326,-944,2444,5153,3776,-3389
NO,2002,36,3734,2476,2324,2882,4961,11800,221,-2079
NO,2023,35,1515,3534,2322,488,53,14342,201,435
NO,2025,31,3660,2596,2318,-4286,-3070,13097,1181,-1216
NO,2000,37,1736,3023,2316,14474,12356,14470,1865,2118
NO,2015,45,3425,2511,2312,2276,6077,15157,1039,-3801
NO2,2023,23,-295,2961,2307,-853,-910,5124,4134,57
NO2,2015,24,158,2143,2305,9320,-4642,4811,16923,13962
NO5,2024,20,-112,2140,2302,-388,312,3934,8244,-699
NO,2006,49,6217,3551,2299,1834,-6151,15480,19313,7985
NO,2025,42,2001,2908,2299,-2063,-593,14522,993,-1470
NO,2003,40,1782,2633,2298,-7222,-7356,14996,625,135
NO,2016,37,1261,2851,2295,2714,3760,12812,359,-1047
NO,2017,51,5315,1422,2294,10196,2905,14024,24537,7292
NO,2000,44,7598,3660,2292,12000,9803,15747,5180,2197
NO,2022,34,1523,2733,2288,-8457,-8198,12870,1096,-260
NO,2019,19,3403,2289,2286,-15954,4314,17257,19922,-20268
NO,2012,12,3731,2637,2285,20642,10579,15619,57224,10063
NO,2023,31,1267,2611,2284,-3022,-1516,13608,380,-1506
NO,2024,48,5236,1869,2280,5884,6046,15651,8927,-163
NO,2020,33,-669,3205,2278,11712,11477,12878,1809,236
NO,2011,41,3902,2854,2272,7131,4612,15452,3201,2519
NO,2006,38,1995,2371,2269,-18892,-16431,11906,235,-2461
NO,2017,34,523,2470,2267,2969,2400,13602,1194,570
NO,2014,37,1777,2487,2259,-2420,149,11449,200,-2569
NO,2008,46,5699,2024,2255,6005,2353,14703,10288,3652
NO2,2025,36,2764,1823,2255,-4632,-4979,3462,2,346
NO,2013,46,4940,1938,2250,-3029,-3690,14928,7071,661
NO,2006,41,1930,2692,2247,-17037,-15519,14297,320,-1517
NO2,2022,21,566,1636,2244,-7235,-6516,4329,7271,-719
NO,2005,2,9088,4044,2234,23374,4433,13938,45187,18941
NO2,2023,22,33,2029,2234,808,-1170,4996,7721,1978
NO,2007,43,1055,1833,2230,5120,8240,14079,608,-3120
NO,2024,49,2065,2578,2227,5182,6698,15136,10156,-1516
NO,2019,28,-819,2423,2220,-4126,931,12425,2005,-5057
NO2,2021,19,754,1859,2217,-16,2325,5065,7807,-2341
NO,2002,31,-1033,2424,2216,7574,10920,11352,797,-3346
NO,2018,45,1323,2141,2207,-3086,-1633,15730,2813,-1453
NO,2017,19,829,2389,2203,-5219,-6066,14978,43317,848
NO,2017,35,904,2067,2203,1606,1842,12882,991,-235
NO4,2022,22,192,1868,2200,3274,781,3840,8008,2493
NO,2020,36,1751,1819,2199,9458,10122,12559,877,-664
NO5,2018,19,271,2277,2184,-2162,679,3836,7031,-2842
NO,2021,29,271,2169,2183,-10417,-3859,10783,307,-6558
NO2,2019,23,803,1019,2182,-2400,2672,3961,167,-5072
NO,2019,42,2559,2299,2181,-1526,-601,14455,1605,-925
NO2,2021,22,-420,2614,2180,-2698,2316,4551,1173,-5014
NO4,2020,25,-112,2426,2177,1752,-1822,3566,6504,3574
NO,2018,26,-821,2039,2174,-15818,-3619,11034,1873,-12199
NO2,2017,22,44,1824,2170,-3958,930,4055,1796,-4888
NO,2020,4,6100,2306,2167,10307,2860,14041,38964,7447
NO2,2016,39,2673,1243,2167,3328,2977,3671,186,351
NO4,2020,26,-176,2374,2167,993,-800,3269,4204,1793
NO,2003,35,501,1987,2163,-11038,-8928,11824,174,-2110
NO,2003,18,2704,2487,2159,-24331,-11844,14600,33564,-12487
NO,2001,36,1410,2240,2156,2299,2732,13437,231,-433
NO2,2024,18,180,1993,2156,2895,542,4989,13686,2353
NO,2001,43,3457,2107,2155,4004,4405,16592,813,-401
NO2,2023,20,-28,2154,2154,1637,-1847,4902,12438,3484
NO2,2023,24,-242,2656,2154,-2197,-596,4665,1507,-1601
NO,2019,41,2958,1822,2144,-1051,-795,14106,1771,-256
NO1,2018,19,301,2258,2143,1339,1200,5251,1908,138
NO,2016,51,5588,2303,2141,-5133,-4351,13903,16585,-782
NO,2006,51,4093,2070,2140,9135,-2613,15285,27732,11748
NO,2009,38,705,2394,2136,4624,5253,13648,324,-630
NO,2010,17,2564,2231,2136,-23313,-7674,14857,32457,-15639
NO2,2015,26,-169,2400,2136,7733,-3957,4673,12590,11691
NO2,2015,35,1841,1557,2133,7016,5367,4001,737,1649
NO,2015,43,2928,1903,2130,4125,6673,14514,745,-2548
NO2,2015,23,1873,1903,2128,9699,-4933,5028,18804,14632
NO,2021,45,3824,2513,2126,-7786,-8407,15577,5040,621
NO,2005,33,71,2486,2125,3606,3868,12666,1524,-261
NO,2011,32,1168,2419,2125,-1004,628,12957,303,-1632
NO,2025,40,4382,1911,2122,-2174,-2060,14851,520,-115
NO,2007,35,2450,2340,2116,12670,12744,13113,922,-74
NO2,2017,24,335,1558,2111,-391,2737,4022,623,-3128
NO,2016,33,-12,2529,2105,2919,3295,13205,870,-376
NO,2014,19,1663,2087,2098,13963,-869,15989,56290,14833
NO,2000,39,1735,1976,2096,9221,10373,13587,321,-1152
NO,2019,32,1883,1916,2095,-6327,-2779,10953,390,-3548
NO2,2019,18,328,1899,2094,-6814,3811,4130,1568,-10625
NO,2022,18,1407,1870,2093,-5497,-10405,15737,49823,4907
NO4,2022,26,-92,2153,2091,3053,2386,3390,2958,667
NO,2004,31,-571,2245,2090,-9449,-6270,11587,728,-3179
NO,2006,43,4001,2266,2090,-15614,-15393,14622,2963,-221
NO,2006,39,2766,2231,2082,-18635,-16612,12735,302,-2023
NO,2013,16,4889,2815,2082,-15470,-5145,14116,39904,-10325
NO,2010,44,4206,2844,2081,-10444,-11570,14741,5116,1126
NO,2004,34,4042,2009,2074,-9297,-7665,12360,234,-1632
NO5,2023,24,-245,2678,2074,-1820,32,3762,2545,-1853
NO,2014,39,4532,1893,2073,-4491,-2494,12694,368,-1997
NO,2014,36,1022,2154,2072,-1222,1000,11633,246,-2222
NO,2013,51,5876,1797,2068,7484,-1459,13848,26365,8943
NO5,2019,23,740,1301,2068,-2641,1704,3437,1618,-4345
NO,2011,45,1055,2468,2062,3122,5520,16023,1576,-2397
NO,2025,44,2707,2247,2061,-2644,-1501,15880,1708,-1142
NO,2014,42,2176,1974,2055,-4609,-2425,14046,756,-2184
NO2,2022,44,2438,1709,2048,-2848,-3430,4947,113,582
NO5,2019,21,846,1733,2047,-4320,1839,3410,2259,-6159
NO,2005,19,616,1756,2046,13117,-2578,15317,57825,15694
NO,2004,47,7256,2552,2042,2643,-281,14469,11334,2923
NO,2022,2,6140,1769,2039,-14964,-10780,13971,22030,-4184
NO2,2021,20,161,2078,2039,-641,2389,4742,6082,-3031
NO,2020,46,1630,2520,2038,9629,12365,16422,2181,-2736
NO,2000,38,594,2079,2035,11657,11250,13346,1662,407
NO,2013,30,-627,2188,2030,-6308,-1012,10842,251,-5296
NO,2008,44,3353,2683,2029,4973,2601,14256,6846,2372
NO5,2018,22,-337,1689,2029,-3727,2409,2834,1675,-6136
NO,2018,35,901,2275,2025,-12629,-11471,12751,199,-1158
NO2,2023,19,556,1667,2023,2391,-2074,4753,14925,4465
NO2,2021,43,1985,1518,2013,-6282,-6363,4282,42,81
NO2,2015,25,172,1821,2012,8988,-4444,4786,15197,13432
NO,2004,51,5248,2503,2011,6081,2554,14342,20454,3527
NO2,2015,49,4200,928,2009,7490,4525,4221,5502,2966
NO2,2024,15,1414,1690,1997,3635,410,4170,17150,3225
NO,2001,45,4587,2588,1991,8585,5771,15531,7280,2814
NO,2021,38,3031,1657,1988,-18272,-15583,11657,255,-2689
NO2,2020,27,1234,2550,1984,8995,5588,4563,3632,3407
NO,2000,40,1057,1698,1977,7412,9334,13265,298,-1922
NO5,2017,21,46,1606,1977,-1938,-5,3619,6275,-1933
NO,2025,39,343,2568,1975,-2758,-1467,13513,255,-1292
NO,2017,47,6075,1299,1969,9450,2934,13994,15402,6516
NO,2019,39,1177,2628,1969,243,956,14154,193,-713
NO,2013,36,2099,2207,1967,-3413,-1854,12461,81,-1559
NO,2006,42,3551,2240,1964,-16226,-15147,14875,1031,-1079
NO,2012,18,1425,2981,1964,20503,7827,16057,57271,12675
NO2,2020,31,2467,2504,1963,9141,7211,4342,851,1930
NO2,2018,22,-506,998,1962,-4503,3056,2920,260,-7559
NO2,2025,51,2204,2148,1961,-3823,-1670,4338,1655,-2153
NO3,2020,25,-269,2558,1961,3297,453,2946,4844,2844
NO4,2017,24,19,2258,1960,1933,-1736,3560,7536,3669
NO,2020,35,1727,2544,1958,10076,10969,12179,1037,-893
NO2,2016,20,450,1416,1953,1989,1481,4823,9540,508
NO,2024,39,4890,2145,1952,1943,1342,14446,1215,601
NO,2019,31,684,2383,1949,-6384,-1624,10220,515,-4760
NO2,2016,23,-349,2344,1944,-23,3220,4057,1901,-3242
NO2,2023,25,-204,1585,1942,-2627,-364,3685,603,-2263
NO5,2023,25,135,1829,1939,-1922,474,3281,1330,-2397
NO2,2022,23,-20,1763,1938,-7627,-6930,4253,4251,-697
NO,2013,52,8441,2173,1933,12388,-722,13929,32498,13111
NO5,2022,26,648,1964,1930,-1335,-934,3365,2262,-401
NO2,2018,41,1411,1375,1925,1424,1011,4205,20,412
NO5,2018,20,-114,2094,1925,-2707,1604,3501,5066,-4311
NO4,2024,22,-86,1934,1924,-6553,-1839,3218,1424,-4714
NO,2023,16,998,2641,1921,1919,-2967,15686,53546,4886
NO5,2022,24,504,1741,1919,-1255,-1688,3570,5023,433
NO2,2015,29,387,1843,1911,6814,401,4454,5677,6413
NO2,2025,32,2384,1584,1911,-5092,-5034,3081,8,-59
NO2,2024,43,1546,1730,1907,1464,1289,4238,181,175
NO5,2021,22,-257,2299,1904,-4972,-52,3562,2163,-4920
NO,2015,48,4277,1591,1896,5846,7034,14646,8906,-1188
NO,2003,41,2536,2013,1894,-7867,-7808,14708,1366,-60
NO,2017,13,3157,2080,1894,-5844,-1337,14682,44833,-4507
NO,2021,32,1755,1911,1894,-10481,-7515,11731,194,-2967
NO2,2024,23,1693,1721,1891,2314,4268,4656,2591,-1954
NO5,2022,23,104,2019,1891,-1442,-1977,3832,6103,535
NO,2021,36,2110,1750,1888,-15848,-12513,10589,176,-3335
NO2,2018,39,1636,1957,1884,1146,270,4183,199,876
NO,2003,17,229,3610,1883,-26527,-11668,14778,33316,-14859
NO,2014,15,4115,2221,1879,15936,2239,14596,63965,13697
NO,2007,2,8690,1884,1878,15534,990,14222,40508,14544
NO5,2022,25,-29,1520,1872,-1416,-1387,3349,3630,-29
NO,2025,15,2454,2088,1870,-1176,12205,16216,35267,-13381
NO5,2021,23,62,1416,1869,-4926,111,3111,1251,-5037
NO,2015,37,-148,2434,1867,11049,8875,13892,2500,2174
NO,2009,41,4313,2065,1865,8027,5540,13484,5136,2486
NO2,2016,25,530,1055,1857,457,2881,3619,509,-2423
NO2,2022,19,1121,1367,1857,-7383,-6589,4273,10146,-794
NO,2021,8,4483,2259,1855,-6950,6427,14259,27608,-13377
NO,2015,44,2074,1985,1853,2439,5879,14298,993,-3440
NO,2014,46,2142,2238,1852,-641,2830,15229,2639,-3471
NO2,2016,26,906,994,1848,1629,3170,3715,316,-1541
NO,2005,41,2232,2162,1846,4620,5850,14613,290,-1231
NO,2018,30,1454,1732,1846,-19470,-12449,9056,312,-7020
NO,2024,38,-273,2403,1846,1213,2250,13342,222,-1037
NO,2009,15,2074,2166,1844,-1347,-2717,14515,51719,1370
NO,2016,47,4621,1493,1840,-7439,-6138,13305,8275,-1300
NO,2001,18,1644,2288,1837,-6928,-543,14598,39669,-6385
NO,2006,52,3351,2197,1835,9003,-1754,14924,29150,10757
NO,2023,42,2522,2514,1834,6711,3923,15399,4375,2788
NO4,2019,23,275,1301,1834,-1505,-826,3683,4041,-680
NO5,2017,22,299,1645,1826,-1979,191,3447,5027,-2170
NO2,2024,25,366,1743,1822,2805,3761,4158,1437,-956
NO4,2021,23,355,1534,1816,-1774,1783,3354,1492,-3557
NO2,2025,38,1067,1754,1813,-3012,-3470,3807,7,458
NO,2008,35,1022,1781,1809,4362,6087,12003,380,-1725
NO5,2017,24,287,1435,1809,-515,1059,3347,3238,-1575
NO,2012,11,3677,2243,1808,19844,9180,14529,57368,10664
NO5,2020,23,473,2417,1808,6143,-2097,3997,13642,8240
NO,2007,16,2417,2866,1806,20617,2899,15073,66990,17718
NO2,2018,21,-463,1795,1805,-4403,3171,3844,900,-7574
NO,2015,17,2206,2556,1800,14882,-600,15312,63123,15483
NO,2014,35,378,1972,1798,252,1812,12239,309,-1560
NO,2024,31,-326,2118,1796,-4134,-1407,12356,412,-2727
NO,2000,16,3515,2207,1792,35507,5524,15107,79220,29982
NO5,2018,41,1476,1440,1789,1468,919,3466,349,549
NO2,2022,24,428,1526,1787,-7330,-6875,3945,3372,-455
NO,2006,29,-789,2023,1786,-17443,-10871,10706,370,-6572
NO3,2020,23,225,2310,1786,4613,-1210,3065,9347,5822
NO,2024,16,305,2172,1784,-761,-4246,14315,53515,3485
NO2,2016,19,-23,2589,1784,1917,1720,4567,10843,196
NO,2023,51,6296,2059,1775,-3623,-5335,12857,20124,1712
NO4,2023,25,216,1951,1773,-1837,-397,3178,1879,-1440
NO,2021,50,5110,1760,1772,-12257,-10105,14660,12263,-2152
NO2,2020,47,4075,2677,1755,7338,6803,4903,1228,535
NO3,2018,19,454,1950,1753,-888,662,3010,5349,-1550
NO,2000,50,3532,2358,1752,10431,11021,14727,13759,-590
NO,2012,39,1762,1907,1750,8833,8690,14840,363,143
NO4,2022,25,469,1400,1747,3574,1462,3642,4966,2111
NO,2018,27,-1071,1838,1746,-17899,-6432,9386,1171,-11467
NO5,2023,23,-146,2007,1743,-542,-463,3977,5343,-79
NO,2012,19,2353,2341,1740,20875,5101,16507,56714,15774
NO2,2015,38,2197,1735,1737,6739,5817,4011,265,921
NO,2012,42,3364,1917,1730,7584,7330,15595,1645,254
NO,2006,37,68,2209,1727,-18648,-16422,11852,140,-2226
NO,2020,3,7870,2291,1723,7557,1043,13736,35571,6514
NO4,2020,24,77,1712,1723,2524,-2732,3701,8983,5256
NO5,2021,24,1149,1289,1723,-3699,258,3262,940,-3957
NO4,2025,25,440,1588,1716,7629,3876,3426,6824,3753
NO5,2018,21,-221,1753,1716,-3362,1931,3310,3225,-5293
NO,2020,17,178,2813,1714,32149,3477,15266,76358,28672
NO,2021,33,1082,2007,1712,-11900,-8791,11157,185,-3109
NO4,2017,23,6,1484,1712,2502,-2511,3667,9749,5013
NO,2004,45,3907,1866,1709,-3798,-2440,14818,3820,-1359
NO2,2023,28,1316,1088,1709,-221,131,3749,52,-351
NO,2006,34,1579,1941,1705,-20091,-17076,11061,150,-3015
NO2,2015,32,643,1566,1705,6157,2668,3901,2736,3489
NO,2013,37,465,1941,1704,-5761,-3201,11581,76,-2561
NO,2020,8,10214,1841,1702,23550,6868,13430,58496,16682
NO,2025,49,2596,1932,1701,-5282,-251,14359,7417,-5032
NO2,2025,37,2558,1763,1701,-3406,-4401,4192,1,995
NO2,2021,24,1165,1244,1698,-2155,1491,3866,260,-3646
NO,2004,16,1332,1841,1697,-15301,-6558,14797,40804,-8744
NO2,2023,29,1165,1322,1695,608,684,3604,37,-76
NO2,2015,30,367,1764,1694,6518,1324,3938,4698,5193
NO,2008,40,4201,1804,1692,-1265,108,12495,1618,-1373
NO,2005,17,492,1390,1690,12288,-544,15116,60669,12832
NO,2022,46,320,3101,1690,-3049,639,16178,1473,-3688
NO2,2017,37,1604,1440,1687,1887,1697,3377,11,191
NO2,2022,41,1586,1467,1683,-4974,-5861,4495,206,888
NO2,2021,13,1174,1231,1682,1091,5088,4164,10020,-3996
NO5,2016,25,426,1360,1679,257,355,3206,3705,-98
NO,2004,43,2672,1630,1677,-3592,-2133,14935,1413,-1459
NO,2017,45,3979,2226,1677,5188,3582,15309,6293,1605
NO,2022,17,734,2299,1676,-6390,-9552,15305,50809,3161
NO,2011,46,2450,1948,1672,1818,5139,15868,2150,-3321
NO2,2024,44,1859,1831,1672,1946,1854,4406,163,92
NO5,2015,29,666,1638,1672,5469,-1963,3733,7734,7432
NO,2007,40,1237,1854,1671,8402,9692,13985,212,-1290
NO,2022,4,6994,1602,1671,-8192,-8815,13631,32550,623
NO,2019,13,4443,1765,1665,-13046,-121,14540,36558,-12925
NO,2007,45,4549,2034,1663,9607,9108,14041,6454,499
NO2,2022,22,170,1278,1663,-7299,-6973,4349,6063,-326
NO2,2019,24,723,999,1662,-1194,2736,3759,83,-3931
NO2,2021,44,1931,1567,1662,-5577,-5766,4243,423,189
NO4,2020,23,40,1847,1662,2704,-3283,3631,10760,5987
NO,2005,47,3067,2200,1658,9866,10317,15637,6793,-450
NO,2017,3,4014,1671,1657,-1681,-2365,13954,29524,684
NO,2004,50,4528,2315,1654,4637,1500,14143,18069,3136
NO,2001,37,1531,1818,1649,1325,1853,13468,222,-528
NO2,2019,37,1473,905,1649,2913,2186,3915,11,727
NO,2025,34,1051,2253,1646,-4186,-2480,11783,737,-1706
NO,2012,41,1906,2046,1644,7427,7704,14660,1197,-277
NO,2006,31,725,2043,1643,-18994,-13506,9808,199,-5487
NO,2012,45,3963,1380,1642,8216,4116,14360,9737,4100
NO2,2017,25,566,970,1641,369,2701,3807,413,-2332
NO5,2017,20,1137,1685,1640,-1909,-555,3885,7638,-1354
NO,2017,18,-5,2002,1638,-4312,-3661,15692,44309,-651
NO2,2015,52,2788,2155,1636,9148,6669,4322,6954,2478
NO2,2017,31,1430,928,1636,1624,1599,3237,52,25
NO2,2018,16,223,2013,1636,-2545,-333,4649,10908,-2211
NO,2013,47,2661,1958,1635,-3998,-3736,13797,8821,-262
NO5,2016,23,-168,2007,1632,289,397,3290,6002,-108
NO,2017,52,4587,1625,1630,11001,2848,13272,28197,8153
NO2,2021,39,2253,1095,1627,-7938,-8059,3627,0,121
NO2,2015,20,962,1427,1624,8758,-2322,4306,20629,11080
NO5,2015,26,59,1647,1622,5987,-4784,3636,13165,10772
NO2,2023,26,1008,1238,1620,-1701,-177,3822,226,-1524
NO3,2020,24,36,1691,1620,4374,-600,3132,7567,4974
NO4,2022,21,165,1643,1619,3136,-209,3701,9903,3346
NO,2001,38,1201,1811,1618,167,1261,13292,216,-1094
NO,2008,34,171,1963,1618,5380,6779,12380,446,-1399
NO4,2017,25,681,1702,1618,2092,-1401,3574,6415,3493
NO2,2025,10,2481,1255,1617,-2908,2899,4299,7054,-5807
NO4,2017,28,1001,1639,1615,2389,-309,3698,3324,2698
NO,2003,45,2282,1774,1614,-13804,-11987,14173,4007,-1817
NO,2022,16,-39,3006,1612,-5462,-8927,16234,51576,3465
NO,2002,33,963,1959,1608,3600,7651,10050,351,-4051
NO,2018,29,66,1660,1608,-20010,-11094,8301,431,-8916
NO,2013,49,8156,1393,1603,2335,-3270,13311,19102,5606
NO5,2025,26,883,1310,1602,-1404,-93,3137,1581,-1312
NO2,2025,45,1324,1488,1601,-4372,-3629,4088,0,-742
NO,2002,40,2384,1761,1600,-4181,-735,11487,553,-3446
NO5,2016,26,847,1487,1600,760,549,3225,3014,210
NO,2003,36,1026,1634,1597,-12076,-9689,11549,164,-2388
NO,2007,41,2532,1638,1596,7399,8489,13859,1184,-1091
NO1,2020,23,236,1763,1596,1051,-671,4639,1717,1722
NO2,2021,23,-171,1279,1592,-3285,1702,3750,464,-4987
NO,2003,32,-247,1971,1590,-13833,-9439,10307,191,-4394
NO,2013,45,3627,1913,1586,-5171,-4307,14011,5122,-864
NO2,2015,33,401,1257,1583,6122,3486,3823,1896,2636
NO2,2019,34,1455,1260,1583,1335,1104,3306,0,232
NO5,2022,45,2012,1433,1583,1248,945,4030,351,302
NO4,2022,24,343,1550,1582,3227,1047,3587,6020,2180
NO,2010,39,254,1734,1581,-12607,-11564,13786,230,-1044
NO,2013,35,451,2110,1578,-3160,-1186,12041,92,-1975
NO2,2020,45,1725,1841,1578,5750,5739,4551,291,11
NO,2008,8,7500,1593,1577,19320,8791,12540,53232,10529
NO,2021,47,2600,1912,1577,-8418,-8167,14777,7853,-251
NO2,2023,33,1325,1178,1577,1272,845,3506,5,427
NO,2017,15,2287,1954,1576,-5143,297,14286,45139,-5440
NO,2024,40,1560,2034,1573,-421,-265,14325,1005,-156
NO,2019,40,2317,1825,1570,-1010,-302,13622,1156,-708
NO,2025,13,3434,1533,1569,-445,11395,15081,37100,-11841
NO,2020,51,2918,1230,1567,10689,14609,14768,12581,-3920
NO,2008,37,214,1644,1566,3009,4562,12361,303,-1554
NO,2010,35,896,1811,1566,-11288,-9954,12576,199,-1334
NO,2000,48,3054,1875,1564,11172,9062,14663,12187,2110
NO,2014,12,7700,1800,1562,17473,3001,13509,63742,14472
NO2,2023,41,2221,1245,1560,3475,2314,4382,592,1161
NO,2006,33,1664,1859,1558,-19991,-16359,10661,158,-3632
NO,2018,44,2670,1603,1553,-963,-1660,14736,4692,697
NO,2023,17,3377,2550,1546,3291,-3652,14688,55207,6942
NO3,2019,21,67,1398,1543,-1963,1101,2700,2603,-3064
NO,2012,9,4088,1413,1541,18520,7821,13285,54808,10699
NO,2022,38,1477,1655,1539,-12227,-11258,12932,700,-969
NO,2014,1,5618,1951,1538,12645,500,13714,36318,12145
NO4,2021,22,-172,1447,1538,-2108,1200,3416,2632,-3308
NO2,2022,20,19,1579,1537,-7972,-6878,4434,8328,-1094
NO5,2023,26,565,1354,1536,-1528,604,3205,692,-2132
NO,2002,35,2314,1714,1535,1659,5444,10090,234,-3785
NO,2004,6,5357,1249,1535,-12739,-8929,12502,34348,-3810
NO2,2025,18,680,1501,1535,-3876,4147,4200,4100,-8023
NO,2007,49,4525,1526,1533,11153,7876,13071,17013,3277
NO,2000,1,8200,1376,1532,16834,8995,13343,32383,7839
NO2,2024,34,1914,1370,1532,2989,2015,4020,28,974
NO5,2015,35,1184,1518,1532,3347,1246,3195,1883,2101
NO5,2022,21,633,1553,1531,-795,-1810,3470,9372,1015
NO,2025,14,1085,1838,1529,-1878,11783,15475,35629,-13661
NO1,2019,21,740,1104,1525,-296,703,4404,364,-999
NO2,2023,39,941,1159,1524,1912,1446,3972,0,466
NO5,2025,25,562,1277,1524,-2389,-360,3026,1954,-2028
NO5,2018,37,2426,1533,1523,-510,-1029,3244,227,519
NO4,2019,24,351,1480,1522,-1309,-441,3471,3088,-868
NO2,2015,36,1414,1548,1518,7356,5889,4054,529,1467
NO,2004,33,-1022,1906,1517,-11712,-7381,9852,269,-4331
NO2,2016,24,-17,1200,1517,-294,2798,3683,998,-3091
NO,2020,42,876,1891,1516,8617,10357,14666,580,-1740
NO5,2015,32,494,1433,1515,4301,-518,3314,4756,4818
NO2,2015,51,870,787,1512,8517,5984,4556,6122,2533
NO3,2017,21,465,1492,1512,1908,-246,3117,7403,2154
NO2,2024,24,1025,1343,1511,2872,3847,4774,2023,-975
NO,2013,48,4681,1532,1506,-2612,-3556,13839,11846,944
NO,2020,19,1053,1603,1503,31165,-1950,14940,75622,33115
NO2,2016,32,1101,903,1502,3679,3505,3289,33,174
NO,2008,47,5376,1784,1501,7799,2171,13595,14913,5628
NO,2002,32,-294,2081,1497,4728,9048,10074,497,-4320
NO,2016,38,41,1652,1497,-232,2289,11777,303,-2521
NO,2016,4,7003,1418,1495,11850,9002,13408,34997,2848
NO5,2015,30,388,1587,1494,5091,-1431,3379,6827,6522
NO,2000,45,2965,2436,1492,10685,9305,15297,6079,1380
NO,2007,3,7217,1471,1492,19690,2024,13694,46766,17666
NO2,2015,46,2774,1462,1491,3133,3152,4101,1058,-19
NO2,2025,50,2207,1025,1491,-4495,-2838,4339,1453,-1657
NO2,2020,21,872,1058,1490,13476,-1834,4781,22847,15310
NO,2009,3,5271,2301,1488,2532,-1137,12724,33739,3668
NO5,2025,32,1823,1471,1488,20,306,2816,150,-286
NO2,2017,43,2025,1514,1486,3858,3500,4311,291,358
NO4,2015,28,372,1322,1486,2287,-988,3301,4298,3274
NO5,2023,32,2844,2116,1484,1461,1076,3532,106,386
NO,2008,39,1150,1368,1480,-1969,1280,11531,280,-3249
NO,2017,4,2525,2075,1480,-3604,-1846,13775,30025,-1758
NO,2020,18,1589,1920,1480,31774,1236,14848,76342,30538
NO5,2020,31,985,1448,1480,3744,2370,3342,1464,1374
NO2,2022,26,525,1507,1479,-7975,-7168,3474,1291,-807
NO3,2017,23,238,1425,1479,1625,299,3071,4844,1326
NO,2007,11,6358,2223,1475,20756,2414,13516,66059,18341
NO5,2015,33,129,1364,1475,3790,82,3123,3702,3707
NO5,2016,21,289,1623,1474,1691,-533,3765,10287,2224
NO,2018,28,-237,1544,1471,-19232,-9182,8714,723,-10050
NO2,2017,49,2086,961,1470,5755,3420,3703,5388,2335
NO2,2020,29,548,1438,1468,8515,5980,4231,2022,2535
NO,2001,46,5293,1732,1467,10302,5362,14921,11358,4941
NO4,2023,24,-128,1255,1467,-1471,-868,3354,3471,-603
NO2,2022,25,-219,1204,1466,-7879,-7139,3503,2309,-740
NO,2005,50,5851,1858,1465,7616,9114,14126,13451,-1498
NO2,2015,34,241,1431,1464,5456,4068,3319,1143,1387
NO2,2025,16,611,1465,1462,-4162,4084,4350,5173,-8245
NO4,2018,20,6,1767,1462,-6040,-1386,3346,3025,-4654
NO4,2019,25,328,1164,1462,-988,-204,3454,2259,-784
NO2,2015,50,2852,1934,1459,8540,5388,3979,6622,3151
NO4,2015,27,353,1190,1456,2052,-1576,3393,5196,3627
NO,2016,40,267,2171,1455,930,2922,13134,360,-1992
NO5,2018,38,1774,1522,1453,370,-281,3406,259,650
NO,2019,49,5772,1520,1452,-5776,-5065,13203,12893,-711
NO1,2024,20,-417,1399,1449,-602,925,4041,831,-1527
NO,2004,49,2070,993,1448,3801,476,13879,16254,3325
NO,2007,1,5811,1822,1448,9631,-465,14402,33582,10096
NO,2007,52,5781,1554,1445,8002,6793,12988,21538,1209
NO,2010,41,1251,2118,1445,-11132,-10365,14509,857,-768
NO2,2018,17,836,1782,1445,-2399,282,4229,10269,-2681
NO2,2025,41,578,1377,1444,-3878,-3746,3680,1,-133
NO4,2024,20,470,1954,1442,-5991,-3073,3268,4839,-2918
NO,2002,37,-118,1818,1440,127,3595,10547,203,-3468
NO,2008,48,4303,1300,1440,8764,2050,13391,18064,6715
NO,2004,44,2024,1633,1439,-4813,-2765,14303,2379,-2048
NO,2002,2,3504,1552,1436,925,2253,13668,25189,-1328
NO,2021,31,180,1792,1435,-9970,-5966,11282,209,-4004
NO2,2018,33,1316,1236,1435,-2994,-3358,3446,0,364
NO,2025,9,2763,1697,1434,-3717,8619,14647,30411,-12336
NO,2003,52,5586,1401,1433,-9595,-10640,13195,21167,1046
NO5,2023,21,526,1860,1432,565,-257,3675,8974,822
NO1,2017,20,834,953,1431,-294,-172,4552,1725,-122
NO5,2019,24,218,1052,1429,-2262,1662,3090,1146,-3923
NO2,2024,35,121,1330,1423,2656,2495,3230,20,161
NO3,2022,26,655,1952,1419,2371,997,2968,2702,1374
NO,2002,34,-670,1722,1417,1143,6325,8779,265,-5181
NO,2004,48,4500,1157,1417,4341,-14,14026,15069,4355
NO,2014,2,3443,1521,1415,12930,1186,13324,38604,11744
NO5,2017,25,569,1133,1413,-104,922,3194,2789,-1026
NO,2006,30,252,1838,1412,-18413,-12428,10146,258,-5985
NO,2016,46,4260,1564,1411,-9268,-6469,12656,5885,-2798
NO3,2020,26,-179,1885,1411,2416,1029,2600,3082,1386
NO2,2024,51,2043,1221,1410,1012,1999,3652,3506,-987
NO,2024,5,11967,1569,1409,2331,-5368,12731,43102,7700
NO,2025,1,3816,1444,1405,7375,8903,14237,22122,-1528
NO,2019,1,5814,1829,1401,-13905,-3619,14165,13436,-10286
NO1,2023,20,-43,1635,1401,1685,-192,4901,3375,1877
NO3,2019,23,297,965,1401,-734,1146,2837,1872,-1880
NO5,2018,24,1003,950,1400,-2931,1809,2655,765,-4740
NO5,2020,27,659,1955,1400,4055,1739,3402,4127,2316
NO,2000,46,4058,2656,1398,10212,8886,14885,7780,1326
NO,2012,43,3894,1808,1397,7080,5660,14654,4573,1421
NO2,2020,43,2742,1306,1395,5781,4997,4590,439,785
NO,2005,15,2595,1611,1394,13194,411,14052,63594,12782
NO4,2017,26,225,1504,1391,1803,-1179,3506,5156,2982
NO,2025,4,3065,1587,1390,4258,9985,14878,24953,-5727
NO,2010,18,276,1448,1386,-23291,-8707,14040,32027,-14585
NO1,2021,20,606,1452,1386,131,56,4746,1728,75
NO2,2025,23,887,1149,1382,-5084,-574,3776,915,-4510
NO,2026,16,1911,1364,1381,-21182,-301,16232,27231,-20881
NO2,2024,37,1393,1520,1380,2988,2437,3730,18,550
NO2,2018,24,1378,769,1379,-3191,1602,2902,77,-4793
NO2,2020,44,1868,1856,1379,5630,5108,4671,328,522
NO,2003,51,5411,1662,1378,-12040,-11024,13425,16827,-1017
NO3,2022,21,420,1613,1377,3332,-358,2999,9058,3690
NO2,2017,36,1369,657,1376,1262,1159,3207,14,103
NO,2024,50,5366,1546,1375,6319,6567,15112,13716,-247
NO,2008,45,1697,1336,1374,3217,1805,13986,7422,1411
NO,2004,53,6382,967,1370,11098,2157,13313,31142,8940
NO,2006,17,1155,1585,1370,-12561,-2822,13868,39345,-9739
NO,2015,47,3534,1924,1369,4678,6605,14172,6782,-1926
NO5,2025,27,605,1169,1369,-900,21,3033,1259,-922
NO2,2021,40,1517,1493,1367,-7798,-7843,3664,0,45
NO1,2023,21,13,1595,1366,978,110,4490,2145,868
NO,2015,42,1058,1462,1364,4554,7304,13616,620,-2750
NO,2025,52,2595,1896,1364,-4447,2719,15136,11014,-7166
NO,2012,17,3045,1861,1362,21172,9090,15434,59602,12083
NO3,2024,20,-158,1557,1362,-2659,291,2695,3560,-2950
NO2,2020,37,1723,1068,1361,6391,5864,3661,64,527
NO,2025,48,3896,1379,1359,-4196,-507,14732,6319,-3689
NO,2000,47,5411,2276,1358,11603,8753,14672,11058,2850
NO4,2016,26,71,1013,1358,-478,1139,2918,1145,-1618
NO2,2020,41,1928,1292,1357,5855,5501,4133,35,354
NO2,2016,52,2262,786,1354,-2573,-1365,4131,3460,-1208
NO,2007,15,3095,1444,1352,20495,2686,14869,67804,17809
NO,2013,17,3327,2204,1351,-13369,-5467,14058,40992,-7902
NO3,2016,22,-117,1717,1349,-1109,350,2790,3234,-1459
NO,2012,1,4897,1057,1344,17596,10164,13645,31673,7431
NO3,2015,27,-5,1544,1341,2889,-488,2804,4328,3377
NO5,2016,24,44,1428,1341,-102,187,3205,4665,-289
NO,2001,48,4516,1222,1340,11067,4937,14159,16711,6130
NO,2015,2,5937,1407,1340,5294,962,13354,31162,4331
NO5,2024,26,-2,1130,1339,-466,1381,2996,1185,-1847
NO,2016,14,1870,1805,1336,4279,6452,14604,47988,-2173
NO,2013,39,510,1620,1335,-6598,-4027,12304,184,-2571
NO2,2015,22,760,1226,1334,8388,-4781,4455,19452,13169
NO,2016,43,3606,1346,1333,-5720,-2477,12693,1871,-3243
NO2,2017,39,784,583,1332,1716,1695,3527,0,21
NO4,2020,30,995,1130,1332,1972,608,3312,1484,1364
NO,2005,42,2232,1674,1331,3358,4901,14378,1065,-1543
NO5,2024,23,1260,1365,1331,-183,2103,3644,3470,-2286
NO,2019,44,1291,1589,1330,-3304,-1520,13989,2958,-1783
NO,2022,3,6313,1373,1326,-11959,-10031,13672,27193,-1928
NO2,2015,21,813,1252,1325,8521,-3603,4416,20026,12124
NO2,2019,25,397,732,1325,-436,2613,3450,53,-3049
NO2,2018,36,1857,888,1324,-2923,-3598,3793,0,676
NO5,2021,21,151,1294,1324,-3846,-383,3826,4538,-3464
NO,2010,36,218,1434,1323,-13069,-11023,11910,145,-2045
NO,2017,1,3505,1770,1322,-3291,-3028,13307,24317,-263
NO2,2016,30,1137,661,1322,2494,2722,3168,47,-228
NO4,2016,22,-60,1624,1320,-1369,1945,3025,3016,-3314
NO5,2022,40,2193,1294,1320,-542,-1267,3590,283,725
NO5,2023,28,767,977,1320,-396,746,3124,272,-1142
NO5,2018,23,-276,980,1318,-4084,1988,2303,1025,-6071
NO5,2022,22,435,1252,1318,-848,-2156,3733,8220,1309
NO2,2015,31,355,1289,1317,6316,1945,3911,3723,4371
NO5,2024,25,125,1253,1311,-242,1389,3347,2031,-1630
NO2,2024,28,776,1074,1310,2510,2653,3656,353,-143
NO5,2020,29,323,1140,1310,3885,1789,3441,2691,2096
NO,2010,42,3106,1715,1308,-11469,-11157,14071,2603,-312
NO,2020,52,2856,1656,1308,9327,14164,14339,14140,-4837
NO4,2023,20,393,1284,1303,-2256,-679,3497,5950,-1578
NO,2002,3,3587,2107,1301,418,2990,13824,26398,-2572
NO,2016,50,2045,1629,1300,-6957,-5224,13453,13889,-1733
NO4,2023,26,-165,1167,1300,-2192,-311,2820,980,-1881
NO,2014,11,5636,2101,1299,12262,2100,13612,57783,10162
NO4,2025,23,753,1692,1296,7670,3603,3665,8806,4067
NO,2023,50,2996,489,1294,-8387,-6359,12829,14219,-2028
NO1,2016,21,652,1155,1294,-265,21,4338,1143,-286
NO4,2015,31,499,1051,1294,2413,448,3067,2043,1964
NO,2020,7,6997,1430,1293,16084,5549,13263,50316,10535
NO4,2020,27,515,1296,1292,1229,-452,3219,3424,1681
NO4,2019,21,103,1656,1287,-2595,-1116,3307,5471,-1480
NO4,2022,23,257,1161,1287,3181,698,3688,7199,2484
NO,2015,53,2058,1553,1284,17590,12686,14388,26031,4904
NO5,2015,34,-59,1425,1284,2843,488,2804,2577,2354
NO4,2023,21,741,1369,1281,-1819,-284,3479,5243,-1535
NO,2004,42,429,1624,1278,-3101,-1465,14794,556,-1635
NO5,2024,43,1754,1370,1278,1216,1090,3412,295,126
NO4,2015,26,204,1359,1277,1732,-2063,3272,6203,3795
NO,2016,44,3192,1680,1275,-6804,-4071,12731,3267,-2733
NO,2020,5,3869,1317,1274,11077,3693,13582,41934,7383
NO2,2022,43,844,940,1273,-4513,-4611,4284,57,98
NO5,2024,44,2155,1609,1273,1989,1667,3609,495,321
NO4,2024,23,219,1204,1271,-6271,-1741,3052,822,-4530
NO2,2021,27,1526,964,1270,-2330,-765,3203,19,-1565
NO4,2020,29,60,974,1270,1152,19,3012,1943,1133
NO1,2024,19,-61,1533,1269,-53,481,4762,1726,-533
NO4,2024,21,-67,1443,1267,-6385,-2717,3574,3015,-3668
NO,2006,32,1270,1802,1266,-19847,-15227,10100,172,-4620
NO3,2022,23,30,1600,1266,2757,-122,3197,6271,2879
NO,2021,34,151,1551,1265,-14066,-10228,10209,179,-3838
NO,2003,44,3602,1390,1264,-13098,-12095,13325,4402,-1003
NO,2011,50,5006,1371,1264,12603,8453,14262,18964,4150
NO,2014,16,2670,1955,1264,16629,1802,14641,64530,14826
NO2,2018,46,1329,1508,1263,20,1023,4075,100,-1003
NO5,2025,29,108,1058,1262,-1027,170,2422,417,-1197
NO5,2016,30,726,1119,1260,704,565,2803,1020,140
NO,2015,18,1727,1434,1259,15412,-2603,14601,64066,18015
NO3,2021,22,-248,1828,1259,-1898,567,2717,2301,-2465
NO,2002,16,144,1451,1258,11773,4669,14709,56740,7104
NO5,2021,43,1602,1365,1256,-2497,-2720,3461,343,223
NO1,2017,21,-50,1035,1255,-567,36,4085,1079,-603
NO,2015,1,7743,1872,1254,2885,758,14037,25977,2127
NO,2024,47,3364,1553,1252,5633,5112,15302,8100,521
NO3,2022,25,2,1287,1252,2497,421,3009,4012,2075
NO,2015,41,685,1591,1246,6709,8226,13872,745,-1516
NO2,2020,2,2419,904,1243,1628,1516,3699,7420,112
NO3,2017,24,393,1511,1243,1598,581,3075,3667,1017
NO5,2022,27,513,1215,1239,-1305,-1000,3041,1868,-305
NO,2005,3,4210,1882,1237,23421,4852,13489,47874,18569
NO5,2017,31,944,892,1237,52,-10,2913,580,62
NO2,2019,33,1393,973,1236,335,325,3092,0,9
NO4,2021,24,575,954,1235,-1165,1822,3180,1260,-2987
NO5,2023,22,138,1144,1234,418,-518,3722,7858,936
NO2,2024,32,1730,900,1231,1846,1533,3409,52,313
NO2,2015,19,697,893,1230,8396,-1845,3975,21478,10240
NO,2012,44,3925,1522,1228,7277,4425,14451,7132,2853
NO,2017,46,4625,1477,1226,6249,2896,14476,10216,3353
NO,2020,49,2070,1464,1226,13815,15483,15031,10108,-1668
NO,2022,35,-382,1782,1223,-10875,-8940,11242,930,-1936
NO,2009,42,1467,1456,1222,6114,4514,13779,4808,1601
NO,2015,11,4119,1812,1221,14370,2277,13250,60077,12093
NO2,2019,42,1258,1264,1219,2067,1971,3924,214,96
NO1,2023,32,2519,1680,1216,2376,1020,4426,15,1356
NO2,2020,28,1324,2259,1215,8616,5580,4198,2990,3035
NO2,2024,26,-200,1020,1214,2036,3364,3437,807,-1327
NO2,2019,41,1866,880,1213,1875,1526,3735,427,349
NO,2016,48,4303,1420,1211,-6724,-6371,12555,11832,-353
NO2,2023,27,649,1135,1211,-1523,-288,3439,113,-1235
NO5,2023,29,777,970,1210,74,858,3033,219,-784
NO2,2023,32,1548,1019,1209,609,423,3326,8,186
NO4,2018,19,424,1336,1209,-5555,-2147,3367,4820,-3408
NO3,2022,24,313,1374,1208,2720,95,3094,5257,2625
NO,2013,1,5759,1338,1207,826,1874,13212,23627,-1047
NO5,2015,24,250,1089,1207,6711,-4514,3447,15937,11224
NO4,2017,27,590,1460,1206,1784,-986,3476,4257,2771
NO5,2016,39,2141,1207,1206,1479,1320,2930,324,160
NO3,2024,21,-126,1350,1204,-3083,580,2663,2040,-3663
NO5,2016,28,569,1076,1203,597,193,2961,1981,403
NO,2009,45,2745,1053,1202,-543,-153,12682,6923,-391
NO,2015,3,9037,1168,1200,10858,1241,12977,39435,9617
NO2,2025,22,874,938,1200,-5809,68,3808,1054,-5877
NO,2019,50,5292,1275,1198,-3560,-4555,12681,17389,995
NO2,2018,18,542,1177,1197,-2185,333,4495,9310,-2517
NO,2011,49,3770,1451,1196,10947,8158,14808,14788,2789
NO1,2020,24,10,1184,1195,863,-128,3986,1166,991
NO2,2016,31,630,746,1193,2867,3015,3078,36,-149
NO2,2017,41,1159,1090,1193,3415,2995,4151,82,420
NO4,2019,26,615,894,1189,-460,-185,3396,2010,-275
NO2,2022,39,1757,885,1188,-8674,-8625,3457,0,-49
NO2,2023,40,1087,1076,1187,1977,1619,3969,7,357
NO2,2022,42,1189,1409,1185,-4657,-5064,4066,385,407
NO2,2016,49,1262,934,1184,-3215,-1815,4084,1273,-1399
NO,2008,9,6610,1387,1183,22967,9379,12224,58758,13588
NO2,2025,26,462,956,1183,-4856,-2463,2937,243,-2392
NO,2020,16,4482,1303,1181,34274,4222,13347,81050,30051
NO2,2018,23,-375,476,1181,-4774,2097,2215,114,-6871
NO5,2015,31,121,1236,1181,4542,-1078,3201,5850,5620
NO,2008,17,341,1097,1180,21184,3251,13318,67567,17933
NO,2023,15,4178,1546,1180,3019,-3089,13559,57414,6108
NO,2001,47,2984,1565,1179,9670,4926,14290,13335,4744
NO2,2020,40,545,662,1178,5172,5281,3505,5,-109
NO5,2015,38,1244,1250,1177,2551,1469,3176,921,1082
NO5,2024,19,106,1463,1175,288,-957,3932,11022,1245
NO3,2023,24,-259,1725,1173,-1916,-850,2885,1774,-1066
NO,2011,12,7602,1964,1172,-18176,-16138,12441,48300,-2038
NO,2021,35,468,1354,1172,-15590,-11422,9690,251,-4168
NO,2002,38,1325,1449,1169,-1833,1999,10503,266,-3832
NO2,2020,30,294,1254,1168,7954,6143,3798,1456,1811
NO,2002,39,1924,1219,1165,-3317,392,10913,438,-3709
NO,2004,12,4064,1846,1165,-15145,-7281,13007,41909,-7864
NO,2025,35,705,1541,1164,-5824,-3792,11497,580,-2031
NO5,2015,25,108,960,1164,6558,-4910,3519,14957,11468
NO5,2024,34,1690,1225,1161,1586,1082,3467,64,504
NO,2002,14,437,1384,1160,13770,5039,14004,59491,8731
NO1,2017,23,670,697,1160,119,315,3952,486,-196
NO,2012,2,6525,948,1158,20748,10038,13348,37547,10710
NO,2020,6,3750,1167,1156,11833,4424,13345,44723,7408
NO,2023,4,3280,960,1154,-7719,-2368,12919,27288,-5350
NO,2017,2,5069,1386,1153,-1898,-2939,12940,28286,1041
NO2,2017,51,1197,454,1152,4907,3355,3844,5853,1552
NO2,2019,22,449,750,1152,-4024,2350,3926,439,-6374
NO3,2017,20,335,1165,1152,1682,-718,2846,8760,2401
NO,2005,14,3502,1940,1151,12281,323,13811,62912,11958
NO1,2019,18,33,1183,1151,-1417,774,4313,1058,-2191
NO,2001,50,945,1205,1149,7410,4559,13899,18028,2852
NO4,2015,23,607,1166,1147,1779,-1431,3304,8309,3210
NO2,2019,36,1262,903,1146,1755,1544,3328,0,211
NO3,2022,22,578,1482,1143,3316,-295,3118,7975,3610
NO,2025,11,1803,1487,1142,796,11184,14821,36025,-10388
NO,2019,9,2300,2429,1141,-18278,-2452,14555,27014,-15826
NO2,2025,20,-317,1021,1141,-5930,2410,3778,1738,-8339
NO,2005,16,208,1070,1140,12168,-222,13774,62961,12390
NO1,2016,22,-352,808,1140,-591,280,3691,606,-872
NO5,2021,25,239,1013,1140,-3557,-47,2908,591,-3510
NO,2016,5,5999,972,1138,14851,9572,13042,40370,5278
NO2,2016,28,615,639,1138,1694,2638,3079,129,-944
NO,2007,48,5820,969,1137,9769,7355,12833,14321,2413
NO3,2017,22,193,1502,1137,1536,-137,2985,6172,1673
NO2,2018,43,1824,1063,1136,1377,1082,3659,880,295
NO,2002,6,4778,1683,1133,7564,4824,13469,39930,2740
NO,2013,42,706,1293,1132,-9589,-5998,12534,861,-3591
NO2,2017,26,113,906,1132,211,2385,3126,272,-2174
NO2,2017,42,868,989,1131,3363,3307,4065,34,56
NO,2014,9,3860,1492,1129,8246,666,12751,52222,7579
NO1,2018,20,-317,1655,1129,72,1334,4328,809,-1262
NO5,2025,41,973,992,1129,-225,-135,3109,66,-90
NO3,2021,23,137,1184,1127,-1992,656,2552,1389,-2648
NO4,2015,29,-94,1113,1127,1922,-640,3038,3345,2562
NO,2019,8,2946,1518,1126,-16745,-3347,14118,27728,-13398
NO2,2017,14,571,1163,1126,-4643,907,4116,8569,-5550
NO4,2021,29,1003,921,1123,439,1449,2704,108,-1010
NO4,2025,22,456,1609,1123,7741,3657,3565,9874,4084
NO1,2021,21,-84,896,1122,-206,93,4324,1144,-299
NO2,2019,43,1009,952,1122,1894,1949,3991,197,-56
NO,2002,5,7138,884,1121,5927,3700,13412,36948,2227
NO,2003,50,5310,1282,1121,-14055,-11574,13079,13515,-2481
NO2,2017,47,2523,613,1121,4982,2949,3475,4153,2033
NO2,2018,40,885,1037,1121,684,95,3857,351,589
NO,2008,5,5789,1034,1120,15379,7700,12042,43769,7678
NO2,2018,32,1920,868,1120,-3651,-3840,3335,1,188
NO4,2020,31,-203,907,1118,1710,1055,2879,922,655
NO4,2018,25,1335,1040,1117,-4901,-2747,3224,1119,-2154
NO5,2016,32,1054,978,1117,1177,826,2883,721,352
NO,2024,4,7470,1241,1116,-6136,-6780,12679,33523,644
NO5,2018,39,1712,1377,1116,727,64,3246,512,663
NO,2026,12,1995,1819,1115,-24174,-1175,14875,24906,-22999
NO5,2019,25,378,866,1115,-1838,1398,2918,853,-3237
NO,2003,3,8675,1492,1114,-22418,-16760,9885,27251,-5658
NO,2003,42,875,1475,1113,-10190,-8632,13853,1574,-1558
NO4,2025,26,229,1166,1113,7189,3809,3414,5646,3380
NO,2012,14,1680,1217,1111,19497,12343,14594,57324,7154
NO,2001,39,361,1218,1109,-2323,-23,12286,474,-2300
NO2,2024,52,899,770,1109,704,2177,3899,3426,-1473
NO4,2016,21,61,965,1107,-705,1780,3273,4500,-2484
NO,2015,8,4161,1182,1106,11087,1048,13108,52175,10039
NO4,2022,27,691,1450,1106,3101,2507,3249,2307,594
NO,2023,7,3707,1243,1105,-895,-871,13063,39958,-23
NO5,2024,32,1505,986,1105,633,672,3120,92,-40
NO2,2021,46,1139,929,1104,-5481,-5386,4232,852,-95
NO5,2024,35,714,1329,1103,1601,1478,3043,56,123
NO5,2016,29,224,1119,1102,339,245,2726,1404,94
NO,2014,51,6039,845,1101,198,761,12942,17765,-563
NO1,2024,22,246,730,1101,-362,1192,3371,243,-1554
NO2,2019,38,1427,1740,1098,2494,2266,3530,54,228
NO2,2020,48,1864,1472,1097,7440,7053,4378,2149,387
NO5,2023,38,1758,1265,1097,1984,1480,3446,73,504
NO,2020,20,1983,1179,1093,31370,-6555,14221,77065,37925
NO,2013,40,1641,1204,1092,-8125,-5638,12879,120,-2487
NO1,2020,25,-460,825,1092,438,393,3271,571,45
NO2,2019,20,-172,729,1091,-6499,2429,3940,987,-8928
NO2,2021,25,338,1068,1090,-2510,658,3268,115,-3169
NO3,2021,20,384,1021,1090,-616,316,2627,5647,-931
NO,2000,6,5622,1428,1089,26876,10223,12881,54432,16654
NO4,2025,24,221,1307,1089,7539,3431,3582,7955,4108
NO2,2025,25,267,911,1088,-5380,-2234,3054,351,-3147
NO3,2016,21,60,997,1087,-461,-10,2845,5071,-451
NO1,2024,21,-151,750,1086,-710,975,3653,429,-1684
NO5,2019,37,1223,786,1085,311,7,3094,162,304
NO,2019,12,4299,1054,1084,-15511,-1244,13590,34923,-14267
NO,2022,5,6085,948,1084,-5148,-8354,13141,38197,3205
NO2,2020,1,2351,1079,1084,-198,473,3561,6037,-670
NO4,2017,29,336,1225,1082,2242,-57,3496,2625,2299
NO1,2020,22,-33,1222,1078,1383,-1387,4649,3289,2770
NO5,2022,29,118,844,1078,-1703,-1234,2563,1004,-469
NO,2011,51,2839,793,1077,12223,8233,13916,21344,3990
NO,2020,15,2203,1183,1077,31335,4902,13335,77963,26434
NO5,2023,27,526,1028,1077,-1227,512,3030,445,-1738
NO,2026,11,4521,1579,1075,-23236,-1830,13915,25913,-21405
NO,2019,52,1366,616,1074,-5653,-4924,12256,20332,-728
NO2,2023,51,2404,1051,1073,-625,-1073,3435,5158,447
NO4,2016,25,305,945,1073,-601,916,3113,1866,-1518
NO,2005,49,1486,789,1070,5802,8907,14161,9541,-3105
NO5,2016,34,968,899,1070,1287,981,2953,380,306
NO,2015,16,2717,1634,1069,14263,-329,14095,64841,14591
NO2,2025,46,999,954,1067,-4440,-3363,3983,118,-1077
NO3,2023,20,74,1162,1067,-867,-940,2848,6430,73
NO4,2015,30,257,952,1067,1996,-247,3020,2654,2242
NO5,2016,35,833,1061,1067,1570,1367,2860,319,203
NO5,2019,18,106,1248,1067,-5728,1676,3177,3738,-7403
NO5,2021,27,625,683,1067,-3197,-829,2645,200,-2368
NO,2002,15,724,1315,1066,12932,4977,14107,58714,7956
NO,2010,15,2506,1522,1066,-26253,-7925,13241,33295,-18329
NO,2023,2,4760,1128,1065,-6305,-2124,12906,23098,-4181
NO5,2024,28,823,972,1065,77,836,3226,554,-759
NO,2019,16,86,1411,1062,-16809,-776,15702,32609,-16033
NO,2024,14,2757,1035,1061,-2084,-6770,13733,55717,4686
NO4,2024,43,1371,1226,1061,-154,-402,3058,584,248
NO,2008,3,6762,1123,1059,8770,6936,12330,32299,1834
NO4,2021,20,150,914,1057,-1585,1010,2952,5477,-2595
NO5,2018,33,955,907,1057,-1438,-1424,2992,111,-14
NO3,2021,21,-78,1007,1055,-889,324,2844,4309,-1213
NO,2012,48,391,1346,1054,7673,5502,14450,12461,2171
NO,2016,13,2734,1844,1053,4958,6347,13966,48667,-1389
NO,2017,16,2827,1144,1053,-3828,-530,13968,47079,-3298
NO4,2018,21,256,1099,1053,-6089,-1317,3235,2251,-4772
NO4,2024,45,978,1390,1050,1324,786,3097,1219,538
NO5,2017,30,601,825,1050,-743,-446,2618,769,-297
NO2,2021,42,875,935,1049,-7555,-7389,3706,171,-166
NO2,2017,33,854,602,1047,1774,1668,3158,31,105
NO,2015,15,2423,1322,1042,13397,325,14221,63716,13072
NO,2023,6,5725,914,1041,-1533,-1482,12912,37696,-52
NO2,2025,40,2359,881,1041,-3619,-4135,4099,36,516
NO4,2022,28,868,1113,1041,3575,2603,3480,1817,972
NO4,2022,32,841,980,1041,3790,2750,3228,754,1040
NO2,2024,48,1733,829,1039,-158,1096,3821,1064,-1254
NO4,2017,30,-20,1296,1038,1695,242,3283,1603,1453
NO,2008,38,110,1034,1036,-85,2674,11545,298,-2759
NO,2014,50,5501,1050,1036,-2413,1163,13268,12232,-3575
NO3,2023,21,577,1534,1036,-969,-860,2893,5365,-109
NO4,2018,22,-143,875,1036,-6304,-1417,2965,1504,-4887
NO,2021,52,3135,900,1035,-15428,-11545,13781,15653,-3882
NO1,2019,23,572,728,1035,497,572,4328,231,-75
NO3,2018,20,-134,1589,1035,-1682,939,2776,3808,-2621
NO3,2025,26,865,1227,1035,1571,1087,2915,1865,484
NO,2015,7,4899,1326,1034,9925,620,12725,49624,9305
NO3,2025,25,468,1215,1034,1037,889,2729,2365,148
NO2,2022,27,255,1041,1032,-8103,-7257,2997,943,-846
NO5,2017,40,1996,1330,1032,539,335,3053,299,204
NO5,2020,47,2643,1246,1031,2658,2578,3482,1364,80
NO,2019,14,991,1396,1030,-13984,150,14348,36283,-14134
NO3,2020,22,66,1158,1030,5228,-1870,2818,11762,7097
NO,2014,47,561,1176,1027,-3600,2054,14246,2980,-5654
NO,2023,44,2846,981,1027,2122,300,14019,6533,1822
NO,2000,5,8430,824,1026,24341,9307,12934,50234,15034
NO,2018,48,2596,1405,1026,-8184,-1778,14934,3400,-6406
NO,2019,2,3216,1250,1026,-13911,-3208,13673,15809,-10703
NO,2017,48,1510,778,1025,7471,2075,13456,16680,5396
NO2,2025,27,746,919,1024,-4543,-2928,3013,159,-1615
NO,2021,37,870,1484,1021,-18549,-14764,10250,183,-3785
NO,2013,18,3493,1382,1017,-10606,-7064,13873,43237,-3543
NO4,2015,40,1656,892,1017,2897,2480,3054,313,417
NO4,2015,32,189,766,1016,2500,885,2979,1578,1615
NO5,2022,31,827,873,1015,-1248,-1057,2621,619,-191
NO,2009,43,490,1189,1014,2498,2455,13201,4648,43
NO3,2024,22,-59,1217,1014,-3068,740,2330,1344,-3808
NO4,2020,38,1349,871,1014,2972,2275,3174,297,697
NO,2014,38,-107,1374,1013,-5751,-1833,10511,173,-3918
NO4,2022,30,580,1017,1013,3508,2515,3263,1162,992
NO4,2021,25,-4,728,1009,-1178,1569,2870,879,-2748
NO5,2025,20,-140,1036,1009,-3144,1918,3433,4382,-5063
NO5,2020,37,1324,923,1008,2184,1918,2916,302,266
NO,2014,49,2753,1113,1007,-4522,1230,13769,7286,-5752
NO,2026,13,3253,1206,1007,-23164,-530,14284,27104,-22635
NO5,2024,37,1484,1350,1006,2008,1516,3388,56,492
NO,2004,52,5418,1121,1005,7882,2137,13553,25508,5745
NO5,2025,36,1295,983,1005,-618,-409,2675,68,-208
NO,2001,49,2402,1010,1001,10086,4651,13671,18572,5435
NO,2008,51,4478,892,999,4742,-253,12591,23674,4996
NO,2014,48,3642,1371,999,-3597,1676,13904,5564,-5273
NO5,2025,18,859,1154,998,-1973,2149,3298,6899,-4122
NO2,2021,8,1512,1110,997,1292,4036,4034,9119,-2744
NO2,2026,17,-12,968,995,-10574,-3425,4032,5998,-7150
NO,2021,14,5872,1363,994,-2727,8666,14053,39319,-11393
NO,2022,6,7362,762,991,-149,-7457,12939,45029,7309
NO5,2025,22,968,891,991,-2749,969,3411,3516,-3718
NO,2022,47,1714,1414,990,-5070,-89,15132,2767,-4982
NO5,2024,29,388,869,990,173,792,3118,298,-619
NO5,2021,20,218,1223,989,-3619,-311,3470,6099,-3308
NO1,2016,19,-152,1103,987,-843,-85,4232,2031,-758
NO4,2021,27,54,853,986,-1116,1202,2449,196,-2317
NO1,2021,22,-588,753,985,-890,179,3504,595,-1069
NO2,2021,41,1257,978,985,-7722,-7860,3746,206,138
NO3,2024,19,220,1106,985,-2102,-322,2835,5294,-1781
NO,2007,51,1745,1291,984,5666,6547,12710,17679,-881
NO,2023,18,1098,1110,984,3554,-5657,14222,55641,9211
NO,2020,50,1670,1091,983,11413,14796,14429,11264,-3383
NO,2012,10,3491,929,980,19208,8131,13333,57257,11077
NO,2002,43,6919,1100,978,-7560,-6995,10910,6332,-565
NO5,2022,28,72,802,978,-1528,-1191,2712,1489,-337
NO,2017,8,5141,1336,976,-8272,-2084,12752,36304,-6187
NO5,2023,34,1081,1103,976,1820,1257,3506,84,563
NO,2005,51,2977,782,973,6991,8507,13703,16051,-1516
NO,2015,10,4309,1084,973,13425,1858,13417,57664,11568
NO5,2020,28,814,1350,971,3969,1558,3336,3613,2411
NO1,2021,19,838,923,970,31,-313,4905,2460,344
NO,2014,10,4158,1099,969,9644,1184,13296,54678,8461
NO2,2016,27,-144,650,969,1166,2734,3005,215,-1568
NO4,2024,26,415,1048,968,-5090,-2401,2834,157,-2689
NO,2019,51,2543,739,967,-4123,-4711,12526,19331,587
NO,2025,47,1412,1219,966,-4194,-447,14717,4417,-3747
NO2,2017,19,322,1058,966,-5694,-1720,3988,7252,-3974
NO,2018,49,4020,1403,965,-7773,-1855,14258,6631,-5918
NO4,2015,24,566,887,964,2158,-1652,3224,8013,3810
NO2,2017,13,893,984,962,-4707,149,4385,8938,-4856
NO3,2019,17,18,1410,961,-2393,563,2830,5076,-2956
NO,2008,4,7332,924,959,12710,7216,12156,38895,5494
NO2,2018,45,458,766,959,37,484,4085,299,-447
NO,2025,8,4187,876,957,-2752,8248,14674,29570,-11000
NO,2003,16,84,1452,955,-24985,-12302,13287,38375,-12683
NO,2007,47,2589,1009,953,7016,7533,13085,9278,-517
NO5,2019,35,747,905,953,-492,-342,2742,85,-150
NO,2021,12,2624,1263,952,-8317,6415,13986,34062,-14732
NO5,2024,24,648,907,952,-36,1583,3773,2768,-1619
NO2,2019,35,259,664,951,1231,1373,2947,0,-142
NO2,2020,39,1410,857,950,5327,5232,3590,11,95
NO4,2015,33,299,761,950,2591,1265,2878,1252,1325
NO,2022,48,1623,1249,949,-7423,-921,14420,3818,-6502
NO2,2017,32,305,683,948,1308,1540,2877,39,-232
NO5,2018,32,1148,735,948,-1970,-1647,2810,118,-324
NO5,2025,28,-143,820,948,-1196,-128,2671,800,-1068
NO,2026,14,4791,1072,946,-20316,-110,14402,30157,-20206
NO2,2023,34,712,784,945,1007,613,3466,3,394
NO3,2023,25,55,1180,945,-2115,-701,2544,988,-1414
NO4,2021,28,620,708,944,-385,1219,2606,114,-1604
NO4,2022,33,406,829,944,3825,2947,3141,542,878
NO5,2019,26,90,674,944,-1780,995,2624,630,-2775
NO2,2017,52,1752,874,943,5223,3428,3547,7046,1795
NO5,2017,26,-29,930,943,-568,443,2814,2204,-1011
NO5,2020,32,557,1254,943,3324,2397,3172,1008,928
NO2,2017,38,586,676,939,1411,1453,3304,9,-42
NO2,2024,33,647,879,938,1589,1352,3284,36,237
NO,2018,52,3066,1049,937,-14130,-4542,13585,10143,-9589
NO5,2020,30,99,1008,937,3293,1748,3065,2165,1546
NO,2016,15,783,1132,936,3203,5885,14249,47933,-2682
NO2,2024,49,686,916,935,-463,1327,3655,1312,-1790
NO4,2024,25,723,884,934,-5534,-2299,2991,270,-3235
NO5,2020,22,148,1264,934,6755,-2321,3667,16053,9076
NO5,2021,26,-303,680,934,-3818,-499,2390,319,-3319
NO5,2022,30,418,834,934,-1695,-1247,2484,752,-448
NO,2007,5,5578,936,931,21926,2196,13422,54442,19731
NO1,2019,17,30,1397,931,-1194,272,4834,1722,-1466
NO2,2024,36,1309,1096,931,2843,2298,3651,11,545
NO5,2015,36,777,1172,931,3165,1421,3174,1520,1744
NO5,2020,34,270,780,931,2229,2247,2655,354,-18
NO5,2019,33,1083,764,930,-1256,-883,2647,98,-373
NO5,2025,23,380,920,930,-2742,247,3191,3220,-2989
NO,2007,46,1458,1070,929,7605,8103,13459,7382,-498
NO,2009,46,1447,698,929,-2055,-1050,12435,7899,-1005
NO2,2021,45,1189,985,929,-5736,-5774,3988,881,38
NO,2000,2,4142,1314,927,17408,9073,12896,35623,8335
NO,2014,52,4204,691,926,619,-291,12641,21586,911
NO2,2020,8,5106,972,926,11290,4772,3480,18936,6518
NO4,2022,29,522,1005,924,3531,2529,3341,1483,1002
NO4,2025,27,112,1152,924,6706,3655,3253,4761,3052
NO3,2023,23,-71,958,919,-1004,-1101,3074,3613,98
NO2,2024,30,236,877,918,1835,2065,3092,121,-230
NO,2009,44,1017,887,916,-97,685,12795,5154,-782
NO3,2019,18,531,1202,915,-2293,991,2644,4541,-3284
NO4,2016,24,437,652,915,-711,1082,3267,2368,-1792
NO2,2024,27,975,772,913,2359,2845,3684,617,-486
NO,2022,12,1909,1538,912,-2837,-7880,13940,53882,5043
NO2,2017,44,673,889,912,3189,3296,4122,248,-107
NO4,2025,29,-245,1148,910,4400,3396,2750,2076,1005
NO,2024,13,2789,896,909,-3126,-7010,13183,54722,3884
NO,2021,16,852,2045,908,-5606,6664,14862,37213,-12270
NO,2018,47,255,1570,907,-7087,-1417,15081,2128,-5671
NO,2023,43,189,1205,907,2455,1532,14470,4259,923
NO5,2021,40,1228,1092,907,-4056,-4076,3092,76,20
NO,2016,16,2026,1179,906,3830,5202,14053,48920,-1372
NO5,2017,32,437,804,906,-25,26,2757,444,-51
NO5,2025,38,689,942,906,-18,-80,2993,84,62
NO3,2017,25,542,1198,905,1661,567,2957,3082,1093
NO,2003,49,4080,1214,904,-16275,-12111,13093,9550,-4164
NO2,2018,25,420,569,904,-2780,942,2757,71,-3723
NO5,2019,34,921,1005,904,-953,-681,2662,93,-272
NO4,2019,27,298,711,903,-319,-341,3229,1755,22
NO3,2021,24,488,782,901,-1419,685,2553,1069,-2104
NO4,2020,32,324,806,901,1825,1319,2871,576,506
NO5,2023,39,1088,1144,899,2024,1591,3458,70,433
NO5,2020,38,602,949,898,1859,1957,2673,244,-98
NO,2003,47,1978,912,897,-16626,-12568,13112,5709,-4059
NO,2002,7,4963,1020,894,9634,5369,13417,43893,4265
NO1,2015,27,-326,514,894,79,-580,3110,856,660
NO1,2022,21,339,569,894,-1740,-1051,3843,1236,-689
NO2,2020,34,703,623,894,6429,6330,3088,86,99
NO,2012,8,6893,952,892,17275,7071,12700,52748,10204
NO4,2020,28,-19,782,891,1069,-453,3071,2775,1522
NO4,2017,33,582,840,890,1987,985,3168,639,1003
NO,2020,11,4527,1000,889,27738,6705,12659,69609,21034
NO5,2022,44,1294,898,889,-112,-236,3505,403,125
NO2,2018,42,856,1292,888,946,1212,3763,14,-266
NO5,2017,29,193,801,888,-1092,-595,2409,1130,-497
NO5,2017,33,668,712,888,240,139,2866,352,101
NO3,2023,32,1967,1600,887,-68,-397,2690,105,329
NO,2007,14,2658,1205,886,18826,2517,13690,67383,16309
NO4,2018,38,1122,700,886,-3944,-4193,2963,59,249
NO5,2016,27,106,926,886,359,147,2864,2561,212
NO4,2019,30,-177,711,885,-1298,-674,2342,466,-625
NO1,2017,22,51,701,884,-645,32,3766,725,-677
NO2,2020,3,3422,1148,884,3791,2245,3582,9841,1546
NO1,2015,28,738,587,882,756,-187,3435,670,943
NO2,2023,37,1169,582,881,-1053,-904,3049,1,-149
NO3,2018,41,643,805,881,250,-63,2582,213,313
NO3,2015,28,811,1593,880,2921,-54,2738,3549,2976
NO2,2016,29,-61,479,878,1360,2389,2617,72,-1028
NO5,2023,20,12,1286,878,830,-385,3640,10453,1215
NO,2005,48,1769,1126,877,7682,9387,14578,8457,-1706
NO4,2024,24,56,824,876,-6180,-2043,2837,453,-4137
NO5,2018,31,1002,803,876,-2713,-1663,2255,127,-1050
NO5,2018,42,905,1390,876,1019,1156,3010,279,-137
NO,2024,17,1157,1061,871,-1136,-6129,14299,53646,4993
NO,2021,9,3040,1856,870,-7858,6606,13935,28995,-14464
NO3,2021,43,790,929,870,768,-22,2701,874,790
NO2,2016,18,589,773,868,3548,1688,4274,13908,1860
NO2,2016,36,530,476,868,2767,2942,2929,13,-176
NO3,2019,24,24,881,868,-787,1100,2537,1302,-1887
NO2,2022,18,77,604,867,-8661,-7052,3938,10775,-1610
NO4,2022,31,409,793,867,3453,2486,3208,905,967
NO5,2023,33,695,1047,867,1464,1108,3381,92,356
NO2,2025,43,1359,818,866,-4763,-4316,3796,1,-447
NO4,2017,31,546,1173,866,1617,441,3213,1109,1176
NO4,2023,22,884,911,862,-1232,-500,3345,5278,-732
NO5,2019,27,667,727,862,-1390,619,2620,584,-2009
NO,2012,15,2757,1188,860,20223,11675,14441,58972,8548
NO3,2018,22,-230,1311,859,-3192,756,2347,1188,-3947
NO,2019,7,4161,991,857,-16634,-4103,13501,27013,-12531
NO,2009,2,4377,612,856,1720,-1795,12378,31322,3516
NO2,2025,49,1082,998,856,-5753,-3858,3677,1184,-1895
NO5,2021,42,1201,890,855,-3158,-3407,3040,635,249
NO2,2018,34,331,834,854,-3556,-3430,2949,0,-126
NO,2006,2,3524,912,849,-1711,5934,13193,19347,-7645
NO2,2023,16,271,938,849,2124,-1472,4141,17223,3596
NO5,2016,31,435,821,849,670,589,2694,819,81
NO4,2018,33,663,652,848,-4630,-4655,2774,55,24
NO4,2023,28,-63,631,848,-2463,-860,2399,322,-1602
NO,2003,48,1937,882,847,-17375,-12480,12964,6881,-4895
NO4,2016,36,748,719,847,998,676,2933,93,322
NO4,2018,42,815,838,847,-2603,-2857,3195,283,254
NO2,2019,26,104,616,846,-331,2238,2975,28,-2569
NO,2009,49,1395,1016,843,996,1403,12983,13417,-407
NO5,2019,22,640,636,843,-3764,1240,3231,2410,-5003
NO,2017,11,5484,1173,842,-7132,-2146,12507,43740,-4987
NO,2023,8,5623,858,842,1846,-679,12725,45044,2525
NO3,2019,38,1660,1081,842,1157,592,2447,370,565
NO1,2016,20,307,542,841,-612,-221,4288,1721,-390
NO4,2019,28,-193,784,840,-802,-564,2913,1174,-237
NO5,2025,21,296,792,840,-3346,1447,3265,3769,-4793
NO5,2025,24,-110,662,840,-2960,-412,3114,2497,-2548
NO1,2023,22,-180,659,839,664,59,4113,1660,605
NO4,2021,21,-48,671,839,-1742,823,3004,4689,-2565
NO5,2017,28,346,676,838,-897,-465,2585,1522,-431
NO,2023,12,3448,730,837,3292,-1581,12597,55056,4874
NO2,2024,42,1393,764,837,679,528,4194,0,151
NO1,2020,26,-8,652,833,322,681,2907,263,-359
NO4,2016,27,492,756,833,-156,1002,2931,873,-1159
NO2,2024,29,569,787,832,2305,2254,3584,185,51
NO,2020,53,2950,1014,831,7403,12528,13780,16612,-5125
NO,2021,18,719,669,828,-6931,2060,13995,37666,-8991
NO,2018,4,4360,594,826,5851,886,12205,38317,4964
NO1,2022,26,753,527,826,-956,-690,3077,185,-266
NO5,2018,25,503,764,826,-2633,1215,2436,725,-3848
NO,2008,6,3376,677,824,15951,8082,12019,46509,7868
NO,2020,9,4041,925,824,24456,6783,12815,62252,17674
NO,2022,7,4040,737,823,1480,-6771,12744,48551,8251
NO5,2023,41,1552,927,823,2486,1645,3339,767,841
NO4,2025,3,2100,1148,822,6367,3704,2632,7489,2663
NO2,2015,39,759,913,821,6072,5538,3875,165,534
NO2,2025,44,1350,783,821,-4791,-4548,4132,101,-244
NO5,2021,41,1267,975,821,-3699,-3854,3108,312,156
NO,2019,47,4176,850,820,-7338,-5085,12889,7738,-2253
NO5,2022,20,287,985,820,-1064,-2035,3594,10254,971
NO,2015,9,3510,853,819,11918,1404,12906,55002,10514
NO2,2020,51,1517,666,818,6261,6536,4146,3724,-275
NO4,2018,34,800,777,818,-4207,-4365,2844,54,158
NO,2003,46,646,992,817,-16023,-12479,13485,4310,-3544
NO2,2017,30,674,470,815,127,809,2691,70,-682
NO4,2023,36,849,622,815,-1691,-1517,2475,55,-174
NO,2008,52,2990,752,814,4040,-1136,12405,26088,5176
NO,2010,45,1227,1067,814,-12627,-12614,13741,6243,-13
NO5,2020,39,861,664,814,1875,1902,2928,139,-27
NO1,2015,38,1327,671,813,1529,715,3971,49,814
NO5,2024,30,389,914,813,91,722,2854,199,-631
NO2,2020,46,794,862,812,5273,5691,4443,317,-418
NO5,2025,45,920,845,812,-759,6,3237,76,-765
NO,2016,11,1603,1591,810,6718,6499,14175,47278,219
NO,2022,13,1786,1159,810,-3896,-8247,13555,54818,4351
NO5,2025,33,279,881,810,-221,331,2448,116,-553
NO,2017,17,1848,832,809,-3192,-2275,13451,48585,-917
NO4,2021,26,-117,525,808,-1242,1244,2634,560,-2486
NO5,2021,39,1290,707,808,-4522,-4409,2903,79,-113
NO,2017,50,821,763,807,8029,2355,13174,21576,5675
NO,2025,2,2219,790,807,5815,8115,13762,24122,-2301
NO1,2022,22,338,538,807,-1311,-1006,3817,1047,-304
NO4,2024,46,1979,1053,807,2551,1448,3152,1963,1103
NO5,2025,10,3492,999,806,-772,1291,3274,8237,-2063
NO4,2017,32,390,790,805,1686,627,3185,816,1059
NO5,2021,19,359,839,805,-3357,-287,3623,7016,-3070
NO,2022,52,6373,779,803,-8141,-3545,13058,15662,-4597
NO5,2015,23,1142,866,803,6733,-4148,3455,16826,10881
NO,2025,5,928,849,802,1342,9560,14176,25739,-8218
NO,2005,4,1981,591,800,21781,4605,13083,49651,17176
NO2,2024,16,81,890,800,3441,417,3641,17151,3024
NO5,2017,27,186,774,800,-953,-168,2620,1808,-786
NO,2018,1,2135,574,799,7677,2627,12621,30316,5050
NO4,2018,39,1804,975,799,-3174,-3752,3093,331,577
NO4,2019,22,799,726,798,-2004,-1435,3457,5329,-569
NO,2025,6,2506,930,797,88,9431,14021,27295,-9343
NO2,2015,48,1121,502,797,3400,3114,3772,2654,286
NO,2001,17,2134,1232,796,-7747,230,13650,41326,-7977
NO,2002,44,2733,1101,796,-8695,-8825,10412,8448,129
NO,2016,12,1650,1146,796,5514,6411,13823,48060,-897
NO,2026,1,2997,1040,796,-7363,2504,14246,13774,-9867
NO2,2016,47,934,554,796,-2734,-2026,3569,1318,-708
NO1,2023,23,-364,607,795,128,-17,3720,1059,145
NO2,2025,17,154,852,794,-4497,3820,4365,4498,-8317
NO4,2015,35,227,616,794,2119,1727,2509,591,392
NO5,2024,33,688,844,793,615,634,3025,73,-19
NO,2023,5,6527,890,791,-4499,-2205,12656,33184,-2294
NO5,2019,30,203,724,791,-1826,-506,2188,176,-1320
NO3,2015,26,82,1050,790,3202,-1243,2804,5936,4444
NO4,2020,37,767,643,790,2079,1740,2863,197,339
NO5,2015,51,931,424,789,4578,1546,3170,6764,3032
NO1,2023,24,-405,668,788,-377,99,3177,508,-476
NO3,2022,20,128,1053,788,3467,-645,2987,10330,4112
NO,2008,10,3850,645,785,23845,9171,12023,62165,14675
NO3,2015,24,384,915,785,3338,-1241,2754,7551,4579
NO4,2020,39,1550,1239,785,3070,2525,3219,172,544
NO3,2022,27,840,1180,784,2588,1058,2931,2355,1530
NO5,2019,17,143,1274,783,-5507,1095,3540,4570,-6602
NO2,2025,33,128,711,782,-5769,-5284,2593,5,-484
NO5,2016,20,406,685,782,1984,-606,3439,12028,2590
NO2,2017,28,351,497,780,-91,1147,2764,151,-1238
NO2,2025,19,-268,848,780,-4908,3208,4169,2929,-8116
NO,2023,45,1136,913,779,-573,-1336,13507,7252,763
NO2,2016,4,2723,671,779,6271,4934,3599,10523,1337
NO3,2025,22,613,829,779,1002,1388,2844,4253,-386
NO,2016,17,1907,915,775,4633,3660,14332,49593,973
NO,2023,1,4252,570,775,-8582,-3097,12839,19563,-5485
NO,2009,50,1196,803,774,-1135,1162,12639,14139,-2298
NO2,2025,21,400,742,774,-6402,973,3681,1263,-7375
NO4,2015,22,253,821,772,1584,-1301,3297,8945,2886
NO2,2021,30,1548,799,771,-3120,-2459,2781,1,-661
NO3,2021,19,250,786,770,-882,73,2555,6398,-955
NO3,2025,27,348,1104,770,1567,1141,2728,1454,427
NO4,2017,35,603,672,770,2358,1388,3185,493,970
NO5,2024,27,484,675,770,-358,918,2997,942,-1275
NO3,2023,22,269,746,768,-736,-1002,2870,4878,266
NO4,2023,23,313,660,768,-1237,-1072,3338,4901,-164
NO1,2022,23,-101,554,765,-1475,-1029,3473,714,-447
NO3,2019,25,500,845,764,-428,1036,2560,921,-1464
NO4,2023,39,769,798,763,-591,-698,2899,53,106
NO3,2018,39,1924,1201,762,15,-534,2437,425,549
NO4,2018,24,109,441,762,-5957,-2643,2770,1344,-3314
NO4,2025,28,-214,925,762,5654,3391,3071,3517,2263
NO5,2022,43,614,649,761,-702,-675,3271,283,-27
NO,2004,15,2225,1199,760,-15763,-7104,12930,43275,-8660
NO1,2023,30,790,747,758,1162,492,3702,35,670
NO,2000,3,4419,923,757,18132,8971,12787,39167,9160
NO,2008,1,1822,741,757,4381,6676,12343,23249,-2295
NO,2020,14,4143,780,757,30846,5283,12734,77594,25563
NO2,2019,27,518,547,757,94,1890,2968,23,-1796
NO2,2025,3,770,651,757,-1244,2104,4043,4485,-3348
NO,2020,12,4335,878,756,29342,6387,12582,73153,22955
NO,2020,13,2381,1059,756,28868,5894,12996,74000,22974
NO5,2023,40,1057,1019,756,1893,1503,3338,200,390
NO1,2018,18,276,724,755,1613,-21,4659,4537,1634
NO1,2022,39,758,364,755,-687,-725,3312,25,38
NO2,2016,34,633,554,755,2968,3031,2994,18,-62
NO,2001,51,2695,868,753,5998,3568,13501,20198,2430
NO,2012,3,2908,567,753,20058,9603,13045,40204,10455
NO,2017,7,1815,762,753,-10250,-2527,12810,32511,-7724
NO5,2017,36,693,583,753,-395,-182,2560,178,-213
NO5,2018,34,578,919,753,-1686,-1479,2711,110,-206
NO,2000,9,6359,919,752,29734,9711,12282,65135,20023
NO,2002,4,5214,1251,752,1646,3068,13313,30822,-1422
NO1,2021,23,-133,448,752,-1059,75,3124,376,-1133
NO,2000,10,6353,587,751,33156,9449,12176,71045,23707
NO1,2018,17,184,981,751,1554,-80,4313,5343,1634
NO4,2020,45,1466,606,751,2693,2681,3012,778,12
NO1,2015,23,693,1000,750,859,-1239,4625,2107,2098
NO,2021,51,1698,1325,749,-15237,-11196,13725,13503,-4041
NO1,2019,20,-6,699,748,-990,238,4434,737,-1227
NO5,2016,36,209,652,748,1279,1336,2643,250,-58
NO1,2015,26,103,502,747,310,-986,3586,1238,1295
NO2,2020,32,359,1314,747,8028,6955,3735,486,1074
NO2,2025,24,-290,685,747,-5496,-1588,3290,575,-3908
NO,2008,11,2487,1006,745,23428,9012,12077,63573,14416
NO1,2023,19,36,821,744,2405,-590,4826,5190,2995
NO3,2018,21,-200,1265,743,-2511,775,2665,2415,-3286
NO,2000,12,3496,762,742,35044,8555,12296,76973,26489
NO,2003,4,5385,1003,741,-19917,-15851,9757,31734,-4067
NO3,2017,28,728,944,741,1521,366,2753,1713,1155
NO5,2020,45,912,881,741,1431,1615,3341,554,-184
NO,2014,13,904,987,740,15720,2588,13546,63608,13132
NO1,2023,25,238,512,740,-158,235,3109,294,-394
NO2,2017,27,220,558,740,-31,1700,2864,193,-1730
NO3,2025,18,935,881,740,794,2455,2593,6215,-1661
NO,2023,47,4437,826,739,-2566,-3906,12897,11323,1340
NO1,2015,20,358,614,739,327,-625,4382,2969,952
NO2,2015,17,328,840,739,8211,-234,3864,21761,8445
NO5,2025,30,-166,662,739,-1441,-20,2011,252,-1421
NO2,2016,35,293,488,738,2774,3016,2831,15,-242
NO,2009,14,1878,840,737,-2172,-3861,12634,53820,1690
NO2,2020,17,-30,1116,737,14542,3311,3951,24460,11231
NO5,2022,41,943,978,737,-590,-1106,3290,492,516
NO,2008,49,1132,657,736,6342,1227,12787,19135,5115
NO,2011,13,2007,754,736,-17910,-15846,12855,49103,-2064
NO,2022,1,3267,919,736,-18003,-11859,13251,18492,-6144
NO,2026,15,541,881,736,-21075,-90,14432,29448,-20984
NO,2022,51,3809,644,734,-11969,-3831,13124,10008,-8138
NO4,2025,31,248,806,733,3561,3376,2535,796,185
NO5,2019,38,1281,1313,733,217,66,2875,290,150
NO5,2023,37,934,845,733,1259,1179,2959,73,80
NO3,2025,23,120,763,732,937,1015,2728,3783,-78
NO5,2023,30,521,768,732,134,680,2981,158,-546
NO1,2015,22,619,683,731,749,-1142,4652,2406,1891
NO,2017,12,3013,694,730,-6368,-2137,12531,46018,-4231
NO,2019,48,2064,733,729,-8481,-5671,12485,9446,-2809
NO,2002,8,4220,998,726,10578,5321,12985,47516,5257
NO,2016,6,2896,985,726,14234,9595,12850,42449,4639
NO,2017,5,1643,1025,726,-5936,-2176,13085,31289,-3759
NO5,2017,37,829,667,726,-50,-56,2805,153,6
NO,2002,10,8083,694,724,15756,5407,12647,57216,10349
NO2,2025,13,738,541,724,-4215,3010,3751,7204,-7224
NO4,2019,35,490,583,724,-1343,-1098,2372,91,-245
NO,2016,41,-25,1060,723,-2901,745,12178,310,-3645
NO2,2022,2,1013,516,723,-10958,-7359,3730,3678,-3599
NO4,2024,34,905,800,723,-2491,-2379,2570,57,-112
NO,2025,12,1055,911,722,-972,10993,14464,36351,-11965
NO1,2021,40,993,714,722,-178,-469,3675,4,291
NO2,2017,29,16,412,721,-360,832,2422,103,-1192
NO3,2016,19,52,1104,719,-747,127,2492,6543,-875
NO2,2022,28,38,647,718,-8424,-7592,2664,656,-832
NO2,2022,31,613,460,718,-8338,-7682,2494,113,-656
NO3,2023,26,534,986,718,-1884,-707,2564,555,-1177
NO4,2020,22,295,924,718,3278,-3648,3004,13277,6926
NO,2014,14,599,917,717,13952,1921,13323,63473,12031
NO,2024,9,2435,871,717,-82,-5830,12794,50348,5748
NO2,2023,17,712,1122,717,2051,-1669,3787,17112,3719
NO4,2025,30,70,912,717,3744,3306,2573,1298,438
NO,2002,41,263,882,716,-7566,-2859,10718,710,-4706
NO,2016,1,548,757,716,12938,10628,13634,26564,2311
NO1,2024,18,-46,717,716,635,133,5153,2912,503
NO2,2023,30,148,703,715,57,409,3070,22,-352
NO,2016,42,703,852,714,-5440,-817,11975,387,-4623
NO1,2025,16,306,694,714,-1823,886,4209,1408,-2709
NO2,2017,15,551,749,714,-4462,1178,3777,8678,-5639
NO4,2019,29,-141,549,714,-1096,-760,2624,862,-335
NO,2022,36,-366,1219,713,-13611,-10483,10187,787,-3127
NO1,2023,38,1860,733,713,1696,518,4381,2,1178
NO4,2021,36,616,600,713,438,547,2538,58,-108
NO5,2022,32,85,647,713,-1814,-1372,2336,473,-443
NO4,2018,41,616,614,712,-2858,-3343,3084,472,485
NO5,2021,30,988,658,712,-2959,-1995,2619,101,-964
NO1,2019,24,325,709,711,568,568,4017,144,0
NO4,2015,25,214,738,711,2003,-2179,3237,7441,4181
NO,2014,7,3967,721,709,7405,150,12523,47777,7255
NO2,2020,4,1027,704,709,3876,2889,3635,10138,987
NO2,2022,4,2123,532,708,-9875,-6721,3585,6047,-3153
NO5,2019,20,16,630,708,-5159,1097,3334,3287,-6256
NO,2005,5,4773,1116,707,22769,4599,13271,53032,18170
NO,2002,45,1498,641,706,-10470,-10168,10215,9479,-303
NO5,2019,36,844,897,706,-490,-325,2689,96,-166
NO1,2017,24,62,607,705,58,342,3572,305,-284
NO4,2016,23,475,598,704,-1200,1320,2984,2900,-2520
NO4,2023,27,61,692,704,-2440,-726,2622,627,-1714
NO5,2025,37,1176,822,704,-194,-435,3133,59,240
NO1,2015,24,-99,775,703,479,-1198,4124,1715,1677
NO3,2023,19,4,873,702,-733,-1240,2612,7804,507
NO4,2025,32,431,836,702,3742,3530,2555,598,212
NO,2015,4,1715,510,701,8655,561,12611,41040,8094
NO1,2017,37,678,469,701,563,120,3559,10,443
NO2,2019,30,107,569,700,-623,599,2219,2,-1222
NO3,2015,23,756,841,700,3069,-1217,2728,8147,4286
NO5,2021,28,9,586,700,-3328,-1290,2359,142,-2038
NO2,2015,43,918,451,699,2432,3089,3555,32,-657
NO2,2020,38,420,1124,699,5083,5414,2995,30,-331
NO,2003,13,2110,1141,698,-25142,-12290,10711,40459,-12851
NO3,2016,32,958,709,698,-299,-651,2524,294,352
NO4,2018,32,649,526,698,-5191,-4961,2655,57,-230
NO2,2015,47,1461,850,695,3156,2964,3667,2120,192
NO3,2019,20,28,681,695,-1950,574,2814,3867,-2523
NO4,2015,42,1046,720,694,2776,2670,3014,315,105
NO,2024,10,138,768,693,-2880,-6023,12359,50296,3142
NO2,2017,18,-127,843,693,-5078,-795,4223,7816,-4283
NO4,2020,33,237,651,693,1735,1387,2763,389,348
NO1,2018,21,-440,723,692,-848,969,3604,347,-1817
NO3,2025,24,101,643,692,857,735,2814,3033,122
NO,2007,4,3384,595,690,19519,1827,13241,50008,17691
NO2,2018,31,1353,727,690,-5019,-3968,2212,1,-1050
NO2,2019,32,797,444,689,-592,-82,2637,0,-510
NO2,2020,36,664,477,688,5620,5694,2995,49,-73
NO,2000,51,734,922,687,7029,10031,13814,14453,-3002
NO,2021,3,4892,596,686,1664,8448,13035,22975,-6784
NO2,2025,9,461,741,686,-4706,1428,3607,6812,-6134
NO3,2025,16,123,734,685,394,2420,2544,6541,-2026
NO3,2025,41,1416,724,685,818,859,2311,130,-41
NO,2005,6,4091,1010,684,23366,4679,13005,56342,18687
NO3,2025,20,-55,714,684,368,2012,2781,4780,-1644
NO,2019,10,2977,1100,683,-18226,-2098,13756,29629,-16128
NO2,2021,50,1388,603,683,-8271,-6924,3825,2277,-1347
NO,2008,2,4069,640,682,5296,6456,12193,26832,-1159
NO3,2022,37,1176,545,682,406,20,2274,332,386
NO4,2015,45,1389,1014,682,3230,3308,3017,682,-79
NO4,2024,35,304,775,682,-2256,-1973,2370,54,-284
NO5,2022,33,413,617,682,-1845,-1520,2449,343,-325
NO,2006,3,4201,615,681,-1298,5380,12818,23298,-6678
NO5,2023,35,804,1283,681,1533,1285,3145,79,248
NO,2004,14,968,817,680,-16751,-7240,12696,42557,-9511
NO2,2019,13,651,549,680,-6984,907,3817,6472,-7890
NO2,2019,19,811,632,680,-6326,3026,4007,1854,-9352
NO4,2016,35,847,674,680,562,321,2846,103,241
NO,2011,3,3531,511,679,-26795,-20093,11750,24343,-6702
NO1,2020,41,1181,526,679,820,611,3708,3,209
NO2,2025,15,302,689,679,-4815,3308,4132,5840,-8123
NO3,2017,26,124,918,678,1340,414,2800,2423,927
NO5,2018,40,1128,933,678,686,-58,3063,828,744
NO,2024,6,1095,758,676,263,-5475,12289,44109,5738
NO2,2015,45,814,467,676,1366,2367,3806,24,-1001
NO2,2019,39,571,829,675,1851,2018,3339,0,-167
NO1,2024,37,1520,1087,673,1678,702,4100,1,975
NO3,2016,49,1463,723,672,641,-875,2152,3829,1517
NO,2007,50,655,707,670,8160,7225,12571,17439,935
NO1,2015,19,494,491,669,164,-440,4306,3320,604
NO,2006,5,2475,1237,668,-4682,4542,12888,26022,-9224
NO4,2016,30,435,656,668,-113,479,2621,220,-592
NO,2019,15,49,946,667,-15696,-518,13630,36057,-15178
NO4,2024,42,554,731,667,-1199,-1297,2768,554,98
NO1,2016,26,513,352,666,-186,90,3138,114,-277
NO2,2022,17,0,848,666,-8607,-6700,3844,11429,-1907
NO3,2023,28,481,661,665,-1389,-735,2400,257,-653
NO,2020,10,4275,594,664,25746,6498,12611,66150,19248
NO1,2018,22,-444,465,664,-1348,775,2942,102,-2124
NO2,2022,16,-37,981,664,-8033,-6445,4123,12058,-1588
NO2,2023,42,480,861,664,3016,2475,3753,831,541
NO3,2019,27,791,757,664,91,782,2435,629,-691
NO2,2020,7,3535,725,663,7051,4131,3420,14725,2920
NO3,2020,27,570,1061,663,2399,997,2532,2625,1402
NO1,2022,45,786,599,662,353,185,4167,134,168
NO3,2024,18,-28,659,662,-2017,-603,2671,6384,-1413
NO4,2018,26,273,653,661,-4994,-3280,2980,986,-1714
NO,2008,7,2001,574,659,14854,7968,11884,48046,6886
NO1,2025,38,300,726,659,138,-194,3535,3,332
NO,2012,16,1387,814,658,19694,10091,14169,59779,9603
NO3,2024,24,476,695,657,-1843,190,2448,1245,-2033
NO4,2017,21,238,660,657,2587,-2408,2780,12473,4995
NO,2003,43,1082,888,656,-13241,-11023,13008,2581,-2217
NO3,2025,21,488,674,656,640,1662,2739,4606,-1022
NO4,2025,33,989,836,656,4175,3636,2850,493,539
NO,2008,14,2910,1116,655,22289,6832,12155,68067,15457
NO3,2021,42,1625,768,655,689,-436,2417,1346,1125
NO,2015,5,3980,668,654,9333,491,12486,44488,8841
NO4,2020,1,3052,798,654,-2153,-3101,2378,5265,948
NO5,2015,52,2187,1312,653,5153,1867,3010,7699,3286
NO,2007,6,1835,707,652,20436,2105,12980,56010,18330
NO,2010,16,1397,839,652,-25708,-8432,12614,34455,-17276
NO1,2024,34,1125,619,650,1085,470,3700,2,615
NO1,2017,40,822,424,649,403,192,3559,41,212
NO5,2017,42,762,887,649,644,695,3052,323,-51
NO1,2016,23,-275,437,648,-1006,56,3153,418,-1062
NO2,2024,41,1174,631,648,-49,221,3402,141,-270
NO,2010,14,504,1086,647,-27437,-8313,12627,33014,-19124
NO5,2020,41,1218,887,646,1720,1708,3159,119,12
NO,2004,1,1468,701,645,-13086,-10320,12580,22542,-2766
NO2,2022,30,347,538,645,-8861,-7846,2252,176,-1015
NO5,2022,19,863,765,645,-991,-1884,3101,11501,893
NO3,2016,23,-80,957,644,-1685,-50,2466,2488,-1634
NO3,2021,41,1531,879,644,-282,-750,2472,479,469
NO4,2016,28,104,640,644,-251,730,2767,576,-981
NO4,2022,34,481,827,644,3769,3044,3072,392,725
NO5,2015,46,2112,795,644,451,412,2982,1451,39
NO5,2024,52,993,619,644,1005,1585,2889,3955,-580
NO,2009,4,3841,687,643,2915,-1133,12375,37231,4048
NO5,2017,41,865,647,643,700,432,3267,267,268
NO5,2022,39,1164,650,643,-2145,-2069,2906,113,-76
NO1,2018,37,1114,499,642,-20,-239,3331,14,219
NO3,2022,19,445,852,642,3861,-511,2624,11657,4372
NO,2007,12,1845,832,641,20261,2462,13157,67421,17799
NO,2023,52,2778,691,640,-3852,-5625,12445,22644,1773
NO4,2025,21,169,901,640,7876,3743,3295,11095,4133
NO2,2016,51,1737,627,639,-4115,-2085,3665,2450,-2031
NO4,2020,34,151,482,639,1719,1518,2658,282,201
NO4,2021,40,723,449,639,8,258,2627,73,-250
NO1,2021,24,691,386,638,-297,69,3505,290,-366
NO,2013,2,755,639,637,-1931,1308,12826,24120,-3239
NO1,2015,29,519,474,637,1060,13,3585,550,1047
NO5,2018,30,360,442,637,-3448,-1693,1786,143,-1755
NO1,2021,39,1441,324,636,-633,-724,3384,6,91
NO5,2015,39,483,637,636,1983,1336,3137,604,647
NO,2022,8,4412,470,635,3184,-6831,12600,52659,10015
NO,2012,52,4357,467,634,193,1067,13004,19438,-874
NO2,2015,2,2315,605,634,5730,2039,3459,11238,3690
NO2,2025,28,-277,593,634,-5442,-3722,2352,81,-1720
NO1,2015,21,448,637,633,382,-1000,4448,2702,1382
NO,2007,10,2869,605,632,17349,1305,12717,62839,16043
NO2,2015,3,4303,616,632,8881,2218,3333,15207,6664
NO2,2023,35,139,660,632,80,197,2971,2,-116
NO3,2020,29,171,672,632,2409,993,2485,1916,1415
NO,2011,5,5462,764,631,-23993,-18879,11823,31196,-5114
NO2,2016,46,1418,595,631,-2743,-2061,3314,1183,-682
NO,2000,11,3771,429,629,34353,9018,12219,74349,25335
NO1,2015,36,1028,536,629,1283,552,3755,75,732
NO2,2016,37,347,720,626,1894,2475,2605,11,-582
NO2,2024,5,3797,475,626,1430,-1295,3279,13082,2725
NO,2021,17,414,808,625,-6849,4458,14183,37462,-11307
NO,2001,7,4833,838,624,-5415,6087,12643,28900,-11502
NO,2024,12,2471,726,624,-3293,-6822,12559,53750,3530
NO2,2016,5,2390,531,624,7693,5275,3470,12584,2418
NO3,2015,29,488,1004,624,2905,159,2755,2977,2746
NO1,2023,28,923,496,623,901,287,3714,61,614
NO2,2016,14,532,717,623,3676,3639,3882,14389,37
NO2,2018,35,450,635,623,-3998,-3692,2782,0,-307
NO4,2023,38,904,494,623,-958,-1110,2867,58,152
NO,2019,45,428,819,622,-6820,-3352,13168,3360,-3468
NO1,2021,25,281,577,622,-219,80,3337,160,-299
NO4,2017,4,2125,831,622,3297,-87,2493,8790,3384
NO1,2019,22,578,594,620,14,445,4292,445,-431
NO3,2015,25,202,726,620,3454,-1349,2777,6972,4803
NO4,2019,20,302,712,620,-2026,-1388,3410,6977,-637
NO1,2025,37,1341,544,619,175,-402,3700,2,576
NO4,2016,29,12,590,619,-405,528,2515,374,-932
NO2,2015,53,971,713,618,8294,6241,3876,7668,2053
NO5,2020,40,260,558,618,1578,1817,2802,107,-239
NO,2014,8,3041,650,617,7559,122,12357,50324,7437
NO,2019,46,1448,612,617,-8548,-4549,12726,4614,-3999
NO2,2022,46,98,943,617,-2690,-1723,4112,100,-967
NO,2026,10,2775,862,616,-24514,-2528,13569,23958,-21986
NO1,2019,33,1202,488,616,83,-89,3253,0,172
NO1,2024,30,1046,749,616,1077,495,3638,10,582
NO2,2020,52,1199,868,616,5879,6479,3891,4307,-600
NO2,2022,29,-141,593,616,-9007,-7885,2289,307,-1122
NO,2006,6,4945,629,615,-2966,4486,12692,30515,-7452
NO,2021,15,756,746,614,-3992,7504,13842,39526,-11496
NO,2024,8,3140,757,614,781,-5833,12308,49551,6614
NO2,2025,1,1335,556,614,80,2141,3527,4680,-2061
NO,2004,7,2224,561,613,-13022,-8474,12178,36318,-4548
NO3,2016,26,299,739,613,-1760,-690,2231,995,-1070
NO4,2025,34,1111,1006,613,4498,3708,3054,475,790
NO5,2016,33,61,723,611,669,674,2600,513,-5
NO,2015,13,3026,828,610,12935,1056,13002,62900,11879
NO3,2017,29,160,817,610,1197,369,2566,1249,828
NO3,2021,25,215,776,609,-1420,452,2418,656,-1872
NO,2015,12,1324,869,608,12792,1834,13204,60533,10958
NO1,2024,28,866,501,608,904,378,3645,43,527
NO3,2024,23,954,700,608,-2282,417,2465,1425,-2699
NO1,2022,24,-133,377,607,-1516,-1019,3104,561,-497
NO1,2024,24,435,566,607,525,732,3711,243,-208
NO3,2017,27,351,847,607,1230,279,2712,1995,951
NO3,2016,20,291,418,606,-401,-85,2605,6283,-316
NO5,2018,26,-278,487,606,-3007,476,2067,479,-3483
NO,2021,48,1684,895,605,-10805,-9456,13906,9485,-1349
NO2,2026,16,1040,527,605,-10454,-3676,4205,6785,-6778
NO5,2015,20,761,718,605,5642,-1607,3043,17084,7249
NO5,2016,19,-2,1185,605,1698,-382,3240,12550,2081
NO2,2021,26,-297,504,604,-3450,-488,2571,39,-2962
NO5,2015,49,2683,416,604,3113,855,2786,5238,2258
NO,2018,15,1329,843,603,-7679,-7220,12575,51830,-459
NO2,2023,2,2107,591,603,-1470,-2101,3275,8362,631
NO2,2023,50,723,165,603,-2518,-1807,3280,3458,-711
NO3,2024,43,1097,827,603,598,740,2459,184,-143
NO2,2017,45,1194,767,602,3005,3038,3875,922,-33
NO4,2024,27,206,593,601,-4896,-2727,2674,120,-2169
NO,2007,13,338,1161,600,18057,2378,13593,66109,15680
NO,2003,14,2905,929,598,-23658,-11982,10461,42628,-11676
NO1,2025,43,1262,451,598,271,-4,4044,34,275
NO3,2016,24,-23,733,598,-1882,-337,2408,1773,-1545
NO3,2016,25,127,636,598,-1847,-566,2347,1318,-1281
NO3,2020,31,146,747,598,2082,1149,2288,1239,933
NO4,2017,22,281,553,598,2636,-2956,2754,12194,5592
NO5,2022,34,368,621,598,-2062,-1718,2409,275,-343
NO5,2025,16,320,710,598,-2533,1603,3272,7509,-4136
NO1,2023,34,1106,839,597,2077,883,4276,4,1193
NO3,2020,32,565,904,597,1932,1171,2300,927,761
NO5,2024,36,1018,874,597,1787,1322,3370,46,465
NO2,2019,50,2213,623,596,-484,-358,3176,4148,-126
NO2,2024,4,2689,583,596,-1428,-1849,3176,10030,420
NO5,2024,18,113,674,596,1103,-1286,3730,12978,2389
NO4,2024,33,551,626,595,-3271,-2834,2308,60,-436
NO4,2016,39,841,455,594,816,590,2961,111,226
NO5,2019,29,189,490,594,-1867,-430,2317,281,-1437
NO,2026,9,3493,452,593,-23788,-2545,12752,23399,-21243
NO2,2020,19,137,549,592,13558,985,3890,23896,12572
NO1,2015,35,1000,422,591,583,331,3257,85,253
NO2,2017,34,54,538,591,975,1330,2696,23,-356
NO,2019,3,4670,713,590,-12938,-3551,13125,20282,-9387
NO1,2020,31,284,354,590,648,637,3009,61,11
NO3,2016,35,654,740,590,-204,-478,2375,146,274
NO4,2025,42,1391,798,590,3543,3105,2899,762,438
NO1,2024,25,-135,516,589,288,665,3241,178,-377
NO4,2023,32,311,529,587,-2183,-1543,2223,78,-640
NO,2012,4,1369,315,586,17657,8889,12805,41521,8768
NO3,2018,42,769,899,586,131,130,2492,147,1
NO,2017,9,2486,710,585,-8682,-2117,12486,38343,-6566
NO1,2024,29,127,651,585,627,433,3263,18,194
NO4,2018,30,400,576,585,-6014,-4989,2314,94,-1025
NO4,2024,30,684,563,585,-4071,-3169,2453,79,-901
NO,2001,1,2765,571,584,1665,8283,13085,18183,-6618
NO4,2018,31,308,590,584,-5801,-5084,2366,64,-717
NO,2018,2,1667,391,583,5793,1767,12390,31820,4025
NO3,2023,41,1314,771,583,1105,219,2546,821,886
NO4,2018,46,628,463,583,-3015,-2670,3095,572,-345
NO1,2015,25,-116,468,582,254,-1190,3733,1507,1444
NO3,2018,38,1034,749,582,-644,-931,2310,230,288
NO2,2022,37,1226,578,581,-9635,-9011,2567,7,-624
NO1,2019,19,1107,571,580,-656,479,4580,1307,-1134
NO,2004,8,1983,705,579,-13715,-8192,12321,37401,-5522
NO1,2024,23,1033,472,579,354,875,3832,281,-521
NO3,2020,30,357,648,579,2357,1018,2423,1680,1339
NO3,2025,42,509,776,579,740,1010,2240,128,-270
NO5,2019,32,406,562,579,-2059,-1111,2198,107,-947
NO5,2023,36,126,706,579,1131,1216,2791,75,-85
NO,2021,10,3819,860,578,-7062,6597,13427,32428,-13659
NO3,2020,28,437,671,578,2540,949,2490,2412,1591
NO1,2024,15,437,556,577,1480,321,4212,5450,1159
NO3,2025,3,715,883,577,1578,2243,2373,4216,-665
NO,2018,5,3838,576,576,6144,485,12052,41741,5659
NO2,2024,39,1254,648,576,1270,1385,3326,65,-115
NO3,2019,22,651,514,576,-1311,763,2626,2783,-2074
NO5,2025,51,1284,952,576,-1070,597,3058,2177,-1667
NO4,2023,29,359,527,575,-2288,-1142,2454,222,-1146
NO4,2015,34,-235,697,573,1963,1359,2515,830,605
NO5,2015,50,2137,649,573,4295,1177,2732,6730,3118
NO5,2024,15,1194,694,571,1910,-1081,2921,15019,2991
NO3,2024,37,1074,833,570,364,345,2196,43,19
NO5,2025,46,846,627,570,-781,174,3086,353,-955
NO1,2022,44,792,367,569,68,-110,3996,131,179
NO4,2022,20,414,675,569,3362,-770,3185,11971,4132
NO5,2020,36,490,469,569,1641,1754,2568,270,-113
NO2,2017,1,678,709,568,-4246,-1486,3508,4000,-2760
NO2,2021,47,479,651,568,-6463,-5773,3773,1132,-690
NO1,2024,43,292,551,567,933,496,4179,61,437
NO1,2016,25,177,283,566,-739,-37,2924,170,-702
NO5,2015,22,544,585,565,6066,-3341,3144,16908,9407
NO5,2016,49,1163,703,565,-1276,-846,2904,2433,-430
NO1,2023,27,459,472,563,236,212,3226,105,24
NO4,2021,43,920,513,562,721,590,2753,772,131
NO4,2023,31,208,462,562,-2478,-1641,2207,103,-837
NO5,2016,37,146,663,559,727,1061,2438,180,-334
NO5,2019,31,216,642,559,-2000,-797,2101,127,-1204
NO2,2015,11,1257,532,558,9098,1705,3291,21693,7394
NO5,2018,43,1368,784,558,1186,945,2806,1016,241
NO,2000,7,2502,607,555,26362,10190,12448,56769,16172
NO3,2020,39,822,632,554,1358,1194,2335,143,164
NO1,2023,26,397,466,553,24,217,3183,153,-193
NO3,2024,44,2288,829,553,1957,947,2438,1519,1010
NO,2016,2,1984,500,552,10807,9312,13195,28485,1495
NO,2018,3,2929,361,552,5062,1080,12197,34578,3981
NO1,2017,33,754,452,551,571,16,3626,10,555
NO5,2015,37,1,710,551,2214,1091,2934,1141,1123
NO,2005,13,248,677,550,11547,288,12976,62305,11259
NO1,2020,47,1140,527,550,1217,1045,4002,671,172
NO2,2026,11,1731,608,550,-12463,-4341,3704,5765,-8121
NO,2008,50,1241,434,549,3944,290,12433,20296,3654
NO1,2018,46,807,559,549,69,249,3903,232,-180
NO2,2020,5,1532,583,549,4389,3275,3506,11244,1114
NO2,2020,18,607,768,549,14199,2298,3842,24381,11901
NO4,2021,35,633,421,549,220,379,2420,128,-159
NO5,2018,27,-260,471,549,-3387,-225,1738,314,-3162
NO,2015,6,2231,347,548,8383,191,12390,46462,8192
NO1,2021,44,623,465,548,-144,-257,3883,177,113
NO2,2022,34,585,488,548,-8919,-8457,2593,20,-462
NO4,2018,27,-94,623,548,-5458,-3814,2702,617,-1644
NO4,2019,17,222,1200,548,-1731,-1332,3139,8640,-399
NO3,2018,32,1151,671,547,-1340,-1282,2354,54,-58
NO,2005,12,950,555,546,13600,644,12749,62987,12957
NO,2022,15,1442,608,546,-3063,-9176,13326,57652,6113
NO4,2015,38,394,379,546,1826,1760,2469,371,67
NO4,2018,29,-7,602,546,-6243,-4777,2203,153,-1466
NO2,2021,38,1045,367,545,-9708,-8783,2425,6,-924
NO3,2025,10,2975,945,545,1697,2394,2299,7123,-698
NO5,2015,21,615,572,545,5893,-2413,3111,17022,8306
NO,2000,4,4183,555,544,18790,8791,12639,42918,9999
NO1,2022,40,621,373,544,-368,-557,3500,78,189
NO1,2025,22,325,480,544,-984,-474,3803,855,-511
NO4,2016,31,453,594,544,67,383,2665,165,-317
NO,2000,52,1381,565,543,4367,8607,13282,15793,-4241
NO,2010,46,628,660,543,-15186,-13783,13131,6805,-1402
NO1,2018,16,85,714,543,1883,-283,4396,6095,2166
NO2,2024,45,13,718,543,319,1382,3721,46,-1063
NO4,2017,34,436,578,543,2039,1081,3116,582,959
NO,2016,7,1783,359,542,12982,9302,12643,44082,3680
NO1,2025,36,583,390,542,-910,-631,2818,1,-279
NO2,2016,33,75,546,542,2920,3123,2858,23,-202
NO2,2025,48,1337,455,542,-5626,-4093,3771,836,-1533
NO5,2016,52,2220,591,542,-277,-447,3018,4576,170
NO5,2017,39,55,437,542,-498,-156,2678,75,-342
NO5,2018,36,300,440,542,-2122,-1786,2521,94,-336
NO5,2023,19,351,732,542,1431,-298,3325,12114,1730
NO,2010,13,2505,931,541,-26305,-8551,12188,34080,-17753
NO3,2022,2,2002,594,541,1112,20,2117,5787,1092
NO3,2025,32,647,778,541,783,953,2120,176,-170
NO4,2023,19,118,677,541,-2549,-1365,3020,7390,-1184
NO5,2021,46,1026,583,541,-2364,-2548,3086,1493,185
NO,2001,14,5236,1213,540,-8274,3193,12680,40619,-11466
NO3,2019,26,120,568,540,-419,827,2379,671,-1246
NO,2010,12,2277,1065,539,-26775,-8738,12176,32567,-18037
NO2,2017,3,441,488,539,-4434,-1157,3758,4842,-3277
NO5,2021,38,960,462,539,-5406,-4730,2244,95,-676
NO1,2025,17,54,476,538,-1728,895,4079,1319,-2623
NO1,2025,32,160,586,538,-552,-635,3163,4,83
NO4,2022,40,879,409,538,1528,1506,2835,137,22
NO,2011,6,4160,436,537,-21937,-18027,11641,35109,-3909
NO1,2023,29,473,559,537,898,293,3639,52,604
NO2,2015,44,448,565,537,1483,2497,3430,32,-1015
NO1,2022,20,-67,446,536,-2126,-1055,3856,1471,-1072
NO2,2023,15,1513,559,536,2352,-1624,3459,18612,3976
NO3,2018,18,160,506,536,-968,-434,2569,7365,-534
NO3,2024,28,348,667,535,-987,-346,2282,387,-641
NO4,2019,36,851,542,535,-1032,-1135,2711,96,103
NO5,2017,43,1427,655,535,1233,711,3079,1024,522
NO1,2015,32,551,483,534,1015,196,3599,305,819
NO2,2025,39,-174,695,534,-4464,-4095,3137,0,-369
NO3,2023,38,1053,746,534,353,-46,2604,47,399
NO5,2015,45,485,472,534,-742,157,2946,233,-899
NO,2009,1,2097,572,533,479,-1614,12222,27759,2093
NO1,2017,32,341,449,533,216,-28,3314,15,244
NO1,2020,45,593,644,533,895,837,3997,196,59
NO2,2022,5,2564,483,533,-8186,-6355,3389,8415,-1831
NO4,2018,23,464,455,533,-6172,-2214,2833,1613,-3958
NO4,2021,30,50,662,533,202,1147,2419,69,-945
NO5,2017,38,607,566,533,-67,-106,2907,147,39
NO2,2016,43,804,333,532,-946,-187,3197,288,-759
NO5,2025,50,1472,505,532,-1317,266,3025,1737,-1583
NO,2014,3,1920,588,531,10928,434,12835,40453,10495
NO2,2019,49,1236,466,531,-1668,-599,3378,2310,-1069
NO3,2015,30,393,859,531,2811,338,2679,2557,2473
NO3,2021,36,843,579,530,-666,-769,2296,38,103
NO4,2019,37,472,496,530,-924,-1061,2767,92,138
NO,2024,7,3818,529,529,897,-5694,12127,47508,6591
NO1,2022,25,-304,318,528,-1753,-993,2674,363,-760
NO,2012,49,495,691,527,4046,4156,13755,12942,-110
NO,2018,51,1234,512,527,-13675,-4175,13233,8537,-9500
NO2,2019,29,493,351,526,-392,708,2612,6,-1100
NO3,2017,30,259,892,526,820,373,2373,838,447
NO,2003,12,1623,745,523,-25348,-12836,10015,40253,-12512
NO,2003,11,2983,1040,522,-25148,-13353,9831,39607,-11796
NO,2019,11,2623,682,522,-17843,-1915,13277,32028,-15928
NO,2023,3,2375,468,522,-7546,-2686,12588,25346,-4860
NO1,2020,21,118,319,522,1877,-1587,4303,4928,3464
NO2,2023,44,1306,405,522,1764,1061,3482,1698,703
NO2,2024,14,1073,470,522,2232,-1189,3691,17965,3421
NO4,2024,32,322,512,522,-3775,-3072,2174,65,-703
NO2,2025,14,-40,552,521,-4859,3117,3829,6430,-7976
NO3,2023,29,487,613,521,-1122,-695,2340,220,-426
NO3,2024,25,92,592,521,-1769,-64,2277,963,-1706
NO5,2025,31,801,499,521,-1094,-334,2499,173,-759
NO,2026,2,860,594,519,-10561,1338,13710,14575,-11899
NO2,2019,31,482,565,519,-836,214,2213,1,-1050
NO4,2016,19,217,645,519,-577,2056,2950,6012,-2633
NO1,2026,17,19,436,518,-1267,88,4229,2438,-1355
NO3,2017,44,1104,644,518,492,51,2304,1083,441
NO1,2020,44,734,535,517,973,664,3903,353,309
NO1,2025,23,344,384,517,-746,-708,3812,783,-39
NO3,2021,33,687,682,517,-1249,-968,2042,43,-281
NO4,2015,39,451,446,517,1803,1862,2575,212,-59
NO,2006,16,1612,853,516,-13042,-2416,12661,41059,-10625
NO3,2022,28,203,814,516,2291,939,2665,1998,1352
NO,2018,6,1739,288,515,4522,-57,11984,43255,4579
NO1,2017,31,720,332,515,322,-42,3401,22,364
NO3,2019,37,690,500,515,323,243,2143,158,81
NO3,2024,52,892,654,515,2490,1873,2237,3977,616
NO4,2015,43,418,527,515,2672,2865,2872,328,-193
NO5,2015,48,1193,372,515,1038,466,2809,3000,572
NO,2004,2,2303,441,514,-13517,-10323,12308,24683,-3194
NO,2012,50,1568,492,513,1842,3150,13319,14449,-1308
NO4,2025,39,648,641,513,2873,2898,2618,203,-25
NO5,2020,44,785,670,513,1249,1125,3163,744,124
NO,2023,46,376,495,512,-3737,-3041,13034,7608,-697
NO5,2018,29,43,414,512,-3745,-1411,1528,174,-2334
NO5,2021,44,834,819,510,-2731,-2729,3137,644,-2
NO,2002,9,2340,396,509,10244,5179,12685,49773,5064
NO1,2025,18,99,405,509,-1539,816,3937,1270,-2355
NO4,2019,34,448,441,509,-1652,-1274,2236,125,-378
NO,2026,3,3576,522,508,-11208,491,13510,17586,-11698
NO3,2024,26,42,654,508,-1792,-210,2103,611,-1582
NO4,2016,32,642,503,508,375,311,2858,148,64
NO1,2023,16,113,571,507,2346,-41,4148,6564,2387
NO2,2015,37,-59,695,507,5824,5200,3460,362,624
NO3,2015,20,371,538,507,1921,-214,2409,8930,2134
NO3,2023,27,286,691,507,-1865,-867,2366,392,-998
NO,2002,13,1539,815,506,15059,4578,12901,61603,10481
NO3,2024,34,686,729,505,-85,-47,2192,69,-37
NO3,2025,28,-282,684,505,907,1047,2317,854,-140
NO3,2025,29,-61,823,504,494,1029,2030,422,-534
NO5,2015,43,873,475,504,-167,270,2883,261,-437
NO5,2025,19,-88,655,504,-2566,1841,3508,5794,-4407
NO1,2015,30,227,399,503,951,62,3485,470,889
NO3,2016,28,320,531,503,-1422,-944,2187,646,-478
NO3,2016,51,973,448,503,882,-472,2172,4423,1355
NO5,2019,43,799,576,503,-461,-119,2903,336,-343
NO5,2020,48,1268,740,503,2893,2797,3110,2223,96
NO,2000,8,3163,370,502,26444,9678,12298,59713,16766
NO1,2025,26,411,401,502,-744,-770,3190,366,27
NO4,2016,37,526,671,502,944,674,2910,81,270
NO5,2017,44,701,697,502,975,697,3101,959,278
NO5,2020,33,-154,926,502,2354,2178,2708,585,176
NO1,2025,41,285,496,501,-223,-210,3483,7,-13
NO,2014,4,629,332,500,7875,-172,12542,41062,8047
NO2,2017,35,115,392,500,243,867,2447,18,-625
NO2,2018,44,733,559,500,587,352,3670,1042,235
NO,2019,6,2495,314,499,-18176,-4907,12523,24867,-13269
NO2,2023,31,132,503,499,-425,88,2739,12,-513
NO3,2022,29,61,761,499,1859,862,2506,1478,997
NO3,2023,34,862,893,496,47,-260,2539,67,308
NO3,2024,46,1467,580,496,2229,1367,2589,1711,862
NO2,2020,49,858,602,495,6803,6770,3949,2841,33
NO,2022,9,1789,519,494,1823,-7306,12578,53945,9129
NO1,2018,38,643,342,494,343,-93,3599,43,436
NO3,2018,17,315,736,494,-1104,-540,2362,7937,-564
NO3,2022,40,1229,651,494,418,22,2471,307,396
NO4,2020,36,310,396,494,1657,1439,2721,202,218
NO1,2025,20,-260,292,493,-1943,180,3335,941,-2123
NO2,2019,12,1122,403,493,-7338,423,3531,6654,-7761
NO2,2024,13,911,424,493,1425,-1476,3410,17671,2901
NO4,2015,44,664,424,493,2865,3038,2876,527,-173
NO4,2024,28,-36,473,493,-4873,-3054,2405,100,-1819
NO,2016,45,621,683,492,-10249,-6176,12079,3844,-4073
NO1,2017,19,130,365,492,-1253,-654,3703,2719,-599
NO1,2019,25,75,473,492,379,417,3670,88,-38
NO3,2020,4,1760,638,492,1821,584,2138,6821,1237
NO4,2022,45,1077,424,492,1593,1532,3070,769,61
NO1,2016,24,-74,284,491,-1010,-53,2941,264,-957
NO2,2023,7,905,385,491,-30,-1428,3353,13270,1398
NO3,2024,45,81,704,491,1536,1159,2456,1097,377
NO2,2021,32,450,443,490,-4399,-3786,2535,0,-613
NO2,2023,18,400,417,490,2146,-2409,3613,17264,4555
NO4,2022,41,702,553,490,1568,1560,2856,222,7
NO4,2015,21,331,501,489,1636,-950,3046,9797,2586
NO2,2019,51,1008,340,488,-489,-365,3156,4865,-124
NO3,2018,37,1021,659,488,-1119,-1176,2154,122,56
NO4,2024,44,1496,559,488,952,-12,2774,1767,964
NO1,2015,31,283,388,487,928,145,3443,400,783
NO3,2016,18,57,529,487,-254,83,2392,7739,-337
NO,2023,9,2108,523,486,1069,-862,12625,46700,1932
NO1,2020,27,1120,567,486,1054,644,3511,206,411
NO1,2025,27,1038,441,486,35,-736,3807,271,771
NO2,2020,35,305,689,486,5786,6064,2745,65,-278
NO2,2021,28,-322,480,486,-3268,-1573,2449,9,-1695
NO3,2018,23,-76,634,486,-3419,313,2066,791,-3732
NO5,2020,35,338,672,486,1704,1952,2415,313,-248
NO5,2024,41,771,421,486,282,336,2920,292,-54
NO5,2025,17,371,496,486,-2481,1685,3435,7111,-4166
NO,2000,15,1143,837,485,33830,5561,12824,80309,28268
NO2,2024,38,-355,661,485,1328,1803,2873,7,-475
NO2,2025,29,210,593,485,-6009,-4510,2182,36,-1499
NO5,2022,37,973,518,485,-2530,-2175,2416,181,-355
NO,2002,1,3202,481,483,847,1728,13015,23991,-881
NO,2003,5,1848,717,483,-20951,-15418,9592,33008,-5534
NO5,2020,1,2407,858,483,-438,45,2656,5387,-483
NO1,2016,18,161,426,482,-208,-207,4266,3295,-1
NO2,2017,46,1384,523,482,3217,2709,3626,2061,508
NO2,2020,6,916,426,482,4392,3579,3415,11856,813
NO4,2024,37,232,429,482,-2210,-1614,2075,50,-596
NO,2014,6,2508,414,481,5990,-418,12349,44718,6407
NO,2017,6,472,514,481,-8914,-2574,12600,31720,-6339
NO1,2024,36,743,696,481,1118,524,3691,2,594
NO2,2020,33,-464,763,481,6253,6312,2828,196,-59
NO3,2022,30,240,736,481,1546,800,2363,1146,746
NO4,2024,40,954,469,480,-1533,-1693,2432,678,160
NO5,2018,18,324,578,480,-2173,-846,3288,9703,-1327
NO4,2025,20,213,891,479,8072,4234,2915,11947,3838
NO4,2025,41,1217,558,479,2896,2827,2763,376,69
NO3,2024,27,826,506,478,-1124,-340,2344,627,-784
NO5,2018,28,-162,376,478,-3670,-907,1551,224,-2762
NO5,2019,28,-106,502,478,-1861,-61,2341,397,-1800
NO1,2017,38,444,395,477,499,93,3577,34,405
NO1,2025,25,-32,343,477,-1041,-820,3099,476,-221
NO2,2016,13,1270,756,477,3928,3617,3626,14864,311
NO2,2021,52,1036,427,477,-9972,-7557,3690,2693,-2415
NO2,2023,8,1755,428,477,924,-1183,3247,14758,2107
NO3,2022,31,985,939,477,1735,779,2596,954,956
NO4,2023,37,378,457,477,-1645,-1427,2448,56,-218
NO2,2019,1,1273,613,476,-5554,-1354,3666,2401,-4201
NO3,2017,32,339,595,476,683,415,2258,475,268
NO5,2023,31,222,639,476,-133,406,2771,121,-539
NO,2002,11,2792,438,475,16157,5130,12477,59784,11027
NO,2015,14,1554,542,475,12692,551,12794,64111,12140
NO3,2015,32,444,795,475,2462,622,2563,1743,1840
NO5,2025,3,889,529,475,-479,1348,3086,4775,-1827
NO2,2024,46,983,411,474,136,1112,3639,563,-976
NO4,2019,33,346,399,474,-1866,-1286,2068,156,-580
NO1,2019,36,1025,450,473,509,78,3504,25,431
NO4,2024,29,-20,450,473,-4763,-3222,2195,86,-1541
NO1,2024,41,907,449,471,1024,289,4021,217,735
NO1,2025,45,399,445,471,54,177,3991,20,-123
NO2,2019,14,104,534,471,-7289,1111,3905,5930,-8400
NO4,2015,20,248,607,471,1605,-420,2767,10283,2025
NO1,2022,27,303,403,470,-854,-711,3007,157,-142
NO3,2015,21,466,566,470,2227,-612,2502,8703,2839
NO3,2025,19,127,536,470,582,2168,2804,5519,-1587
NO4,2020,35,451,515,470,1699,1490,2666,251,209
NO3,2024,15,608,631,469,-1267,-398,2221,8092,-869
NO4,2021,41,836,517,469,345,427,2739,249,-82
NO2,2025,4,1008,451,468,-1691,2082,3695,5318,-3772
NO2,2016,44,632,453,467,-1865,-1054,3176,490,-811
NO3,2016,30,644,636,467,-1086,-916,2238,355,-171
NO4,2025,52,1887,638,467,4052,3634,2420,3981,418
NO5,2018,16,188,957,467,-2304,-1152,3351,10413,-1152
NO3,2018,34,733,642,466,-1024,-1118,2313,80,94
NO3,2020,38,675,650,466,1293,1033,2189,324,260
NO5,2024,51,1376,485,466,942,1399,2701,3744,-457
NO2,2020,16,868,418,465,15406,3549,3368,26257,11857
NO3,2015,22,414,589,465,2531,-990,2553,8451,3521
NO3,2017,31,330,620,465,771,413,2330,622,358
NO,2022,49,1131,666,464,-10384,-2260,13799,4884,-8124
NO2,2022,33,724,407,464,-8993,-8384,2441,32,-610
NO2,2025,11,235,625,464,-3810,2783,3765,7233,-6592
NO5,2015,40,50,505,464,1100,1133,2856,259,-33
NO5,2017,51,1416,336,464,2686,603,2740,6244,2082
NO3,2018,40,862,691,463,109,-504,2324,670,613
NO,2008,16,881,520,462,21521,4181,12022,69663,17341
NO,2023,11,5106,410,462,1957,-1754,12375,52570,3711
NO4,2022,19,741,648,462,3438,-430,2896,12567,3868
NO5,2024,42,789,432,462,459,439,3393,53,20
NO1,2016,32,581,382,461,378,88,3369,6,290
NO2,2018,48,1316,613,461,-1569,182,3727,662,-1751
NO2,2022,48,666,627,461,-3777,-2105,3661,807,-1672
NO2,2017,2,1716,601,460,-3746,-1383,3388,5255,-2363
NO5,2024,38,-162,566,460,1041,1194,2820,43,-153
NO,2008,15,1683,566,459,22127,5664,12028,69300,16464
NO2,2021,14,1522,562,459,2078,5148,3766,11399,-3070
NO2,2024,50,1611,424,459,-242,1121,3870,2217,-1363
NO1,2024,35,393,629,458,1006,511,3582,2,495
NO2,2015,18,570,492,458,8085,-1284,3618,22073,9369
NO3,2022,45,908,607,458,-243,37,2630,266,-281
NO4,2018,37,453,406,458,-4817,-4696,2545,56,-121
NO2,2022,52,2625,357,457,-3132,-2988,3315,5340,-143
NO3,2018,16,304,970,457,-1081,-728,2426,8331,-354
NO3,2024,30,657,621,457,-781,-369,2171,181,-411
NO4,2025,45,722,557,457,3011,3078,2701,1010,-67
NO5,2015,44,574,548,457,-543,93,2840,307,-635
NO5,2020,2,2252,553,457,1072,463,2683,6992,609
NO,2004,13,993,731,456,-16393,-7513,12431,42711,-8880
NO,2024,2,2370,659,456,-10116,-6984,12213,24839,-3133
NO1,2017,36,729,306,456,141,-117,3352,4,258
NO1,2021,27,668,341,456,-213,-94,3166,21,-119
NO1,2021,30,824,293,456,-258,-177,2984,1,-81
NO3,2018,33,466,684,456,-1285,-1193,2224,49,-92
NO1,2015,17,188,493,455,-497,-103,4056,3572,-394
NO4,2019,18,161,875,455,-2067,-1106,2850,8170,-961
NO2,2016,40,-49,656,454,1831,2304,3128,17,-473
NO3,2016,39,981,581,454,-542,-594,2159,207,52
NO3,2018,24,220,553,454,-3211,-36,1962,588,-3175
NO4,2023,30,-51,456,454,-2600,-1533,2224,141,-1067
NO5,2020,43,1371,451,454,1368,1125,3021,803,243
NO,2011,4,2801,492,453,-26926,-19732,11811,26552,-7194
NO2,2019,44,64,526,453,574,1339,3476,236,-765
NO2,2025,8,1945,381,453,-4110,1208,3829,6750,-5319
NO3,2021,27,187,518,453,-1786,-192,2001,160,-1594
NO3,2023,33,266,642,453,-152,-330,2462,82,178
NO,2000,14,3532,559,452,34785,6677,12489,80383,28108
NO5,2025,42,71,534,452,-705,-148,2790,79,-557
NO,2016,3,1602,350,451,8097,7964,12925,30001,133
NO5,2017,34,-79,500,451,-447,-156,2461,275,-291
NO1,2024,42,604,422,450,1103,360,4377,20,743
NO2,2022,6,2617,367,450,-6173,-5879,3335,10829,-294
NO3,2016,52,1855,558,450,1985,-245,2281,5547,2230
NO5,2022,2,1183,412,450,-4141,-2829,2749,5005,-1312
NO2,2019,40,334,509,449,934,1399,3056,97,-465
NO2,2022,47,801,580,449,-3071,-1908,3879,553,-1163
NO4,2016,18,-7,645,449,-507,2042,2902,6530,-2549
NO4,2022,35,200,522,449,3321,2845,2821,362,476
NO,2021,11,1459,549,448,-8366,6112,13183,33572,-14478
NO4,2015,7,2812,550,448,-212,-813,2099,7681,600
NO,2018,50,892,707,447,-11023,-3013,13628,7438,-8009
NO1,2021,43,405,362,447,-282,-392,3806,107,111
NO1,2025,24,-206,375,447,-951,-831,3423,618,-120
NO2,2019,52,537,283,447,-989,-477,3030,5256,-512
NO3,2020,21,244,464,447,5487,-1862,2474,13242,7349
NO4,2020,40,-83,457,447,2530,2504,2912,64,26
NO,2022,11,1461,769,446,-1571,-7865,12925,54603,6294
NO2,2017,48,576,301,446,4373,2575,3266,4672,1798
NO4,2023,40,672,468,446,-382,-558,2811,316,177
NO,2019,4,1191,385,445,-15705,-4363,12795,21420,-11342
NO1,2020,28,707,577,444,1215,537,3650,189,678
NO2,2018,26,-444,331,444,-3546,-51,2041,36,-3495
NO4,2015,36,300,494,444,1953,1715,2410,532,238
NO4,2018,28,-206,537,444,-6038,-4422,2365,343,-1616
NO5,2024,48,1289,315,444,693,1361,3003,1566,-668
NO,2001,8,3099,624,443,-5524,5735,12524,31462,-11259
NO5,2017,49,1735,451,443,2835,631,2654,5315,2203
NO5,2024,31,39,475,443,-317,421,2565,129,-738
NO,2001,4,2727,541,442,-3334,6785,12788,22650,-10120
NO,2021,49,820,569,442,-14074,-10896,13371,10257,-3178
NO2,2024,11,1200,369,442,963,-1370,3214,16708,2333
NO4,2017,37,246,410,442,1628,1195,2790,364,433
NO4,2018,35,152,444,442,-4442,-4447,2660,53,5
NO,2013,5,4884,498,441,-6293,-464,12385,29920,-5828
NO,2025,7,792,623,441,-2929,8565,13622,27928,-11494
NO1,2017,25,71,380,440,-54,184,3322,236,-238
NO3,2020,34,112,532,440,1185,1115,1936,432,70
NO,2021,1,359,458,439,2509,10106,13354,16936,-7597
NO1,2024,32,398,390,439,388,295,3174,3,92
NO2,2023,1,1608,257,439,-2929,-2727,3282,6784,-201
NO5,2018,17,565,982,439,-2353,-917,3051,10226,-1435
NO3,2023,39,535,685,438,262,31,2510,36,231
NO1,2019,43,599,410,437,489,121,3838,333,368
NO3,2020,37,804,613,437,1203,947,2105,371,256
NO,2009,52,1781,322,436,-5697,-1481,11970,17131,-4215
NO1,2020,29,-4,378,436,914,540,3334,126,373
NO1,2020,40,247,321,436,52,375,3066,0,-323
NO3,2024,41,614,463,436,444,315,2246,365,129
NO2,2023,6,1175,245,435,-168,-1786,3278,12798,1618
NO2,2023,12,1210,373,435,1772,-1163,3308,17572,2934
NO3,2015,19,199,456,435,1571,-56,2347,9189,1627
NO4,2021,32,172,451,435,-105,585,2196,55,-690
NO1,2022,19,181,435,434,-1964,-800,3985,1872,-1165
NO3,2024,35,455,733,434,22,124,2088,57,-101
NO4,2019,31,-147,518,434,-1790,-980,2039,297,-810
NO5,2024,45,25,563,434,874,1520,3131,301,-646
NO1,2022,41,503,271,433,-155,-457,3667,139,303
NO2,2020,42,7,610,433,4609,5087,3561,4,-478
NO1,2020,32,241,357,432,480,589,2940,35,-109
NO2,2018,4,1721,305,432,3307,2560,3149,10383,747
NO,2004,9,2148,460,431,-14100,-8108,11938,39463,-5993
NO2,2017,8,1805,516,431,-6272,-637,3311,6952,-5634
NO2,2020,11,1929,453,431,14103,4798,3164,23731,9305
NO2,2026,12,160,517,431,-13048,-4182,3845,5235,-8866
NO1,2025,29,-217,385,430,-1074,-733,2710,37,-340
NO1,2025,44,374,499,430,147,23,3923,149,124
NO3,2020,45,625,501,430,897,1218,2340,515,-322
NO,2001,3,779,567,429,-2598,6934,12837,20426,-9532
NO,2022,14,2381,561,429,-3001,-8399,13160,57003,5398
NO2,2018,49,1264,572,429,-1627,27,3463,1639,-1654
NO4,2016,20,234,449,429,-606,1705,2962,5752,-2311
NO1,2016,28,245,279,428,-241,-33,2900,54,-208
NO1,2016,30,704,314,427,-55,14,2986,11,-69
NO1,2018,33,509,460,427,-559,-544,3066,0,-15
NO2,2015,1,2539,590,427,4607,1960,3662,9253,2647
NO3,2024,32,759,587,427,-467,-344,2243,100,-122
NO4,2018,40,826,592,427,-3103,-3751,2994,604,648
NO5,2020,21,385,405,427,7259,-1808,3256,17638,9067
NO1,2023,17,1004,653,426,2898,-123,3834,7208,3021
NO2,2020,20,513,455,426,13192,-784,3624,24207,13976
NO2,2026,14,1861,355,426,-10830,-3483,3697,7191,-7346
NO4,2016,51,1157,658,426,133,-564,2367,3988,697
NO4,2024,36,-61,390,425,-2380,-1854,2126,51,-527
NO,2001,52,1048,444,424,3220,2239,13094,21204,981
NO,2005,11,3505,565,424,15012,882,12403,62961,14130
NO1,2018,24,437,256,424,-1230,189,2712,29,-1420
NO1,2024,16,48,438,424,1307,316,3861,5456,992
NO1,2024,44,431,366,424,887,509,4006,320,378
NO2,2015,16,742,462,424,8406,-11,3485,22700,8417
NO3,2017,3,1072,439,424,2768,19,2180,7823,2749
NO,2008,12,2058,391,423,22827,8288,11776,65543,14540
NO1,2019,34,125,382,423,-133,-57,3011,0,-76
NO3,2016,34,652,550,423,-437,-706,2399,168,269
NO3,2021,34,349,533,423,-1218,-914,1952,41,-305
NO5,2017,35,161,432,423,-756,-330,2329,221,-426
NO5,2021,29,-169,406,423,-3791,-1891,2019,117,-1900
NO,2008,13,1401,262,421,21774,7332,11727,66737,14442
NO1,2025,21,779,247,421,-1264,-262,3780,985,-1002
NO3,2019,1,1846,540,421,-580,472,2194,3163,-1052
NO3,2024,33,313,592,421,-407,-249,2127,81,-158
NO2,2015,10,1424,376,420,8583,1527,3386,20831,7056
NO3,2020,1,2062,765,420,33,-8,2043,4405,41
NO3,2018,43,1240,615,419,601,156,2364,866,445
NO5,2016,38,-13,430,419,90,755,2201,149,-665
NO3,2023,40,915,572,418,558,66,2416,457,492
NO,2012,5,897,212,417,14756,7863,12635,42391,6893
NO3,2022,38,409,469,417,254,-37,2273,271,292
NO4,2021,19,265,463,417,-1588,777,2580,6651,-2364
NO,2024,3,3887,390,416,-10148,-7785,12190,28241,-2362
NO2,2015,8,1280,317,416,7098,1313,3288,18394,5784
NO2,2023,4,445,193,416,-2304,-2305,3205,9581,1
NO4,2022,43,761,391,416,1376,1314,2921,535,63
NO,2014,5,1621,262,415,6236,-605,12350,42624,6841
NO1,2025,19,-206,279,415,-1756,490,3666,1109,-2246
NO3,2023,36,380,586,415,-123,-203,2261,50,80
NO3,2025,34,370,504,415,847,968,2030,146,-121
NO2,2020,9,1775,425,414,12069,4786,3215,20623,7284
NO5,2018,35,128,483,414,-2081,-1674,2468,101,-407
NO1,2025,31,997,551,413,-346,-740,3448,4,394
NO3,2017,33,419,502,413,696,380,2303,379,316
NO4,2017,36,-94,474,413,1797,1266,2818,417,531
NO,2023,10,1207,283,412,-894,-1632,12382,47870,739
NO1,2017,30,507,334,412,-251,-201,2983,33,-50
NO1,2017,42,364,349,412,409,130,3824,109,278
NO1,2019,42,690,349,412,366,30,3671,320,336
NO2,2025,52,27,547,411,-5549,-2170,3934,1484,-3380
NO3,2017,42,614,545,411,-366,-217,2209,280,-149
NO4,2021,39,23,332,411,-413,46,2336,51,-459
NO1,2024,33,258,377,410,285,254,3107,6,32
NO1,2025,28,-353,433,410,-665,-798,3166,128,133
NO5,2024,49,489,524,410,271,1391,2860,1786,-1119
NO3,2015,31,121,672,409,2549,472,2484,2187,2077
NO,2000,13,1118,463,407,33471,7586,12504,77404,25885
NO3,2023,30,387,558,407,-1070,-781,2309,165,-290
NO,2002,46,1693,397,406,-11955,-11604,9951,11037,-351
NO4,2024,31,-73,448,406,-4145,-3210,2139,72,-936
NO4,2024,41,764,425,406,-1284,-1633,2460,959,349
NO5,2019,39,154,600,406,-422,-107,2687,92,-315
NO,2005,7,1394,433,405,21446,4184,12692,57615,17262
NO,2016,8,3170,353,405,12773,8474,12460,47082,4298
NO,2016,9,1761,221,405,11357,7658,12345,48749,3700
NO1,2018,23,-270,247,405,-1729,358,2500,47,-2087
NO2,2017,16,555,382,405,-4382,755,3610,9021,-5137
NO5,2025,43,1024,419,405,-573,-272,3142,139,-301
NO3,2017,14,660,529,404,934,-49,2299,9832,983
NO3,2017,41,608,373,403,-403,-362,2211,231,-40
NO4,2021,38,318,309,403,-62,126,2514,71,-188
NO5,2018,46,682,666,403,70,661,3046,757,-591
NO1,2018,41,87,243,402,-274,26,3201,3,-300
NO2,2019,8,510,563,402,-8071,-1083,3749,5159,-6989
NO4,2020,4,1857,339,402,132,-2463,2204,8290,2595
NO1,2025,46,440,351,401,26,218,3946,177,-192
NO5,2024,46,1008,352,401,958,1474,3050,828,-516
NO1,2015,39,356,470,400,1195,612,3850,32,583
NO1,2020,17,-22,498,400,2030,86,4078,5887,1944
NO2,2020,50,661,472,400,5998,6457,3741,3250,-459
NO3,2016,29,146,539,399,-1462,-991,2053,462,-471
NO5,2023,42,534,546,399,2190,1548,2968,1099,641
NO2,2024,9,940,412,398,1291,-1492,3251,16085,2782
NO,2017,10,1569,408,397,-10093,-2573,12270,39723,-7520
NO1,2017,41,661,331,397,556,135,3815,108,421
NO1,2023,39,154,567,397,1139,455,3981,1,684
NO2,2021,3,2295,331,397,4210,4565,3403,8119,-355
NO5,2016,4,1975,347,397,3515,861,2625,10369,2654
NO1,2023,31,324,462,396,919,356,3602,21,564
NO2,2016,15,202,471,396,3220,3340,3788,14187,-120
NO4,2017,42,1206,643,396,32,159,2603,495,-126
NO4,2024,50,1503,573,396,4310,2352,2565,4692,1958
NO,2003,6,2077,293,395,-21264,-14972,9466,34901,-6293
NO,2012,7,3686,381,395,13287,6814,12546,46973,6474
NO2,2016,50,285,629,395,-4611,-2150,3587,1402,-2461
NO5,2015,19,427,391,395,5144,-1271,2891,17233,6415
NO,2010,11,3055,608,394,-26599,-8945,11872,31707,-17654
NO1,2016,34,231,290,394,11,85,3013,1,-73
NO1,2024,39,744,458,394,1044,432,3814,96,612
NO2,2025,42,-16,521,394,-4919,-4143,3259,7,-776
NO,2010,47,189,419,393,-18242,-15059,12711,6986,-3183
NO4,2021,33,416,407,393,-25,384,2341,54,-410
NO,2009,12,3013,574,392,-1423,-3207,11850,52713,1784
NO2,2019,9,88,817,392,-8992,-569,3856,4275,-8423
NO3,2016,27,253,476,392,-1666,-922,2168,842,-745
NO3,2021,40,704,537,392,-1062,-1030,2308,40,-33
NO,2002,12,2004,430,391,15759,4711,12480,61348,11049
NO1,2016,31,484,327,391,172,60,3164,7,112
NO2,2023,47,1283,356,391,-369,-817,3176,2866,447
NO5,2021,32,218,403,391,-3665,-2801,2298,90,-864
NO,2005,52,774,496,390,3642,6939,13228,16791,-3297
NO1,2019,37,165,350,390,254,37,3321,22,217
NO1,2018,42,197,251,389,-381,118,3152,3,-500
NO1,2021,41,472,429,389,-280,-497,3651,70,218
NO4,2016,34,415,435,389,91,73,2653,105,18
NO5,2016,51,1392,460,389,-1504,-715,2742,3370,-789
NO5,2021,13,1064,593,389,-3465,608,2920,7657,-4073
NO1,2020,30,-29,306,388,526,464,3023,105,62
NO2,2026,13,1026,324,388,-12435,-3838,3653,5930,-8597
NO,2001,2,2291,495,387,414,7537,12839,20223,-7122
NO,2024,11,3095,779,387,-2980,-6411,12588,52076,3430
NO2,2017,50,192,366,387,4511,3041,3369,5551,1470
NO2,2022,32,-221,330,387,-9184,-8127,2026,64,-1058
NO1,2018,39,123,325,386,82,-36,3353,63,118
NO1,2020,18,355,424,386,2170,-147,3938,5941,2317
NO4,2024,38,399,346,386,-2123,-1575,2084,141,-548
NO5,2024,39,969,432,386,1002,914,2948,234,87
NO,2009,51,1380,485,385,-3812,-196,12243,15411,-3615
NO,2022,10,886,509,385,-177,-7542,12652,54226,7365
NO1,2015,33,-242,362,385,355,135,3089,213,220
NO3,2025,31,802,503,385,615,814,2198,197,-199
NO1,2020,43,896,292,384,816,548,3511,559,267
NO3,2021,26,-209,585,384,-1871,55,2063,307,-1926
NO3,2022,33,190,608,384,896,483,2256,522,413
NO,2002,47,695,288,383,-14197,-12715,9727,11671,-1482
NO,2007,7,1189,336,383,18724,1923,12803,57042,16801
NO,2023,14,296,313,383,478,-3176,12394,56025,3654
NO1,2016,27,-20,256,383,-336,-7,2888,89,-329
NO3,2018,25,565,540,383,-2769,-386,2018,545,-2383
NO,2021,2,1831,373,382,376,8808,13066,18686,-8433
NO1,2024,26,-196,341,382,-134,470,2836,89,-604
NO2,2019,16,-11,443,382,-8148,767,3985,4868,-8915
NO5,2021,50,1342,381,382,-3388,-2948,2754,3151,-440
NO,2012,51,1243,440,381,-910,1789,13034,15537,-2699
NO,2022,50,1769,495,381,-12665,-3540,13375,6575,-9125
NO3,2021,46,840,437,381,663,104,2385,1611,559
NO4,2018,43,797,570,381,-2538,-2796,2999,653,258
NO,2003,15,419,421,380,-24265,-12470,10237,42833,-11794
NO1,2015,18,333,323,380,-234,-304,3911,3721,70
NO1,2017,39,-127,261,380,-69,7,3216,6,-77
NO1,2017,43,748,310,380,642,80,3801,565,563
NO1,2019,40,631,352,380,230,-46,3434,230,276
NO4,2015,19,455,399,380,1678,-173,2634,10811,1851
NO,2001,15,944,582,379,-8508,2707,12433,41216,-11216
NO2,2023,36,-236,377,379,-1215,-510,2411,1,-706
NO4,2015,1,1630,520,379,-2199,-1521,2263,3754,-678
NO5,2020,46,272,540,379,935,1723,3141,465,-788
NO1,2016,35,151,266,378,-29,146,2913,1,-175
NO3,2019,33,650,496,378,-342,24,1939,61,-366
NO2,2022,7,1569,393,377,-5144,-5323,3254,12151,180
NO5,2020,4,1303,422,377,2780,1172,2672,9276,1608
NO5,2022,46,19,904,377,2,921,3176,300,-919
NO2,2015,15,176,273,376,8236,421,3542,22367,7815
NO2,2016,16,582,434,376,3329,2982,3645,14471,347
NO3,2023,42,959,576,376,1307,224,2338,1383,1083
NO1,2023,41,538,344,375,1053,314,4033,209,739
NO1,2025,51,570,323,375,92,371,3913,1133,-279
NO3,2021,38,571,395,375,-955,-984,2210,71,29
NO,2006,15,1712,554,374,-13385,-1519,12515,40484,-11866
NO3,2016,36,277,485,374,-307,-482,2288,118,175
NO3,2023,37,517,558,374,-139,-240,2263,58,100
NO5,2025,40,1087,279,374,-617,-681,3039,173,64
NO,2009,10,2685,360,373,-1875,-2637,11768,48507,762
NO3,2016,31,481,552,373,-948,-923,2272,298,-25
NO3,2017,43,915,408,373,38,-143,2301,666,181
NO3,2022,32,176,666,373,1245,602,2381,728,643
NO3,2026,17,370,394,373,-4621,-103,2263,4081,-4518
NO4,2023,33,287,433,373,-2186,-1715,2266,67,-471
NO1,2020,19,27,311,372,1981,-590,3916,5676,2571
NO3,2015,33,-11,676,372,1986,717,2291,1343,1269
NO4,2022,44,260,460,371,988,1319,2830,416,-331
NO,2011,2,4918,362,370,-27877,-20778,11659,21426,-7099
NO2,2015,4,754,229,370,8302,1967,3201,15920,6335
NO2,2021,16,62,646,370,634,4019,3809,10575,-3385
NO3,2022,41,571,533,370,313,5,2395,394,308
NO,2021,7,2515,289,369,-8204,5076,12639,27125,-13281
NO1,2019,26,-211,335,369,-75,237,3164,53,-312
NO,2004,3,2474,497,368,-14143,-10321,12110,26863,-3822
NO,2019,5,1273,272,368,-17918,-5001,12570,22646,-12917
NO3,2020,47,1984,434,368,1970,1590,2252,1864,380
NO4,2019,19,172,347,368,-2004,-1244,3069,7766,-760
NO,2011,10,3336,454,367,-23062,-17412,11583,42280,-5650
NO1,2017,34,-104,362,367,30,-67,3178,7,98
NO1,2020,39,1046,225,367,167,346,3098,21,-179
NO1,2022,17,-6,430,367,-1895,-374,3963,2537,-1521
NO2,2020,15,472,381,367,14895,3827,3395,25768,11067
NO,2004,5,2428,276,366,-15991,-10647,11824,30965,-5344
NO,2023,48,367,377,366,-5927,-5405,12543,11676,-522
NO2,2016,6,1125,543,366,7534,5331,3337,13324,2204
NO2,2019,28,-110,492,366,-613,1124,2404,12,-1736
NO3,2017,40,838,398,366,-582,-428,2053,173,-155
NO,2024,1,620,380,365,-8732,-6244,12189,23210,-2488
NO2,2016,48,572,430,365,-3491,-2383,3270,1762,-1108
NO,2003,7,1267,525,364,-22420,-14449,9511,35562,-7971
NO1,2024,27,717,245,364,359,331,3250,85,28
NO3,2024,40,362,367,364,268,225,2214,210,43
NO1,2021,42,509,346,363,-246,-468,3625,253,223
NO4,2024,49,364,500,363,3508,2043,2618,3760,1466
NO,2013,9,3321,736,362,-11148,-1728,12351,35623,-9421
NO2,2015,40,-137,536,362,4485,4806,3278,19,-321
NO3,2023,35,205,524,362,-158,-285,2314,59,127
NO4,2025,36,299,478,362,3470,3231,2651,292,239
NO,2009,5,576,322,361,289,-1447,12102,37768,1736
NO1,2017,18,-111,280,361,-1274,-389,3853,2825,-885
NO2,2020,53,1377,538,361,5484,5913,3629,5432,-429
NO4,2020,2,1360,487,361,-1475,-2855,2301,6140,1380
NO4,2021,31,77,365,361,-44,778,2264,61,-821
NO4,2020,41,113,339,360,2263,2490,2786,58,-226
NO3,2016,47,1451,343,359,-1081,-1486,2069,2072,405
NO3,2022,18,369,393,358,3848,-417,2449,12284,4264
NO3,2023,31,382,545,358,-993,-812,2290,124,-181
NO1,2025,15,111,304,357,-2150,621,4104,1628,-2771
NO2,2018,52,476,273,357,-4866,-1458,3371,2019,-3407
NO3,2024,29,106,500,357,-1086,-418,2076,243,-668
NO4,2021,34,210,386,357,-163,265,2259,53,-427
NO5,2017,3,719,424,357,-1213,-287,2817,5945,-927
NO5,2022,42,449,592,357,-800,-988,3000,613,187
NO,2023,13,1163,384,356,2094,-2321,12310,56127,4414
NO3,2020,33,-65,610,356,1362,1070,2029,628,291
NO4,2022,3,2159,340,356,2478,621,2185,7131,1857
NO1,2021,28,10,378,355,-489,-184,2852,5,-304
NO1,2023,33,241,691,355,1748,822,4000,8,926
NO2,2021,12,575,383,355,68,3744,3690,10580,-3676
NO2,2024,31,-224,362,355,667,1350,2505,75,-683
NO5,2021,36,205,280,355,-5269,-4232,1834,80,-1037
NO,2004,4,1924,272,354,-15516,-10588,11979,28651,-4928
NO,2006,4,2132,460,354,-3042,4750,12777,24988,-7792
NO1,2016,39,373,221,354,-494,-26,2787,44,-468
NO,2007,8,2147,324,353,17714,1283,12598,59077,16431
NO,2026,4,355,413,353,-15061,-469,13166,17799,-14592
NO1,2019,35,195,293,353,-154,-22,2957,0,-132
NO2,2018,1,634,293,353,3769,3143,3291,7602,626
NO1,2022,42,202,304,352,-340,-389,3557,147,49
NO2,2022,1,924,430,351,-11042,-7664,3461,3429,-3378
NO2,2024,17,452,406,351,3305,-383,3663,17204,3688
NO,2006,1,268,313,350,-1879,6038,12955,17015,-7917
NO2,2022,3,995,437,350,-11198,-7315,3582,4412,-3883
NO3,2021,44,392,499,350,465,-36,2490,958,501
NO,2004,10,1252,246,349,-15306,-8188,11830,40565,-7118
NO1,2021,26,-317,368,349,-772,-77,2777,57,-695
NO2,2023,5,2559,344,349,-661,-2120,3183,11912,1459
NO3,2015,40,659,578,349,609,779,2146,64,-170
NO4,2025,37,-93,485,349,2984,3128,2344,234,-144
NO5,2015,11,1220,473,349,4925,428,2562,15911,4497
NO,2006,14,1937,294,348,-13836,-927,12239,39616,-12909
NO,2018,7,1780,268,348,3136,-580,11842,44918,3716
NO1,2022,43,269,258,348,-431,-340,3629,84,-91
NO2,2021,18,162,218,348,-319,1946,3555,10503,-2264
NO4,2022,12,1222,701,348,3126,468,2341,11594,2658
NO2,2020,12,1725,390,347,15088,4736,3141,25156,10351
NO3,2025,33,375,555,347,783,944,2062,142,-161
NO3,2021,28,149,478,346,-1740,-403,1875,99,-1337
NO4,2025,4,120,475,346,5993,3914,2398,7581,2079
NO4,2025,43,490,590,346,3375,3083,2816,869,292
NO3,2019,35,314,487,345,-231,105,1865,46,-335
NO4,2019,38,448,389,345,-999,-1132,2706,200,133
NO4,2023,35,197,360,345,-2441,-1940,2150,57,-500
NO5,2017,14,716,595,345,-2886,-420,2906,9493,-2466
NO1,2019,39,471,279,344,46,-56,3398,3,102
NO1,2023,15,1419,320,344,2571,-103,3481,7696,2674
NO1,2025,40,684,232,344,-194,-331,3437,89,137
NO4,2019,32,-47,340,344,-2081,-1254,1900,214,-827
NO,2009,9,3029,452,343,-1874,-2450,11734,46235,575
NO4,2016,40,322,492,343,450,497,2815,87,-48
NO5,2015,47,1108,486,343,566,303,2718,2311,263
NO5,2021,45,935,510,343,-2707,-2806,2924,1254,99
NO5,2021,47,485,387,343,-2777,-2665,2824,1830,-112
NO2,2015,9,1740,339,342,7964,1393,3242,19882,6571
NO3,2019,30,-27,468,342,-618,284,1721,141,-901
NO,2009,6,1828,257,341,-780,-1557,11942,39495,777
NO1,2018,32,1018,292,341,-699,-614,2999,0,-85
NO1,2018,45,329,210,340,-213,24,3509,388,-237
NO3,2019,43,633,331,340,57,66,2131,646,-9
NO3,2021,32,723,381,340,-1564,-1133,1987,47,-431
NO1,2025,10,791,295,339,-1068,648,4052,2438,-1715
NO3,2018,31,603,523,339,-2193,-1443,1785,60,-750
NO5,2023,51,1807,469,338,150,-638,2563,5126,788
NO2,2017,4,119,423,337,-5521,-1012,3509,4768,-4509
NO3,2021,35,251,386,337,-1164,-876,1919,40,-288
NO5,2019,19,748,384,337,-5160,1307,3056,4185,-6467
NO2,2017,11,1546,359,336,-4988,-300,3209,9693,-4687
NO3,2021,50,1131,417,336,244,-92,2319,2880,336
NO5,2015,53,447,328,336,4640,1793,2797,8012,2847
NO1,2023,40,406,317,335,979,317,3869,182,662
NO2,2023,52,1015,364,335,-585,-1087,3225,6075,502
NO2,2025,30,-68,347,334,-6864,-5310,1871,19,-1553
NO4,2020,47,458,296,334,2655,3271,2743,921,-616
NO3,2019,39,-59,563,333,346,462,2153,45,-116
NO3,2025,46,1205,359,333,561,858,2230,911,-297
NO4,2024,39,926,282,333,-1782,-1681,2342,403,-101
NO1,2017,26,-82,332,332,-371,12,2983,163,-383
NO2,2021,31,91,432,332,-3847,-3065,2481,1,-782
NO3,2024,48,750,274,332,2218,1475,2397,2435,743
NO,2023,49,603,252,331,-8793,-6554,12312,12256,-2239
NO2,2016,1,256,328,331,6596,5381,3560,7922,1215
NO3,2025,51,521,387,331,-275,883,2148,1934,-1158
NO4,2017,20,100,359,331,2679,-2010,2513,13200,4689
NO3,2019,28,-190,431,330,-288,511,2110,402,-799
NO1,2016,33,-55,305,329,6,43,3043,2,-37
NO3,2022,3,1813,273,329,2373,216,2076,7334,2156
NO4,2016,33,-83,411,329,-16,120,2549,120,-136
NO4,2016,52,1926,393,329,1295,-454,2505,5229,1750
NO4,2019,9,1664,600,329,-1847,-2309,2293,8188,462
NO5,2017,19,149,538,329,-2682,-1143,2938,9232,-1539
NO5,2021,31,-18,484,329,-3424,-2378,2290,96,-1046
NO,2010,10,3280,354,328,-27491,-9148,11248,29922,-18343
NO1,2018,34,234,338,328,-655,-537,2956,13,-118
NO1,2022,46,8,341,328,-183,171,3840,121,-354
NO2,2020,10,1746,292,328,12918,4719,3143,22217,8199
NO2,2024,8,1235,382,328,1414,-1503,3090,15724,2917
NO3,2020,2,1320,457,328,650,195,2077,5190,455
NO3,2022,43,377,347,328,-302,-189,2429,243,-113
NO4,2021,44,320,386,328,558,691,2658,786,-132
NO5,2025,15,397,333,328,-2480,1325,3171,7973,-3805
NO5,2025,39,-72,435,328,-862,-460,2643,49,-402
NO,2006,8,1057,280,327,-6621,3489,12548,32586,-10110
NO3,2017,13,382,358,327,841,-210,2153,9880,1051
NO5,2022,18,201,285,327,-1690,-1929,2893,11665,240
NO2,2018,15,329,350,326,-1820,-1199,3422,14052,-621
NO3,2015,35,537,610,326,1326,731,2124,717,595
NO3,2019,29,-30,394,326,-464,347,1913,263,-811
NO3,2025,17,137,402,326,259,2281,2583,6256,-2023
NO4,2024,52,1509,411,326,5136,2665,2525,5929,2471
NO3,2019,40,781,343,325,597,355,2114,509,242
NO3,2020,35,493,490,325,1177,1042,1978,403,135
NO3,2021,47,938,472,325,781,88,2260,2169,692
NO4,2024,19,429,357,325,-6024,-3864,2684,6751,-2160
NO5,2019,41,610,346,325,-566,-365,2674,389,-202
NO1,2016,29,-168,227,324,-541,-38,2560,24,-503
NO2,2016,12,444,460,324,3771,3697,3693,14327,74
NO2,2024,12,989,302,324,1207,-1484,3176,17460,2691
NO,2009,8,2853,232,323,-2115,-2268,11803,43594,153
NO1,2020,42,82,327,323,372,552,3455,19,-180
NO1,2022,33,1152,328,323,-1112,-1051,3016,5,-60
NO2,2016,38,13,287,323,821,1791,2375,10,-970
NO3,2025,39,95,471,323,276,649,1938,3,-373
NO2,2023,45,277,396,322,582,351,3277,1784,231
NO3,2024,42,209,348,322,222,415,2375,70,-193
NO4,2023,34,68,412,322,-2410,-1865,2135,60,-545
NO,2011,9,2849,419,321,-24257,-17866,11620,39383,-6391
NO1,2015,37,-125,353,321,657,412,3318,52,244
NO1,2017,28,520,343,321,-150,-205,3116,99,54
NO3,2020,48,925,517,321,2086,1683,2156,2335,402
NO5,2023,50,973,128,321,-1218,-873,2600,3399,-345
NO2,2022,38,308,313,320,-10074,-9300,2575,7,-774
NO3,2019,19,541,355,320,-1875,680,2544,4810,-2555
NO3,2024,49,181,441,320,1806,1570,2257,2443,236
NO4,2018,36,-39,397,320,-4927,-4672,2398,52,-254
NO2,2024,10,43,323,319,523,-1495,3080,16099,2018
NO2,2025,35,723,312,319,-6858,-6271,2500,3,-586
NO3,2017,51,1399,330,319,2439,-31,2034,5675,2470
NO,2006,7,1476,311,318,-4584,4089,12526,31845,-8673
NO,2012,6,1421,204,318,12690,7110,12593,43647,5580
NO5,2016,47,937,330,318,-1303,-1097,2611,1949,-206
NO,2016,10,606,178,317,8673,6654,12300,49232,2019
NO1,2022,18,-91,283,317,-1977,-540,3911,2215,-1437
NO3,2017,34,230,492,317,388,227,2151,307,160
NO1,2019,27,163,295,316,-113,107,3041,46,-220
NO2,2026,15,272,299,316,-10817,-3472,3620,7130,-7345
NO1,2018,36,160,212,315,-878,-510,2730,0,-368
NO1,2024,38,-79,494,315,938,515,3627,1,423
NO3,2019,2,792,323,315,-407,605,2103,3697,-1012
NO1,2019,38,128,273,314,-45,-38,3172,27,-7
NO1,2022,37,1112,302,314,-1299,-1130,2952,4,-169
NO3,2018,26,-30,406,314,-2807,-715,1842,361,-2092
NO4,2020,46,268,511,314,2376,2861,2752,775,-485
NO5,2015,3,2510,244,314,4024,472,2531,10709,3552
NO,2013,4,917,222,313,-8138,-493,12416,25497,-7645
NO2,2019,2,412,409,313,-6307,-1363,3474,2589,-4944
NO2,2024,47,953,374,313,-246,603,3551,1195,-850
NO1,2024,31,-227,442,312,383,338,3099,5,45
NO,2001,10,2743,303,311,-7657,4804,12280,34773,-12461
NO,2007,9,1876,244,311,17052,1130,12499,60817,15922
NO1,2016,37,102,270,311,-304,63,2759,0,-366
NO3,2018,44,271,269,311,443,169,2301,920,274
NO3,2019,34,272,439,311,-352,37,1853,55,-389
NO3,2025,30,65,477,311,212,846,1865,265,-634
NO4,2018,45,215,353,311,-3189,-2944,2888,646,-245
NO5,2025,44,586,381,311,-847,-463,3009,389,-385
NO1,2019,47,1489,220,310,982,11,3412,2061,971
NO1,2022,16,-25,503,310,-1727,-348,4275,2671,-1379
NO3,2018,46,202,328,310,-320,338,2411,370,-658
NO5,2015,2,1495,293,310,2334,393,2589,8417,1940
NO,2010,49,1886,290,309,-22743,-17462,12246,9281,-5281
NO2,2024,6,543,319,308,926,-1304,3097,13591,2230
NO3,2019,36,628,449,308,-45,90,1980,116,-134
NO4,2016,38,-81,411,308,350,459,2593,71,-109
NO4,2024,47,628,431,308,2667,1600,2837,2511,1067
NO3,2025,45,542,407,307,-38,762,2303,73,-800
NO,2002,51,2634,308,306,-21881,-15777,9436,15729,-6104
NO1,2017,44,273,271,306,414,-1,3851,512,415
NO1,2023,35,182,707,306,1391,714,3762,3,676
NO1,2025,42,91,279,306,-531,-227,3334,17,-304
NO2,2015,41,332,330,306,3660,4170,3251,53,-510
NO3,2025,15,716,407,305,563,2100,2505,7139,-1537
NO4,2015,37,8,320,305,1592,1584,2281,447,7
NO4,2019,13,1871,364,305,-719,-1821,2261,10494,1102
NO5,2018,45,255,461,305,254,520,2900,912,-266
NO2,2018,27,-299,222,304,-4340,-1166,1596,17,-3173
NO3,2020,36,215,331,304,993,915,1955,354,78
NO4,2025,19,99,404,304,8252,4630,2734,12483,3622
NO,2004,11,628,207,303,-16685,-8260,11782,41027,-8425
NO1,2024,45,30,267,303,463,482,3880,234,-19
NO,2006,13,2490,326,302,-14198,-391,12195,38020,-13807
NO,2009,7,1521,179,302,-2101,-1833,11809,40967,-268
NO4,2015,41,180,482,302,2390,2406,2679,376,-16
NO3,2022,4,1523,299,301,3190,311,2072,8529,2879
NO5,2024,5,3120,305,301,1894,-809,2522,11112,2703
NO1,2020,20,106,242,300,1876,-1166,3716,5725,3042
NO2,2016,11,45,539,300,4244,3779,3821,14233,465
NO2,2018,5,1768,360,300,3832,2465,3097,11906,1367
NO2,2019,15,-8,469,300,-7880,885,3567,5763,-8765
NO3,2016,37,150,526,300,-613,-580,2099,87,-34
NO5,2017,47,1418,223,300,2336,485,2625,3992,1851
NO,2003,10,2731,259,299,-26003,-14028,9422,38116,-11975
NO1,2015,40,-63,290,298,557,427,3517,2,130
NO1,2017,45,516,283,298,437,-19,3815,775,456
NO2,2017,17,700,303,298,-4288,-147,3446,9593,-4141
NO2,2019,47,1144,304,298,-1173,-283,3158,1547,-890
NO3,2016,50,384,245,298,431,-814,2020,4087,1245
NO4,2018,18,129,398,298,-5813,-2999,2509,6658,-2814
NO5,2022,38,296,324,298,-2751,-2333,2426,171,-418
NO1,2025,39,-128,325,297,-415,-292,3176,0,-123
NO4,2021,37,268,324,297,101,263,2494,65,-162
NO5,2016,18,349,317,297,2393,-323,3000,14034,2716
NO1,2025,33,-158,294,296,-1024,-720,2775,2,-304
NO2,2024,7,1489,261,296,1360,-1374,3056,14903,2733
NO3,2016,48,1545,364,296,-145,-1351,1912,3383,1206
NO4,2025,14,1020,420,296,7287,4887,2333,12013,2400
NO1,2022,31,527,290,295,-1437,-900,2492,30,-537
NO2,2016,42,394,285,295,-392,658,2964,30,-1049
NO2,2021,9,159,575,295,80,3927,3750,8957,-3847
NO3,2024,31,166,390,295,-841,-425,2048,131,-415
NO4,2019,49,1856,366,295,-3400,-3533,2148,2898,133
NO5,2017,45,936,445,295,1046,611,2884,1629,435
NO1,2016,36,152,217,294,-112,105,2880,0,-217
NO2,2025,2,627,280,294,-551,1832,3351,5274,-2382
NO2,2025,5,239,298,294,-2778,1885,3466,5508,-4663
NO1,2021,45,263,267,293,-415,-333,3677,375,-81
NO2,2019,10,1033,486,293,-8737,-259,3569,5113,-8479
NO4,2025,18,597,413,293,8420,4936,2436,13028,3484
NO1,2019,30,-38,263,292,-824,-142,2383,1,-682
NO3,2025,43,310,352,292,468,875,2242,136,-407
NO4,2023,41,364,314,292,-395,-481,2687,469,86
NO5,2021,33,46,340,292,-4004,-3090,2116,88,-913
NO,2009,13,1225,342,291,-2391,-3809,11674,53766,1418
NO1,2016,14,284,274,291,-905,86,3713,3865,-991
NO1,2025,14,-7,257,291,-2103,585,4053,1829,-2688
NO2,2019,7,751,328,291,-7748,-1497,3467,5507,-6251
NO3,2016,33,-12,543,291,-751,-754,2156,213,3
NO5,2015,41,76,293,291,390,742,2664,249,-352
NO5,2022,4,1651,291,291,-2904,-2334,2638,7132,-570
NO3,2015,51,648,254,290,785,714,2053,3258,71
NO3,2018,45,60,353,290,-43,216,2348,569,-259
NO3,2022,44,382,403,290,-500,-191,2371,266,-310
NO,2009,11,2269,381,289,-2081,-3005,11725,50434,925
NO2,2025,47,340,348,289,-5632,-4022,3674,311,-1610
NO5,2021,8,1006,443,289,-3103,350,2736,6384,-3453
NO5,2016,46,1080,425,288,-1576,-1165,2485,1498,-411
NO,2005,9,1300,263,287,16175,2282,12395,58893,13893
NO2,2022,51,1523,283,287,-5108,-3257,3287,3007,-1851
NO3,2020,17,56,484,287,5106,256,2254,13459,4850
NO5,2015,8,1253,268,287,3717,248,2538,13504,3469
NO1,2020,48,121,251,286,916,1074,3795,744,-158
NO4,2020,42,438,291,286,2100,2345,2718,260,-245
NO4,2021,45,835,343,286,813,701,2624,1266,112
NO4,2021,46,1054,487,286,1203,830,2640,1747,374
NO,2018,14,2238,216,285,-7525,-6698,11621,52317,-827
NO5,2016,44,672,427,285,-1038,-630,2515,860,-408
NO,2010,1,845,169,284,-12431,-5225,11644,19038,-7206
NO,2011,1,3187,264,284,-30301,-20921,11718,16788,-9381
NO1,2017,14,44,290,284,-1706,-57,3514,3406,-1649
NO1,2017,15,284,283,284,-1611,-12,3489,3415,-1600
NO1,2017,27,155,268,284,-397,-125,2913,122,-271
NO3,2017,45,747,344,284,669,80,2213,1553,589
NO3,2022,16,-3,669,284,3610,-235,2385,12571,3846
NO4,2022,37,394,354,284,2357,2098,2702,279,259
NO1,2022,28,-112,255,283,-1217,-859,2679,125,-357
NO4,2022,42,415,340,283,1243,1339,2772,356,-96
NO1,2020,46,191,297,282,553,792,3865,212,-239
NO3,2017,19,108,315,282,1530,-1043,2271,10212,2573
NO3,2025,50,646,252,282,-140,751,2072,1900,-891
NO4,2022,38,227,324,282,1963,1796,2689,251,167
NO3,2020,44,336,279,281,705,892,2120,639,-187
NO4,2017,44,961,328,281,182,-22,2627,1154,204
NO4,2019,8,1319,281,281,-2631,-2555,2264,7251,-77
NO,2010,50,1875,264,280,-24235,-18290,12058,11073,-5945
NO1,2019,44,50,254,280,111,95,3584,380,16
NO1,2020,52,310,197,280,1092,1162,3495,1948,-70
NO1,2021,33,89,256,280,-889,-369,2561,0,-520
NO3,2025,38,784,373,280,615,606,2076,186,9
NO2,2025,31,794,236,279,-6802,-5965,2416,10,-837
NO3,2017,35,90,343,279,110,103,1999,255,7
NO4,2019,43,906,316,279,-2977,-2512,2410,519,-465
NO5,2016,43,1141,412,279,-701,-276,2487,669,-426
NO1,2021,31,3,279,278,-538,-210,2731,0,-327
NO1,2024,40,96,328,278,613,248,3712,41,365
NO2,2022,13,43,327,278,-7716,-6405,3354,13515,-1312
NO3,2020,18,143,259,278,5022,-92,2222,13361,5114
NO3,2018,35,138,453,277,-1300,-1189,2091,45,-111
NO5,2016,40,-12,544,276,465,909,2539,165,-444
NO1,2018,40,170,226,275,-145,-108,3252,100,-36
NO1,2026,16,285,207,275,-1114,-1,4293,2920,-1113
NO2,2023,43,79,401,275,1533,1521,3497,759,12
NO3,2021,45,612,407,275,409,-43,2364,1264,453
NO3,2022,34,263,516,275,629,331,2191,406,298
NO3,2021,39,165,354,274,-1222,-1055,2105,42,-167
NO2,2019,48,455,271,273,-1887,-644,3044,1852,-1243
NO5,2019,40,411,373,273,-637,-303,2599,215,-334
NO,2009,53,1142,232,272,-8676,-3170,11775,18235,-5506
NO2,2026,9,1132,171,272,-12677,-4642,3291,5228,-8035
NO3,2017,15,626,385,272,1125,-45,2192,10159,1171
NO3,2021,37,163,469,272,-1094,-969,2057,38,-125
NO3,2025,36,357,405,272,471,791,1825,86,-320
NO4,2022,4,1405,406,272,3064,718,2178,8067,2346
NO1,2018,35,30,259,271,-868,-529,2750,0,-339
NO3,2015,39,334,350,271,598,640,2016,257,-41
NO3,2024,39,1000,326,271,344,226,2016,417,118
NO3,2020,40,14,393,270,983,1168,2144,53,-185
NO3,2024,51,865,306,270,2243,1598,2117,3767,645
NO5,2025,13,746,286,270,-1991,1157,2836,8666,-3148
NO1,2022,29,-208,218,269,-1577,-893,2336,67,-684
NO2,2016,7,728,153,269,7275,5234,3266,14000,2041
NO4,2024,48,870,274,269,2993,1771,2684,3115,1223
NO1,2015,52,483,211,268,-255,71,3568,1619,-327
NO5,2020,3,1875,415,268,2173,762,2580,8519,1411
NO1,2019,41,196,208,267,63,-88,3343,311,151
NO3,2019,13,1050,373,267,-1019,237,2167,7558,-1257
NO4,2015,52,1238,430,267,4724,3799,2377,4532,925
NO5,2016,50,350,429,267,-1989,-875,2677,2554,-1114
NO1,2017,29,-123,290,265,-513,-246,2759,61,-266
NO2,2022,8,1583,224,265,-4313,-5253,3206,13632,940
NO4,2021,50,1031,254,265,868,757,2397,3013,111
NO1,2015,34,-286,280,264,-264,70,2627,125,-335
NO1,2016,15,142,197,264,-906,80,3659,3858,-986
NO4,2025,38,447,341,263,2833,2890,2491,225,-57
NO5,2020,51,528,193,263,1520,2480,2812,3130,-960
NO1,2016,16,56,185,261,-912,27,3598,3788,-939
NO3,2024,47,635,316,261,2248,1363,2369,2253,885
NO5,2016,5,1477,179,261,4366,1034,2538,11726,3333
NO5,2020,8,2585,309,261,6054,2072,2501,14054,3982
NO5,2025,48,933,252,261,-1371,-37,2823,1081,-1334
NO1,2023,37,216,277,260,423,291,3256,3,133
NO1,2023,42,100,279,260,670,262,3787,276,408
NO3,2017,18,-13,339,260,1576,-658,2343,10359,2234
NO4,2017,38,-12,294,260,1082,929,2588,338,153
NO1,2021,46,140,210,259,-687,-350,3611,367,-337
NO1,2022,30,44,204,259,-1730,-933,2227,41,-797
NO3,2020,16,1775,372,259,5476,426,2038,14122,5050
NO3,2022,17,203,360,259,3599,-317,2293,12485,3916
NO4,2018,44,353,300,259,-2767,-2871,2901,779,104
NO5,2015,10,1371,246,259,4558,366,2671,15095,4192
NO,2013,6,1700,256,258,-7531,-652,12243,31538,-6879
NO1,2023,18,35,260,258,2810,-450,3711,7111,3260
NO2,2021,10,1697,405,258,846,3976,3572,10459,-3130
NO3,2015,43,555,312,258,-227,467,1986,105,-694
NO3,2017,4,202,404,258,2084,26,2174,7606,2058
NO2,2025,6,476,246,257,-3539,1724,3381,5814,-5263
NO1,2021,13,196,264,256,-542,300,3574,4140,-842
NO1,2025,49,554,230,256,-233,127,3700,847,-360
NO1,2025,50,551,198,256,-83,206,3672,1159,-289
NO5,2026,17,43,349,256,-5460,-568,2941,6879,-4893
NO,2021,5,436,180,255,-5369,6273,12598,23893,-11642
NO2,2017,9,1171,346,255,-5882,-450,3225,7897,-5432
NO3,2020,46,95,310,255,488,1295,2221,411,-807
NO5,2017,52,1028,371,255,2764,572,2546,7070,2192
NO5,2018,44,551,311,255,898,646,2671,1364,253
NO,2005,10,1545,389,254,14419,1514,12426,59992,12905
NO1,2020,33,-204,256,253,-48,472,2549,12,-520
NO1,2016,13,406,234,252,-994,-13,3559,4016,-981
NO1,2020,51,583,155,252,1170,1161,3510,1824,9
NO4,2017,41,268,204,252,-283,184,2395,209,-466
NO4,2025,44,150,329,252,2929,2967,2689,850,-38
NO1,2019,29,114,194,251,-591,-132,2622,7,-459
NO3,2015,52,1311,689,251,1167,888,2081,3796,279
NO3,2017,36,146,328,251,-132,-22,1909,211,-111
NO4,2026,1,602,300,251,3978,3905,2244,4524,73
NO5,2020,42,31,411,251,905,1397,2823,111,-492
NO,2001,5,298,312,250,-6644,6062,12513,22915,-12706
NO1,2018,25,29,212,250,-1224,12,2533,27,-1236
NO2,2017,12,740,229,250,-4839,-336,3188,10254,-4504
NO3,2024,36,154,394,250,-112,92,1990,38,-203
NO5,2025,9,731,288,250,-2855,542,2748,6920,-3397
NO1,2020,34,-1,218,249,-273,419,2390,4,-693
NO2,2015,5,1469,277,249,8522,1769,3167,17222,6753
NO2,2021,33,-141,323,249,-5645,-4660,2098,0,-985
NO2,2026,10,482,287,249,-13318,-4731,3659,4915,-8587
NO3,2018,30,204,377,249,-2622,-1451,1519,74,-1171
NO4,2017,7,1058,340,249,2640,-112,2284,9647,2752
NO4,2023,4,1482,281,249,-1078,236,2163,4422,-1314
NO,2026,6,201,218,248,-21562,-1877,12766,18209,-19685
NO1,2024,14,374,239,248,1390,51,3411,6496,1339
NO1,2025,30,474,226,248,-891,-813,2976,11,-79
NO3,2015,38,349,350,248,758,581,1992,437,176
NO3,2020,41,261,293,248,717,994,2144,60,-278
NO1,2019,32,413,209,247,-867,-305,2523,0,-562
NO1,2023,36,-181,316,247,705,493,3308,2,211
NO3,2016,44,785,434,247,-1641,-1469,1907,868,-172
NO5,2019,1,1122,314,247,-3144,-133,2628,2886,-3011
NO,2010,48,590,333,246,-21212,-16416,12455,7490,-4796
NO1,2016,17,642,202,246,-322,-119,3711,4108,-203
NO2,2024,40,12,508,246,-147,449,3022,2,-596
NO4,2021,8,1107,210,246,-2528,1192,2144,3727,-3721
NO1,2021,32,187,233,245,-684,-315,2715,1,-369
NO2,2015,42,38,258,245,2650,3603,3072,18,-953
NO3,2017,1,1334,274,245,2286,-164,2059,6799,2450
NO5,2019,13,831,311,245,-4186,568,2788,7109,-4755
NO4,2017,3,1738,235,244,2200,-466,2269,7857,2666
NO,2013,10,1676,341,243,-12110,-1887,12180,37110,-10223
NO2,2019,11,1049,321,243,-8171,-13,3393,6040,-8158
NO3,2020,19,315,321,243,5062,-583,2234,13320,5645
NO5,2019,42,351,358,243,-648,-267,2675,369,-381
NO2,2019,6,1058,156,242,-7819,-1888,3136,5391,-5931
NO5,2020,49,433,303,242,2370,2694,2868,2574,-325
NO5,2024,16,56,392,242,1683,-1124,2696,15027,2807
NO5,2025,1,924,298,242,440,1460,2702,4804,-1020
NO5,2025,49,447,276,242,-1847,-96,2727,1288,-1751
NO1,2017,35,-44,228,241,-321,-159,2922,5,-162
NO1,2024,46,297,200,241,341,473,3810,374,-132
NO2,2015,12,261,240,241,8506,1445,3321,21685,7061
NO3,2015,48,882,341,241,-513,437,2022,1117,-950
NO3,2018,29,38,338,241,-2791,-1362,1457,101,-1429
NO4,2026,17,452,353,241,1163,4531,2440,6369,-3368
NO5,2017,13,601,355,241,-2964,-626,2891,9422,-2338
NO2,2022,35,-198,328,240,-9526,-8557,2106,14,-970
NO3,2021,29,32,345,240,-1829,-628,1709,76,-1201
NO5,2025,34,-94,310,240,-1019,-189,2088,108,-831
NO1,2015,16,128,275,239,-506,-135,3657,4298,-371
NO1,2020,50,428,168,239,925,1136,3553,1355,-211
NO2,2015,13,923,245,239,8523,993,3237,22474,7530
NO2,2018,47,-2,479,239,-1528,384,3602,82,-1912
NO2,2021,17,17,263,239,-61,2995,3597,10526,-3056
NO3,2020,6,1237,334,239,2315,779,2042,8069,1536
NO5,2022,35,-157,398,239,-2579,-1900,2071,226,-679
NO,2013,3,584,301,238,-5269,304,12610,24611,-5573
NO1,2017,47,975,171,238,911,-68,3608,1872,979
NO2,2018,6,732,164,238,3423,2286,3093,12502,1138
NO2,2018,30,309,182,238,-5717,-3773,1497,2,-1945
NO2,2021,29,-279,282,237,-4194,-2426,1945,4,-1768
NO3,2015,45,440,419,237,-600,456,2039,81,-1056
NO3,2020,15,503,284,237,4100,483,2037,12761,3617
NO3,2025,1,648,200,237,2225,1946,2106,4582,279
NO4,2021,42,466,264,237,286,341,2544,625,-55
NO5,2024,40,167,363,237,347,475,2945,75,-128
NO1,2018,44,751,164,236,-192,-24,3193,586,-168
NO3,2021,30,59,358,236,-1901,-811,1616,57,-1091
NO3,2025,35,-157,290,236,471,864,1747,107,-393
NO4,2025,16,716,546,236,7998,5075,2439,12708,2923
NO5,2017,1,627,422,236,-1330,-496,2591,5100,-834
NO1,2016,38,79,189,235,-589,-62,2677,1,-528
NO4,2015,51,930,214,235,4132,3613,2387,3790,519
NO4,2022,36,-73,317,235,2572,2397,2563,317,176
NO5,2024,47,705,268,235,703,1225,2873,1371,-522
NO,2002,50,604,172,234,-21181,-14979,9456,13419,-6201
NO3,2023,16,54,402,234,-1034,-706,2204,8578,-328
NO,2026,5,241,283,233,-18626,-1453,12936,18024,-17173
NO2,2019,46,549,215,233,-1313,28,3090,747,-1341
NO3,2020,42,331,253,233,618,963,2109,185,-344
NO1,2024,17,283,235,232,1365,48,3858,5480,1317
NO2,2016,17,509,252,232,3337,2139,3540,14838,1198
NO2,2018,3,1198,178,232,2720,2532,3106,8959,188
NO3,2025,44,224,255,232,96,696,2127,219,-600
NO4,2018,47,248,329,232,-3420,-2706,2838,729,-714
NO1,2020,49,297,182,231,849,1107,3635,1015,-258
NO3,2017,49,1485,266,231,2049,-39,1965,4587,2088
NO4,2026,12,1168,506,231,1528,3884,2391,6531,-2356
NO,2002,48,1020,219,230,-16102,-13562,9586,12615,-2540
NO,2011,7,658,163,230,-23762,-17981,11516,35747,-5781
NO2,2023,3,1023,209,230,-1679,-2308,3153,9352,629
NO3,2018,27,-183,377,230,-2995,-1019,1558,221,-1976
NO3,2019,32,292,362,230,-733,-32,1696,69,-701
NO3,2020,43,694,257,230,772,841,2010,706,-69
NO4,2016,49,1338,310,230,-456,-805,2155,3106,348
NO5,2015,17,562,396,230,4752,-547,2826,17186,5299
NO1,2016,47,682,127,229,-305,-557,2873,1881,253
NO1,2023,45,419,192,229,692,2,3490,1333,690
NO2,2021,48,568,325,229,-7324,-6346,3467,1694,-978
NO3,2016,43,987,308,229,-1736,-1397,1938,508,-339
NO3,2018,28,60,324,229,-2880,-1235,1519,146,-1645
NO5,2025,35,154,269,229,-1444,-661,2111,83,-783
NO1,2021,16,82,359,228,-551,95,3852,3828,-646
NO3,2017,37,336,314,228,-248,-198,1978,193,-50
NO3,2019,31,63,440,228,-771,144,1589,90,-915
NO1,2019,48,423,153,227,1118,72,3287,2456,1046
NO3,2015,34,-200,633,227,1217,654,1925,937,563
NO3,2022,39,195,318,227,-269,-183,2159,70,-85
NO1,2022,47,398,198,226,-214,131,3657,499,-345
NO2,2018,2,245,148,226,2776,2780,3169,7834,-4
NO2,2023,11,2176,213,226,959,-1453,3156,16846,2412
NO3,2025,13,606,346,226,887,2160,2272,7437,-1273
NO5,2021,52,892,190,226,-3999,-3074,2701,3799,-924
NO3,2015,44,339,322,225,-432,418,1990,107,-850
NO4,2015,46,421,387,225,3028,3336,2811,894,-308
NO4,2016,48,1415,283,225,-1166,-889,2173,2127,-277
NO4,2017,40,242,267,225,-66,337,2391,157,-402
NO1,2015,41,58,198,224,144,278,3360,8,-134
NO3,2026,16,25,233,224,-4958,-199,2270,4082,-4759
NO4,2017,39,-89,356,224,266,586,2390,137,-320
NO3,2025,4,451,289,223,1327,2263,2239,4546,-937
NO5,2017,46,1270,297,223,1573,517,2735,2716,1056
NO3,2015,17,615,491,222,1152,223,2293,9497,929
NO5,2023,4,643,194,222,-1190,457,2534,6158,-1647
NO1,2015,46,486,216,221,-818,-138,3428,207,-680
NO5,2019,49,1261,273,221,-1603,-709,2485,2387,-894
NO,2013,11,1084,157,220,-13622,-2602,12063,38151,-11020
NO1,2018,31,540,282,220,-1452,-645,2252,0,-807
NO1,2022,34,-163,282,220,-1616,-1138,2606,3,-478
NO2,2021,1,107,179,220,3751,5023,3459,5537,-1271
NO4,2015,8,791,232,220,154,-554,2105,8195,708
NO4,2022,18,883,305,220,3101,-349,2547,12884,3450
NO5,2022,3,945,233,220,-3914,-2671,2646,5799,-1243
NO1,2015,49,867,179,219,-337,-140,3400,1311,-197
NO3,2019,49,1179,299,219,-335,-447,1920,2656,112
NO5,2019,44,110,287,219,-1018,-286,2640,411,-732
NO,2001,9,857,246,218,-7800,4992,12310,32292,-12792
NO,2018,8,678,143,218,311,-1749,11742,45561,2060
NO3,2025,14,157,343,218,435,2128,2315,7140,-1694
NO4,2023,6,1393,321,218,-619,307,2171,5663,-926
NO4,2025,35,-148,523,218,3724,3398,2648,386,327
NO1,2022,38,237,225,217,-1384,-1149,2969,1,-236
NO3,2022,12,390,394,217,3615,151,2149,12057,3464
NO4,2018,17,434,563,217,-5860,-3133,2295,7155,-2727
NO,2001,6,2416,250,216,-7380,5679,12353,25247,-13059
NO,2010,2,623,269,216,-15212,-6051,11609,19415,-9161
NO2,2019,45,53,269,216,-781,558,3210,283,-1338
NO5,2022,17,40,360,216,-1849,-1798,2784,11877,-51
NO,2011,11,1570,238,215,-23318,-17287,11508,43695,-6031
NO1,2017,13,320,183,215,-1582,-197,3181,3989,-1385
NO1,2019,28,-222,214,215,-568,-83,2657,20,-485
NO3,2016,38,38,336,215,-965,-716,1931,73,-249
NO1,2017,46,278,184,214,309,-55,3645,1034,364
NO1,2024,13,695,188,214,1215,31,3371,6368,1183
NO4,2017,5,405,314,214,2927,-89,2281,9064,3016
NO4,2022,39,-33,272,214,1063,1385,2462,62,-322
NO,2002,42,580,538,213,-10474,-4953,10220,1244,-5521
NO,2006,9,1525,240,213,-8299,2680,12352,34062,-10979
NO1,2018,43,206,162,213,-579,28,3091,104,-607
NO3,2017,2,758,194,213,2426,-165,2014,7389,2591
NO3,2021,8,681,399,213,-2649,435,2057,4225,-3084
NO4,2025,46,875,262,213,3276,3009,2516,1763,267
NO5,2025,4,916,243,213,-731,1220,2855,5533,-1951
NO2,2019,3,1100,280,212,-6477,-1514,3281,3633,-4962
NO2,2021,51,72,408,212,-9978,-7583,3485,2266,-2395
NO2,2026,1,554,289,211,-7187,-2540,3638,1982,-4648
NO3,2019,44,513,277,211,7,-42,2041,954,49
NO1,2015,50,280,179,210,-357,-45,3399,1409,-311
NO2,2016,2,596,200,210,5755,4854,3397,8510,900
NO2,2022,12,163,197,210,-6980,-6204,3449,13721,-776
NO3,2021,51,755,371,210,210,-106,2103,3453,316
NO3,2024,38,-57,336,210,-45,238,1938,30,-284
NO5,2020,52,658,289,210,1181,2314,2719,3571,-1134
NO5,2023,6,1333,162,210,357,535,2520,8826,-178
NO,2003,9,345,225,209,-26624,-14299,9408,35661,-12325
NO,2005,8,212,263,209,18203,3188,12494,57765,15015
NO1,2018,49,854,240,209,-172,115,3556,1065,-287
NO1,2020,53,761,154,209,1371,1050,3421,2633,321
NO2,2021,15,110,271,209,1396,4489,3594,11409,-3093
NO2,2025,34,-222,250,209,-6885,-5908,2093,4,-977
NO3,2024,16,89,247,209,-1392,-501,2077,8142,-892
NO2,2025,12,19,266,208,-4490,2708,3535,7212,-7198
NO4,2021,13,733,319,208,-1399,1598,2203,6454,-2997
NO4,2022,2,1520,143,208,835,298,2129,5469,537
NO4,2025,6,867,288,208,5954,4158,2373,8184,1797
NO,2002,49,408,163,207,-18680,-14323,9458,12992,-4357
NO1,2016,40,-17,153,207,-810,-86,2643,22,-723
NO1,2019,31,57,219,207,-989,-208,2277,0,-781
NO1,2020,8,709,207,207,2259,889,3390,5796,1370
NO4,2016,50,940,221,207,-163,-798,2288,3646,635
NO4,2019,7,1627,184,207,-3430,-2798,2214,6333,-632
NO4,2020,21,78,234,207,3409,-3304,2391,14580,6713
NO4,2021,9,1652,509,207,-1742,1353,2129,4795,-3095
NO5,2024,50,1196,196,207,382,1207,2835,2684,-825
NO2,2018,28,-187,164,206,-5068,-2250,1327,8,-2818
NO4,2015,15,1481,359,206,1005,72,2165,10906,934
NO5,2017,15,437,360,206,-2803,-299,2743,9702,-2504
NO,2013,7,538,129,205,-9923,-1074,12141,32055,-8848
NO1,2016,44,986,177,205,-814,-443,2836,740,-371
NO1,2020,16,422,168,205,2311,134,3407,7096,2177
NO1,2021,18,151,172,205,-550,-456,3639,3831,-93
NO1,2024,49,343,196,205,131,440,3746,854,-308
NO1,2024,52,79,138,205,-40,505,3670,1298,-545
NO3,2019,9,432,435,205,-1268,322,2189,5952,-1589
NO4,2025,10,1033,222,205,5888,4495,2275,9570,1393
NO5,2015,9,796,142,205,3932,318,2506,14173,3614
NO,2003,1,1409,139,204,-27845,-17472,9245,18269,-10373
NO1,2019,16,-12,218,204,-557,-203,4022,3950,-354
NO4,2019,39,21,356,204,-1612,-1395,2577,53,-217
NO5,2015,1,1779,306,204,1708,399,2735,7099,1309
NO1,2016,46,737,124,203,-722,-605,2778,1420,-117
NO1,2023,44,862,163,203,697,50,3527,1067,647
NO3,2022,13,700,297,203,3681,79,2078,12506,3602
NO3,2022,42,193,314,203,-134,-152,2249,408,19
NO4,2017,51,1116,228,203,-285,-879,2126,4125,593
NO4,2020,44,245,207,203,1482,2043,2472,545,-560
NO5,2017,18,-46,378,203,-2489,-764,3129,9465,-1725
NO5,2025,14,-11,267,203,-2508,1195,2944,8218,-3703
NO,2006,12,1071,173,202,-14538,186,12141,35914,-14725
NO,2010,4,2449,220,202,-19361,-7424,11427,22194,-11937
NO1,2022,32,-225,179,202,-1969,-1037,2136,16,-932
NO3,2018,36,-24,327,202,-1624,-1314,1879,42,-310
NO,2003,8,221,319,201,-24710,-14427,9454,35506,-10283
NO,2010,51,673,176,201,-27222,-19582,11905,11724,-7640
NO1,2025,11,96,194,201,-1365,628,3844,2518,-1992
NO3,2016,46,588,262,201,-2080,-1713,1865,1206,-368
NO3,2020,5,504,212,201,1742,650,2062,7176,1092
NO5,2025,11,221,333,201,-1498,1155,2897,8426,-2653
NO,2001,11,1851,406,200,-8165,4575,12261,36232,-12740
NO,2010,6,1175,107,200,-23269,-8210,11268,24332,-15059
NO1,2016,51,343,109,200,-513,-500,2958,2354,-13
NO2,2020,14,995,234,200,14910,4078,3184,25883,10832
NO4,2025,51,660,288,200,2862,3248,2290,2982,-386
NO5,2017,2,1113,270,200,-1036,-472,2497,6005,-564
NO5,2019,52,222,104,200,-1262,-466,2374,4253,-796
NO5,2021,34,-122,262,200,-4493,-3458,1907,85,-1035
NO1,2023,43,25,185,199,217,120,3611,289,97
NO1,2025,48,424,192,199,-372,93,3748,485,-465
NO2,2017,5,814,301,199,-5887,-1054,3309,5495,-4833
NO2,2020,13,167,209,199,14527,4432,3245,25030,10095
NO2,2022,50,807,169,199,-5616,-3157,3335,1656,-2459
NO3,2021,9,973,404,199,-2290,624,2050,4766,-2913
NO3,2025,47,443,229,199,398,768,2085,1282,-370
NO4,2017,45,583,386,199,-21,-180,2522,1414,158
NO5,2025,8,1100,167,199,-2736,493,2818,6526,-3229
NO,2018,12,2239,176,198,-6669,-5345,11615,49841,-1324
NO1,2016,49,371,127,198,-376,-542,2983,2091,166
NO1,2020,4,206,203,198,1605,585,3391,4439,1020
NO1,2025,47,130,201,198,-345,120,3773,264,-464
NO2,2016,45,200,211,198,-3133,-1958,2978,678,-1175
NO2,2018,51,364,166,198,-4136,-1163,3152,2019,-2974
NO3,2019,8,350,250,197,-900,293,2120,6053,-1193
NO3,2019,41,158,213,197,240,160,2045,516,79
NO3,2024,50,885,232,197,1998,1550,2222,3089,448
NO3,2025,49,254,225,197,-106,699,2004,1656,-805
NO1,2020,35,150,178,196,-337,373,2374,4,-710
NO1,2022,48,287,166,196,-329,95,3537,736,-424
NO5,2015,42,-5,173,196,-254,421,2520,231,-675
NO5,2019,12,1257,260,196,-4561,385,2617,6782,-4946
NO,2010,52,2226,183,195,-28585,-20851,11810,13772,-7734
NO,2026,8,2511,173,195,-24568,-2843,12545,20974,-21724
NO3,2024,5,2016,353,195,829,-649,1909,7714,1478
NO3,2025,48,553,285,195,281,735,2039,1596,-454
NO4,2025,15,956,355,195,7833,4978,2304,12688,2855
NO5,2016,1,101,146,195,3504,1271,2649,8108,2232
NO5,2017,4,128,324,195,-2049,-256,2684,5863,-1792
NO5,2022,6,1911,153,195,-411,-1894,2533,10474,1483
NO5,2023,7,701,199,195,367,608,2524,9309,-241
NO,2010,3,542,142,194,-18086,-6711,11493,19926,-11375
NO5,2024,4,2123,277,194,-379,-1095,2515,8541,716
NO,2011,8,1518,171,193,-24896,-18261,11548,37060,-6636
NO1,2020,3,656,159,193,1799,484,3321,4510,1315
NO1,2024,48,592,176,193,202,409,3745,746,-206
NO2,2015,7,312,151,193,6776,1325,3133,17543,5451
NO1,2017,16,185,161,192,-1509,-110,3417,3510,-1399
NO2,2017,7,185,129,192,-7325,-1039,3208,5732,-6286
NO3,2017,16,790,242,192,1569,-198,2168,10710,1767
NO3,2017,46,1228,266,192,1314,44,2102,2606,1270
NO3,2020,3,934,288,192,886,251,2060,5830,635
NO4,2021,12,967,277,192,-1627,1360,2167,6123,-2987
NO5,2020,5,917,234,192,3047,1370,2578,10030,1678
NO1,2018,47,3,241,191,-453,156,3665,228,-608
NO1,2020,5,583,152,191,1833,665,3340,4919,1169
NO3,2025,9,903,260,191,-18,2010,2297,5405,-2028
NO5,2022,5,1695,182,191,-1835,-2171,2559,8707,335
NO1,2019,49,287,115,190,1152,145,3272,2642,1007
NO3,2015,36,238,444,190,1091,664,2038,621,427
NO3,2017,8,1138,337,190,1151,-67,2008,8576,1218
NO3,2018,52,961,358,190,-1371,128,2035,2065,-1499
NO4,2017,43,385,259,190,-176,15,2565,638,-191
NO4,2024,18,105,314,190,-6291,-3755,2409,7036,-2536
NO1,2015,45,327,139,189,-924,-157,3349,18,-766
NO4,2024,5,2500,378,189,-2123,-2562,2023,6746,439
NO5,2015,5,1136,136,189,3852,224,2446,12113,3628
NO5,2020,17,-6,485,189,7284,1173,2885,17939,6111
NO1,2025,34,-74,184,188,-1393,-826,2517,3,-566
NO4,2016,41,7,271,188,-150,239,2615,66,-390
NO3,2015,37,30,357,187,722,545,1899,498,177
NO3,2015,46,778,399,187,-513,459,2021,446,-972
NO5,2016,48,628,242,187,-1495,-1186,2421,2507,-309
NO5,2019,50,1415,230,187,-835,-521,2412,3618,-314
NO1,2020,38,63,139,186,-674,233,2297,2,-907
NO2,2022,15,299,158,186,-7523,-6685,3320,13938,-838
NO4,2021,47,605,230,186,1264,812,2454,2278,452
NO4,2025,1,682,281,186,5083,2889,2348,6541,2194
NO4,2025,17,318,343,186,8050,4988,2336,12903,3062
NO4,2025,40,37,321,186,2331,2664,2423,194,-333
NO1,2019,50,641,110,185,1542,217,3208,3237,1325
NO4,2019,2,1467,253,185,-3050,-2546,2311,4246,-504
NO,2001,16,790,318,184,-8850,1380,12334,41781,-10230
NO,2026,7,520,178,184,-24181,-2457,12630,18690,-21725
NO1,2024,51,555,132,184,187,469,3593,1450,-282
NO2,2018,7,802,156,184,3121,2069,3012,13265,1052
NO2,2018,29,20,158,184,-5532,-3091,1273,4,-2441
NO1,2025,9,159,160,183,-1413,483,3626,2504,-1896
NO4,2023,7,998,302,183,-365,337,2205,6273,-702
NO1,2021,34,-53,187,182,-1229,-491,2349,0,-738
NO2,2023,46,171,157,182,-481,-386,3136,1948,-95
NO3,2025,52,579,285,182,-450,773,2129,2247,-1222
NO4,2024,51,429,225,182,4196,2363,2423,5068,1833
NO5,2015,7,452,112,182,3171,152,2450,12643,3019
NO5,2015,15,255,166,182,4123,-338,2659,16751,4461
NO,2001,12,250,154,181,-10215,3971,12119,36475,-14185
NO1,2021,14,411,170,181,-326,297,3460,4485,-624
NO2,2023,14,9,100,181,1146,-1706,3136,17951,2852
NO2,2026,3,1394,176,181,-8664,-3501,3401,3313,-5162
NO3,2020,8,1116,221,181,3104,929,2024,9518,2175
NO5,2016,2,525,97,181,3020,909,2567,8609,2111
NO1,2021,29,-274,216,180,-970,-291,2406,2,-679
NO1,2025,52,91,205,180,-270,304,3781,1158,-575
NO2,2016,41,-13,267,180,372,1310,2859,17,-937
NO4,2015,48,716,235,180,2858,3283,2577,1575,-425
NO4,2019,16,117,202,180,-1215,-1810,2398,10421,596
NO4,2020,43,245,219,180,1706,2111,2513,475,-405
NO4,2022,46,186,509,180,866,1377,2774,728,-511
NO5,2019,8,571,341,180,-4545,77,2777,5175,-4622
NO1,2017,48,112,135,179,639,-122,3483,1976,761
NO2,2019,4,449,147,179,-7399,-1843,3163,4066,-5556
NO3,2022,46,12,404,179,-1007,-71,2278,224,-937
NO1,2017,17,276,139,178,-1246,-281,3333,3723,-965
NO1,2023,2,887,118,178,568,85,3190,3532,483
NO3,2016,40,34,326,178,-1080,-776,2007,69,-305
NO3,2017,38,284,282,178,-421,-370,2001,200,-51
NO4,2017,1,639,276,178,891,-419,2312,5694,1310
NO5,2023,16,128,293,178,755,139,2798,12735,617
NO1,2017,49,401,108,177,726,-116,3417,2332,841
NO3,2017,5,126,155,177,1559,-39,2080,7663,1598
NO5,2020,7,1609,234,177,4013,1771,2495,11821,2243
NO2,2021,7,1247,136,176,819,3288,3327,9430,-2469
NO4,2020,3,956,281,176,-1190,-2797,2193,6872,1607
NO4,2022,16,42,461,176,2411,-91,2517,12209,2503
NO,2013,8,1437,170,175,-11459,-1675,12132,33328,-9784
NO,2021,6,1195,154,175,-7741,5391,12482,25046,-13131
NO1,2017,52,798,90,175,928,-187,3235,3394,1115
NO2,2017,10,691,170,175,-6049,-559,3151,8519,-5490
NO2,2022,49,71,215,175,-5104,-2674,3447,879,-2431
NO3,2015,50,1261,415,175,649,573,1939,2999,76
NO4,2019,1,1250,270,175,-3924,-2647,2349,3069,-1277
NO,2006,10,388,129,174,-11061,1779,12235,34438,-12840
NO1,2025,13,165,148,174,-1838,530,3954,2233,-2369
NO1,2026,12,91,285,174,-1217,109,3701,3443,-1326
NO3,2025,37,228,303,174,276,604,1820,72,-329
NO5,2015,18,330,218,174,4868,-924,2693,17417,5792
NO5,2016,7,492,55,174,4030,1069,2475,12560,2961
NO1,2020,2,427,115,173,1475,377,3205,4133,1099
NO2,2021,2,639,148,173,3062,4554,3363,6152,-1492
NO3,2016,14,178,323,173,-489,373,2105,8181,-862
NO3,2019,3,1601,135,173,570,578,1997,5249,-8
NO3,2021,12,481,301,173,-2396,789,2056,5500,-3185
NO4,2025,12,735,161,173,6363,4584,2228,10827,1778
NO5,2021,37,71,291,173,-5863,-4724,1735,79,-1139
NO,2006,11,666,159,172,-13073,991,12265,34905,-14064
NO1,2016,52,305,100,172,-491,-444,2972,2494,-47
NO2,2015,6,182,101,172,7545,1508,3103,17391,6037
NO2,2024,3,1815,147,172,-3085,-2335,3112,8014,-750
NO4,2025,13,1210,213,172,6843,4669,2268,11560,2174
NO,2018,11,1116,95,171,-6368,-4544,11567,47843,-1824
NO1,2015,42,-11,151,171,-297,149,3208,1,-446
NO1,2026,13,232,189,171,-1308,121,3645,3481,-1429
NO3,2023,4,679,239,171,-3548,-815,1922,3068,-2733
NO5,2023,43,19,245,171,1182,932,2772,1059,250
NO1,2020,15,102,161,170,2029,276,3386,6870,1752
NO1,2026,14,697,176,170,-930,109,3750,3781,-1039
NO3,2019,42,127,187,170,-107,34,1990,506,-142
NO5,2015,16,735,247,170,4508,-449,2621,17251,4957
NO5,2026,11,1199,225,170,-6351,-766,2660,5731,-5584
NO1,2019,13,97,169,169,-186,-60,3506,4924,-126
NO1,2026,15,24,163,169,-1156,23,3740,3583,-1179
NO2,2023,13,483,211,169,1625,-1365,3164,18006,2991
NO3,2022,5,984,117,169,3588,278,1995,9461,3311
NO4,2015,49,841,269,169,3184,3418,2485,2193,-234
NO1,2020,1,250,99,168,1348,312,3189,3839,1036
NO1,2021,17,16,197,168,-673,-147,3681,3814,-526
NO3,2015,49,1289,276,168,145,485,1938,2186,-341
NO3,2023,7,814,307,168,-1559,-493,1936,5980,-1066
NO3,2025,40,169,198,168,89,588,1853,29,-499
NO5,2016,3,309,62,168,2268,538,2528,8890,1730
NO5,2016,6,482,126,168,4153,1069,2499,12109,3084
NO5,2020,15,383,173,168,7502,1678,2518,18255,5824
NO,2010,8,1103,90,167,-26947,-9093,11152,26239,-17853
NO,2010,9,964,79,167,-28356,-9241,11108,27171,-19115
NO1,2015,15,93,203,167,-450,-57,3681,4429,-392
NO1,2019,46,449,129,167,-215,-101,3333,868,-113
NO1,2020,7,488,139,167,1863,760,3325,5362,1104
NO3,2015,7,1237,446,166,193,-288,1874,7589,482
NO4,2015,2,596,213,166,-2099,-1407,2089,4279,-693
NO4,2020,48,340,279,166,2463,3340,2642,1058,-877
NO5,2022,51,881,120,166,-1975,94,2543,2289,-2069
NO,2021,4,514,318,165,-2181,7149,12756,23471,-9331
NO1,2015,51,237,122,165,-469,-64,3379,1541,-405
NO2,2016,3,235,119,165,4499,4336,3303,8737,163
NO3,2015,18,258,226,165,1387,44,2179,9633,1344
NO3,2016,11,547,334,165,56,247,2020,8226,-191
NO3,2017,12,582,143,165,1022,-267,2015,10015,1288
NO4,2017,14,732,282,165,2687,-444,2140,12938,3132
NO4,2022,13,865,221,165,3256,373,2179,12357,2883
NO4,2022,17,514,302,165,2479,-246,2419,12482,2724
NO5,2017,48,234,113,165,1807,310,2537,4198,1498
NO5,2022,16,-14,393,165,-1606,-1689,2933,12067,83
NO1,2025,3,64,136,164,-592,623,3837,1464,-1215
NO3,2020,7,765,186,164,2547,859,2000,8670,1688
NO4,2018,48,349,220,164,-3610,-2709,2714,963,-900
NO1,2015,48,374,140,163,-899,-227,3465,561,-672
NO1,2025,35,113,146,163,-1481,-885,2491,1,-596
NO2,2021,36,175,130,163,-8635,-7114,1596,0,-1521
NO3,2017,52,591,175,163,2421,-101,1908,6212,2522
NO4,2025,48,647,195,163,3054,2958,2351,2322,96
NO5,2020,18,402,344,163,7193,658,2776,18077,6534
NO1,2015,43,167,138,162,-554,12,3218,19,-566
NO2,2023,48,113,139,162,-1568,-1453,3048,2977,-114
NO3,2026,12,297,278,162,-4592,-71,2147,4074,-4520
NO4,2018,52,1041,184,162,-4363,-2884,2388,2116,-1479
NO4,2019,44,572,246,162,-3054,-2702,2248,977,-352
NO5,2026,16,548,179,162,-5309,-591,2985,7213,-4718
NO4,2018,16,370,440,161,-5831,-3234,2188,7440,-2597
NO5,2023,12,859,159,161,764,278,2474,12356,485
NO5,2025,47,291,263,161,-1343,-11,2827,608,-1331
NO1,2019,14,80,176,160,-281,-38,3454,4873,-243
NO5,2017,8,1229,273,160,-3628,-573,2485,7034,-3055
NO5,2022,47,392,292,160,-415,794,2890,667,-1209
NO,2018,10,692,86,159,-4948,-3820,11611,46774,-1128
NO1,2018,26,-321,162,159,-1573,-157,2103,10,-1416
NO1,2021,47,107,172,159,-1063,-470,3465,444,-593
NO3,2019,16,1,324,159,-1826,-65,2344,7006,-1761
NO3,2020,14,1236,195,159,3939,491,1942,12655,3448
NO3,2021,13,568,286,159,-2254,914,2080,5734,-3168
NO5,2020,50,375,189,159,1803,2531,2738,2879,-727
NO5,2015,4,434,93,158,3483,245,2468,11111,3239
NO5,2020,6,543,178,158,2947,1504,2531,10436,1443
NO1,2015,53,213,136,157,-426,47,3442,1818,-473
NO1,2018,48,316,190,157,-588,98,3640,371,-686
NO2,2015,14,444,161,157,8440,662,3165,22848,7777
NO2,2022,9,241,137,157,-5131,-5544,3154,13812,413
NO3,2017,47,739,156,157,1527,-14,2025,3252,1541
NO4,2015,6,923,84,157,-2395,-1289,1945,5709,-1106
NO4,2015,17,527,336,157,1297,93,2274,11108,1204
NO4,2020,13,1201,324,157,1578,-1685,2059,12857,3262
NO4,2022,11,562,325,157,2922,302,2306,11192,2620
NO4,2024,15,679,328,157,-5616,-3366,2174,7712,-2250
NO5,2018,48,396,221,157,-1270,320,2700,948,-1590
NO5,2022,48,541,207,157,-721,634,2749,1133,-1355
NO,2010,5,1048,132,156,-21469,-7877,11334,23207,-13592
NO1,2024,9,445,122,156,854,7,3102,5771,847
NO3,2023,43,8,212,156,672,-55,2191,1321,727
NO5,2015,12,288,171,156,4458,226,2548,16029,4232
NO4,2020,14,1042,146,155,2234,-1592,1961,13810,3826
NO5,2026,13,914,164,155,-6288,-673,2678,6359,-5615
NO3,2015,1,1498,353,154,-823,-480,1953,4112,-343
NO3,2017,11,1169,277,154,930,-236,1980,9623,1167
NO3,2023,50,688,95,154,-789,-1026,1905,3194,237
NO,2018,13,641,166,153,-8266,-6172,11539,50390,-2094
NO2,2023,10,114,72,153,-715,-1523,3091,14878,808
NO3,2025,11,373,201,153,1432,2262,2143,7463,-831
NO4,2017,12,709,136,153,2196,-469,2117,11825,2665
NO5,2020,16,801,216,153,7848,1430,2534,18801,6418
NO1,2016,42,181,105,152,-1310,-271,2575,40,-1040
NO1,2016,48,182,102,152,-446,-581,2780,2052,135
NO1,2017,51,213,74,152,373,-222,3278,2641,595
NO1,2021,36,285,162,152,-1555,-783,2326,0,-772
NO3,2017,17,331,144,152,1753,-445,2068,10992,2198
NO5,2015,6,249,42,152,3390,151,2422,12341,3239
NO5,2016,14,392,298,152,1717,213,2743,13626,1503
NO5,2024,6,282,152,152,1486,-802,2445,11367,2288
NO1,2025,4,554,129,151,-508,638,3690,1975,-1145
NO2,2021,11,265,231,151,193,3706,3446,10631,-3512
NO4,2015,50,1209,316,151,3707,3499,2439,3068,208
NO4,2023,9,1230,188,151,113,250,2136,7746,-137
NO4,2025,5,203,165,151,5697,3988,2288,7751,1710
NO4,2026,2,215,118,151,3685,3879,2149,4718,-195
NO5,2018,4,1097,131,151,1508,281,2378,9188,1226
NO1,2016,43,263,106,150,-1415,-383,2621,150,-1032
NO1,2020,37,160,131,150,-538,233,2346,8,-771
NO3,2019,7,877,234,150,-618,272,2042,6049,-891
NO3,2019,52,148,81,150,-799,-440,1822,3417,-359
NO3,2021,16,462,401,150,-813,727,2106,7465,-1540
NO4,2020,6,878,124,150,399,-2216,2087,9289,2615
NO4,2026,13,471,311,150,1488,4065,2228,6848,-2577
NO5,2015,13,673,143,150,4406,-35,2507,16586,4441
NO1,2015,11,127,162,149,-320,188,3322,4525,-507
NO1,2015,44,68,125,149,-887,-120,3162,19,-767
NO3,2023,51,869,309,149,-220,-965,1848,4137,745
NO5,2020,19,147,227,149,7062,7,2772,17992,7055
NO3,2020,20,613,196,148,5475,-1272,2135,13817,6747
NO4,2025,7,427,237,148,5752,4182,2283,8467,1570
NO1,2018,30,189,154,147,-1751,-626,1941,0,-1125
NO1,2021,37,113,193,147,-1777,-915,2263,1,-862
NO1,2026,11,507,200,147,-995,62,3426,3871,-1058
NO3,2016,13,283,299,147,-191,341,2020,8430,-532
NO3,2020,13,596,272,147,3150,555,1981,11596,2595
NO4,2020,19,439,194,147,3429,-1843,2128,14738,5272
NO1,2019,51,390,84,146,1651,226,3139,3610,1424
NO2,2016,9,586,85,146,6371,4473,3162,15291,1899
NO2,2018,50,89,229,146,-3038,-554,3255,1710,-2485
NO4,2016,43,417,188,146,-981,-294,2450,257,-687
NO5,2021,14,1155,244,146,-2779,627,2726,8733,-3406
NO,2002,52,1254,181,145,-24024,-16949,9337,16905,-7075
NO3,2017,7,316,148,145,707,-127,2078,7739,834
NO4,2017,2,979,232,145,1161,-481,2242,6461,1643
NO5,2022,1,767,224,145,-4605,-3105,2582,4443,-1501
NO5,2023,2,1016,192,145,-544,631,2514,5377,-1175
NO5,2025,5,109,147,145,-1568,1027,2708,5627,-2596
NO1,2022,35,-114,188,144,-1926,-1177,2338,1,-749
NO1,2024,10,33,143,144,641,29,3029,5789,612
NO2,2016,8,761,150,144,6845,4822,3198,14723,2023
NO3,2019,14,256,211,144,-1191,195,2110,7653,-1386
NO4,2016,11,900,264,144,1234,2314,2013,7784,-1080
NO4,2019,12,803,120,144,-2046,-2112,2150,9192,66
NO4,2020,15,761,185,144,2716,-1457,2000,14311,4173
NO5,2019,51,626,130,144,-881,-494,2414,4100,-387
NO5,2022,7,870,124,144,18,-1657,2499,11249,1674
NO1,2016,50,114,105,143,-625,-587,2882,2200,-38
NO1,2020,36,73,145,143,-499,276,2320,3,-775
NO1,2021,3,1003,90,143,1183,659,3247,3793,524
NO1,2024,47,445,163,143,327,386,3673,769,-59
NO3,2026,13,613,218,143,-4468,-51,2080,4485,-4417
NO4,2017,13,976,199,143,2566,-455,2071,12604,3021
NO4,2023,16,441,437,143,-2306,-921,2394,8445,-1385
NO5,2021,51,104,182,143,-4252,-3168,2617,3200,-1084
NO1,2023,46,36,119,142,344,-81,3372,1368,425
NO2,2019,5,445,102,142,-8107,-2063,3089,4504,-6044
NO2,2023,9,24,123,142,68,-1295,3151,14765,1363
NO4,2016,47,617,140,142,-2049,-1006,2183,1054,-1043
NO4,2023,17,286,214,142,-2390,-1102,2311,8578,-1288
NO5,2025,52,72,220,142,-2097,311,2871,2145,-2408
NO5,2026,9,889,121,142,-6626,-844,2519,4764,-5782
NO1,2021,15,150,129,141,-349,185,3446,4524,-534
NO2,2026,2,155,190,141,-8549,-3127,3457,2128,-5422
NO3,2022,6,1515,99,141,4597,319,1960,10893,4278
NO4,2017,47,380,136,141,-370,-482,2259,2133,111
NO4,2019,52,255,80,141,-4244,-3816,1949,3607,-428
NO5,2017,16,593,221,141,-2479,-361,2673,10126,-2117
NO3,2020,49,240,162,140,1730,1634,2056,2505,96
NO3,2021,52,583,107,140,133,-290,2038,3983,423
NO3,2022,35,-101,345,140,81,95,1905,327,-14
NO4,2019,40,150,248,140,-2170,-1743,2418,106,-426
NO4,2020,5,312,136,140,-34,-2365,2097,8565,2331
NO5,2016,41,-7,233,140,-373,415,2324,153,-788
NO5,2019,7,700,186,140,-4376,-52,2603,5146,-4325
NO2,2021,37,258,207,139,-9742,-8245,1701,0,-1497
NO5,2020,11,959,158,139,6952,2164,2400,16364,4789
NO5,2023,17,628,340,139,1203,120,2687,13109,1083
NO1,2015,2,600,113,137,-270,303,3343,2323,-573
NO2,2024,1,128,164,137,-2466,-1491,3097,6196,-974
NO5,2016,9,405,33,137,3640,721,2437,13547,2919
NO5,2025,2,419,151,137,-94,1174,2610,5188,-1268
NO,2018,9,565,100,136,-2514,-2896,11667,46108,381
NO1,2015,47,301,139,136,-926,-220,3298,497,-706
NO3,2019,12,766,179,136,-1523,135,2061,7022,-1658
NO3,2021,14,1890,195,136,-719,947,1991,7492,-1666
NO4,2025,8,389,146,136,5605,4250,2386,8561,1356
NO5,2022,36,-65,288,136,-3049,-2195,1905,191,-854
NO5,2024,14,800,163,136,1371,-1542,2668,15110,2913
NO1,2016,6,485,146,135,-587,-116,3222,3648,-471
NO1,2016,12,58,161,135,-1185,-125,3436,3975,-1060
NO1,2018,15,368,99,135,2172,-461,3027,8110,2634
NO4,2023,42,459,251,135,-540,-655,2553,786,115
NO4,2025,2,523,151,135,5022,2833,2302,6948,2189
NO5,2018,1,425,100,135,1983,553,2430,7525,1430
NO5,2018,47,-1,307,135,-874,404,2761,727,-1278
NO,2001,13,880,127,134,-11373,3303,12068,37278,-14676
NO1,2015,3,894,101,134,266,323,3285,3174,-57
NO1,2018,29,-27,148,134,-1788,-542,1840,0,-1246
NO1,2019,52,199,68,134,1552,185,3081,3799,1367
NO1,2020,11,315,115,134,2673,737,3234,7056,1936
NO2,2024,2,298,144,134,-3538,-2009,3035,6443,-1528
NO3,2020,52,444,193,134,666,1456,1986,2822,-790
NO4,2024,2,1072,247,134,-3652,-2692,1946,4155,-960
NO5,2019,16,-5,225,134,-5121,479,2953,6364,-5600
NO1,2017,2,504,89,133,-685,-420,2799,3176,-265
NO1,2020,6,189,105,133,1684,684,3270,5073,1001
NO1,2024,11,450,122,133,812,31,3101,6035,781
NO3,2023,15,303,247,133,-709,-681,1977,9175,-28
NO4,2017,11,1127,230,133,2032,-492,2121,11281,2524
NO4,2025,49,238,202,133,2804,3025,2251,2441,-221
NO5,2023,5,1717,182,133,-261,471,2488,7711,-732
NO5,2024,17,217,198,133,1626,-1432,2652,15118,3058
NO5,2018,52,496,152,132,-3012,-326,2524,2213,-2687
NO5,2020,13,404,152,132,7239,1958,2439,17494,5281
NO1,2015,13,403,98,131,-289,96,3273,4897,-386
NO1,2024,12,231,125,131,815,24,3099,6162,790
NO1,2025,1,229,109,131,-363,558,3555,1516,-921
NO2,2025,7,147,140,131,-4659,1336,3277,5954,-5995
NO3,2015,8,725,287,131,362,-147,1933,7942,509
NO3,2021,31,26,231,131,-2062,-1034,1515,52,-1028
NO4,2019,10,303,136,131,-2040,-2225,2165,8473,185
NO4,2025,50,311,149,131,2605,3063,2165,2676,-458
NO1,2020,9,207,126,130,2102,863,3285,5980,1239
NO1,2020,13,53,103,130,2263,522,3272,7024,1740
NO1,2020,14,123,96,130,2153,403,3231,7088,1751
NO1,2022,2,457,104,130,-1637,-735,3246,2092,-902
NO2,2022,36,-57,210,130,-10205,-8976,1879,9,-1229
NO3,2015,41,38,289,130,128,631,1919,59,-504
NO3,2022,14,847,97,130,4161,-15,2003,13321,4175
NO3,2024,4,1219,240,130,-530,-886,1959,6120,356
NO5,2015,14,325,83,130,4241,-223,2467,16863,4465
NO5,2017,50,116,133,130,2057,455,2522,5424,1602
NO5,2024,10,25,108,130,1111,-997,2430,13251,2108
NO1,2016,41,-2,116,129,-1161,-206,2529,19,-955
NO1,2019,45,80,153,129,-301,-52,3427,458,-249
NO1,2024,50,199,121,129,-48,418,3620,1033,-466
NO3,2016,12,473,214,129,47,302,1985,8502,-255
NO5,2020,12,1090,142,129,7402,2048,2390,17309,5354
NO5,2021,12,522,151,129,-3922,277,2632,7513,-4199
NO5,2026,12,316,233,129,-6690,-760,2791,5623,-5931
NO,2010,7,868,92,128,-25292,-8622,11204,25171,-16670
NO1,2015,9,437,87,128,-129,167,3219,4512,-295
NO1,2021,38,136,125,128,-1960,-1031,2264,13,-929
NO1,2022,52,862,86,128,-464,-97,3206,1940,-367
NO3,2016,16,617,276,128,-371,236,2063,8441,-606
NO5,2019,9,121,429,128,-5241,205,2827,4793,-5446
NO1,2018,1,506,66,127,870,-144,3120,3886,1014
NO1,2019,15,3,124,127,-433,-132,3347,4855,-301
NO2,2018,14,588,94,127,-1676,-935,2962,14532,-741
NO4,2025,9,524,248,127,5424,4306,2368,8770,1119
NO5,2017,11,1528,251,127,-3257,-725,2434,9009,-2532
NO1,2016,4,528,88,126,-798,-198,3246,2965,-600
NO3,2015,16,687,399,126,795,210,2147,9549,585
NO3,2025,6,448,147,126,660,2179,2093,4963,-1519
NO4,2017,6,44,106,126,2351,-168,2179,9100,2519
NO4,2017,19,117,113,126,2858,-1528,2079,13902,4386
NO4,2019,14,460,218,126,-741,-1770,2138,10837,1030
NO4,2022,10,737,231,126,3160,306,2114,11193,2854
NO3,2025,12,273,232,125,1040,2175,2189,7417,-1135
NO3,2026,14,519,185,125,-4352,-74,2052,4819,-4278
NO4,2015,47,245,224,125,2693,3263,2594,1116,-570
NO4,2025,47,209,178,125,2889,2860,2359,1951,29
NO5,2016,8,651,57,125,3938,893,2450,13167,3045
NO5,2019,14,104,257,125,-4535,600,2740,6990,-5135
NO5,2023,1,965,96,125,-1077,363,2506,4579,-1440
NO5,2026,10,645,165,125,-6823,-879,2637,4993,-5944
NO1,2020,10,921,99,124,2670,787,3228,6861,1883
NO3,2020,51,163,109,124,850,1517,1995,2577,-667
NO4,2016,12,304,90,124,975,2255,1979,8018,-1280
NO4,2016,17,145,214,124,-266,1812,2409,7690,-2078
NO4,2017,48,394,127,124,-561,-625,2201,2439,63
NO4,2025,11,905,134,124,6169,4489,2172,10386,1680
NO5,2019,2,307,169,124,-3431,-4,2533,3106,-3427
NO1,2015,10,247,89,123,-128,191,3264,4624,-318
NO1,2018,27,-231,145,123,-1825,-313,1792,2,-1512
NO1,2023,47,252,90,123,267,-132,3288,1612,398
NO1,2025,2,503,95,123,-213,566,3467,1994,-778
NO2,2017,6,221,150,123,-6704,-1125,3168,5711,-5579
NO3,2015,15,465,322,123,502,246,2174,9263,256
NO3,2017,39,-95,253,123,-1053,-539,1788,11,-514
NO4,2019,41,96,176,123,-2714,-2081,2309,128,-633
NO2,2021,34,-222,184,122,-6855,-5522,1741,0,-1333
NO3,2022,1,663,121,122,-210,-353,1978,4573,143
NO3,2025,2,147,112,122,1745,1805,2032,4719,-61
NO4,2021,15,263,135,122,-1137,1566,2166,7268,-2702
NO5,2021,18,110,89,122,-3517,-362,2640,8523,-3155
NO5,2022,52,1579,152,122,-975,219,2541,3689,-1193
NO5,2026,14,1324,176,122,-5425,-618,2697,7361,-4807
NO1,2018,28,248,143,121,-1674,-465,1952,1,-1209
NO1,2025,5,227,107,121,-709,618,3588,2175,-1327
NO4,2017,16,720,139,121,2955,-634,2101,13711,3588
NO4,2022,5,381,102,121,2815,635,2091,8419,2181
NO5,2020,14,767,109,121,7506,1799,2416,18157,5707
NO5,2023,8,1367,151,121,1093,634,2483,10549,459
NO1,2016,5,399,75,120,-706,-148,3203,3330,-558
NO3,2018,47,16,213,120,-869,290,2216,362,-1159
NO4,2020,8,632,131,120,731,-1905,2035,10193,2637
NO4,2022,6,1025,91,120,3288,645,2037,9367,2643
NO5,2020,20,353,167,120,7144,-912,2650,18283,8056
NO1,2015,14,147,96,119,-325,23,3241,4981,-347
NO1,2016,11,60,172,119,-1035,-201,3516,4004,-834
NO1,2023,1,877,73,119,-55,-14,3147,2804,-41
NO1,2026,1,567,146,119,-337,316,3642,1697,-653
NO2,2023,49,199,79,119,-2521,-1920,2984,3171,-601
NO3,2026,1,826,173,119,-644,739,2009,3015,-1383
NO4,2020,7,556,145,119,506,-2075,2022,9737,2580
NO3,2026,15,108,147,118,-4555,-118,2120,4624,-4437
NO4,2021,11,683,89,118,-1995,1231,2028,5623,-3226
NO1,2015,5,415,64,117,245,295,3176,3866,-50
NO3,2024,14,266,120,117,-1418,-710,2048,8394,-708
NO4,2015,16,431,250,117,1087,83,2184,11043,1003
NO4,2020,49,233,216,117,2048,3262,2524,1174,-1215
NO4,2023,5,410,142,117,-1326,168,2044,4791,-1494
NO4,2023,8,567,122,117,-458,236,2100,6799,-694
NO5,2020,53,516,148,117,579,1892,2624,4026,-1313
NO5,2021,35,-134,254,117,-5109,-3926,1710,83,-1183
NO1,2018,51,431,103,116,-390,-26,3326,1635,-364
NO1,2021,50,237,104,116,-1534,-722,3366,942,-812
NO1,2023,12,488,69,116,1611,43,3017,7021,1568
NO1,2023,51,499,59,116,132,-201,3086,2572,334
NO3,2016,17,280,154,116,-211,28,2069,8554,-239
NO3,2025,8,312,117,116,-138,1989,2134,5105,-2127
NO5,2018,2,261,69,116,1489,412,2401,7742,1077
NO5,2018,49,802,209,116,-1244,304,2585,1633,-1548
NO1,2018,3,796,46,115,1067,-243,3041,4785,1310
NO4,2018,49,400,216,115,-3738,-2663,2596,1241,-1075
NO4,2019,42,101,142,115,-3279,-2445,2195,195,-834
NO4,2026,16,-7,219,115,804,4318,2479,6232,-3513
NO5,2023,47,1130,159,115,23,-312,2491,2610,334
NO1,2021,12,103,151,114,-440,244,3441,4345,-684
NO1,2023,4,77,52,114,396,53,3094,4060,343
NO1,2025,12,10,114,114,-1687,555,3746,2483,-2242
NO4,2026,10,1074,205,114,1309,3449,2114,6199,-2140
NO5,2020,9,816,131,114,6333,2161,2417,14820,4172
NO1,2015,12,121,98,113,-446,159,3284,4582,-605
NO3,2017,50,210,85,113,1688,-129,1890,4789,1817
NO3,2021,48,293,141,113,366,-119,2120,2454,486
NO4,2017,18,305,162,113,2938,-1071,2145,13844,4008
NO4,2022,8,615,62,113,3047,405,1972,10261,2642
NO4,2023,50,378,51,113,-3711,-2443,1928,2103,-1268
NO5,2016,42,131,152,113,-876,92,2265,192,-968
NO5,2023,44,440,157,113,907,589,2658,1443,318
NO1,2022,51,251,78,112,-1070,-116,3251,1120,-954
NO3,2016,15,57,149,112,-681,313,2039,8148,-994
NO3,2019,50,664,145,112,-192,-410,1859,3221,218
NO3,2022,15,501,158,112,4289,-188,2017,13640,4476
NO4,2017,8,582,140,112,2507,-247,2166,10180,2754
NO4,2019,50,331,168,112,-3676,-3568,2026,3165,-108
NO4,2022,14,541,103,112,3240,233,2101,12851,3006
NO5,2026,1,450,133,112,-3022,234,2713,2556,-3256
NO1,2019,12,365,93,111,-92,-125,3231,5273,33
NO1,2021,8,192,97,111,9,384,3288,4153,-374
NO2,2021,5,170,62,111,1712,3760,3234,8354,-2049
NO3,2020,11,577,143,111,3122,729,1917,10913,2393
NO4,2017,46,462,207,111,-218,-373,2368,1799,155
NO4,2022,9,837,179,111,3185,358,2020,10826,2827
NO1,2022,7,711,95,110,-824,-399,3073,4086,-425
NO3,2022,7,497,67,110,4573,278,1927,11350,4295
NO3,2024,17,88,118,110,-1468,-779,2069,8104,-689
NO5,2025,6,541,156,110,-1969,902,2660,5993,-2871
NO1,2017,50,123,88,109,453,-210,3330,2453,663
NO2,2026,4,115,146,109,-10006,-3920,3295,3404,-6087
NO3,2017,48,195,102,109,1151,-125,1969,3395,1276
NO3,2023,17,730,222,109,-514,-921,2070,9199,407
NO5,2023,15,879,195,109,821,73,2517,13179,748
NO1,2015,1,315,103,108,-496,312,3424,1760,-808
NO1,2025,6,196,92,108,-876,611,3513,2342,-1487
NO4,2015,53,260,174,108,4391,3748,2276,4706,642
NO4,2020,50,103,143,108,1434,3083,2404,1246,-1649
NO5,2016,13,645,293,108,1875,233,2667,13627,1643
NO5,2017,17,370,140,108,-2279,-588,2580,10442,-1691
NO4,2024,4,866,91,107,-3816,-2825,2038,4870,-991
NO5,2025,12,42,139,107,-2063,1105,2765,8412,-3168
NO1,2023,3,482,79,106,666,53,3123,4006,613
NO4,2019,45,209,136,106,-3572,-3083,2120,1169,-489
NO4,2020,16,620,129,106,3149,-1401,1999,14774,4550
NO1,2022,13,120,174,105,-1533,-333,3371,3984,-1200
NO3,2020,9,592,122,105,3087,811,1938,10068,2276
NO3,2026,11,526,186,105,-4326,-158,1983,4285,-4168
NO4,2020,18,70,124,105,3110,-1563,2070,14583,4673
NO4,2022,51,762,92,105,-884,334,2173,2267,-1218
NO1,2016,45,111,103,104,-1156,-607,2735,850,-549
NO1,2021,35,-68,151,104,-1555,-631,2165,0,-924
NO2,2022,14,421,185,104,-7550,-6426,3243,13868,-1124
NO3,2017,6,13,92,104,962,-124,1995,7667,1086
NO3,2023,6,1413,145,104,-1778,-637,1901,5534,-1141
NO4,2016,42,-10,193,104,-781,-58,2436,66,-722
NO4,2021,17,307,127,104,-1592,1232,2212,7141,-2824
NO1,2015,4,302,72,103,165,286,3218,3472,-121
NO1,2018,52,121,83,103,-547,-30,3267,1729,-517
NO1,2019,10,671,119,103,-601,-139,3293,4451,-462
NO1,2019,11,570,84,103,-283,-160,3218,5014,-123
NO1,2024,5,568,58,103,248,-107,2998,4448,355
NO3,2023,5,1400,176,103,-2763,-808,1879,4312,-1955
NO4,2017,49,887,144,103,-262,-691,2131,3211,429
NO1,2018,6,275,27,102,1646,-285,2972,6301,1931
NO2,2021,49,296,192,102,-8569,-7085,3301,1971,-1484
NO4,2020,51,93,107,102,866,2892,2305,1327,-2026
NO4,2023,43,58,161,102,-1214,-1050,2399,831,-163
NO4,2026,3,126,97,102,3255,3827,2111,4777,-571
NO5,2021,16,114,281,102,-3324,344,2776,8473,-3667
NO3,2018,49,680,167,101,-1040,314,2058,1052,-1354
NO1,2017,3,100,85,100,-982,-453,2930,3058,-528
NO1,2018,50,151,136,100,-462,23,3425,1210,-485
NO1,2022,36,-88,139,100,-2189,-1231,2139,1,-958
NO1,2023,8,625,50,100,1073,143,3014,5732,930
NO1,2023,50,240,50,100,-207,-267,3116,2064,60
NO1,2026,3,825,101,100,-103,159,3488,2767,-261
NO4,2024,16,31,205,100,-5920,-3474,2040,7738,-2446
NO5,2016,15,200,160,100,1560,106,2668,13734,1453
NO5,2018,6,461,48,100,1383,71,2345,10491,1312
NO1,2021,49,265,97,99,-1434,-703,3243,933,-731
NO3,2015,2,911,183,99,-486,-453,1873,4905,-33
NO4,2015,10,534,157,99,-61,-288,2076,8605,228
NO4,2020,20,403,119,99,3612,-2493,2096,15033,6105
NO5,2016,45,151,159,99,-1826,-1112,2367,997,-714
NO1,2017,1,236,89,98,-871,-441,2837,2724,-430
NO4,2021,51,622,228,98,732,615,2228,3547,116
NO5,2017,5,180,183,98,-2812,-411,2572,5958,-2401
NO1,2019,2,276,96,97,-723,93,3252,2172,-816
NO1,2021,9,92,161,97,-290,369,3351,4016,-659
NO3,2025,5,148,132,97,834,2176,2125,4678,-1342
NO4,2016,10,170,46,97,1091,2325,1924,7295,-1234
NO4,2016,14,489,193,97,293,2152,2160,7926,-1860
NO4,2020,12,759,108,97,1052,-1779,1925,12184,2832
NO4,2020,17,188,229,97,3099,-1437,2099,14614,4536
NO4,2026,14,367,180,97,1367,4103,2205,7005,-2736
NO1,2016,1,137,96,96,-805,-111,3344,1953,-694
NO1,2020,12,159,102,96,2501,625,3219,7127,1875
NO3,2019,51,198,92,96,-509,-447,1854,3324,-62
NO4,2016,4,700,95,96,2880,2973,2052,5755,-92
NO,2013,13,626,82,95,-17241,-4148,11922,39008,-13093
NO1,2017,9,502,85,95,-1719,-456,2775,3989,-1263
NO1,2018,4,637,43,95,1351,-259,3024,5397,1610
NO3,2022,8,794,50,95,4883,236,1906,12107,4647
NO3,2022,11,142,195,95,3946,143,2015,12225,3803
NO3,2023,9,757,137,95,-429,-388,1896,7793,-41
NO3,2023,10,497,61,95,-460,-461,1846,8275,1
NO3,2023,44,145,133,95,368,-205,2077,1443,573
NO4,2026,11,547,360,95,1046,3520,2142,6262,-2474
NO5,2017,7,200,102,95,-4124,-646,2489,6106,-3478
NO5,2021,49,188,100,95,-3977,-3181,2564,2406,-796
NO1,2021,51,162,136,94,-1765,-770,3293,1037,-995
NO1,2022,4,310,75,94,-1487,-609,3158,2775,-878
NO5,2016,11,80,282,94,2226,367,2805,13030,1859
NO5,2016,16,570,168,94,1933,58,2646,14144,1874
NO5,2018,3,547,57,94,1225,290,2370,8254,936
NO5,2024,1,89,77,94,-1142,-836,2432,5787,-306
NO1,2016,2,532,81,93,-678,-186,3269,2479,-492
NO2,2022,10,8,65,93,-5952,-5712,3112,13809,-240
NO2,2022,11,356,95,93,-6407,-6015,3129,14069,-392
NO3,2018,1,224,54,93,1791,-98,1849,6448,1890
NO3,2022,36,-83,265,93,-510,-249,1701,269,-262
NO4,2015,9,204,151,93,-111,-429,2030,8308,318
NO5,2018,5,988,104,93,1700,197,2354,10080,1503
NO1,2019,1,345,92,92,-714,31,3328,1918,-745
NO1,2021,10,592,98,92,-10,338,3267,4591,-349
NO1,2021,48,231,124,92,-1278,-591,3339,672,-687
NO2,2026,6,89,65,92,-12209,-4530,3194,3585,-7679
NO3,2020,12,603,136,92,3182,639,1906,11378,2543
NO3,2024,6,61,116,92,374,-664,1844,7769,1037
NO4,2018,1,339,61,92,-816,-906,1931,4855,91
NO5,2019,46,235,97,92,-2069,-772,2412,685,-1297
NO5,2021,9,216,208,92,-3630,320,2655,6461,-3950
NO5,2022,8,1113,84,92,482,-1707,2477,12285,2189
NO5,2024,9,694,129,92,1738,-958,2496,13265,2695
NO5,2024,13,676,128,92,1019,-1559,2509,14721,2578
NO1,2022,49,63,119,91,-716,-23,3416,799,-693
NO4,2017,15,391,177,91,2591,-542,2084,13185,3132
NO4,2021,48,167,133,91,855,674,2323,2435,181
NO5,2016,12,377,222,91,1915,292,2729,13238,1623
NO1,2017,11,137,57,90,-1844,-386,2763,4133,-1458
NO1,2019,9,49,147,90,-956,-125,3390,3806,-830
NO1,2023,48,78,72,90,-21,-229,3216,1689,207
NO1,2023,52,333,47,90,235,-191,3049,2889,426
NO1,2024,4,564,50,90,-39,-181,2993,3961,143
NO3,2016,4,1060,217,90,-16,435,1886,5386,-451
NO3,2019,4,111,62,90,33,459,1941,5356,-425
NO3,2019,10,321,132,90,-1561,241,2072,6246,-1802
NO5,2023,3,436,62,90,-946,479,2472,5791,-1425
NO5,2026,3,939,88,90,-3948,-280,2591,3429,-3668
NO2,2021,35,-190,142,89,-7849,-6236,1476,0,-1613
NO3,2015,11,735,386,89,542,128,1976,8875,414
NO3,2016,41,-8,173,89,-1656,-1080,1851,55,-576
NO3,2018,48,202,161,89,-1201,277,2153,457,-1478
NO3,2023,12,476,82,89,-108,-487,1831,9288,379
NO,2003,2,2700,179,88,-28172,-17997,9257,20753,-10174
NO1,2016,8,258,47,88,-878,-224,3119,4042,-654
NO1,2018,7,365,25,88,1761,-269,2952,6662,2029
NO3,2019,45,22,118,88,-536,-256,1920,976,-280
NO4,2015,18,230,175,88,1347,-94,2198,11223,1441
NO4,2023,44,57,124,88,-1676,-1257,2276,882,-419
NO5,2024,7,988,99,88,1724,-863,2418,12243,2587
NO1,2016,9,414,39,87,-715,-227,3088,4450,-488
NO1,2021,52,396,87,87,-1653,-777,3209,1428,-877
NO1,2023,5,414,48,87,501,74,3061,4457,427
NO4,2016,5,508,81,87,2820,2937,1996,6217,-116
NO4,2018,50,74,136,87,-4321,-2793,2474,1297,-1528
NO4,2019,51,312,94,87,-3984,-3720,1964,3430,-264
NO5,2023,45,207,121,87,294,185,2565,1622,109
NO5,2024,12,785,128,87,946,-1489,2455,14326,2436
NO1,2022,3,454,91,86,-1511,-695,3183,2517,-816
NO4,2017,52,393,116,86,-418,-948,2036,4476,529
NO4,2022,15,345,120,86,3041,16,2103,13059,3025
NO4,2023,10,397,98,86,-160,123,2052,8118,-283
NO5,2021,15,95,119,86,-3085,434,2657,8773,-3519
NO,2013,12,274,104,85,-15852,-3463,11982,38408,-12390
NO1,2018,2,114,46,85,610,-225,3075,3999,835
NO1,2026,2,345,111,85,-446,230,3539,2025,-676
NO1,2026,4,64,88,85,-498,108,3414,2791,-606
NO3,2017,9,172,85,85,817,-122,1953,8716,939
NO3,2024,13,284,93,85,-1360,-734,2002,8354,-626
NO4,2016,46,422,159,85,-2189,-969,2214,578,-1220
NO4,2021,52,217,90,85,232,321,2144,3750,-89
NO4,2026,4,146,77,85,2714,3688,2034,4892,-974
NO5,2018,15,418,198,85,-1758,-1392,2474,12108,-366
NO1,2023,49,145,58,84,-196,-279,3158,1832,83
NO4,2018,4,231,34,84,-1573,-1316,1850,5792,-258
NO4,2021,6,1021,50,84,-2600,1199,1947,3014,-3799
NO4,2023,51,705,171,84,-3133,-2531,1926,3131,-602
NO4,2023,52,228,76,84,-3459,-2686,1879,3332,-773
NO5,2021,10,718,126,84,-3562,321,2584,7107,-3883
NO1,2023,6,441,41,83,667,92,3043,4874,575
NO4,2015,11,796,258,83,99,-197,2099,9075,296
NO4,2017,10,242,75,83,1599,-515,2058,10509,2114
NO4,2019,48,466,113,83,-4613,-3687,1982,1669,-926
NO4,2026,7,246,42,83,1424,3436,1916,5252,-2011
NO5,2017,12,795,128,83,-2979,-730,2433,9663,-2249
NO5,2019,15,0,169,83,-4903,494,2612,6940,-5397
NO1,2017,12,201,58,82,-1762,-330,2778,4261,-1432
NO1,2018,5,640,38,82,1652,-282,2996,6029,1934
NO1,2018,8,132,19,82,1634,-278,2935,6792,1911
NO3,2022,9,378,87,82,4802,234,1915,12383,4568
NO3,2026,2,79,76,82,-1198,581,1944,3089,-1779
NO4,2015,14,336,102,82,-4,-85,1990,10037,81
NO4,2024,6,129,123,82,-2616,-2659,1940,6863,42
NO5,2019,3,927,106,82,-3274,-28,2459,3983,-3247
NO5,2022,9,299,74,82,87,-1831,2472,12512,1918
NO1,2018,14,510,37,81,1877,-417,2899,7965,2294
NO1,2022,15,136,98,81,-1418,-398,3345,4138,-1020
NO1,2024,8,426,80,81,691,-47,2969,5584,738
NO2,2018,13,52,43,81,-1809,-609,2916,14064,-1200
NO3,2015,10,736,214,81,443,33,2021,8510,410
NO3,2019,48,488,90,81,-942,-578,1808,1916,-364
NO3,2021,11,307,87,81,-2359,679,1941,5458,-3038
NO3,2026,10,396,138,81,-4304,-215,1892,4138,-4090
NO4,2021,49,28,94,81,344,569,2229,2459,-225
NO5,2019,45,68,144,81,-1706,-594,2492,475,-1112
NO5,2020,10,831,86,81,6499,2095,2400,15578,4404
NO5,2021,3,1003,83,81,-882,820,2517,5470,-1702
NO1,2019,6,528,41,80,-402,-21,3070,3890,-382
NO3,2021,10,510,131,80,-2272,662,1953,5233,-2934
NO4,2018,2,683,75,80,-730,-1035,1915,5451,306
NO4,2020,53,122,86,80,-150,2419,2181,1589,-2569
NO5,2021,48,419,172,80,-3263,-2913,2657,2230,-350
NO5,2023,18,209,149,80,1383,-152,2615,13238,1535
NO1,2017,4,21,92,79,-1387,-489,2914,2998,-898
NO1,2017,7,88,43,79,-2121,-575,2751,3287,-1546
NO1,2017,8,378,70,79,-2007,-537,2782,3563,-1470
NO1,2022,6,293,51,79,-1293,-492,3074,3467,-801
NO1,2022,12,33,108,79,-1404,-349,3387,4028,-1055
NO1,2024,7,784,46,79,534,-83,2940,5262,618
NO4,2018,51,40,106,79,-4887,-2929,2373,1327,-1958
NO4,2026,15,8,158,79,1175,4264,2272,6777,-3089
NO3,2020,50,89,119,78,1237,1574,1992,2533,-337
NO4,2020,11,737,131,78,769,-1842,1944,11544,2611
NO3,2018,2,383,53,77,1567,-245,1829,6795,1812
NO3,2019,15,31,104,77,-1476,20,2024,7661,-1496
NO4,2022,49,516,135,77,-633,725,2338,1216,-1358
NO5,2018,51,270,70,77,-2694,-198,2456,1949,-2496
NO5,2019,47,808,106,77,-1839,-863,2407,1382,-977
NO1,2021,2,192,70,76,563,677,3263,2863,-114
NO3,2021,18,91,91,76,-949,-1,1994,7527,-948
NO4,2015,5,426,79,76,-2859,-1389,1927,4932,-1470
NO4,2019,15,25,81,76,-1060,-1840,2080,10838,780
NO4,2022,47,9,193,76,193,1160,2582,731,-967
NO1,2021,1,41,90,75,825,812,3331,2673,13
NO2,2021,6,49,40,75,527,3381,3203,8402,-2853
NO3,2023,45,52,101,75,-75,-366,1993,1474,291
NO3,2024,2,593,177,75,-893,-1002,1827,5094,109
NO3,2025,7,134,87,75,182,2050,2028,5085,-1869
NO4,2015,12,465,183,75,-21,-169,2064,9361,148
NO4,2017,9,149,78,75,1946,-446,2097,10315,2393
NO1,2023,7,305,50,74,686,99,3045,5126,587
NO3,2018,50,486,109,74,-1142,236,1976,1509,-1378
NO3,2020,10,480,64,74,3020,727,1912,10501,2294
NO4,2016,44,96,189,74,-1493,-523,2297,310,-970
NO4,2019,46,122,96,74,-4069,-3363,2043,1263,-706
NO4,2021,14,898,192,74,-995,1632,2109,7209,-2628
NO4,2024,3,230,104,74,-4070,-2856,1883,4361,-1214
NO5,2024,2,319,55,74,-1715,-1117,2407,6060,-598
NO1,2021,7,396,32,73,145,382,3094,4253,-237
NO1,2022,50,81,92,73,-1040,-121,3322,878,-919
NO1,2026,5,38,66,73,-846,63,3355,2826,-909
NO3,2015,42,24,160,73,-305,476,1803,55,-781
NO3,2023,18,192,138,73,-420,-1269,2030,9288,850
NO4,2016,13,106,261,73,351,2181,2094,7729,-1830
NO4,2017,17,162,107,73,2853,-829,2024,13835,3682
NO4,2019,4,202,71,73,-3707,-2830,2139,4884,-876
NO4,2023,18,265,147,73,-2411,-1422,2252,8740,-989
NO5,2022,15,165,73,73,-1323,-1792,2541,12877,469
NO1,2019,7,249,60,72,-483,-51,3175,3978,-432
NO1,2022,9,60,43,72,-983,-386,3017,4412,-597
NO4,2015,13,531,119,72,3,-155,2005,9807,159
NO4,2021,18,208,99,72,-1596,934,2168,7283,-2530
NO5,2023,48,55,50,72,-838,-707,2444,2662,-131
NO5,2024,3,1001,43,72,-1680,-1348,2415,6942,-332
NO1,2015,7,175,68,71,-52,195,3169,4168,-247
NO3,2023,2,476,144,71,-3292,-951,1860,2611,-2341
NO4,2017,50,182,92,71,-755,-879,2064,3359,124
NO4,2019,11,140,71,71,-2375,-2197,2101,8599,-177
NO4,2024,8,293,85,71,-3267,-2789,1966,7148,-478
NO5,2023,46,34,68,71,-390,-148,2500,1653,-241
NO1,2022,8,303,51,70,-782,-379,3039,4374,-403
NO1,2023,9,103,33,70,919,130,2992,5823,789
NO4,2016,2,152,67,70,3165,3233,2107,4886,-68
NO4,2019,47,137,112,70,-4486,-3528,2054,1269,-958
NO5,2017,9,468,115,70,-3831,-629,2437,7426,-3202
NO5,2021,7,596,53,70,-3377,104,2510,6082,-3481
NO5,2022,49,97,110,70,-1541,358,2640,1226,-1899
NO1,2016,10,128,33,69,-822,-251,3066,4568,-571
NO1,2018,10,228,17,69,1487,-352,2905,7140,1839
NO3,2015,53,157,202,69,692,857,1998,3828,-165
NO4,2019,3,480,121,69,-3234,-2672,2202,4695,-562
NO5,2026,2,65,99,69,-3897,-69,2621,2617,-3828
NO,2013,15,526,88,68,-18787,-6029,11907,40200,-12758
NO1,2015,8,126,77,68,-281,150,3244,4140,-432
NO2,2016,10,155,56,68,5371,3962,3138,15431,1409
NO3,2021,17,63,106,68,-952,386,2020,7505,-1338
NO4,2015,3,276,91,68,-2322,-1403,2004,4536,-919
NO4,2021,10,273,101,68,-2078,1285,2051,5039,-3363
NO5,2022,12,139,139,68,-1048,-1799,2615,12481,751
NO5,2024,8,812,125,68,1787,-924,2433,12851,2711
NO1,2019,8,233,84,67,-619,-102,3209,4090,-517
NO1,2022,10,8,31,67,-1189,-388,2987,4417,-801
NO2,2018,8,110,63,67,1990,1548,2974,13366,442
NO3,2018,14,369,24,67,-578,-986,1715,9842,408
NO3,2021,49,35,86,67,-272,-329,2035,2487,57
NO3,2022,47,94,151,67,-1535,-238,2123,316,-1297
NO3,2023,11,667,42,67,-160,-460,1827,8910,300
NO4,2016,3,316,59,67,2800,3023,2060,5176,-223
NO4,2022,7,370,58,67,2995,468,1992,9714,2526
NO5,2019,6,491,42,67,-4520,-245,2382,4868,-4274
NO1,2017,6,96,54,66,-1921,-572,2789,3204,-1348
NO1,2023,14,68,37,66,1345,-169,2972,7111,1514
NO4,2016,15,183,154,66,23,2058,2096,8006,-2035
NO4,2022,52,467,89,66,-913,270,2136,2663,-1184
NO4,2023,45,176,104,66,-2126,-1568,2182,1038,-558
NO1,2022,14,192,97,65,-1452,-328,3288,4157,-1124
NO1,2023,13,62,50,65,1445,-51,2970,7082,1496
NO2,2021,4,67,141,65,2769,4089,3281,8185,-1319
NO3,2023,47,1281,140,65,52,-739,1904,2623,790
NO4,2016,9,126,31,65,1502,2416,1907,7199,-914
NO4,2019,5,80,50,65,-4234,-2954,2090,4960,-1280
NO4,2023,3,265,71,65,-1929,68,2021,3441,-1996
NO4,2026,6,77,49,65,1733,3515,1948,5031,-1782
NO5,2017,6,95,111,65,-3574,-557,2469,6038,-3017
NO1,2021,4,44,62,64,784,571,3188,3836,213
NO1,2023,11,767,32,64,1284,19,2958,6660,1264
NO3,2015,47,405,226,64,-773,331,1894,738,-1104
NO3,2021,15,142,92,64,-825,823,1980,7553,-1648
NO3,2022,10,147,128,64,4378,190,1957,12350,4188
NO3,2024,10,12,108,64,-785,-655,1877,8112,-131
NO3,2024,12,282,95,64,-1200,-727,1900,8368,-473
NO4,2015,4,53,58,64,-2855,-1489,1949,4585,-1366
NO4,2022,48,29,139,64,-458,921,2443,755,-1379
NO2,2026,5,101,85,63,-11278,-4376,3235,3499,-6902
NO3,2018,5,360,47,63,993,-531,1779,7890,1523
NO3,2018,15,83,159,63,-678,-972,1875,9599,293
NO3,2023,52,546,70,63,-156,-1012,1812,4642,856
NO4,2021,1,50,72,63,-877,2073,2131,1615,-2950
NO4,2023,46,133,85,63,-2584,-1834,2102,1160,-750
NO4,2026,5,79,65,63,2210,3592,1984,4963,-1382
NO5,2021,5,34,20,63,-2533,337,2465,5596,-2869
NO5,2023,52,644,133,63,39,-723,2480,5706,762
NO1,2019,4,194,51,62,-741,20,3136,2914,-761
NO1,2019,5,469,46,62,-639,-21,3096,3377,-618
NO1,2022,5,433,65,62,-1363,-573,3106,3195,-790
NO3,2018,4,648,80,62,1168,-471,1805,7556,1639
NO3,2019,11,280,77,62,-1770,151,2005,6511,-1921
NO3,2024,8,361,86,62,91,-636,1850,8243,727
NO4,2020,52,230,110,62,482,2725,2249,1492,-2243
NO5,2019,10,631,226,62,-5320,251,2657,5346,-5571
NO5,2019,48,233,106,62,-2238,-917,2363,1552,-1322
NO1,2015,6,234,47,61,128,240,3134,4095,-113
NO1,2021,11,52,70,61,-258,258,3222,4616,-516
NO2,2026,7,146,50,61,-13092,-4752,3165,3721,-8339
NO3,2018,51,117,67,61,-1604,104,1926,1606,-1709
NO3,2022,48,89,108,61,-2118,-445,2030,386,-1672
NO3,2024,11,295,96,61,-1003,-692,1895,8231,-311
NO4,2026,9,305,38,61,964,3315,1900,5769,-2351
NO5,2016,17,318,93,61,2114,-181,2604,14404,2295
NO1,2016,3,86,59,60,-1021,-277,3209,2564,-743
NO3,2015,9,306,134,60,228,-79,1909,8128,307
NO3,2020,53,141,88,60,92,1227,1925,2931,-1135
NO4,2016,7,227,49,60,2310,2751,1949,6789,-441
NO4,2022,50,363,98,60,-1007,491,2245,1556,-1498
NO1,2024,2,118,37,59,-373,-218,2997,3087,-155
NO1,2025,8,419,65,59,-1222,459,3506,2629,-1681
NO1,2026,6,19,55,59,-1144,48,3307,2844,-1192
NO1,2026,9,582,48,59,-1160,22,3225,3620,-1182
NO3,2019,47,560,109,59,-904,-504,1857,1480,-400
NO4,2016,1,41,100,59,3654,3432,2173,4744,222
NO4,2016,6,445,72,59,2642,2836,1975,6592,-194
NO4,2020,10,261,53,59,518,-1949,1929,10992,2467
NO4,2021,16,135,358,59,-1556,1477,2319,6871,-3034
NO4,2023,1,455,92,59,-1310,242,2077,3067,-1552
NO5,2023,14,53,36,59,247,79,2436,12598,168
NO1,2019,3,556,70,58,-531,78,3186,2722,-608
NO1,2022,11,115,28,58,-1240,-376,2982,4509,-864
NO3,2018,3,220,35,58,1171,-380,1803,7003,1552
NO4,2020,9,642,120,58,746,-1957,1960,10762,2703
NO5,2022,13,84,140,58,-1440,-1818,2573,12456,378
NO,2013,14,836,88,57,-17995,-4902,11891,39781,-13094
NO1,2017,10,100,45,57,-1842,-454,2736,4081,-1389
NO1,2025,7,36,67,57,-1236,532,3440,2376,-1768
NO1,2026,10,208,67,57,-1228,-2,3267,3713,-1226
NO4,2019,6,183,44,57,-4590,-3012,2051,5131,-1578
NO4,2023,11,344,59,57,-452,-17,2002,8440,-435
NO1,2018,11,280,17,56,1572,-383,2892,7417,1954
NO3,2017,10,122,49,56,385,-235,1917,8823,619
NO3,2022,51,393,70,56,-2916,-870,1869,1325,-2045
NO5,2026,15,125,114,56,-5573,-638,2680,7334,-4935
NO1,2022,1,422,71,55,-1776,-771,3145,1841,-1004
NO1,2024,1,120,41,55,-146,-177,3020,3003,31
NO2,2018,11,300,34,55,-513,283,2921,13873,-796
NO4,2021,2,109,56,55,-1363,1905,2083,1710,-3268
NO4,2023,2,234,82,55,-1588,190,2066,3216,-1778
NO4,2024,1,226,52,55,-4071,-2755,1853,3526,-1316
NO5,2018,7,409,41,55,1102,-21,2333,10864,1123
NO5,2023,49,105,30,55,-1557,-969,2416,2762,-588
NO1,2016,7,143,61,54,-826,-193,3162,3789,-634
NO2,2018,9,94,39,54,952,1098,2949,13459,-146
NO4,2022,1,489,73,54,-205,200,2084,4207,-404
NO4,2023,15,17,225,54,-2040,-780,2124,8752,-1261
NO5,2021,2,464,55,54,-1078,904,2518,4565,-1982
NO5,2026,4,25,61,54,-4824,-460,2542,3433,-4364
NO1,2018,12,95,13,53,1527,-391,2882,7508,1919
NO1,2024,3,417,34,53,-312,-253,2976,3481,-59
NO3,2019,5,35,38,53,-532,322,1905,5387,-853
NO4,2018,3,139,44,53,-1205,-1201,1878,5578,-4
NO3,2015,3,990,116,52,-81,-459,1823,5809,378
NO3,2022,49,399,87,52,-2368,-624,1957,764,-1743
NO3,2026,9,573,75,52,-4148,-254,1817,4019,-3894
NO1,2024,6,76,47,51,42,-98,2963,4520,140
NO2,2026,8,906,55,51,-13113,-4917,3159,4541,-8197
NO3,2016,42,-3,116,51,-2152,-1308,1736,59,-844
NO3,2024,3,399,62,51,-1054,-1047,1805,5443,-7
NO3,2024,9,192,93,51,-238,-606,1945,8154,368
NO4,2016,8,330,40,51,2025,2602,1922,7093,-577
NO1,2026,8,215,41,50,-1479,8,3232,3097,-1487
NO2,2018,10,126,30,50,22,668,2933,13582,-646
NO3,2016,45,98,103,50,-2126,-1716,1808,958,-409
NO3,2023,46,4,66,50,-688,-653,1925,1479,-35
NO4,2024,17,108,105,50,-6076,-3695,2056,7740,-2381
NO5,2016,10,86,23,50,2923,448,2429,13619,2475
NO1,2018,13,16,15,49,1417,-418,2874,7516,1835
NO3,2019,6,215,32,49,-866,239,1883,5588,-1105
NO3,2026,3,263,59,49,-1591,444,1919,3300,-2035
NO5,2022,11,300,125,49,-654,-1780,2494,12609,1127
NO2,2018,12,199,39,48,-1147,-167,2935,14030,-981
NO4,2021,5,138,35,48,-2986,1311,1970,2063,-4297
NO4,2026,8,332,38,48,1232,3383,1890,5552,-2150
NO5,2018,50,90,97,48,-2099,35,2498,1713,-2134
NO4,2021,3,150,49,47,-1831,1740,2038,1850,-3571
NO5,2019,5,232,37,47,-4418,-295,2389,4419,-4123
NO5,2021,11,171,72,47,-3956,230,2546,7244,-4186
NO5,2023,11,1117,64,47,323,154,2432,11713,169
NO5,2026,8,749,21,47,-6905,-973,2465,4176,-5932
NO3,2018,12,735,53,46,-548,-984,1739,9439,436
NO3,2019,46,81,76,46,-960,-419,1848,1050,-541
NO4,2016,16,202,115,45,-136,1912,2100,8076,-2048
NO4,2023,47,490,82,45,-2598,-1967,2038,1611,-631
NO5,2019,4,232,54,45,-3899,-176,2416,4200,-3723
NO5,2021,1,102,69,45,-594,1250,2558,4123,-1844
NO5,2021,17,22,115,45,-3572,-8,2673,8475,-3564
NO5,2023,9,31,42,45,397,439,2449,10573,-42
NO3,2018,8,227,21,44,-6,-817,1740,8436,810
NO3,2022,50,221,58,44,-2742,-758,1900,979,-1984
NO3,2023,49,24,34,44,-1000,-1058,1820,2702,58
NO4,2016,45,59,108,44,-2050,-825,2191,362,-1226
NO4,2023,14,164,95,44,-1552,-704,2020,9077,-849
NO5,2023,13,248,59,44,556,189,2433,12585,367
NO1,2017,5,114,71,43,-1694,-556,2843,3109,-1138
NO3,2016,5,1203,106,43,672,469,1835,6514,203
NO1,2023,10,94,27,42,728,50,2967,5916,677
NO3,2016,10,69,21,42,111,170,1742,8319,-59
NO3,2018,10,115,13,42,-678,-966,1720,8687,287
NO1,2026,7,52,46,41,-1410,16,3266,2892,-1426
NO3,2018,6,205,27,41,636,-632,1766,8077,1268
NO3,2023,13,67,30,41,-423,-597,1807,9350,174
NO4,2018,12,988,45,41,-4917,-2704,1735,7328,-2214
NO5,2023,10,115,25,41,-287,177,2426,10683,-464
NO5,2025,7,58,91,41,-2820,613,2595,6045,-3433
NO3,2016,1,8,87,40,-2,662,1908,3836,-664
NO3,2018,11,114,12,40,-904,-975,1713,8795,72
NO5,2019,11,563,129,40,-5284,265,2562,5864,-5549
NO4,2024,7,213,66,39,-3003,-2773,1896,7054,-230
NO3,2021,1,59,50,38,-621,924,1874,2989,-1545
NO3,2021,4,215,32,38,-1491,478,1801,3953,-1969
NO1,2018,9,125,18,37,1485,-323,2919,6916,1808
NO1,2021,5,21,42,37,388,476,3147,3857,-87
NO4,2018,5,48,27,37,-2124,-1456,1825,5836,-668
NO4,2024,10,25,87,37,-4439,-2974,1943,7045,-1465
NO3,2023,3,153,46,36,-3678,-998,1818,2756,-2680
NO4,2023,13,304,35,36,-1131,-518,1936,9104,-613
NO5,2022,10,11,54,36,-436,-1801,2482,12457,1365
NO3,2015,12,200,177,35,279,157,1987,8876,121
NO4,2018,6,54,22,35,-2663,-1594,1808,5883,-1070
NO3,2023,14,7,44,34,-729,-697,1829,9288,-32
NO4,2021,7,106,37,34,-3123,1022,1922,3112,-4145
NO3,2015,5,525,112,33,-506,-486,1770,6356,-19
NO3,2015,13,495,223,32,288,153,1980,9137,135
NO5,2021,6,11,13,32,-3344,121,2452,5607,-3465
NO4,2024,14,234,43,31,-5750,-3471,1914,7752,-2279
NO5,2026,6,15,27,31,-6336,-766,2488,3465,-5571
NO3,2018,13,84,42,29,-783,-1017,1716,9500,234
NO3,2021,2,420,44,29,-830,747,1840,3396,-1577
NO3,2024,7,318,57,28,222,-661,1818,8046,883
NO3,2023,48,58,54,27,-440,-884,1854,2679,445
NO4,2023,49,128,50,27,-3573,-2381,1933,1788,-1191
NO5,2017,10,412,70,27,-4174,-799,2407,7791,-3375
NO4,2023,12,405,49,26,-763,-271,1965,8819,-492
NO4,2018,11,264,17,25,-5249,-2530,1740,6419,-2719
NO4,2024,9,150,116,24,-3793,-2848,2000,7074,-945
NO5,2018,9,107,13,24,-341,-640,2310,11055,300
NO3,2024,1,60,47,22,-980,-1058,1787,4698,78
NO5,2026,5,20,37,22,-5655,-686,2510,3452,-4969
NO3,2026,4,8,42,21,-2290,272,1881,3279,-2562
NO5,2018,14,478,39,21,-1832,-1337,2321,12049,-495
NO3,2023,8,1298,108,20,-801,-522,1881,7207,-278
NO4,2024,12,175,77,20,-5137,-3222,1929,7433,-1914
NO3,2018,9,145,15,19,-363,-939,1729,8577,576
NO3,2023,1,325,52,19,-3215,-963,1828,2329,-2251
NO4,2018,8,112,18,19,-3755,-1951,1774,6014,-1804
NO4,2023,48,61,61,19,-3114,-2186,1980,1668,-929
NO5,2018,12,252,25,19,-1661,-1177,2324,11537,-484
NO3,2015,6,669,71,18,-356,-491,1785,6925,135
NO3,2021,7,148,31,18,-2696,253,1786,4247,-2949
NO3,2022,52,805,95,18,-2654,-945,1859,2030,-1709
NO3,2026,5,3,29,18,-2898,113,1851,3282,-3012
NO4,2024,13,207,63,18,-5509,-3355,1892,7608,-2153
NO3,2021,3,391,44,15,-1044,636,1830,3744,-1680
NO4,2018,7,30,19,15,-3228,-1748,1791,5909,-1480
NO3,2015,4,158,58,13,-528,-534,1776,5953,7
NO5,2018,13,126,41,13,-2001,-1292,2309,11633,-710
NO5,2022,14,389,79,11,-1263,-1728,2524,12807,465
NO5,2018,8,97,21,10,354,-345,2319,10953,699
NO4,2018,9,95,16,9,-4341,-2185,1761,6102,-2156
NO3,2018,7,157,26,8,281,-710,1754,8219,991
NO5,2022,50,294,77,8,-2237,29,2572,1506,-2266
NO5,2026,7,36,21,5,-6992,-889,2472,3498,-6103
NO3,2016,8,1169,59,4,840,379,1771,8057,461
NO4,2024,11,401,67,4,-4670,-3077,1920,7364,-1593
NO3,2016,2,170,55,3,-443,513,1855,4001,-957
NO4,2018,10,76,15,3,-4898,-2368,1749,6174,-2531
NO5,2018,10,145,12,3,-967,-889,2305,11192,-78
NO5,2018,11,158,14,3,-1357,-1022,2301,11339,-335
NO5,2021,4,99,44,3,-1774,518,2484,5564,-2292
NO3,2026,6,2,22,2,-3452,10,1829,3284,-3462
NO3,2026,8,306,19,2,-4150,-191,1799,3608,-3959
NO1,2021,6,14,32,0,18,376,3113,3871,-358
NO3,2015,14,305,99,0,346,181,1931,9382,164
NO3,2016,3,664,51,0,-435,360,1825,4635,-794
NO3,2016,6,348,98,0,484,468,1816,6775,15
NO3,2016,7,190,41,0,185,432,1790,6944,-247
NO3,2016,9,219,32,0,554,269,1752,8262,285
NO3,2021,5,73,21,0,-1979,361,1782,4024,-2340
NO3,2021,6,133,18,0,-2365,292,1767,4153,-2656
NO3,2026,7,44,19,0,-3957,-112,1812,3326,-3845
NO4,2018,13,377,25,0,-5163,-2910,1723,7677,-2252
NO4,2018,14,285,21,0,-5386,-3093,1723,7930,-2293
NO4,2018,15,126,37,0,-5662,-3263,1776,7962,-2399
NO4,2021,4,90,39,0,-2500,1465,2001,1934,-3964
NO5,2024,11,738,125,0,845,-1375,2458,13738,2221
NO,1958,2,2518,327,,,,10622,32897,3334
NO,1958,3,5049,407,,,,10549,37603,5359
NO,1958,4,1927,247,,,,10406,39470,4318
NO,1958,5,2365,424,,,,10659,41127,3653
NO,1958,6,3140,523,,,,10415,43981,3737
NO,1958,7,2984,248,,,,10356,46782,4093
NO,1958,8,1854,180,,,,10252,48563,3571
NO,1958,9,1076,97,,,,10194,49598,2397
NO,1958,10,2822,251,,,,10190,52176,2853
NO,1958,11,43,79,,,,10125,52218,1109
NO,1958,12,344,54,,,,10085,52550,-146
NO,1958,13,494,52,,,,10053,53025,-944
NO,1958,14,205,51,,,,10048,53187,-1530
NO,1958,15,1139,79,,,,10063,54221,-581
NO,1958,16,1493,561,,,,10461,54714,831
NO,1958,17,2235,916,,,,10946,55508,3501
NO,1958,18,2836,1868,,,,12058,55297,6703
NO,1958,19,2226,1683,,,,12259,55555,10366
NO,1958,20,1112,1646,,,,12636,54549,13824
NO,1958,21,2177,2410,,,,14001,52838,18301
NO,1958,22,3079,6269,,,,16705,46655,19969
NO,1958,23,-438,8436,,,,17509,36552,15834
NO,1958,24,-125,5156,,,,15928,32580,15262
NO,1958,25,2298,7745,,,,17205,25480,13887
NO,1958,26,691,8022,,,,17435,17564,9894
NO,1958,27,-169,9988,,,,15965,8562,2502
NO,1958,28,2107,5581,,,,14462,6424,1399
NO,1958,29,1788,3863,,,,13703,5067,1122
NO,1958,30,3180,3340,,,,14627,3988,2226
NO,1958,31,2467,3496,,,,14638,3005,2148
NO,1958,32,2827,3441,,,,14525,2524,2158
NO,1958,33,1372,2862,,,,13982,1814,1345
NO,1958,34,-26,2445,,,,12319,1328,-579
NO,1958,35,1422,2245,,,,12248,958,-902
NO,1958,36,-463,1999,,,,10682,650,-2769
NO,1958,37,2507,1961,,,,11558,618,-2042
NO,1958,38,1112,1583,,,,11418,559,-2624
NO,1958,39,4136,2595,,,,12970,175,-1915
NO,1958,40,3230,2296,,,,14012,137,-1336
NO,1958,41,6303,3954,,,,16076,387,328
NO,1958,42,4038,3671,,,,15504,1187,-295
NO,1958,43,4821,2990,,,,16520,1885,598
NO,1958,44,2828,3427,,,,15257,2412,-1061
NO,1958,45,2638,2003,,,,15377,2832,-1787
NO,1958,46,1657,1536,,,,14395,3862,-3082
NO,1958,47,1876,1380,,,,14416,4260,-4204
NO,1958,48,3415,1997,,,,14367,5610,-4763
NO,1958,49,4619,1221,,,,13654,9652,-3501
NO,1958,50,1199,628,,,,13071,10795,-5209
NO,1958,51,1399,407,,,,12714,12131,-6425
NO,1958,52,784,385,,,,12487,12756,-8073
NO,1959,1,5231,493,,,,12322,17663,-7902
NO,1959,2,1318,256,,,,12121,18941,-9123
NO,1959,3,1488,188,,,,11982,20383,-10430
NO,1959,4,3569,234,,,,11873,23841,-9844
NO,1959,5,2053,300,,,,11920,25532,-10682
NO,1959,6,1030,436,,,,12004,26015,-12640
NO,1959,7,533,250,,,,11898,26393,-14753
NO,1959,8,8125,990,,,,12152,33221,-9871
NO,1959,9,5233,1397,,,,13035,36111,-8247
NO,1959,10,2825,2155,,,,13483,36220,-9810
NO,1959,11,797,783,,,,12772,36909,-11553
NO,1959,12,1399,620,,,,12630,37792,-12357
NO,1959,13,1592,621,,,,12660,38702,-12660
NO,1959,14,2642,849,,,,12806,40317,-11641
NO,1959,15,1416,627,,,,12498,41397,-10970
NO,1959,16,1699,2442,,,,14806,38250,-11289
NO,1959,17,1152,1627,,,,14555,37930,-10467
NO,1959,18,3188,5156,,,,17358,32919,-10375
NO,1959,19,2033,3431,,,,16628,32067,-8753
NO,1959,20,-599,8372,,,,19388,19963,-14010
NO,1959,21,-4,5129,,,,17145,16815,-14578
NO,1959,22,525,3811,,,,16133,14374,-12882
NO,1959,23,986,3959,,,,15960,11440,-10826
NO,1959,24,415,4248,,,,14660,8803,-9783
NO,1959,25,3364,3513,,,,14656,8531,-5612
NO,1959,26,-1436,3321,,,,12744,5799,-6563
NO,1959,27,718,2772,,,,12150,4504,-5371
NO,1959,28,1783,2850,,,,12348,3458,-3682
NO,1959,29,1341,2754,,,,11994,2625,-3029
NO,1959,30,240,2520,,,,11182,1652,-3555
NO,1959,31,449,2056,,,,10469,1359,-3666
NO,1959,32,591,1664,,,,10114,1047,-3730
NO,1959,33,2990,2095,,,,11899,745,-1808
NO,1959,34,1375,3142,,,,10970,512,-2744
NO,1959,35,3291,2828,,,,11616,551,-1942
NO,1959,36,-174,1587,,,,10396,407,-3297
NO,1959,37,1531,1870,,,,10396,380,-3442
NO,1959,38,1542,1771,,,,10150,476,-3975
NO,1959,39,2745,1681,,,,10916,561,-3583
NO,1959,40,1667,1578,,,,11236,204,-4046
NO,1959,41,1238,1978,,,,10724,103,-5307
NO,1959,42,541,902,,,,10410,102,-6474
NO,1959,43,4859,1574,,,,12346,1367,-4094
NO,1959,44,5781,2459,,,,13002,3945,-1783
NO,1959,45,2204,1830,,,,12918,4335,-2743
NO,1959,46,4606,1778,,,,12848,7177,-1314
NO,1959,47,2586,1305,,,,12241,9048,-1591
NO,1959,48,2693,2084,,,,13081,8734,-2925
NO,1959,49,2508,1220,,,,12380,10684,-3744
NO,1959,50,1164,615,,,,11795,11812,-5468
NO,1959,51,2479,604,,,,11614,13848,-5807
NO,1959,52,3061,770,,,,11436,16307,-5573
NO,1959,53,3351,589,,,,11402,19097,-5017
NO,1960,1,1529,529,,,,11214,20274,-6399
NO,1960,2,1066,245,,,,10992,21307,-7886
NO,1960,3,2431,258,,,,10992,23469,-8333
NO,1960,4,1896,640,,,,11005,24695,-9858
NO,1960,5,1399,267,,,,10886,25945,-11303
NO,1960,6,2182,502,,,,10876,27600,-12184
NO,1960,7,856,169,,,,10741,28428,-13876
NO,1960,8,1072,128,,,,10661,29457,-15126
NO,1960,9,3144,246,,,,10690,32313,-14391
NO,1960,10,138,141,,,,10614,32394,-16505
NO,1960,11,382,105,,,,10583,32701,-17949
NO,1960,12,341,225,,,,10710,32677,-19393
NO,1960,13,205,160,,,,10621,32801,-20600
NO,1960,14,987,410,,,,10885,33098,-20782
NO,1960,15,2584,1068,,,,11371,34070,-19424
NO,1960,16,1828,1127,,,,11718,34361,-18266
NO,1960,17,1141,797,,,,11683,34701,-16569
NO,1960,18,755,1203,,,,13276,32646,-14730
NO,1960,19,-179,6247,,,,18082,21079,-18285
NO,1960,20,-85,9178,,,,17829,11583,-23949
NO,1960,21,2139,6030,,,,18050,7200,-23287
NO,1960,22,362,5593,,,,16476,3402,-23512
NO,1960,23,1760,4334,,,,15650,1729,-20848
NO,1960,24,1940,3377,,,,14858,1149,-17239
NO,1960,25,-442,2636,,,,12738,592,-15468
NO,1960,26,5890,3892,,,,15096,463,-9546
NO,1960,27,827,2522,,,,14044,244,-7737
NO,1960,28,3907,3428,,,,15015,160,-4313
NO,1960,29,3420,4096,,,,14726,115,-2807
NO,1960,30,795,2674,,,,13460,67,-2862
NO,1960,31,-6,2546,,,,11792,31,-3671
NO,1960,32,2021,2029,,,,12349,21,-2522
NO,1960,33,2625,2352,,,,12975,21,-1456
NO,1960,34,3242,3118,,,,13517,12,-698
NO,1960,35,2446,2623,,,,13376,132,-600
NO,1960,36,907,1684,,,,12754,74,-1272
NO,1960,37,-425,1485,,,,11341,9,-2867
NO,1960,38,3398,1762,,,,13343,24,-1234
NO,1960,39,1389,2123,,,,12451,149,-2460
NO,1960,40,4109,1869,,,,14355,432,-699
NO,1960,41,2680,2473,,,,13903,1020,-1211
NO,1960,42,223,1086,,,,12947,1086,-2952
NO,1960,43,554,682,,,,12363,1524,-3920
NO,1960,44,3352,863,,,,12512,3830,-2389
NO,1960,45,1693,772,,,,12077,5175,-2744
NO,1960,46,1945,581,,,,11785,6834,-2720
NO,1960,47,2385,490,,,,11682,8825,-2373
NO,1960,48,4243,1077,,,,12130,11485,-1125
NO,1960,49,1111,627,,,,11617,12475,-2715
NO,1960,50,998,333,,,,11531,13210,-4334
NO,1960,51,2073,459,,,,11358,14982,-4930
NO,1960,52,2213,479,,,,11272,16803,-5242
NO,1961,1,1374,232,,,,11122,18105,-8661
NO,1961,2,2481,229,,,,11127,20339,-8718
NO,1961,3,753,380,,,,11045,20789,-10960
NO,1961,4,1355,145,,,,10971,22068,-12519
NO,1961,5,2140,248,,,,10916,24025,-13193
NO,1961,6,4796,346,,,,10934,28458,-11268
NO,1961,7,3192,767,,,,11466,30292,-11287
NO,1961,8,2050,1075,,,,11615,31055,-12574
NO,1961,9,3565,941,,,,11874,33371,-12149
NO,1961,10,4218,2570,,,,14074,32672,-12766
NO,1961,11,5555,1997,,,,13718,36484,-11032
NO,1961,12,5878,1333,,,,13246,41439,-8095
NO,1961,13,4586,1065,,,,12638,45555,-5829
NO,1961,14,1419,427,,,,12311,46873,-5580
NO,1961,15,1851,667,,,,12803,47547,-4514
NO,1961,16,533,1142,,,,13071,46612,-4661
NO,1961,17,301,3657,,,,15763,40366,-6824
NO,1961,18,1482,4304,,,,17052,36024,-7577
NO,1961,19,797,4346,,,,16767,32527,-8154
NO,1961,20,39,4434,,,,17407,27252,-8702
NO,1961,21,1431,4297,,,,16948,24572,-7017
NO,1961,22,1693,6570,,,,19124,17274,-6992
NO,1961,23,1027,9492,,,,17900,9654,-10673
NO,1961,24,656,5300,,,,16272,6483,-10491
NO,1961,25,4603,5413,,,,16269,5481,-7049
NO,1961,26,1538,4004,,,,14938,4270,-5898
NO,1961,27,2023,3155,,,,14822,3263,-3940
NO,1961,28,3009,4196,,,,15050,1976,-2461
NO,1961,29,740,3222,,,,13867,1031,-2750
NO,1961,30,2873,2951,,,,14255,750,-1384
NO,1961,31,2634,2776,,,,14521,614,-360
NO,1961,32,2518,2808,,,,14648,423,179
NO,1961,33,1043,2459,,,,13643,318,-490
NO,1961,34,1019,1741,,,,13200,276,-750
NO,1961,35,1044,2158,,,,12565,190,-1354
NO,1961,36,2032,1993,,,,12794,200,-1107
NO,1961,37,3395,2110,,,,14213,201,196
NO,1961,38,2102,2936,,,,13726,135,-740
NO,1961,39,4699,2857,,,,15641,85,666
NO,1961,40,380,2258,,,,14026,43,-1417
NO,1961,41,7159,4278,,,,16594,312,772
NO,1961,42,3057,2977,,,,16543,386,-57
NO,1961,43,6691,4674,,,,17955,858,1006
NO,1961,44,3954,3396,,,,16453,2775,498
NO,1961,45,4362,2596,,,,16506,4381,890
NO,1961,46,2992,2075,,,,15197,6513,371
NO,1961,47,4130,1852,,,,14947,8946,1013
NO,1961,48,2395,959,,,,14147,11167,574
NO,1961,49,4495,698,,,,13644,15478,2314
NO,1961,50,756,409,,,,13327,16145,397
NO,1961,51,1516,673,,,,13289,16985,-996
NO,1961,52,3736,414,,,,12992,20593,269
NO,1962,1,3157,534,,,,13020,23170,-1697
NO,1962,2,4332,857,,,,12893,26758,-534
NO,1962,3,4254,595,,,,12723,30610,538
NO,1962,4,3567,443,,,,12541,33936,919
NO,1962,5,4197,488,,,,12507,37671,2045
NO,1962,6,4952,509,,,,12523,42093,3957
NO,1962,7,7331,608,,,,12351,49019,8325
NO,1962,8,1891,331,,,,12273,50680,7709
NO,1962,9,1107,164,,,,12154,51750,6510
NO,1962,10,1720,144,,,,12080,53412,5979
NO,1962,11,711,96,,,,12020,54101,4888
NO,1962,12,1109,89,,,,11974,55171,4365
NO,1962,13,2038,112,,,,11948,57118,5044
NO,1962,14,2465,207,,,,11942,59396,6573
NO,1962,15,2310,240,,,,11993,61408,8536
NO,1962,16,556,665,,,,12628,60647,8930
NO,1962,17,1678,2417,,,,14485,57912,9444
NO,1962,18,267,1339,,,,13872,57387,10607
NO,1962,19,869,2732,,,,15922,53347,11822
NO,1962,20,1295,3993,,,,17146,49172,12957
NO,1962,21,2908,6461,,,,18633,43787,13883
NO,1962,22,1069,4881,,,,17576,40731,14917
NO,1962,23,271,6149,,,,19652,32477,13901
NO,1962,24,709,6719,,,,19240,26531,12524
NO,1962,25,2876,9032,,,,19513,19654,10368
NO,1962,26,1219,6302,,,,17913,15885,8693
NO,1962,27,812,5721,,,,17697,10958,6630
NO,1962,28,-171,5724,,,,16304,6331,3149
NO,1962,29,1090,4043,,,,15494,4163,2009
NO,1962,30,1610,3417,,,,14757,3109,1477
NO,1962,31,1083,2606,,,,14331,2140,976
NO,1962,32,3861,3211,,,,15461,1733,2302
NO,1962,33,3204,3461,,,,15461,1520,2530
NO,1962,34,2520,3049,,,,15456,1151,2381
NO,1962,35,3099,3301,,,,15353,1090,2334
NO,1962,36,3582,3248,,,,15787,1016,2701
NO,1962,37,2732,2656,,,,15437,1369,2588
NO,1962,38,2449,2410,,,,15314,1496,2208
NO,1962,39,420,1669,,,,14239,211,-610
NO,1962,40,4125,3001,,,,15503,101,118
NO,1962,41,1817,2101,,,,14633,711,-790
NO,1962,42,5507,3143,,,,15886,1691,591
NO,1962,43,4214,3404,,,,15521,2714,429
NO,1962,44,3004,1783,,,,14674,4713,656
NO,1962,45,1226,1678,,,,14591,4286,-1120
NO,1962,46,2165,927,,,,13841,6225,-1272
NO,1962,47,1930,629,,,,13285,8086,-1509
NO,1962,48,3740,756,,,,13083,11242,-416
NO,1962,49,3228,1373,,,,13420,12677,-709
NO,1962,50,5066,876,,,,12904,17357,1186
NO,1962,51,942,359,,,,12597,18261,-411
NO,1962,52,1339,383,,,,12453,19342,-1522
NO,1963,1,1178,208,,,,12270,20483,-5134
NO,1963,2,1502,162,,,,12138,21939,-6109
NO,1963,3,1114,132,,,,12039,23010,-7745
NO,1963,4,3199,202,,,,11979,26044,-7535
NO,1963,5,906,235,,,,11927,26760,-9445
NO,1963,6,355,99,,,,11836,27104,-11719
NO,1963,7,1076,93,,,,11772,28147,-13125
NO,1963,8,1305,84,,,,11720,29411,-14113
NO,1963,9,1483,151,,,,11776,30678,-14941
NO,1963,10,1232,286,,,,11788,31590,-16135
NO,1963,11,512,125,,,,11694,32070,-17470
NO,1963,12,867,100,,,,11640,32879,-18260
NO,1963,13,1975,282,,,,11713,34475,-17834
NO,1963,14,867,207,,,,11731,35106,-17927
NO,1963,15,1167,423,,,,12011,35547,-17307
NO,1963,16,1961,856,,,,12457,36173,-15715
NO,1963,17,215,1626,,,,14036,33108,-15808
NO,1963,18,2182,3259,,,,15354,30542,-14756
NO,1963,19,3747,5438,,,,19425,24542,-13480
NO,1963,20,2021,8038,,,,18861,18676,-15824
NO,1963,21,2586,5752,,,,19511,14615,-14412
NO,1963,22,994,9362,,,,18255,7153,-17981
NO,1963,23,-1492,4735,,,,14810,4418,-18999
NO,1963,24,-343,2518,,,,12659,3923,-16665
NO,1963,25,1756,2075,,,,13225,3257,-12317
NO,1963,26,3031,3236,,,,14134,2351,-8620
NO,1963,27,-237,2549,,,,12477,1883,-7665
NO,1963,28,3220,2504,,,,13671,1574,-4243
NO,1963,29,4444,3354,,,,15319,1176,-1153
NO,1963,30,1728,3273,,,,14246,936,-1207
NO,1963,31,-142,2267,,,,12858,535,-2101
NO,1963,32,4174,3109,,,,14726,330,164
NO,1963,33,2364,3107,,,,14430,245,223
NO,1963,34,1655,2848,,,,13698,161,-366
NO,1963,35,2506,2694,,,,13770,131,-208
NO,1963,36,2145,2373,,,,13894,96,-110
NO,1963,37,3307,2619,,,,14568,201,552
NO,1963,38,2345,3022,,,,13788,319,-495
NO,1963,39,7363,3782,,,,15931,1084,1955
NO,1963,40,3003,2865,,,,15145,1864,1524
NO,1963,41,5750,3197,,,,16629,2768,3263
NO,1963,42,2627,2735,,,,15548,3633,2195
NO,1963,43,3378,3746,,,,16348,2310,851
NO,1963,44,816,1918,,,,14934,2542,-1255
NO,1963,45,2368,1231,,,,14654,3901,-1441
NO,1963,46,2603,1108,,,,13983,6042,-1314
NO,1963,47,3466,782,,,,13423,9276,-181
NO,1963,48,1706,604,,,,13104,10705,-931
NO,1963,49,1137,500,,,,12855,11570,-2382
NO,1963,50,1094,375,,,,12588,12533,-3955
NO,1963,51,1462,282,,,,12350,13937,-4983
NO,1963,52,4233,509,,,,12430,17544,-3342
NO,1964,1,4365,1224,,,,12728,20312,-4847
NO,1964,2,2632,1278,,,,12808,21480,-5896
NO,1964,3,1390,645,,,,12469,22524,-7802
NO,1964,4,5815,900,,,,12479,27373,-5706
NO,1964,5,4383,689,,,,12427,31096,-4610
NO,1964,6,5109,623,,,,12332,35665,-2663
NO,1964,7,1488,436,,,,12109,36913,-4022
NO,1964,8,935,185,,,,11952,37814,-5478
NO,1964,9,1780,207,,,,11904,39433,-6057
NO,1964,10,783,215,,,,11938,39957,-7618
NO,1964,11,1086,505,,,,11895,40543,-8796
NO,1964,12,38,126,,,,11770,40577,-10432
NO,1964,13,47,80,,,,11698,40616,-11708
NO,1964,14,124,67,,,,11655,40712,-12397
NO,1964,15,934,189,,,,11799,41300,-11766
NO,1964,16,1969,982,,,,13334,40694,-10317
NO,1964,17,825,3634,,,,15017,36018,-11917
NO,1964,18,2382,3824,,,,16159,33250,-11244
NO,1964,19,4012,4464,,,,17972,30731,-8744
NO,1964,20,2086,5509,,,,17023,27969,-8369
NO,1964,21,-233,4486,,,,17821,22257,-8460
NO,1964,22,75,6850,,,,16685,16285,-10420
NO,1964,23,1923,3008,,,,16703,15043,-6481
NO,1964,24,3928,5737,,,,17391,12328,-3528
NO,1964,25,4806,6457,,,,17851,9982,-965
NO,1964,26,2073,5325,,,,16802,7652,-652
NO,1964,27,2863,4279,,,,15949,6961,885
NO,1964,28,3747,3772,,,,16818,5981,3312
NO,1964,29,377,3817,,,,15009,4412,1773
NO,1964,30,1910,3629,,,,14938,2949,1498
NO,1964,31,4368,4133,,,,15553,2545,2603
NO,1964,32,213,2598,,,,13916,1996,1020
NO,1964,33,2,2461,,,,12550,1356,-545
NO,1964,34,4901,2828,,,,14736,1300,1810
NO,1964,35,4095,3446,,,,15608,1192,2692
NO,1964,36,2794,3586,,,,14912,1165,1977
NO,1964,37,2726,2468,,,,14922,1425,2129
NO,1964,38,3773,2950,,,,15816,1320,2535
NO,1964,39,2851,2709,,,,15906,426,1272
NO,1964,40,3755,3138,,,,15808,1041,1363
NO,1964,41,6278,3682,,,,18329,959,3155
NO,1964,42,4733,4153,,,,17168,2564,2746
NO,1964,43,3455,2740,,,,16968,3346,2507
NO,1964,44,1375,2073,,,,16003,3538,810
NO,1964,45,3581,1512,,,,15318,6196,1517
NO,1964,46,3625,1368,,,,15138,8558,2357
NO,1964,47,4645,1491,,,,14896,11883,3899
NO,1964,48,5899,1742,,,,14464,16418,6143
NO,1964,49,2171,707,,,,13851,18474,5518
NO,1964,50,5665,1345,,,,14004,22581,7509
NO,1964,51,2361,761,,,,13463,24697,6891
NO,1964,52,2762,524,,,,13235,27120,7039
NO,1964,53,4750,499,,,,13045,31558,9087
NO,1965,1,3531,393,,,,12867,34883,9864
NO,1965,2,7745,789,,,,12907,41815,14537
NO,1965,3,1277,341,,,,12661,43016,12884
NO,1965,4,569,166,,,,12524,43567,10533
NO,1965,5,2386,303,,,,12606,45529,10002
NO,1965,6,3128,388,,,,12531,48313,10185
NO,1965,7,1712,260,,,,12461,49821,9238
NO,1965,8,2043,202,,,,12322,51777,8855
NO,1965,9,689,104,,,,12237,52445,7288
NO,1965,10,1674,128,,,,12239,53972,6699
NO,1965,11,2631,387,,,,12309,56111,7187
NO,1965,12,1077,165,,,,12176,57154,6551
NO,1965,13,2918,668,,,,12616,58918,7512
NO,1965,14,1205,630,,,,12508,59555,7298
NO,1965,15,2566,802,,,,12804,60982,8920
NO,1965,16,1121,1162,,,,13607,60093,9355
NO,1965,17,389,1977,,,,14578,57457,9083
NO,1965,18,890,2548,,,,15306,54919,9573
NO,1965,19,561,3355,,,,16056,51192,9802
NO,1965,20,1494,2143,,,,15148,51293,13080
NO,1965,21,92,3794,,,,17167,45401,14031
NO,1965,22,-207,5715,,,,18594,37761,12965
NO,1965,23,852,10293,,,,19414,27002,8190
NO,1965,24,1239,8834,,,,18824,19612,5189
NO,1965,25,2671,7328,,,,18674,14808,4684
NO,1965,26,3055,6417,,,,17230,12634,4759
NO,1965,27,1592,3961,,,,16828,10563,5366
NO,1965,28,-52,3663,,,,15528,8124,4165
NO,1965,29,-375,4040,,,,14349,5053,1754
NO,1965,30,3826,3555,,,,15725,4008,3344
NO,1965,31,3043,3862,,,,15745,3260,3510
NO,1965,32,-344,2411,,,,13754,2677,1540
NO,1965,33,-237,2162,,,,12494,1903,-54
NO,1965,34,3654,2665,,,,14096,1522,1391
NO,1965,35,1937,2305,,,,14266,1209,1367
NO,1965,36,4399,3440,,,,15588,1016,2503
NO,1965,37,5529,3535,,,,17358,1163,4304
NO,1965,38,2940,4217,,,,16233,1042,2674
NO,1965,39,591,2168,,,,14982,414,335
NO,1965,40,1740,1847,,,,14656,674,-156
NO,1965,41,3023,1847,,,,15050,1417,333
NO,1965,42,1746,2182,,,,14678,1293,-1014
NO,1965,43,6163,3454,,,,16176,2350,719
NO,1965,44,3869,2606,,,,15316,4361,946
NO,1965,45,575,1224,,,,14282,4703,-1012
NO,1965,46,719,716,,,,13577,5379,-2383
NO,1965,47,2188,523,,,,13110,7488,-2282
NO,1965,48,683,385,,,,12768,8138,-3835
NO,1965,49,957,285,,,,12510,9062,-5235
NO,1965,50,2718,291,,,,12313,11688,-5074
NO,1965,51,3005,308,,,,12164,14544,-4562
NO,1965,52,1571,199,,,,12023,16066,-5227
NO,1966,1,932,162,,,,11944,16918,-9025
NO,1966,2,205,127,,,,11831,17110,-11244
NO,1966,3,1399,123,,,,11742,18466,-12586
NO,1966,4,1958,129,,,,11674,20356,-13527
NO,1966,5,4063,260,,,,11627,24222,-12284
NO,1966,6,1419,136,,,,11559,25596,-13504
NO,1966,7,784,81,,,,11504,26356,-15185
NO,1966,8,2969,194,,,,11511,29129,-14603
NO,1966,9,1727,258,,,,11546,30563,-15285
NO,1966,10,2502,723,,,,11720,32129,-15663
NO,1966,11,3153,523,,,,11824,34617,-14792
NO,1966,12,3588,585,,,,11690,37730,-13360
NO,1966,13,1753,217,,,,11543,39411,-13068
NO,1966,14,764,141,,,,11498,40081,-13186
NO,1966,15,27,89,,,,11421,40101,-13343
NO,1966,16,408,77,,,,11417,40435,-12493
NO,1966,17,1554,1541,,,,14168,37636,-11148
NO,1966,18,1671,4829,,,,15319,33008,-12326
NO,1966,19,1358,3401,,,,17338,28800,-11309
NO,1966,20,4185,8973,,,,19685,21184,-12493
NO,1966,21,2695,6092,,,,18227,18959,-11351
NO,1966,22,1442,4772,,,,18741,14863,-9786
NO,1966,23,-215,6631,,,,18250,8237,-11739
NO,1966,24,-1926,6523,,,,14979,2988,-15280
NO,1966,25,881,3760,,,,13780,1520,-13498
NO,1966,26,-58,2191,,,,12291,1037,-11778
NO,1966,27,1437,2019,,,,12226,782,-9016
NO,1966,28,2538,2366,,,,12923,590,-5974
NO,1966,29,-564,1990,,,,11252,392,-6004
NO,1966,30,3701,2927,,,,12520,304,-3565
NO,1966,31,3835,2649,,,,14170,247,-1078
NO,1966,32,2004,2632,,,,13966,209,-718
NO,1966,33,2710,2962,,,,13939,191,-321
NO,1966,34,642,2026,,,,12864,177,-1185
NO,1966,35,635,1573,,,,12366,174,-1568
NO,1966,36,4758,3354,,,,13822,228,-51
NO,1966,37,5136,3280,,,,15302,559,1643
NO,1966,38,3412,3459,,,,14880,852,1131
NO,1966,39,2239,1977,,,,14417,988,345
NO,1966,40,2902,2221,,,,14747,1270,531
NO,1966,41,1202,1425,,,,14086,1667,-380
NO,1966,42,4744,2911,,,,15979,1534,527
NO,1966,43,1692,1717,,,,14592,2820,-395
NO,1966,44,2385,1206,,,,14005,4526,-200
NO,1966,45,3084,1712,,,,14359,5471,-166
NO,1966,46,1714,1309,,,,13809,6373,-1156
NO,1966,47,1122,647,,,,13280,7351,-2249
NO,1966,48,3674,691,,,,13001,10592,-1148
NO,1966,49,2806,602,,,,12765,13025,-1018
NO,1966,50,3189,431,,,,12579,15977,-520
NO,1966,51,6115,729,,,,12351,21619,2701
NO,1966,52,2588,316,,,,12209,24050,2942
NO,1967,1,1491,248,,,,12048,25469,-371
NO,1967,2,3247,232,,,,11980,28535,331
NO,1967,3,2436,392,,,,11983,30556,-255
NO,1967,4,1404,185,,,,11840,31916,-1802
NO,1967,5,5095,313,,,,11821,36745,433
NO,1967,6,5938,742,,,,11863,41908,3111
NO,1967,7,643,250,,,,11776,42391,1122
NO,1967,8,2559,295,,,,11735,44702,1193
NO,1967,9,7090,642,,,,11859,51036,5502
NO,1967,10,5260,1519,,,,12367,54225,7079
NO,1967,11,6807,1030,,,,12100,60254,11120
NO,1967,12,7862,952,,,,12033,67281,16534
NO,1967,13,2894,622,,,,11968,69628,17574
NO,1967,14,1883,531,,,,11997,70949,18182
NO,1967,15,887,824,,,,12642,70336,18114
NO,1967,16,4029,1311,,,,12381,73250,21286
NO,1967,17,1128,962,,,,13156,72603,22807
NO,1967,18,1459,880,,,,12832,73487,25666
NO,1967,19,2220,2351,,,,15422,70683,28657
NO,1967,20,4080,4584,,,,16327,68984,31949
NO,1967,21,3360,6494,,,,18902,62971,33336
NO,1967,22,248,11169,,,,21413,48979,27002
NO,1967,23,2526,9226,,,,19121,44097,24992
NO,1967,24,-773,9893,,,,20187,31879,18820
NO,1967,25,2001,9905,,,,18334,25329,14864
NO,1967,26,2423,7079,,,,18292,20371,13557
NO,1967,27,1277,6660,,,,17685,15330,10990
NO,1967,28,875,5843,,,,16390,11470,8373
NO,1967,29,3003,6496,,,,16500,7766,6619
NO,1967,30,1027,4260,,,,15122,5893,4626
NO,1967,31,4734,5602,,,,16240,3979,4725
NO,1967,32,806,3413,,,,14934,2828,2871
NO,1967,33,3826,4029,,,,15580,2152,3281
NO,1967,34,-927,2454,,,,13280,1434,488
NO,1967,35,2643,2700,,,,13936,1047,874
NO,1967,36,5016,4384,,,,14851,884,1635
NO,1967,37,-525,1992,,,,12911,665,-641
NO,1967,38,1230,1708,,,,12781,553,-1268
NO,1967,39,2073,1723,,,,13336,203,-1521
NO,1967,40,9638,5494,,,,16652,850,2016
NO,1967,41,6163,3839,,,,17501,2178,3545
NO,1967,42,5706,4755,,,,16323,4092,3429
NO,1967,43,5530,3575,,,,16966,5237,4396
NO,1967,44,3729,2779,,,,16035,7002,4306
NO,1967,45,3663,2463,,,,15395,8740,4138
NO,1967,46,6682,1771,,,,14833,14160,7654
NO,1967,47,1758,2175,,,,15217,13276,5612
NO,1967,48,2578,1419,,,,15189,14381,4830
NO,1967,49,5666,1748,,,,14365,19069,6627
NO,1967,50,5209,1258,,,,14224,23085,8233
NO,1967,51,4469,802,,,,13599,27343,9673
NO,1967,52,2663,521,,,,13210,29878,9772
NO,1968,1,1556,332,,,,12937,31387,6436
NO,1968,2,2161,265,,,,12743,33481,6039
NO,1968,3,2877,286,,,,12677,36139,6021
NO,1968,4,3945,647,,,,12638,39438,6518
NO,1968,5,5479,581,,,,12553,44420,8840
NO,1968,6,2257,270,,,,12395,46586,8321
NO,1968,7,3391,209,,,,12285,49868,9108
NO,1968,8,1344,129,,,,12203,51170,8129
NO,1968,9,1257,248,,,,12299,52071,6977
NO,1968,10,3333,350,,,,12260,55057,7803
NO,1968,11,3707,253,,,,12160,58601,9527
NO,1968,12,4383,343,,,,12172,62650,12043
NO,1968,13,5591,1772,,,,13496,65085,14559
NO,1968,14,2839,966,,,,12736,67677,15648
NO,1968,15,1117,439,,,,12690,68406,16231
NO,1968,16,664,1245,,,,13944,66509,16108
NO,1968,17,1710,4175,,,,16523,61212,14782
NO,1968,18,1516,5568,,,,16837,56518,12702
NO,1968,19,2722,2597,,,,16102,57221,15876
NO,1968,20,1321,2388,,,,15695,56468,18802
NO,1968,21,-165,2303,,,,16221,53373,21057
NO,1968,22,-242,5803,,,,18835,44429,19874
NO,1968,23,2403,11661,,,,19621,33835,15229
NO,1968,24,-649,8244,,,,19136,25038,10927
NO,1968,25,841,9475,,,,17844,17268,6314
NO,1968,26,4812,7835,,,,18038,13735,6668
NO,1968,27,-945,5665,,,,15807,9226,3008
NO,1968,28,1803,3871,,,,15179,7709,3401
NO,1968,29,439,3049,,,,14586,5729,2668
NO,1968,30,-772,2841,,,,12830,4033,474
NO,1968,31,-273,2650,,,,11570,2673,-1252
NO,1968,32,-460,2065,,,,10375,1777,-2740
NO,1968,33,647,1379,,,,10139,1503,-2809
NO,1968,34,122,1374,,,,9672,1132,-3422
NO,1968,35,479,1461,,,,9637,781,-3691
NO,1968,36,7247,4471,,,,13123,545,-432
NO,1968,37,-17,2178,,,,11429,431,-2358
NO,1968,38,861,1187,,,,10999,580,-3022
NO,1968,39,4341,1871,,,,13244,530,-1287
NO,1968,40,3998,3420,,,,13627,596,-1262
NO,1968,41,2893,1535,,,,13150,2378,-606
NO,1968,42,3509,2707,,,,13288,2932,-766
NO,1968,43,5072,3324,,,,14515,3284,-7
NO,1968,44,6462,3178,,,,14051,6876,2197
NO,1968,45,821,1124,,,,12943,7654,601
NO,1968,46,487,681,,,,12558,7824,-956
NO,1968,47,1732,798,,,,12582,8691,-1607
NO,1968,48,2440,1197,,,,12512,9937,-2291
NO,1968,49,1226,775,,,,12413,10441,-3954
NO,1968,50,873,564,,,,12183,10948,-5944
NO,1968,51,1938,443,,,,11916,12701,-6652
NO,1968,52,1278,330,,,,11697,13863,-7756
NO,1969,1,3689,311,,,,11622,17293,-8972
NO,1969,2,1293,300,,,,11465,18449,-10271
NO,1969,3,2893,225,,,,11389,21192,-10212
NO,1969,4,2408,240,,,,11305,23480,-10773
NO,1969,5,2571,282,,,,11296,25779,-11058
NO,1969,6,1925,256,,,,11253,27486,-11921
NO,1969,7,865,143,,,,11143,28324,-13578
NO,1969,8,204,79,,,,11080,28522,-15642
NO,1969,9,220,59,,,,11039,28726,-17629
NO,1969,10,2985,136,,,,11010,31592,-16911
NO,1969,11,1147,84,,,,10973,32702,-17558
NO,1969,12,100,40,,,,10942,32799,-19039
NO,1969,13,969,74,,,,10955,33667,-19400
NO,1969,14,2728,339,,,,11204,35771,-17789
NO,1969,15,2196,1431,,,,12398,35259,-17208
NO,1969,16,1407,667,,,,11912,36462,-15971
NO,1969,17,1835,925,,,,12633,36615,-13705
NO,1969,18,1681,1795,,,,12840,36207,-11605
NO,1969,19,1319,2965,,,,15805,31474,-10168
NO,1969,20,1750,5256,,,,16571,26902,-9888
NO,1969,21,236,3984,,,,17458,22056,-9023
NO,1969,22,334,7716,,,,18442,13306,-11642
NO,1969,23,684,4774,,,,16950,10504,-10773
NO,1969,24,-969,4764,,,,15287,6303,-11656
NO,1969,25,319,4368,,,,14367,3271,-11161
NO,1969,26,-106,4413,,,,12120,1324,-11661
NO,1969,27,2112,2584,,,,12241,920,-8865
NO,1969,28,2798,2651,,,,12812,685,-5991
NO,1969,29,1444,2340,,,,12468,483,-4697
NO,1969,30,797,2368,,,,11573,317,-4499
NO,1969,31,538,2334,,,,10711,179,-4605
NO,1969,32,-1241,1805,,,,8798,103,-5991
NO,1969,33,-644,1475,,,,7704,77,-6671
NO,1969,34,2846,1470,,,,9725,69,-4433
NO,1969,35,817,1537,,,,9503,63,-4542
NO,1969,36,1265,1335,,,,9708,61,-4332
NO,1969,37,5722,2825,,,,12878,65,-1274
NO,1969,38,109,1939,,,,11264,70,-3268
NO,1969,39,7000,3622,,,,13748,665,-646
NO,1969,40,6298,3158,,,,13544,3809,1867
NO,1969,41,2043,3401,,,,14637,1240,-257
NO,1969,42,2617,2951,,,,14278,1183,-1525
NO,1969,43,2583,2093,,,,14252,1636,-1919
NO,1969,44,9400,2702,,,,13725,8774,3768
NO,1969,45,4195,1217,,,,12888,12571,5463
NO,1969,46,4373,1016,,,,12443,16363,7467
NO,1969,47,3160,733,,,,12003,19230,8352
NO,1969,48,1511,407,,,,11651,20691,7602
NO,1969,49,1865,328,,,,11418,22459,7069
NO,1969,50,2241,439,,,,11397,24265,6587
NO,1969,51,508,254,,,,11174,24750,4654
NO,1969,52,1182,193,,,,11052,25857,3593
NO,1970,1,1921,264,,,,10982,27562,657
NO,1970,2,1030,151,,,,10868,28558,-759
NO,1970,3,1894,187,,,,10799,30347,-1648
NO,1970,4,662,120,,,,10730,30965,-3862
NO,1970,5,1278,112,,,,10674,32191,-5267
NO,1970,6,1397,121,,,,10622,33519,-6519
NO,1970,7,935,78,,,,10572,34425,-8048
NO,1970,8,1252,72,,,,10530,35638,-9076
NO,1970,9,1421,83,,,,10498,37009,-9887
NO,1970,10,2091,104,,,,10464,39027,-10022
NO,1970,11,765,64,,,,10434,39763,-11036
NO,1970,12,2419,354,,,,10490,41763,-10527
NO,1970,13,1241,141,,,,10441,42906,-10676
NO,1970,14,103,61,,,,10389,43006,-11370
NO,1970,15,600,68,,,,10387,43542,-10936
NO,1970,16,1098,285,,,,10836,43892,-9617
NO,1970,17,1996,831,,,,11094,44755,-7104
NO,1970,18,840,652,,,,11280,44752,-4620
NO,1970,19,-70,2909,,,,14877,38067,-4503
NO,1970,20,-199,7840,,,,17729,26749,-8883
NO,1970,21,2725,6019,,,,16704,24121,-7712
NO,1970,22,936,5723,,,,18351,17414,-7625
NO,1970,23,-419,6769,,,,17558,10700,-9969
NO,1970,24,-626,7050,,,,15192,5146,-12909
NO,1970,25,-1564,3924,,,,12715,2317,-13766
NO,1970,26,1553,3438,,,,12300,1158,-11647
NO,1970,27,4252,3586,,,,13733,676,-7616
NO,1970,28,3760,3322,,,,14658,453,-4376
NO,1970,29,2324,3263,,,,14007,341,-3300
NO,1970,30,4885,3798,,,,15443,240,-706
NO,1970,31,1348,3223,,,,14076,160,-1258
NO,1970,32,-975,2116,,,,11750,102,-3040
NO,1970,33,692,1541,,,,11328,81,-3042
NO,1970,34,2096,2059,,,,11843,64,-2319
NO,1970,35,-170,1490,,,,10715,55,-3339
NO,1970,36,6153,3112,,,,13625,345,-132
NO,1970,37,3277,2938,,,,14200,126,108
NO,1970,38,2674,2547,,,,14487,87,-27
NO,1970,39,780,1865,,,,13234,206,-1620
NO,1970,40,2303,1652,,,,13922,145,-1419
NO,1970,41,3810,2461,,,,14932,410,-792
NO,1970,42,1493,1971,,,,14506,358,-2122
NO,1970,43,6128,3035,,,,14892,2898,-17
NO,1970,44,5093,1600,,,,13905,7322,2497
NO,1970,45,2614,881,,,,13155,9799,2957
NO,1970,46,3606,689,,,,12686,13187,4535
NO,1970,47,3942,940,,,,12938,15923,5981
NO,1970,48,4508,1786,,,,13302,18222,6784
NO,1970,49,3052,836,,,,12720,21008,6921
NO,1970,50,3580,1487,,,,13446,22299,6670
NO,1970,51,3122,1212,,,,13412,24187,6330
NO,1970,52,2225,1055,,,,12804,25917,5404
NO,1970,53,930,403,,,,12415,26810,3709
NO,1971,1,6239,668,,,,13032,31729,6874
NO,1971,2,2462,2775,,,,13539,30776,4130
NO,1971,3,2556,846,,,,13024,32957,3187
NO,1971,4,2348,604,,,,12687,35023,2152
NO,1971,5,4254,633,,,,12809,38471,3147
NO,1971,6,3028,899,,,,12809,40554,2703
NO,1971,7,2536,641,,,,12421,42830,2207
NO,1971,8,2092,353,,,,12222,44768,1746
NO,1971,9,451,187,,,,12085,45166,-144
NO,1971,10,3867,358,,,,12021,48712,1220
NO,1971,11,2205,266,,,,11971,50704,1442
NO,1971,12,2052,271,,,,11922,52545,1687
NO,1971,13,846,217,,,,11947,53146,1071
NO,1971,14,565,354,,,,12123,53171,529
NO,1971,15,1853,1030,,,,12837,53199,1171
NO,1971,16,2429,1252,,,,12892,54263,2810
NO,1971,17,618,524,,,,12519,54705,4271
NO,1971,18,670,2216,,,,15005,50604,4957
NO,1971,19,1071,6017,,,,17098,43220,2871
NO,1971,20,2192,6705,,,,17387,38065,2090
NO,1971,21,1799,3964,,,,19006,34031,4500
NO,1971,22,-45,11662,,,,18975,21798,-2616
NO,1971,23,-224,6202,,,,16898,17131,-4197
NO,1971,24,2402,4904,,,,16616,14668,-1962
NO,1971,25,471,4449,,,,16257,10882,-1660
NO,1971,26,1687,5809,,,,15841,7012,-2252
NO,1971,27,-94,4747,,,,13848,4180,-3997
NO,1971,28,3873,3671,,,,14702,3496,-1290
NO,1971,29,2106,2708,,,,14597,3008,-43
NO,1971,30,1976,3380,,,,14548,1908,67
NO,1971,31,2081,3265,,,,14460,1191,156
NO,1971,32,1254,2770,,,,13338,971,-582
NO,1971,33,655,2325,,,,12185,737,-1529
NO,1971,34,624,2227,,,,11216,522,-2488
NO,1971,35,2945,1921,,,,12364,494,-1250
NO,1971,36,-8,1829,,,,11069,362,-2669
NO,1971,37,1512,1286,,,,11351,376,-2491
NO,1971,38,5695,3220,,,,13510,649,-443
NO,1971,39,3421,2394,,,,14261,492,-307
NO,1971,40,5416,4219,,,,14907,920,341
NO,1971,41,4138,3104,,,,13903,2824,594
NO,1971,42,8914,3956,,,,15629,5844,4487
NO,1971,43,1855,2640,,,,14634,5945,2772
NO,1971,44,8855,5255,,,,15681,8244,5195
NO,1971,45,4080,1789,,,,14201,11947,6152
NO,1971,46,4420,1420,,,,13482,15646,7789
NO,1971,47,2382,930,,,,13542,16997,7659
NO,1971,48,2729,1613,,,,13576,17994,6830
NO,1971,49,7210,2242,,,,13635,22790,9618
NO,1971,50,4763,1903,,,,14105,25093,10123
NO,1971,51,9253,2663,,,,14129,31533,14393
NO,1971,52,1754,1696,,,,13601,32044,12329
NO,1972,1,184,682,,,,12988,32138,7239
NO,1972,2,395,373,,,,12630,32513,4957
NO,1972,3,1307,295,,,,12401,33755,3363
NO,1972,4,1563,450,,,,12281,34981,1704
NO,1972,5,804,196,,,,12117,35757,-260
NO,1972,6,1384,183,,,,12013,37067,-1580
NO,1972,7,1400,176,,,,11941,38364,-2739
NO,1972,8,331,149,,,,11891,38595,-4758
NO,1972,9,752,117,,,,11801,39316,-6278
NO,1972,10,1533,137,,,,11753,40763,-6997
NO,1972,11,1812,352,,,,11930,42023,-7281
NO,1972,12,4593,911,,,,12205,45377,-5197
NO,1972,13,2272,439,,,,12002,47412,-4608
NO,1972,14,3112,603,,,,12186,49724,-2855
NO,1972,15,1071,890,,,,12641,49415,-2809
NO,1972,16,874,891,,,,12710,49291,-2344
NO,1972,17,1934,862,,,,12680,50326,54
NO,1972,18,1068,2631,,,,15329,46037,713
NO,1972,19,-162,4469,,,,16330,40173,-944
NO,1972,20,440,3557,,,,16743,36451,-167
NO,1972,21,2710,6191,,,,18607,30801,870
NO,1972,22,1379,5321,,,,18381,26838,1829
NO,1972,23,4717,9657,,,,19177,20659,1609
NO,1972,24,1889,7186,,,,18201,16023,977
NO,1972,25,3728,6816,,,,17857,13004,2063
NO,1972,26,680,6317,,,,17419,7691,5
NO,1972,27,1452,6130,,,,15863,4636,-1527
NO,1972,28,349,3845,,,,14058,3108,-2321
NO,1972,29,-113,3357,,,,12376,1704,-3569
NO,1972,30,622,2333,,,,11788,1041,-3560
NO,1972,31,3840,3295,,,,13120,692,-1682
NO,1972,32,5636,4928,,,,14330,494,-68
NO,1972,33,1659,2708,,,,13727,369,-356
NO,1972,34,120,1916,,,,12260,304,-1663
NO,1972,35,-71,1545,,,,11195,210,-2703
NO,1972,36,3418,2116,,,,12308,492,-1301
NO,1972,37,1935,1869,,,,12344,537,-1336
NO,1972,38,1828,1720,,,,12601,463,-1537
NO,1972,39,431,1199,,,,11760,308,-2992
NO,1972,40,1673,1556,,,,12002,218,-3266
NO,1972,41,1491,1528,,,,11938,298,-3897
NO,1972,42,2791,1263,,,,11625,2076,-3284
NO,1972,43,5060,1423,,,,12132,5167,-508
NO,1972,44,4009,2241,,,,12995,5969,233
NO,1972,45,8235,2543,,,,12704,11852,4559
NO,1972,46,2719,1024,,,,11849,14359,4869
NO,1972,47,1414,500,,,,11424,15681,4225
NO,1972,48,5248,1405,,,,11947,18906,6113
NO,1972,49,4279,1292,,,,11693,22116,7002
NO,1972,50,5339,1254,,,,12117,25741,8782
NO,1972,51,1258,1112,,,,11983,25965,6678
NO,1972,52,1736,712,,,,11838,27101,5622
NO,1973,1,5060,2456,,,,13375,28029,3517
NO,1973,2,1733,1731,,,,12834,28471,1120
NO,1973,3,841,624,,,,12233,29257,-1304
NO,1973,4,3201,828,,,,12296,31514,-1747
NO,1973,5,2520,607,,,,12037,33658,-2438
NO,1973,6,7164,1251,,,,12008,39578,927
NO,1973,7,2177,423,,,,11698,41644,298
NO,1973,8,4406,1021,,,,11896,44802,1454
NO,1973,9,2164,446,,,,11681,46730,1017
NO,1973,10,2614,405,,,,11595,49005,1087
NO,1973,11,2031,601,,,,11833,50157,755
NO,1973,12,3544,1189,,,,12679,51577,1476
NO,1973,13,1519,1555,,,,12819,51305,102
NO,1973,14,3386,849,,,,12317,54297,1849
NO,1973,15,1174,414,,,,12052,55306,2493
NO,1973,16,1578,633,,,,12174,56095,3924
NO,1973,17,1374,590,,,,12193,56829,6069
NO,1973,18,3306,925,,,,12959,58441,10748
NO,1973,19,3368,2903,,,,14761,56968,14283
NO,1973,20,2265,2344,,,,14919,56619,18177
NO,1973,21,884,4417,,,,17046,50791,19300
NO,1973,22,3558,9047,,,,19707,42195,18512
NO,1973,23,1033,8243,,,,18576,35718,16067
NO,1973,24,3587,6552,,,,17522,33474,17749
NO,1973,25,-1297,8505,,,,17581,23230,12012
NO,1973,26,-490,8255,,,,15766,15959,6620
NO,1973,27,958,7010,,,,15404,10090,3469
NO,1973,28,3654,6627,,,,15540,6879,2933
NO,1973,29,2819,5094,,,,15705,4536,2594
NO,1973,30,394,3939,,,,13912,3076,599
NO,1973,31,642,2776,,,,12908,2268,-319
NO,1973,32,5378,4225,,,,14471,1925,1504
NO,1973,33,-145,2665,,,,12561,1424,-466
NO,1973,34,1572,2161,,,,11993,1413,-820
NO,1973,35,1449,1649,,,,12316,1142,-650
NO,1973,36,5382,3635,,,,14171,1077,1147
NO,1973,37,2480,2981,,,,13366,1341,489
NO,1973,38,882,1724,,,,12916,1039,-646
NO,1973,39,2531,1341,,,,12666,1646,-749
NO,1973,40,1606,2206,,,,13551,233,-1702
NO,1973,41,2012,1435,,,,12996,1294,-1844
NO,1973,42,746,773,,,,12258,1979,-2748
NO,1973,43,3203,1461,,,,13079,2838,-1890
NO,1973,44,2160,1617,,,,12780,3596,-2354
NO,1973,45,8851,2869,,,,14319,7872,2194
NO,1973,46,3441,1391,,,,13099,11110,2870
NO,1973,47,7818,1343,,,,12905,17736,7761
NO,1973,48,1038,627,,,,12311,18740,6310
NO,1973,49,4987,590,,,,12024,23412,8628
NO,1973,50,6192,749,,,,11864,29005,11793
NO,1973,51,2826,351,,,,11650,31709,12090
NO,1973,52,3806,608,,,,12016,34512,13212
NO,1974,1,3286,1026,,,,11744,36997,10853
NO,1974,2,2572,444,,,,11592,39274,10681
NO,1974,3,6134,818,,,,11691,44479,13376
NO,1974,4,3626,772,,,,11631,47368,13442
NO,1974,5,2268,552,,,,11513,49191,12570
NO,1974,6,2102,409,,,,11346,51056,11742
NO,1974,7,3677,675,,,,11416,53968,12339
NO,1974,8,2450,510,,,,11514,55776,12046
NO,1974,9,663,424,,,,11368,56147,10121
NO,1974,10,222,183,,,,11240,56316,8043
NO,1974,11,553,129,,,,11153,56826,6745
NO,1974,12,2110,232,,,,11163,58698,7082
NO,1974,13,127,192,,,,11227,58573,5779
NO,1974,14,410,821,,,,12338,57019,4592
NO,1974,15,1130,1580,,,,12634,56169,3939
NO,1974,16,1174,1220,,,,13457,55214,4326
NO,1974,17,474,1785,,,,14149,53099,4295
NO,1974,18,125,2865,,,,15403,48964,3715
NO,1974,19,-59,2242,,,,15977,46002,4531
NO,1974,20,-450,5865,,,,18188,37203,2030
NO,1974,21,1185,8817,,,,18586,28732,-1219
NO,1974,22,1785,4603,,,,17280,26994,884
NO,1974,23,3783,5068,,,,18049,24667,4490
NO,1974,24,-149,5620,,,,18345,18351,3449
NO,1974,25,-780,8529,,,,16674,10394,-1730
NO,1974,26,86,5032,,,,14685,7276,-3145
NO,1974,27,2240,4210,,,,14886,5071,-2068
NO,1974,28,1107,3474,,,,14334,3334,-1819
NO,1974,29,2882,3787,,,,14460,2391,-797
NO,1974,30,2763,3489,,,,14324,1877,-187
NO,1974,31,1533,2781,,,,13593,1517,-385
NO,1974,32,485,2066,,,,12652,1118,-1122
NO,1974,33,3325,2799,,,,13830,782,161
NO,1974,34,1006,2397,,,,12847,612,-767
NO,1974,35,2962,3188,,,,13204,420,-484
NO,1974,36,4420,3278,,,,14730,321,951
NO,1974,37,3788,3831,,,,14758,296,836
NO,1974,38,5580,4237,,,,15766,631,1796
NO,1974,39,5312,3927,,,,16618,627,2186
NO,1974,40,2166,2644,,,,15786,901,1202
NO,1974,41,528,1533,,,,14704,953,-478
NO,1974,42,1731,1340,,,,14830,1191,-964
NO,1974,43,2520,1382,,,,14202,2916,-690
NO,1974,44,390,799,,,,13452,3240,-2038
NO,1974,45,2366,619,,,,13154,5251,-1591
NO,1974,46,6360,1751,,,,13339,9626,1626
NO,1974,47,1259,793,,,,12796,10629,545
NO,1974,48,1473,499,,,,12479,11918,-343
NO,1974,49,5929,818,,,,12434,17045,2672
NO,1974,50,3679,697,,,,12243,20202,3370
NO,1974,51,4789,563,,,,12292,24364,5386
NO,1974,52,4830,1760,,,,12695,26955,6333
NO,1975,1,7670,1232,,,,12763,33268,8143
NO,1975,2,8502,1131,,,,12375,41008,13197
NO,1975,3,6390,1491,,,,12546,45703,15455
NO,1975,4,5171,833,,,,12255,50316,17013
NO,1975,5,4291,557,,,,12160,54146,18173
NO,1975,6,1302,692,,,,12154,54745,16240
NO,1975,7,853,283,,,,11939,55527,14421
NO,1975,8,3126,444,,,,12146,57988,14890
NO,1975,9,1893,913,,,,12175,58882,13663
NO,1975,10,1549,460,,,,12075,60050,12612
NO,1975,11,731,287,,,,11956,60600,11322
NO,1975,12,771,192,,,,11853,61275,10349
NO,1975,13,798,169,,,,11754,62003,9735
NO,1975,14,732,112,,,,11675,62700,9610
NO,1975,15,984,131,,,,11651,63571,10357
NO,1975,16,297,159,,,,11705,63661,11021
NO,1975,17,1243,944,,,,12486,63131,12664
NO,1975,18,3320,1465,,,,13025,64375,16748
NO,1975,19,176,3197,,,,16996,57264,16813
NO,1975,20,2431,6881,,,,18339,51077,16054
NO,1975,21,1645,6794,,,,18199,45704,15366
NO,1975,22,434,5409,,,,17481,41133,15224
NO,1975,23,886,3444,,,,18495,37406,17674
NO,1975,24,326,9646,,,,18393,27711,12858
NO,1975,25,522,5556,,,,17925,22867,11993
NO,1975,26,505,6476,,,,16244,18265,9403
NO,1975,27,-411,5286,,,,15683,12918,6576
NO,1975,28,-419,6065,,,,14680,7322,2515
NO,1975,29,1043,4319,,,,13667,5077,1096
NO,1975,30,3280,4278,,,,14410,3442,1463
NO,1975,31,-305,3048,,,,12540,2225,-729
NO,1975,32,-891,2593,,,,10687,1238,-2966
NO,1975,33,691,2082,,,,10398,786,-3267
NO,1975,34,1459,1805,,,,10621,594,-3011
NO,1975,35,2311,1947,,,,11357,500,-2251
NO,1975,36,2227,2246,,,,11595,453,-2053
NO,1975,37,5172,3316,,,,13497,447,-274
NO,1975,38,4423,3527,,,,14527,403,328
NO,1975,39,9270,6019,,,,16982,474,2395
NO,1975,40,6458,5578,,,,17798,327,2640
NO,1975,41,4881,4825,,,,16610,1403,1880
NO,1975,42,2239,2556,,,,15704,1898,617
NO,1975,43,1112,1570,,,,15483,1618,-706
NO,1975,44,3090,3080,,,,15800,1219,-1712
NO,1975,45,2338,2284,,,,15470,1520,-3007
NO,1975,46,1311,1554,,,,14714,1970,-4655
NO,1975,47,3791,1187,,,,13956,5290,-3634
NO,1975,48,3341,1448,,,,13922,7153,-3665
NO,1975,49,5079,957,,,,13446,11712,-1649
NO,1975,50,7006,926,,,,13105,18107,2137
NO,1975,51,5249,845,,,,12966,22613,4309
NO,1975,52,12283,1933,,,,13615,32228,12527
NO,1976,1,9497,1930,,,,13085,40302,15500
NO,1976,2,8330,847,,,,12764,48146,20725
NO,1976,3,4060,513,,,,12481,51991,21679
NO,1976,4,5788,647,,,,12340,57278,24060
NO,1976,5,863,223,,,,12164,58106,22137
NO,1976,6,907,177,,,,12049,58948,20338
NO,1976,7,1549,214,,,,11980,60354,19290
NO,1976,8,1704,294,,,,11982,61743,18481
NO,1976,9,9768,1216,,,,12301,69933,24840
NO,1976,10,2521,633,,,,12115,72011,24612
NO,1976,11,161,205,,,,11920,72162,22849
NO,1976,12,478,118,,,,11813,72625,21658
NO,1976,13,1951,167,,,,11859,74359,22197
NO,1976,14,5668,742,,,,11839,79309,26383
NO,1976,15,3168,454,,,,12109,81743,28987
NO,1976,16,2774,1340,,,,13145,82065,30865
NO,1976,17,1476,1151,,,,13096,82378,32521
NO,1976,18,799,747,,,,12705,82764,34817
NO,1976,19,1408,1269,,,,13982,81591,38126
NO,1976,20,2142,5023,,,,16618,75810,39066
NO,1976,21,-187,8131,,,,18935,64781,35178
NO,1976,22,378,10059,,,,18192,55359,30161
NO,1976,23,543,6495,,,,17890,49383,29046
NO,1976,24,1039,7490,,,,18697,41769,27219
NO,1976,25,1454,9197,,,,18651,33639,23492
NO,1976,26,682,7986,,,,18217,26406,19518
NO,1976,27,695,7714,,,,16841,20431,15247
NO,1976,28,-782,7344,,,,15745,13209,9467
NO,1976,29,1638,6419,,,,15515,8619,6486
NO,1976,30,326,4664,,,,13421,6420,3452
NO,1976,31,3000,3726,,,,13650,5457,3613
NO,1976,32,812,2529,,,,12794,4661,2563
NO,1976,33,-1199,2559,,,,11083,3068,-299
NO,1976,34,-259,2226,,,,9977,2170,-2079
NO,1976,35,-183,1696,,,,9144,1619,-3345
NO,1976,36,2481,1883,,,,9765,1710,-2625
NO,1976,37,4871,2192,,,,11374,2688,-156
NO,1976,38,1505,1664,,,,12077,1895,-629
NO,1976,39,-217,1196,,,,11147,909,-3003
NO,1976,40,508,836,,,,10617,509,-4360
NO,1976,41,3620,1636,,,,12418,639,-3077
NO,1976,42,6439,2396,,,,12919,4049,-18
NO,1976,43,2406,1453,,,,12570,5322,85
NO,1976,44,753,1113,,,,12003,5492,-1235
NO,1976,45,2933,871,,,,11791,7731,-474
NO,1976,46,2869,1082,,,,11788,9489,-61
NO,1976,47,2308,781,,,,11786,10982,-112
NO,1976,48,3974,972,,,,11637,14092,989
NO,1976,49,2609,771,,,,11309,16225,726
NO,1976,50,2496,509,,,,11126,18398,449
NO,1976,51,242,250,,,,10891,18633,-1746
NO,1976,52,1345,189,,,,10745,19920,-2652
NO,1976,53,1834,167,,,,10636,21690,-3189
NO,1977,1,4460,431,,,,10702,25624,-1561
NO,1977,2,1018,193,,,,10552,26610,-3023
NO,1977,3,731,118,,,,10466,27317,-5011
NO,1977,4,1765,127,,,,10408,29015,-6135
NO,1977,5,2010,187,,,,10388,30865,-6880
NO,1977,6,554,100,,,,10320,31397,-8942
NO,1977,7,916,82,,,,10276,32284,-10485
NO,1977,8,669,63,,,,10240,32931,-12074
NO,1977,9,2957,195,,,,10299,35625,-11470
NO,1977,10,2566,640,,,,10710,37100,-11703
NO,1977,11,2036,754,,,,10835,38222,-12177
NO,1977,12,1088,509,,,,10652,38955,-13173
NO,1977,13,1588,266,,,,10496,40422,-13104
NO,1977,14,1150,221,,,,10408,41443,-12914
NO,1977,15,1284,178,,,,10377,42580,-11907
NO,1977,16,1710,424,,,,10636,43595,-10115
NO,1977,17,2369,967,,,,11260,44343,-7349
NO,1977,18,339,2720,,,,14298,38842,-7513
NO,1977,19,2747,3255,,,,14841,37569,-5036
NO,1977,20,154,3417,,,,16723,32268,-4370
NO,1977,21,-175,9083,,,,19331,19927,-9280
NO,1977,22,846,5559,,,,18172,16070,-9148
NO,1977,23,4243,5523,,,,19468,13245,-5514
NO,1977,24,-611,8333,,,,17858,5720,-9669
NO,1977,25,-359,4228,,,,14961,4124,-9714
NO,1977,26,3305,3327,,,,15821,3224,-6061
NO,1977,27,-1910,3635,,,,12787,1301,-7937
NO,1977,28,15,2076,,,,11378,1018,-7091
NO,1977,29,3407,2100,,,,13134,731,-3783
NO,1977,30,2838,2998,,,,13631,439,-2320
NO,1977,31,2071,2659,,,,13645,274,-1575
NO,1977,32,-609,2124,,,,11538,179,-3174
NO,1977,33,688,1619,,,,11280,135,-3036
NO,1977,34,3916,2182,,,,13283,124,-819
NO,1977,35,1928,2505,,,,12979,112,-1018
NO,1977,36,5136,3402,,,,13842,916,657
NO,1977,37,3580,2676,,,,13771,1812,1365
NO,1977,38,-106,2037,,,,13030,401,-1170
NO,1977,39,4997,2762,,,,14439,1011,390
NO,1977,40,1947,1781,,,,13341,2213,68
NO,1977,41,2654,2406,,,,14513,1215,-405
NO,1977,42,2651,2409,,,,14911,1000,-1075
NO,1977,43,3170,2821,,,,15102,1138,-1568
NO,1977,44,5452,3585,,,,15570,2390,-771
NO,1977,45,7335,4087,,,,16537,4477,1017
NO,1977,46,1825,2104,,,,14670,5980,-689
NO,1977,47,1761,982,,,,13764,7653,-1463
NO,1977,48,946,790,,,,13382,8156,-3202
NO,1977,49,2356,617,,,,12992,10281,-3535
NO,1977,50,4907,1085,,,,13169,13880,-2026
NO,1977,51,3884,855,,,,12886,17152,-1232
NO,1977,52,2823,746,,,,12529,19569,-1218
NO,1978,1,5577,607,,,,12586,24481,-820
NO,1978,2,3608,838,,,,12375,27407,-403
NO,1978,3,1835,483,,,,12197,28917,-1680
NO,1978,4,1306,234,,,,12015,30173,-3370
NO,1978,5,1604,180,,,,11892,31724,-4517
NO,1978,6,380,113,,,,11800,32092,-6768
NO,1978,7,1672,115,,,,11727,33712,-7605
NO,1978,8,3023,166,,,,11694,36605,-6944
NO,1978,9,3024,607,,,,11895,38798,-6701
NO,1978,10,2315,391,,,,11877,40732,-6904
NO,1978,11,1939,329,,,,11728,42496,-7010
NO,1978,12,1664,173,,,,11648,44072,-7060
NO,1978,13,2529,533,,,,11894,45804,-6324
NO,1978,14,499,413,,,,11983,45792,-6990
NO,1978,15,1940,449,,,,11855,47382,-5628
NO,1978,16,954,473,,,,12271,47440,-4633
NO,1978,17,624,694,,,,12116,47484,-3352
NO,1978,18,241,609,,,,12646,46595,-1411
NO,1978,19,16,2152,,,,13598,43385,-464
NO,1978,20,263,3275,,,,16862,36941,442
NO,1978,21,2001,11038,,,,20304,23883,-4350
NO,1978,22,-752,11609,,,,19160,12110,-12120
NO,1978,23,2295,8224,,,,17562,7448,-13217
NO,1978,24,-573,4144,,,,15536,4701,-13010
NO,1978,25,997,3656,,,,14762,2868,-11169
NO,1978,26,2545,3528,,,,15135,1638,-8332
NO,1978,27,4839,4527,,,,16222,1008,-4795
NO,1978,28,-387,3005,,,,13529,639,-5319
NO,1978,29,589,1790,,,,12690,500,-4458
NO,1978,30,1013,2265,,,,12123,316,-3950
NO,1978,31,373,1968,,,,11450,181,-3863
NO,1978,32,66,1721,,,,10413,138,-4341
NO,1978,33,3019,2198,,,,11645,122,-2685
NO,1978,34,2996,2597,,,,12398,126,-1702
NO,1978,35,912,1622,,,,11761,165,-2182
NO,1978,36,2144,1552,,,,12578,166,-1357
NO,1978,37,4438,2677,,,,14297,232,312
NO,1978,38,5118,3524,,,,14529,1448,1376
NO,1978,39,2520,2498,,,,14012,1007,-41
NO,1978,40,2741,2024,,,,14133,1504,151
NO,1978,41,1536,2420,,,,14326,410,-1397
NO,1978,42,4158,2098,,,,14339,2360,-286
NO,1978,43,7240,2535,,,,14839,6486,3518
NO,1978,44,5167,3849,,,,15628,6819,3717
NO,1978,45,4554,3999,,,,15715,7077,2796
NO,1978,46,10635,3723,,,,15432,14091,8185
NO,1978,47,7262,2399,,,,14273,20023,11415
NO,1978,48,639,861,,,,13424,20642,9326
NO,1978,49,382,514,,,,12918,21006,7117
NO,1978,50,1525,405,,,,12582,22459,5966
NO,1978,51,1518,324,,,,12335,23891,4956
NO,1978,52,391,217,,,,12135,24270,3088
NO,1979,1,1307,193,,,,11999,25515,-373
NO,1979,2,4073,325,,,,11881,29387,1083
NO,1979,3,460,137,,,,11770,29829,-1195
NO,1979,4,471,106,,,,11680,30284,-3593
NO,1979,5,1429,124,,,,11607,31666,-4861
NO,1979,6,2678,135,,,,11542,34260,-4857
NO,1979,7,462,80,,,,11491,34703,-6851
NO,1979,8,603,67,,,,11449,35276,-8519
NO,1979,9,4843,530,,,,11703,39304,-6387
NO,1979,10,6577,850,,,,11638,45064,-2812
NO,1979,11,878,239,,,,11462,45893,-3878
NO,1979,12,1394,140,,,,11397,47218,-4165
NO,1979,13,2927,505,,,,11685,49348,-2988
NO,1979,14,1229,481,,,,11709,50072,-2983
NO,1979,15,661,452,,,,11929,50050,-2886
NO,1979,16,960,583,,,,12248,50079,-2019
NO,1979,17,1746,1246,,,,12853,49908,-191
NO,1979,18,1588,913,,,,12617,50788,2753
NO,1979,19,480,644,,,,12656,50563,5772
NO,1979,20,3801,3986,,,,15881,46939,9459
NO,1979,21,4257,6386,,,,18814,41557,11833
NO,1979,22,2486,9622,,,,20281,32484,9375
NO,1979,23,-214,11445,,,,18780,21770,2323
NO,1979,24,639,7452,,,,17612,15765,130
NO,1979,25,-264,5914,,,,16348,10611,-1839
NO,1979,26,4897,6515,,,,16876,8243,14
NO,1979,27,383,3539,,,,15135,6744,-145
NO,1979,28,1173,3908,,,,14723,4447,-316
NO,1979,29,3774,4376,,,,15426,3203,981
NO,1979,30,568,3034,,,,13980,2359,-50
NO,1979,31,2601,3207,,,,14262,1693,460
NO,1979,32,3473,3336,,,,14984,1290,1383
NO,1979,33,5255,4891,,,,15887,920,2356
NO,1979,34,1898,3647,,,,14618,705,1097
NO,1979,35,940,2207,,,,13525,638,56
NO,1979,36,2503,2549,,,,13936,471,306
NO,1979,37,4463,3054,,,,14694,1069,1545
NO,1979,38,5330,3892,,,,15535,1521,2454
NO,1979,39,3984,3105,,,,15336,1553,1828
NO,1979,40,562,1641,,,,13982,1774,270
NO,1979,41,4004,3065,,,,15784,802,452
NO,1979,42,4564,2853,,,,16367,1847,1229
NO,1979,43,950,1923,,,,14798,2384,-625
NO,1979,44,3531,1135,,,,14131,5397,798
NO,1979,45,3302,1295,,,,13533,7976,1512
NO,1979,46,1842,578,,,,13033,9735,1430
NO,1979,47,3740,927,,,,13255,12298,2673
NO,1979,48,5427,1177,,,,13146,16610,5015
NO,1979,49,7620,2080,,,,13131,22098,8422
NO,1979,50,989,559,,,,12607,23055,6587
NO,1979,51,1525,376,,,,12447,24353,5530
NO,1979,52,3446,578,,,,12316,27344,6344
NO,1980,1,733,271,,,,12079,28054,2245
NO,1980,2,494,157,,,,11947,28528,290
NO,1980,3,2725,308,,,,11914,30951,71
NO,1980,4,1135,158,,,,11804,32040,-1714
NO,1980,5,1369,122,,,,11720,33366,-3048
NO,1980,6,724,93,,,,11654,34067,-4939
NO,1980,7,3306,252,,,,11699,37078,-4268
NO,1980,8,175,168,,,,11639,37148,-6457
NO,1980,9,2636,286,,,,11674,39440,-6280
NO,1980,10,1716,187,,,,11591,41050,-6872
NO,1980,11,831,126,,,,11523,41828,-7883
NO,1980,12,176,66,,,,11467,41997,-9315
NO,1980,13,1094,78,,,,11434,43046,-9542
NO,1980,14,1664,211,,,,11548,44382,-8835
NO,1980,15,1672,496,,,,11783,45288,-7794
NO,1980,16,1335,1275,,,,12697,44360,-7288
NO,1980,17,436,986,,,,13217,43235,-6501
NO,1980,18,159,3249,,,,15942,37284,-7426
NO,1980,19,742,4345,,,,15840,33482,-8125
NO,1980,20,-384,5275,,,,18419,25013,-9929
NO,1980,21,11,6057,,,,17058,19993,-11486
NO,1980,22,3397,5123,,,,19201,15847,-8342
NO,1980,23,-129,8013,,,,17925,8648,-11653
NO,1980,24,773,6680,,,,15694,4819,-12734
NO,1980,25,2497,4914,,,,15606,2505,-10687
NO,1980,26,2910,3822,,,,15617,1635,-7854
NO,1980,27,540,3311,,,,13930,884,-7211
NO,1980,28,278,2378,,,,12707,477,-6303
NO,1980,29,2305,2405,,,,13175,303,-4170
NO,1980,30,494,2351,,,,11968,182,-4239
NO,1980,31,-914,1867,,,,10241,100,-5153
NO,1980,32,2385,2052,,,,11112,82,-3698
NO,1980,33,-880,1322,,,,9541,70,-4841
NO,1980,34,3661,2121,,,,11507,85,-2634
NO,1980,35,1533,1781,,,,11469,87,-2553
NO,1980,36,2568,2186,,,,12168,58,-1875
NO,1980,37,4012,2750,,,,13560,90,-568
NO,1980,38,3823,3105,,,,14305,124,-172
NO,1980,39,713,2049,,,,13237,72,-1751
NO,1980,40,4706,2772,,,,14099,1048,-339
NO,1980,41,6604,3991,,,,15367,2239,1472
NO,1980,42,3679,1809,,,,14086,5314,2415
NO,1980,43,2479,1274,,,,13246,7335,2774
NO,1980,44,3033,1205,,,,12988,9391,3649
NO,1980,45,874,782,,,,12698,9738,2440
NO,1980,46,2709,577,,,,12294,12255,3211
NO,1980,47,7310,1142,,,,12905,17767,7793
NO,1980,48,2779,1615,,,,12433,19356,7049
NO,1980,49,3073,659,,,,12045,22122,7360
NO,1980,50,5992,1245,,,,12586,26271,9781
NO,1980,51,2925,1093,,,,12039,28607,9377
NO,1980,52,4872,563,,,,11751,33205,11639
NO,1981,1,9195,963,,,,11683,41510,15306
NO,1981,2,3789,368,,,,11503,45106,16424
NO,1981,3,4590,353,,,,11361,49492,18059
NO,1981,4,2136,257,,,,11449,51278,17170
NO,1981,5,5992,1330,,,,12418,54896,19181
NO,1981,6,7147,1823,,,,12143,60416,21899
NO,1981,7,2634,499,,,,11779,62933,21668
NO,1981,8,326,220,,,,11587,63240,19583
NO,1981,9,387,142,,,,11463,63615,17684
NO,1981,10,1764,139,,,,11387,65314,17188
NO,1981,11,3804,265,,,,11356,68897,19019
NO,1981,12,1216,127,,,,11296,70055,18572
NO,1981,13,3301,291,,,,11324,73053,20355
NO,1981,14,1163,505,,,,11693,73330,20258
NO,1981,15,1372,1219,,,,12893,72218,20246
NO,1981,16,1132,1536,,,,12897,71707,20259
NO,1981,17,996,658,,,,12401,72493,21941
NO,1981,18,926,372,,,,12129,73295,24771
NO,1981,19,1246,850,,,,13662,72170,28384
NO,1981,20,120,8689,,,,18958,57866,23464
NO,1981,21,-129,12775,,,,20244,43061,14768
NO,1981,22,3198,11354,,,,19358,35236,11204
NO,1981,23,1681,8308,,,,18970,28589,9332
NO,1981,24,3363,6381,,,,18171,26052,10976
NO,1981,25,1459,5638,,,,17879,21902,10983
NO,1981,26,927,5387,,,,17727,17343,9965
NO,1981,27,2504,5382,,,,17698,14267,9940
NO,1981,28,495,5694,,,,17129,9490,7132
NO,1981,29,3047,6013,,,,16341,7198,5891
NO,1981,30,1381,4061,,,,15666,5211,4489
NO,1981,31,1975,4022,,,,15054,3881,3440
NO,1981,32,1000,3378,,,,13732,2964,1805
NO,1981,33,1031,2904,,,,13138,2034,720
NO,1981,34,1561,2372,,,,12748,1756,278
NO,1981,35,342,1818,,,,11742,1478,-888
NO,1981,36,-40,1357,,,,10946,1171,-1984
NO,1981,37,944,1755,,,,10478,1016,-2723
NO,1981,38,1497,1177,,,,10998,943,-2660
NO,1981,39,6307,3487,,,,13804,594,-662
NO,1981,40,6226,5146,,,,15140,89,-258
NO,1981,41,5379,3436,,,,15912,1164,942
NO,1981,42,1862,2288,,,,14486,2089,-411
NO,1981,43,1638,1451,,,,13643,3070,-1094
NO,1981,44,1566,1013,,,,13170,4065,-1496
NO,1981,45,4409,1246,,,,12899,7457,360
NO,1981,46,2551,926,,,,12654,9290,605
NO,1981,47,5017,797,,,,12389,13748,3257
NO,1981,48,8145,1090,,,,12111,21082,8452
NO,1981,49,3260,630,,,,12017,23798,9008
NO,1981,50,612,329,,,,11726,24392,7042
NO,1981,51,871,204,,,,11550,25236,5517
NO,1981,52,711,155,,,,11422,25925,4031
NO,1981,53,1482,153,,,,11328,27350,3163
NO,1982,1,981,126,,,,11241,28301,1655
NO,1982,2,3550,219,,,,11248,31602,2666
NO,1982,3,964,366,,,,11308,32127,641
NO,1982,4,3985,293,,,,11205,35914,1561
NO,1982,5,1668,224,,,,11194,37371,431
NO,1982,6,2733,397,,,,11315,39576,232
NO,1982,7,1036,448,,,,11222,40241,-1581
NO,1982,8,1028,271,,,,11164,41036,-3044
NO,1982,9,3457,404,,,,11151,44093,-2150
NO,1982,10,2370,296,,,,11125,46196,-2192
NO,1982,11,2639,413,,,,11120,48441,-1673
NO,1982,12,3213,1022,,,,12006,49688,-1086
NO,1982,13,1371,900,,,,12180,49948,-1894
NO,1982,14,3954,1031,,,,12185,52798,218
NO,1982,15,2115,744,,,,12315,54009,1459
NO,1982,16,888,1561,,,,13421,52141,1217
NO,1982,17,2885,1942,,,,13477,52911,3436
NO,1982,18,2429,1395,,,,13939,53454,6741
NO,1982,19,965,2759,,,,15791,49688,8032
NO,1982,20,1701,6116,,,,17599,43137,7375
NO,1982,21,2866,7240,,,,19197,36799,7458
NO,1982,22,-539,11137,,,,20336,23456,402
NO,1982,23,-353,7202,,,,17004,18849,-2374
NO,1982,24,87,3321,,,,16169,16292,-785
NO,1982,25,-237,3416,,,,15629,13040,-129
NO,1982,26,2338,5131,,,,16846,8831,572
NO,1982,27,1378,5176,,,,15432,6307,-286
NO,1982,28,410,4442,,,,14492,3297,-1699
NO,1982,29,436,3442,,,,12694,2218,-2736
NO,1982,30,-939,2295,,,,10878,1268,-4242
NO,1982,31,-820,2031,,,,9471,684,-5340
NO,1982,32,3966,2544,,,,11357,521,-3014
NO,1982,33,2496,2329,,,,11883,388,-2180
NO,1982,34,3084,2421,,,,12784,328,-1115
NO,1982,35,5428,3554,,,,14194,762,848
NO,1982,36,4943,3682,,,,15599,489,1987
NO,1982,37,3825,4371,,,,15129,405,1316
NO,1982,38,4581,3813,,,,15694,556,1648
NO,1982,39,5992,4561,,,,16950,450,2339
NO,1982,40,481,2362,,,,15333,236,83
NO,1982,41,929,1386,,,,14315,761,-1057
NO,1982,42,4811,2027,,,,14760,3005,780
NO,1982,43,2535,2052,,,,15047,3112,352
NO,1982,44,3417,2433,,,,14770,4260,300
NO,1982,45,6407,2727,,,,15873,6688,2565
NO,1982,46,4809,1880,,,,14453,10959,4074
NO,1982,47,6949,1796,,,,13914,16602,7636
NO,1982,48,1372,977,,,,13627,17269,6155
NO,1982,49,2852,856,,,,13156,19719,6068
NO,1982,50,4868,557,,,,12826,24347,8097
NO,1982,51,5469,715,,,,12764,29189,10683
NO,1982,52,3447,805,,,,12681,31906,11270
NO,1983,1,7895,1034,,,,12619,38806,13538
NO,1983,2,6694,1360,,,,12572,44169,16556
NO,1983,3,9196,855,,,,12549,52547,22302
NO,1983,4,8632,1476,,,,12529,59710,26681
NO,1983,5,3922,539,,,,12181,63475,27523
NO,1983,6,953,241,,,,12013,64382,25736
NO,1983,7,958,201,,,,12016,65138,24110
NO,1983,8,1197,273,,,,12000,66069,22825
NO,1983,9,1849,254,,,,11956,67701,22264
NO,1983,10,7617,948,,,,12006,74328,26820
NO,1983,11,1644,595,,,,12140,75222,26128
NO,1983,12,2029,391,,,,11917,77077,26215
NO,1983,13,858,204,,,,11806,77850,25635
NO,1983,14,1352,242,,,,11898,78863,25996
NO,1983,15,608,340,,,,12048,78975,26159
NO,1983,16,4522,1941,,,,13816,79675,29146
NO,1983,17,473,2834,,,,15098,75905,28051
NO,1983,18,112,3007,,,,16028,71951,27327
NO,1983,19,3933,5914,,,,17818,67848,28219
NO,1983,20,4494,8059,,,,19585,62128,28352
NO,1983,21,4836,8772,,,,20616,56745,28824
NO,1983,22,2288,8473,,,,19585,51185,27380
NO,1983,23,616,6572,,,,18849,45642,26265
NO,1983,24,96,6512,,,,18235,39532,24521
NO,1983,25,-439,8589,,,,17729,30589,19520
NO,1983,26,1928,6558,,,,17662,25716,18272
NO,1983,27,-60,7204,,,,17160,18693,13829
NO,1983,28,-96,7311,,,,15194,13016,8723
NO,1983,29,2298,4612,,,,14808,10962,8121
NO,1983,30,-81,4653,,,,13582,7510,4703
NO,1983,31,3896,4736,,,,14272,5992,4769
NO,1983,32,224,3421,,,,12855,4334,2297
NO,1983,33,2623,3326,,,,12995,3544,2088
NO,1983,34,337,2780,,,,11733,2603,109
NO,1983,35,1836,2687,,,,11651,2041,-417
NO,1983,36,4589,2670,,,,13849,1855,1603
NO,1983,37,4092,3224,,,,15150,1580,2512
NO,1983,38,6278,4878,,,,16117,1910,3426
NO,1983,39,3577,3738,,,,14752,1383,1076
NO,1983,40,4263,3400,,,,15371,1493,1378
NO,1983,41,5514,2971,,,,16766,2526,3158
NO,1983,42,8095,5268,,,,16553,5321,4888
NO,1983,43,7949,4590,,,,16385,8544,7122
NO,1983,44,8157,3844,,,,15668,13371,10308
NO,1983,45,3824,2914,,,,15398,14407,9808
NO,1983,46,2738,1327,,,,14534,16623,9818
NO,1983,47,4888,1205,,,,14060,20734,11914
NO,1983,48,1741,762,,,,13726,22020,11006
NO,1983,49,4390,1740,,,,13660,24656,11509
NO,1983,50,1907,877,,,,13331,25975,10230
NO,1983,51,1771,496,,,,12927,27641,9299
NO,1983,52,9777,1045,,,,13023,36239,15945
NO,1984,1,8246,1037,,,,12654,43829,18596
NO,1984,2,6181,600,,,,12523,49564,21902
NO,1984,3,1440,300,,,,12313,50954,20473
NO,1984,4,233,155,,,,12186,51179,17807
NO,1984,5,1848,179,,,,12126,52915,16908
NO,1984,6,3257,259,,,,12074,55974,17388
NO,1984,7,750,244,,,,12062,56488,15506
NO,1984,8,735,139,,,,12000,57145,13901
NO,1984,9,2333,333,,,,12025,59103,13734
NO,1984,10,3404,304,,,,11988,62224,14699
NO,1984,11,439,126,,,,11892,62645,13304
NO,1984,12,234,78,,,,11830,62866,11916
NO,1984,13,1223,92,,,,11789,64037,11804
NO,1984,14,575,175,,,,11995,64237,11467
NO,1984,15,2110,943,,,,12845,64500,12481
NO,1984,16,1763,1076,,,,13198,64771,13624
NO,1984,17,724,2744,,,,15652,60147,12847
NO,1984,18,990,6246,,,,17276,52949,9573
NO,1984,19,690,2401,,,,15789,52578,10920
NO,1984,20,1977,6624,,,,19258,44131,10027
NO,1984,21,143,9764,,,,19692,33587,4742
NO,1984,22,2756,11777,,,,20410,23297,317
NO,1984,23,-11,9761,,,,17577,15925,-4725
NO,1984,24,1163,4334,,,,16547,13600,-3099
NO,1984,25,2405,5309,,,,16369,10668,-1762
NO,1984,26,1315,3530,,,,15746,8974,-385
NO,1984,27,-149,2990,,,,14514,7026,-485
NO,1984,28,1607,4218,,,,14403,4557,-527
NO,1984,29,669,3320,,,,13257,3195,-1196
NO,1984,30,582,2207,,,,12451,2515,-1423
NO,1984,31,3665,3052,,,,14231,1666,402
NO,1984,32,1298,3178,,,,13195,1169,-529
NO,1984,33,111,1955,,,,11979,870,-1603
NO,1984,34,131,1949,,,,10793,651,-2782
NO,1984,35,3730,2372,,,,12385,606,-1118
NO,1984,36,1309,1809,,,,11993,584,-1524
NO,1984,37,2846,2031,,,,12868,604,-746
NO,1984,38,3042,1735,,,,14052,772,222
NO,1984,39,1224,1971,,,,13519,299,-1242
NO,1984,40,4372,2350,,,,15498,294,305
NO,1984,41,7023,3693,,,,15998,3018,2882
NO,1984,42,6946,4176,,,,17670,3932,4616
NO,1984,43,4740,3821,,,,16599,5758,4550
NO,1984,44,4744,4273,,,,17812,4794,3876
NO,1984,45,2965,2737,,,,16061,6652,2716
NO,1984,46,451,1337,,,,14935,6856,452
NO,1984,47,2222,1001,,,,14339,8639,98
NO,1984,48,3882,1380,,,,14349,11074,682
NO,1984,49,3535,1408,,,,14661,12827,680
NO,1984,50,2539,1380,,,,13819,14780,-476
NO,1984,51,3162,640,,,,13401,17701,-167
NO,1984,52,2864,1209,,,,13366,19347,-603
NO,1985,1,1540,417,,,,12997,20831,-4059
NO,1985,2,1547,282,,,,12757,22329,-5099
NO,1985,3,984,241,,,,12655,23169,-6970
NO,1985,4,2831,248,,,,12506,25913,-7139
NO,1985,5,4370,298,,,,12429,30073,-5632
NO,1985,6,1370,180,,,,12323,31381,-6956
NO,1985,7,1742,130,,,,12237,33069,-7739
NO,1985,8,2014,146,,,,12215,34959,-8070
NO,1985,9,2286,288,,,,12172,37007,-8215
NO,1985,10,2386,211,,,,12140,39218,-8155
NO,1985,11,2932,484,,,,12176,41604,-7453
NO,1985,12,1005,166,,,,12112,42506,-8161
NO,1985,13,1408,211,,,,12064,43744,-8213
NO,1985,14,2420,274,,,,12087,45874,-6804
NO,1985,15,575,193,,,,12065,46285,-6515
NO,1985,16,2542,646,,,,12526,47682,-4138
NO,1985,17,1923,647,,,,12302,49155,-1496
NO,1985,18,809,461,,,,12490,49322,1159
NO,1985,19,1,2205,,,,15081,44473,2107
NO,1985,20,630,6599,,,,18291,34934,-136
NO,1985,21,1453,7455,,,,18132,28657,-1749
NO,1985,22,368,8268,,,,18995,19501,-4894
NO,1985,23,1262,6717,,,,18110,14594,-5522
NO,1985,24,1624,5078,,,,18242,10787,-4218
NO,1985,25,283,5411,,,,17148,6578,-5072
NO,1985,26,1691,5618,,,,16187,3569,-5349
NO,1985,27,364,3787,,,,14358,2080,-5587
NO,1985,28,1331,3276,,,,13645,1165,-4677
NO,1985,29,5737,3646,,,,16163,899,-587
NO,1985,30,765,3316,,,,14124,677,-1588
NO,1985,31,1372,2445,,,,13726,449,-1320
NO,1985,32,3458,2982,,,,14619,359,86
NO,1985,33,2698,3361,,,,14409,281,238
NO,1985,34,3217,3006,,,,15057,226,1057
NO,1985,35,4027,3830,,,,15399,220,1510
NO,1985,36,4484,2964,,,,16297,829,3026
NO,1985,37,1680,2599,,,,15942,406,2131
NO,1985,38,6802,4319,,,,17080,1611,4090
NO,1985,39,1893,2523,,,,15841,1123,1904
NO,1985,40,6202,4872,,,,17636,576,2727
NO,1985,41,5057,4647,,,,17498,980,2344
NO,1985,42,3143,3460,,,,16934,1106,1054
NO,1985,43,2143,2570,,,,16063,1462,-281
NO,1985,44,2521,1774,,,,15146,3038,-546
NO,1985,45,5730,1527,,,,14813,7486,2303
NO,1985,46,1860,1037,,,,14056,9044,1761
NO,1985,47,555,638,,,,13645,9350,116
NO,1985,48,688,413,,,,13248,10007,-1485
NO,1985,49,4645,757,,,,13136,13988,316
NO,1985,50,3098,636,,,,13094,16464,482
NO,1985,51,4961,687,,,,12968,20847,2545
NO,1985,52,2746,740,,,,12708,23104,2495
NO,1986,1,731,257,,,,12476,23813,-1599
NO,1986,2,2303,239,,,,12332,26027,-1825
NO,1986,3,3048,322,,,,12225,28885,-1684
NO,1986,4,4056,319,,,,12144,32718,-695
NO,1986,5,670,147,,,,12040,33367,-2726
NO,1986,6,257,95,,,,11962,33616,-5081
NO,1986,7,792,122,,,,11923,34323,-6798
NO,1986,8,420,85,,,,11853,34727,-8664
NO,1986,9,1533,87,,,,11800,36213,-9381
NO,1986,10,3858,251,,,,11850,39754,-7909
NO,1986,11,281,215,,,,11840,39830,-9564
NO,1986,12,2104,406,,,,12077,41262,-9441
NO,1986,13,3375,643,,,,11973,44087,-7962
NO,1986,14,1317,300,,,,11891,45183,-7691
NO,1986,15,764,201,,,,11823,45807,-7235
NO,1986,16,597,129,,,,11743,46359,-6243
NO,1986,17,1269,448,,,,12308,46612,-4032
NO,1986,18,1445,2834,,,,16304,41139,-3209
NO,1986,19,1584,9849,,,,19093,29564,-8791
NO,1986,20,2894,6876,,,,18394,25910,-9057
NO,1986,21,3507,6806,,,,18926,21734,-7877
NO,1986,22,2838,5095,,,,17891,20256,-5243
NO,1986,23,1693,6590,,,,19044,13883,-5300
NO,1986,24,1560,6957,,,,17460,9790,-5997
NO,1986,25,-168,6370,,,,15970,4584,-8245
NO,1986,26,-1250,3883,,,,13302,2247,-9557
NO,1986,27,617,2840,,,,12416,1276,-8332
NO,1986,28,1515,2344,,,,12008,973,-6506
NO,1986,29,225,1793,,,,11171,635,-5842
NO,1986,30,722,1648,,,,10851,430,-5107
NO,1986,31,4219,2691,,,,13035,281,-2179
NO,1986,32,3662,2778,,,,14278,223,-391
NO,1986,33,1899,2524,,,,14103,181,-167
NO,1986,34,2727,2812,,,,14036,296,106
NO,1986,35,1037,1894,,,,13297,271,-540
NO,1986,36,2148,2007,,,,13356,399,-346
NO,1986,37,2066,1697,,,,13186,902,-130
NO,1986,38,2630,1658,,,,13781,1232,411
NO,1986,39,2035,1900,,,,13059,1098,-903
NO,1986,40,4961,3386,,,,14208,1405,127
NO,1986,41,2669,2148,,,,14674,1348,-112
NO,1986,42,3429,2772,,,,14972,1603,-411
NO,1986,43,3710,2261,,,,14482,3421,96
NO,1986,44,6448,3921,,,,16232,3987,1489
NO,1986,45,4711,2184,,,,15150,7497,2650
NO,1986,46,5735,3156,,,,15364,9677,3702
NO,1986,47,2284,1763,,,,14552,10927,2599
NO,1986,48,5942,2604,,,,15704,12965,3929
NO,1986,49,12006,3346,,,,15278,21893,10364
NO,1986,50,2680,2081,,,,14578,23117,8620
NO,1986,51,2582,863,,,,13838,25562,8131
NO,1986,52,1505,523,,,,13368,27016,7068
NO,1987,1,2782,439,,,,13053,29695,4861
NO,1987,2,2208,314,,,,12819,31835,4470
NO,1987,3,133,198,,,,12684,31914,1803
NO,1987,4,2577,254,,,,12605,34300,1348
NO,1987,5,3852,293,,,,12487,37959,2312
NO,1987,6,3663,637,,,,12576,40853,2770
NO,1987,7,2547,317,,,,12363,43299,2618
NO,1987,8,1962,195,,,,12282,45138,2176
NO,1987,9,2117,171,,,,12179,47182,1967
NO,1987,10,546,101,,,,12109,47711,307
NO,1987,11,248,67,,,,12053,47951,-1230
NO,1987,12,2219,126,,,,12007,50097,-675
NO,1987,13,2477,187,,,,12070,52323,371
NO,1987,14,994,405,,,,12187,52793,215
NO,1987,15,520,312,,,,12125,53045,306
NO,1987,16,1858,834,,,,12585,53562,1802
NO,1987,17,2079,1673,,,,14222,52244,3514
NO,1987,18,2130,5296,,,,17082,45918,2348
NO,1987,19,954,3154,,,,16072,44576,3201
NO,1987,20,1179,2114,,,,15755,43827,6221
NO,1987,21,1225,3638,,,,17533,39481,8478
NO,1987,22,683,5689,,,,17849,33896,8355
NO,1987,23,491,5295,,,,18647,28042,8462
NO,1987,24,2762,6677,,,,18587,23857,9198
NO,1987,25,3053,6572,,,,19156,19459,9816
NO,1987,26,1936,6151,,,,18568,15596,9058
NO,1987,27,1342,5605,,,,17507,12187,7670
NO,1987,28,1354,5306,,,,16280,9277,6070
NO,1987,29,-885,3701,,,,14665,6303,3320
NO,1987,30,-44,3802,,,,13452,3780,843
NO,1987,31,1243,2338,,,,13180,3048,734
NO,1987,32,3328,2718,,,,14328,2624,2061
NO,1987,33,668,2083,,,,13573,2131,1252
NO,1987,34,2232,2478,,,,14037,1596,1407
NO,1987,35,2970,2777,,,,14468,1449,1808
NO,1987,36,934,1993,,,,13642,1320,862
NO,1987,37,5597,3181,,,,15901,1485,3168
NO,1987,38,5250,3846,,,,16560,2110,4068
NO,1987,39,3095,3555,,,,16163,1179,2282
NO,1987,40,438,1755,,,,14791,458,-237
NO,1987,41,7929,4268,,,,17660,1051,2577
NO,1987,42,9326,5934,,,,20227,1635,4876
NO,1987,43,963,4011,,,,17092,1615,900
NO,1987,44,2233,1988,,,,16283,2593,146
NO,1987,45,2487,1882,,,,16139,3257,-601
NO,1987,46,3161,1407,,,,15262,5823,-253
NO,1987,47,3689,1397,,,,14801,8541,462
NO,1987,48,1010,731,,,,14148,9473,-1120
NO,1987,49,1955,638,,,,13903,10997,-1907
NO,1987,50,3020,652,,,,13629,13587,-1860
NO,1987,51,3065,513,,,,13374,16386,-1510
NO,1987,52,4200,1044,,,,13645,19224,-447
NO,1987,53,4626,1232,,,,13736,22480,700
NO,1988,1,1625,649,,,,13294,23886,-707
NO,1988,2,3983,910,,,,13248,26959,22
NO,1988,3,3808,631,,,,13053,30327,586
NO,1988,4,2838,364,,,,12808,33056,306
NO,1988,5,3720,503,,,,12838,36262,966
NO,1988,6,1869,340,,,,12660,37984,-16
NO,1988,7,2878,318,,,,12577,40635,168
NO,1988,8,2012,240,,,,12482,42514,-248
NO,1988,9,3276,211,,,,12405,45653,664
NO,1988,10,1125,131,,,,12336,46732,-445
NO,1988,11,683,95,,,,12279,47391,-1563
NO,1988,12,1090,147,,,,12275,48342,-2163
NO,1988,13,2044,284,,,,12376,50003,-1643
NO,1988,14,2209,731,,,,12633,51177,-954
NO,1988,15,3524,454,,,,12882,53962,1979
NO,1988,16,2764,1016,,,,12891,55660,4206
NO,1988,17,256,436,,,,13004,55369,5420
NO,1988,18,1727,2637,,,,15773,51592,6713
NO,1988,19,-166,7350,,,,19396,40057,2006
NO,1988,20,949,6966,,,,17723,35310,-329
NO,1988,21,-6,6603,,,,20691,25401,-2446
NO,1988,22,1905,11159,,,,19517,16779,-7094
NO,1988,23,-858,7431,,,,17976,9737,-10513
NO,1988,24,-1153,5103,,,,15679,5671,-11897
NO,1988,25,-987,4181,,,,13466,2836,-12497
NO,1988,26,1893,3683,,,,13646,1286,-10173
NO,1988,27,4361,4453,,,,14455,721,-6850
NO,1988,28,3204,3632,,,,14770,383,-4334
NO,1988,29,4127,4456,,,,15162,217,-2269
NO,1988,30,4694,4172,,,,16071,165,-153
NO,1988,31,1586,3435,,,,14518,136,-840
NO,1988,32,136,2249,,,,13063,113,-1716
NO,1988,33,5083,3255,,,,15265,102,916
NO,1988,34,1823,3262,,,,14176,96,45
NO,1988,35,4835,3586,,,,15706,91,1688
NO,1988,36,744,3016,,,,13849,86,-166
NO,1988,37,3959,3037,,,,14717,194,694
NO,1988,38,5382,3763,,,,16246,331,1976
NO,1988,39,5741,4647,,,,16593,797,2330
NO,1988,40,3697,3229,,,,16911,825,2250
NO,1988,41,3424,2788,,,,16458,1820,2145
NO,1988,42,591,1968,,,,15441,1411,-133
NO,1988,43,3953,1553,,,,14839,4335,1366
NO,1988,44,2582,1107,,,,14211,6403,1884
NO,1988,45,2433,1268,,,,14527,7199,1729
NO,1988,46,3837,1822,,,,14255,9370,2285
NO,1988,47,2957,1102,,,,13986,11429,2536
NO,1988,48,1988,691,,,,13398,13294,1952
NO,1988,49,4567,658,,,,13128,17452,3772
NO,1988,50,3874,761,,,,13040,20630,4595
NO,1988,51,5907,728,,,,12814,26030,7575
NO,1988,52,7677,1858,,,,13526,31065,11274
NO,1989,1,3242,1467,,,,13349,32932,8394
NO,1989,2,8588,1417,,,,13300,40093,13208
NO,1989,3,10110,2687,,,,13818,46878,17903
NO,1989,4,5582,1811,,,,14158,50183,18784
NO,1989,5,10248,3169,,,,14479,56766,23111
NO,1989,6,8419,2498,,,,13837,63274,26451
NO,1989,7,8031,1064,,,,13297,70774,31026
NO,1989,8,5611,768,,,,12999,75960,33715
NO,1989,9,2694,535,,,,12828,78306,33740
NO,1989,10,2849,935,,,,13130,79886,33503
NO,1989,11,2731,775,,,,12896,82047,33709
NO,1989,12,3822,687,,,,12796,85277,35294
NO,1989,13,2661,855,,,,13038,86819,35835
NO,1989,14,943,489,,,,12873,87432,35541
NO,1989,15,3384,2566,,,,15782,85236,36154
NO,1989,16,769,2936,,,,15306,83366,34328
NO,1989,17,1429,1251,,,,14662,84131,35840
NO,1989,18,1315,2706,,,,16146,81162,36656
NO,1989,19,2510,2846,,,,16527,80265,39345
NO,1989,20,2853,5109,,,,17985,76320,40944
NO,1989,21,144,7848,,,,18508,67716,37686
NO,1989,22,1482,3687,,,,17164,66653,40427
NO,1989,23,2759,6177,,,,19199,60922,41895
NO,1989,24,-1086,9011,,,,19016,50607,36376
NO,1989,25,-301,10646,,,,17895,40277,29373
NO,1989,26,4617,9671,,,,17790,34792,27476
NO,1989,27,-830,7602,,,,17175,26653,21803
NO,1989,28,1027,7254,,,,15942,21365,17820
NO,1989,29,190,4243,,,,15224,17900,15476
NO,1989,30,1118,6383,,,,15324,12417,11352
NO,1989,31,5528,6368,,,,16678,10051,11235
NO,1989,32,2345,5031,,,,16647,7458,9213
NO,1989,33,3455,5161,,,,16483,5906,7938
NO,1989,34,3890,5070,,,,16029,5127,6929
NO,1989,35,687,2587,,,,14687,4581,5159
NO,1989,36,2172,2919,,,,14249,4244,4392
NO,1989,37,1637,2011,,,,14109,4012,3903
NO,1989,38,3642,3545,,,,14912,3363,3674
NO,1989,39,1774,2864,,,,14114,603,-343
NO,1989,40,2268,1933,,,,14130,841,-515
NO,1989,41,2626,1544,,,,13593,2407,-134
NO,1989,42,3119,2031,,,,15164,1843,21
NO,1989,43,6450,4252,,,,15013,3981,1186
NO,1989,44,2548,1983,,,,15088,4389,746
NO,1989,45,4561,2574,,,,15534,5796,1334
NO,1989,46,2066,2092,,,,14613,6606,-120
NO,1989,47,1680,934,,,,13796,8122,-961
NO,1989,48,2685,992,,,,13946,9596,-1198
NO,1989,49,3978,1331,,,,13331,12774,-702
NO,1989,50,1920,482,,,,12913,14627,-1535
NO,1989,51,4757,553,,,,12726,19021,477
NO,1989,52,2223,1046,,,,12862,20024,-430
NO,1990,1,970,428,,,,12564,20846,-4477
NO,1990,2,6104,1121,,,,12786,25563,-1835
NO,1990,3,10005,1517,,,,12666,34160,4031
NO,1990,4,4340,963,,,,12441,37766,4649
NO,1990,5,5498,1366,,,,12925,41360,6153
NO,1990,6,8432,3316,,,,13860,45345,8545
NO,1990,7,2861,1051,,,,13134,47880,7969
NO,1990,8,9705,2823,,,,15078,52656,12490
NO,1990,9,4701,2021,,,,13780,56573,12958
NO,1990,10,10636,1293,,,,13354,66374,20215
NO,1990,11,9197,2194,,,,15573,71030,25370
NO,1990,12,8847,4660,,,,15450,75101,27771
NO,1990,13,3369,2029,,,,15009,76805,27792
NO,1990,14,4988,1948,,,,14457,80317,30009
NO,1990,15,2688,1350,,,,14757,81305,31197
NO,1990,16,2304,1852,,,,15183,81274,32112
NO,1990,17,1080,3319,,,,16542,77517,31106
NO,1990,18,1326,7104,,,,19610,68365,27323
NO,1990,19,-330,8641,,,,18780,59783,21115
NO,1990,20,-81,5281,,,,17078,55844,19561
NO,1990,21,1545,2918,,,,16636,54745,22844
NO,1990,22,465,3812,,,,17968,49917,24494
NO,1990,23,94,7701,,,,18356,41572,21701
NO,1990,24,-932,8625,,,,17189,32784,16726
NO,1990,25,4080,8109,,,,18847,26713,16761
NO,1990,26,1815,7561,,,,17421,22101,14416
NO,1990,27,5379,7293,,,,18631,18684,15290
NO,1990,28,3018,6494,,,,17615,16006,14134
NO,1990,29,-961,5152,,,,15964,11492,9809
NO,1990,30,-591,4537,,,,14329,8086,6026
NO,1990,31,1881,4477,,,,14220,5771,4497
NO,1990,32,811,3250,,,,12901,4788,2798
NO,1990,33,3888,3604,,,,14498,3720,3767
NO,1990,34,1235,2899,,,,13600,3152,2526
NO,1990,35,1603,2563,,,,13533,2531,1955
NO,1990,36,2486,2828,,,,13581,2268,1749
NO,1990,37,1285,1960,,,,13097,2167,1047
NO,1990,38,4707,2966,,,,14306,2610,2315
NO,1990,39,1477,1814,,,,13883,1003,-174
NO,1990,40,3999,2699,,,,14815,1232,561
NO,1990,41,6301,3833,,,,15188,3164,2218
NO,1990,42,1722,3113,,,,14847,1999,-140
NO,1990,43,841,1517,,,,13900,2220,-1687
NO,1990,44,4495,2306,,,,13990,4231,-510
NO,1990,45,1207,1178,,,,13748,4450,-1799
NO,1990,46,4425,1443,,,,14084,7038,-217
NO,1990,47,1315,1006,,,,13189,8216,-1476
NO,1990,48,2190,701,,,,12991,9862,-1888
NO,1990,49,6877,2162,,,,13258,14209,660
NO,1990,50,1408,657,,,,12968,15225,-882
NO,1990,51,2092,816,,,,12824,16594,-1851
NO,1990,52,5762,1442,,,,13016,20669,369
NO,1991,1,6372,902,,,,12682,26493,1288
NO,1991,2,3202,598,,,,12356,29457,1627
NO,1991,3,1384,382,,,,12289,30532,27
NO,1991,4,4239,985,,,,12575,33438,456
NO,1991,5,749,502,,,,12226,34026,-1882
NO,1991,6,113,199,,,,12037,34133,-4490
NO,1991,7,619,145,,,,11911,34732,-6401
NO,1991,8,3322,377,,,,12094,37475,-5675
NO,1991,9,1459,580,,,,11943,38493,-6957
NO,1991,10,1850,258,,,,11887,40148,-7479
NO,1991,11,2351,582,,,,12094,41681,-7459
NO,1991,12,2617,1113,,,,12398,42822,-7560
NO,1991,13,1434,890,,,,12833,42878,-8311
NO,1991,14,3379,1772,,,,13653,43554,-7558
NO,1991,15,1262,2379,,,,15352,40625,-8888
NO,1991,16,2061,2011,,,,14204,41693,-8448
NO,1991,17,305,816,,,,13746,41609,-7597
NO,1991,18,-21,1001,,,,14042,40275,-6336
NO,1991,19,488,1690,,,,15219,37804,-4424
NO,1991,20,504,2558,,,,15587,35241,-2533
NO,1991,21,2669,3407,,,,16013,33882,1358
NO,1991,22,192,5123,,,,17389,27314,1313
NO,1991,23,2049,3550,,,,17170,25840,4783
NO,1991,24,1495,5146,,,,18055,21067,5876
NO,1991,25,3348,6980,,,,18725,16443,6369
NO,1991,26,1741,6812,,,,18192,11640,4727
NO,1991,27,-1112,5757,,,,16288,6540,803
NO,1991,28,1539,5475,,,,15393,3547,-547
NO,1991,29,1799,3839,,,,14667,2377,-605
NO,1991,30,-425,2682,,,,12740,1565,-2084
NO,1991,31,-865,2233,,,,10999,933,-3562
NO,1991,32,2027,2153,,,,11758,656,-2478
NO,1991,33,3394,2815,,,,12794,537,-1120
NO,1991,34,-344,1941,,,,11177,423,-2626
NO,1991,35,-151,1359,,,,10163,364,-3581
NO,1991,36,1835,1944,,,,10298,438,-3364
NO,1991,37,3589,1949,,,,11977,443,-1798
NO,1991,38,4492,3293,,,,13142,478,-982
NO,1991,39,6736,4240,,,,14551,896,387
NO,1991,40,5131,2557,,,,15048,2838,2400
NO,1991,41,666,2314,,,,14482,1708,57
NO,1991,42,2980,2020,,,,14686,2371,71
NO,1991,43,1007,1356,,,,13982,2691,-1135
NO,1991,44,2662,1188,,,,14042,4014,-674
NO,1991,45,5008,2034,,,,13673,7265,942
NO,1991,46,4469,1224,,,,13140,11016,2817
NO,1991,47,2425,1056,,,,14090,11390,2600
NO,1991,48,3121,3399,,,,14779,10233,271
NO,1991,49,1560,1428,,,,13891,11167,-1749
NO,1991,50,5296,1660,,,,14465,14106,-504
NO,1991,51,6609,1713,,,,13552,19867,2150
NO,1991,52,5273,893,,,,13241,24549,4473
NO,1992,1,12511,2094,,,,13653,34432,10197
NO,1992,2,7090,1301,,,,13156,40701,13673
NO,1992,3,5970,1661,,,,13406,44670,15281
NO,1992,4,1268,878,,,,13107,45333,12883
NO,1992,5,2846,1782,,,,13827,45564,11257
NO,1992,6,4900,1282,,,,13940,49003,12284
NO,1992,7,3767,1124,,,,13401,52135,12492
NO,1992,8,2678,622,,,,13217,54348,12322
NO,1992,9,4519,1111,,,,13106,57824,13536
NO,1992,10,2539,1123,,,,13317,58949,12752
NO,1992,11,4065,1187,,,,13114,61966,13846
NO,1992,12,4118,1097,,,,13532,64513,15266
NO,1992,13,1946,939,,,,13161,65857,14995
NO,1992,14,722,383,,,,12806,66545,14586
NO,1992,15,620,532,,,,13437,65994,14566
NO,1992,16,2769,1110,,,,13381,67662,16698
NO,1992,17,1330,552,,,,13122,68682,18852
NO,1992,18,4081,1901,,,,14891,69014,23253
NO,1992,19,3008,3185,,,,15344,68239,26136
NO,1992,20,1556,2879,,,,16975,65177,28791
NO,1992,21,549,8313,,,,19249,54736,25448
NO,1992,22,-950,11416,,,,19526,41572,17708
NO,1992,23,-1362,11716,,,,18264,29224,9261
NO,1992,24,-987,10167,,,,16379,19541,2674
NO,1992,25,710,5621,,,,14785,16006,1992
NO,1992,26,120,3989,,,,14026,12787,1707
NO,1992,27,595,3574,,,,13100,10635,1711
NO,1992,28,394,3426,,,,12810,7898,1221
NO,1992,29,2978,3741,,,,13704,6221,2278
NO,1992,30,3470,4223,,,,14733,4526,2870
NO,1992,31,4025,4718,,,,14948,3637,3090
NO,1992,32,4424,4684,,,,15489,2899,3496
NO,1992,33,3736,3807,,,,16025,2383,3957
NO,1992,34,1589,3288,,,,14951,1931,2656
NO,1992,35,4810,3707,,,,16253,1761,3905
NO,1992,36,2661,3286,,,,15786,1613,3299
NO,1992,37,1681,2472,,,,15193,1470,2445
NO,1992,38,2260,2730,,,,14843,1386,1627
NO,1992,39,3945,3092,,,,16061,402,1403
NO,1992,40,99,2131,,,,14185,323,-978
NO,1992,41,4097,2543,,,,14744,1240,-150
NO,1992,42,1094,1371,,,,13594,2052,-1340
NO,1992,43,948,795,,,,12928,2849,-2030
NO,1992,44,1035,548,,,,12461,3792,-2478
NO,1992,45,8057,1744,,,,13281,9210,2494
NO,1992,46,2555,1257,,,,12651,11096,2408
NO,1992,47,1877,593,,,,12241,12784,2145
NO,1992,48,4777,758,,,,12074,16961,4295
NO,1992,49,7471,1938,,,,12502,21880,7575
NO,1992,50,4575,1136,,,,12426,25350,8701
NO,1992,51,8159,1779,,,,12845,31241,12816
NO,1992,52,2511,948,,,,12439,33164,12287
NO,1992,53,1777,620,,,,12246,34488,11218
NO,1993,1,6061,807,,,,12191,39771,14075
NO,1993,2,11901,1129,,,,12226,50537,22578
NO,1993,3,10017,1368,,,,12034,59428,28667
NO,1993,4,2426,438,,,,11762,61737,27941
NO,1993,5,10265,1575,,,,12238,69858,33963
NO,1993,6,1707,773,,,,12145,70883,32368
NO,1993,7,4156,746,,,,11990,74411,33357
NO,1993,8,1774,343,,,,11788,76050,32594
NO,1993,9,1030,214,,,,11671,76985,31262
NO,1993,10,2432,339,,,,11740,78983,31210
NO,1993,11,8448,1629,,,,12305,85176,36247
NO,1993,12,3413,820,,,,11925,88157,37301
NO,1993,13,942,295,,,,11753,88991,36722
NO,1993,14,329,259,,,,11668,89151,36055
NO,1993,15,1026,258,,,,11792,89793,36721
NO,1993,16,2606,951,,,,12930,90285,38870
NO,1993,17,152,5718,,,,17694,79710,34452
NO,1993,18,3442,7146,,,,17798,75470,32616
NO,1993,19,748,6240,,,,18450,69010,30013
NO,1993,20,691,9420,,,,20565,57702,24906
NO,1993,21,78,8602,,,,18268,51026,20757
NO,1993,22,1124,5163,,,,18412,46567,21588
NO,1993,23,-101,6656,,,,18684,39214,19671
NO,1993,24,711,4931,,,,17241,36193,20188
NO,1993,25,1251,4990,,,,17560,31903,20665
NO,1993,26,-264,7477,,,,17037,24367,16298
NO,1993,27,2820,6000,,,,16720,21240,15935
NO,1993,28,3479,7753,,,,17655,15760,13929
NO,1993,29,1511,6668,,,,17045,11049,10446
NO,1993,30,4219,6146,,,,17550,8491,9652
NO,1993,31,2335,5367,,,,16687,6307,7500
NO,1993,32,3310,4658,,,,16615,5016,6740
NO,1993,33,1944,3484,,,,15891,4225,5664
NO,1993,34,1101,2516,,,,14992,3736,4502
NO,1993,35,1674,2561,,,,14696,3187,3774
NO,1993,36,214,1683,,,,13469,2988,2356
NO,1993,37,31,1021,,,,12477,2986,1244
NO,1993,38,3500,1966,,,,14035,2952,2386
NO,1993,39,236,1235,,,,13162,764,-1134
NO,1993,40,4286,1806,,,,15096,1235,845
NO,1993,41,2957,1944,,,,14454,2821,1141
NO,1993,42,2415,1527,,,,14268,3832,1115
NO,1993,43,2242,1708,,,,14471,4081,745
NO,1993,44,703,1086,,,,13815,4306,-610
NO,1993,45,2101,798,,,,13558,5822,-617
NO,1993,46,763,613,,,,13151,6366,-1822
NO,1993,47,951,381,,,,12797,7281,-2802
NO,1993,48,3465,436,,,,12712,10377,-1651
NO,1993,49,4118,773,,,,12504,13921,-382
NO,1993,50,2468,370,,,,12488,16031,-556
NO,1993,51,4763,787,,,,12286,20204,1221
NO,1993,52,1340,238,,,,12116,21486,285
NO,1994,1,2140,200,,,,11996,23548,-2343
NO,1994,2,2589,264,,,,11960,25912,-2313
NO,1994,3,6968,517,,,,12025,32276,1507
NO,1994,4,7472,552,,,,11846,39451,5739
NO,1994,5,4092,328,,,,11754,43367,6987
NO,1994,6,572,121,,,,11678,43921,4939
NO,1994,7,481,109,,,,11650,44329,2934
NO,1994,8,607,88,,,,11600,44902,1257
NO,1994,9,2274,146,,,,11633,46994,1234
NO,1994,10,7262,828,,,,11802,53242,5531
NO,1994,11,3876,404,,,,11622,56911,7300
NO,1994,12,3186,298,,,,11608,59830,8659
NO,1994,13,4757,859,,,,12187,63132,11297
NO,1994,14,1488,834,,,,12037,63929,11202
NO,1994,15,471,696,,,,12314,63415,10865
NO,1994,16,1750,759,,,,12560,64130,12346
NO,1994,17,3629,3886,,,,15829,60417,13293
NO,1994,18,732,4054,,,,17140,55590,12078
NO,1994,19,529,7521,,,,19045,46292,7889
NO,1994,20,796,4788,,,,17264,43781,7684
NO,1994,21,184,3775,,,,16852,40383,8697
NO,1994,22,1787,4348,,,,18844,35598,11052
NO,1994,23,2489,6737,,,,18206,31651,11630
NO,1994,24,1436,5037,,,,17361,28634,12749
NO,1994,25,2877,5581,,,,18257,24758,14216
NO,1994,26,2397,8138,,,,18397,18471,11762
NO,1994,27,-1434,8208,,,,16551,10378,4904
NO,1994,28,1669,6749,,,,15772,5964,2249
NO,1994,29,-1005,4032,,,,13202,3628,-819
NO,1994,30,610,3478,,,,12291,2050,-2048
NO,1994,31,2049,3228,,,,12582,1216,-1696
NO,1994,32,2826,2633,,,,13404,1003,-484
NO,1994,33,2310,2877,,,,13291,785,-376
NO,1994,34,3652,2853,,,,14547,656,976
NO,1994,35,987,2549,,,,13170,607,-332
NO,1994,36,3377,2114,,,,14540,625,1064
NO,1994,37,2071,2443,,,,14100,732,615
NO,1994,38,771,1673,,,,13465,558,-578
NO,1994,39,4152,1967,,,,13488,2415,844
NO,1994,40,3437,2255,,,,14897,2101,1513
NO,1994,41,2999,2882,,,,14656,2348,870
NO,1994,42,1088,1307,,,,13501,3235,-250
NO,1994,43,2634,1846,,,,14212,3237,-358
NO,1994,44,2175,1225,,,,13803,4549,-379
NO,1994,45,1326,1178,,,,13693,4766,-1538
NO,1994,46,4788,1359,,,,13350,8489,500
NO,1994,47,6486,2854,,,,14591,10719,2430
NO,1994,48,3353,1869,,,,14170,12540,1969
NO,1994,49,4394,1266,,,,13847,15930,2970
NO,1994,50,3732,1207,,,,13283,18976,3183
NO,1994,51,5673,1231,,,,13340,23307,5377
NO,1994,52,5412,1253,,,,12961,27787,7432
NO,1995,1,1485,455,,-1168,-5061,12678,29102,3893
NO,1995,2,4532,643,,256,-5203,12588,33055,5459
NO,1995,3,6198,1292,,3018,-4685,12725,37772,7703
NO,1995,4,2407,560,,2021,-4780,12347,40012,6801
NO,1995,5,7124,545,,5963,-4837,12354,46579,10800
NO,1995,6,6477,868,,9500,-4376,12198,52337,13876
NO,1995,7,4099,763,,10693,-4121,12276,55582,14813
NO,1995,8,4158,536,,11963,-4287,12098,59396,16250
NO,1995,9,4010,397,,13374,-4360,11988,63140,17734
NO,1995,10,1345,240,,12137,-4607,11929,64328,16744
NO,1995,11,4321,708,,13715,-4888,12071,67765,18603
NO,1995,12,4770,808,,15928,-5067,12272,71503,20995
NO,1995,13,3330,481,,16918,-5686,12156,74470,22605
NO,1995,14,4249,537,,19336,-6233,12089,78245,25570
NO,1995,15,1265,803,,19063,-6842,12763,78007,25905
NO,1995,16,678,643,,18300,-8123,12502,78266,26422
NO,1995,17,729,1422,,17993,-9046,13147,76845,27039
NO,1995,18,1448,2876,,18494,-9296,16043,72400,27790
NO,1995,19,1089,3451,,17846,-10549,15106,70736,28395
NO,1995,20,1628,1365,,18215,-14437,14683,71330,32652
NO,1995,21,393,4599,,17002,-16075,19120,62495,33077
NO,1995,22,4402,13383,,19042,-9514,21056,50889,28555
NO,1995,23,2805,11737,,18886,-5327,20686,41753,24213
NO,1995,24,1439,9640,,18260,-2266,20337,33435,20526
NO,1995,25,880,8581,,17067,200,19477,26188,16867
NO,1995,26,-130,8658,,13828,2457,17265,19212,11372
NO,1995,27,1270,4655,,13323,2445,16534,16368,10878
NO,1995,28,251,5379,,11575,3441,16307,11314,8134
NO,1995,29,4576,6692,,14436,6744,17149,8191,7692
NO,1995,30,-283,4649,,12347,8313,14516,5907,4034
NO,1995,31,-166,3995,,10466,9412,12911,3637,1054
NO,1995,32,107,2543,,8288,8818,11593,2769,-529
NO,1995,33,420,2508,,7101,8862,10733,1957,-1761
NO,1995,34,2258,2266,,7635,8842,11451,1569,-1207
NO,1995,35,1057,1897,,6431,8189,10961,1389,-1758
NO,1995,36,3008,2094,,7548,8034,12480,1135,-486
NO,1995,37,842,1613,,5894,7088,11988,1035,-1195
NO,1995,38,1585,1439,,4700,6045,12209,1048,-1345
NO,1995,39,6059,3142,,5773,6019,12877,1938,-245
NO,1995,40,5325,3753,,8895,8112,15514,755,783
NO,1995,41,2884,3587,,8911,9468,14740,837,-557
NO,1995,42,7681,4752,,12990,11618,15678,2680,1372
NO,1995,43,7768,5784,,15174,12998,16882,3101,2176
NO,1995,44,1936,2482,,12327,11719,14701,4637,607
NO,1995,45,1765,1399,,10187,10542,13847,5794,-355
NO,1995,46,1762,959,,8045,8982,13173,7229,-937
NO,1995,47,5106,1764,,9718,8961,14312,9325,757
NO,1995,48,1123,1632,,6871,8551,13310,9751,-1680
NO,1995,49,803,638,,3935,7545,12730,10467,-3610
NO,1995,50,2213,1346,,1984,7076,13320,10664,-5092
NO,1995,51,1734,671,,-800,5461,12689,12319,-6261
NO,1995,52,1672,391,,-3556,3495,12326,13939,-7051
NO,1996,1,792,265,,-8133,2967,12088,14699,-11100
NO,1996,2,2122,386,,-9422,2248,12084,16431,-11670
NO,1996,3,605,390,,-12453,1624,11975,16742,-14077
NO,1996,4,267,189,,-15917,851,11799,16990,-16768
NO,1996,5,1226,172,,-18174,131,11698,18131,-18304
NO,1996,6,527,117,,-21014,-597,11600,18642,-20418
NO,1996,7,3380,252,,-20824,-1125,11643,21702,-19699
NO,1996,8,752,173,,-23305,-1990,11514,22414,-21315
NO,1996,9,4302,240,,-21663,-2250,11456,26524,-19414
NO,1996,10,572,145,,-23714,-2613,11452,26959,-21102
NO,1996,11,104,101,,-25974,-3153,11377,27035,-22821
NO,1996,12,214,64,,-28111,-3892,11325,27235,-24220
NO,1996,13,1799,115,,-28569,-4786,11296,28943,-23783
NO,1996,14,904,163,,-29099,-5300,11425,29541,-23799
NO,1996,15,237,927,,-30679,-6045,12165,28065,-24634
NO,1996,16,1216,1850,,-31105,-6248,14626,24861,-24858
NO,1996,17,2460,3883,,-29638,-4520,15796,22039,-25118
NO,1996,18,2431,2018,,-28001,-5494,14995,23151,-22507
NO,1996,19,928,1490,,-28179,-8275,14500,23044,-19903
NO,1996,20,1437,3209,,-27866,-10098,15214,20379,-17768
NO,1996,21,1494,2620,,-27864,-13717,16227,18164,-14147
NO,1996,22,1504,3264,,-27223,-16323,16656,15834,-10900
NO,1996,23,1631,5107,,-26194,-16753,17186,11600,-9441
NO,1996,24,2064,6104,,-24780,-16071,16090,8447,-8709
NO,1996,25,2526,4248,,-22471,-16383,16192,6519,-6088
NO,1996,26,-862,3487,,-23966,-17286,13957,4468,-6680
NO,1996,27,4630,4112,,-19894,-16817,15714,3234,-3077
NO,1996,28,165,3003,,-20270,-17058,14047,2228,-3212
NO,1996,29,308,2379,,-20434,-17179,12727,1666,-3255
NO,1996,30,28,2131,,-20875,-17286,11787,1014,-3588
NO,1996,31,1876,2106,,-19722,-17097,12100,769,-2625
NO,1996,32,-96,1909,,-20872,-17466,10949,537,-3406
NO,1996,33,-850,1510,,-22481,-17907,9477,401,-4574
NO,1996,34,1995,2006,,-20985,-17371,10281,331,-3614
NO,1996,35,4581,2646,,-17278,-16278,12817,291,-1000
NO,1996,36,260,1895,,-18700,-16460,11582,278,-2240
NO,1996,37,889,1185,,-20580,-17995,11184,448,-2585
NO,1996,38,-409,880,,-23189,-19208,10353,267,-3982
NO,1996,39,3181,1132,,-22388,-20042,12264,449,-2346
NO,1996,40,6432,3216,,-18360,-18660,14595,1191,300
NO,1996,41,4520,3567,,-16362,-16828,15155,1445,466
NO,1996,42,3353,2697,,-15341,-15501,15228,1918,161
NO,1996,43,1210,1857,,-16964,-15611,14646,1808,-1353
NO,1996,44,6598,2704,,-12492,-13963,15704,4498,1472
NO,1996,45,7099,3754,,-8716,-12114,15046,8348,3398
NO,1996,46,2681,1434,,-8730,-12008,14442,10175,3278
NO,1996,47,1831,1188,,-9592,-11921,13614,11596,2330
NO,1996,48,490,580,,-11880,-12251,13043,12067,370
NO,1996,49,2895,746,,-11543,-11985,12862,14387,442
NO,1996,50,2184,911,,-12183,-11586,12815,15664,-596
NO,1996,51,2643,443,,-12901,-12314,12458,18224,-587
NO,1996,52,1355,294,,-14750,-13172,12253,19485,-1578
NO,1997,1,833,216,,-20051,-14514,12077,20272,-5537
NO,1997,2,1890,217,,-20879,-14698,11946,22058,-6181
NO,1997,3,6547,1415,,-17207,-13474,12622,26439,-3733
NO,1997,4,2420,833,,-17563,-12604,12405,28194,-4958
NO,1997,5,3976,931,,-16150,-11584,12472,31096,-4566
NO,1997,6,5611,730,,-12574,-10322,12393,36015,-2252
NO,1997,7,4287,908,,-10526,-9254,12211,39562,-1272
NO,1997,8,6788,677,,-5922,-8557,12332,45547,2634
NO,1997,9,7327,1456,,-878,-7173,12615,51074,6295
NO,1997,10,6885,1702,,3296,-5992,12653,56149,9288
NO,1997,11,2935,1227,,3995,-5216,12567,57878,9211
NO,1997,12,394,388,,2291,-5381,12192,58259,7671
NO,1997,13,5481,799,,5905,-5189,12253,62862,11093
NO,1997,14,7837,2195,,11646,-4235,12674,67972,15882
NO,1997,15,2647,818,,13194,-4383,12655,69787,17578
NO,1997,16,1647,769,,13805,-5124,12745,70529,18929
NO,1997,17,2028,491,,15212,-6616,12427,72354,21829
NO,1997,18,1711,1584,,16349,-7854,14025,70830,24203
NO,1997,19,3930,1944,,19101,-10157,14864,71841,29257
NO,1997,20,1754,4571,,18887,-11450,16859,66839,30337
NO,1997,21,478,3781,,17327,-14303,16050,64117,31630
NO,1997,22,767,3779,,16812,-16779,17512,59469,33591
NO,1997,23,-820,8300,,13274,-15949,19314,48136,29223
NO,1997,24,-368,12219,,10246,-10798,19418,34872,21043
NO,1997,25,813,8507,,8805,-8594,17993,28204,17399
NO,1997,26,2383,7344,,9597,-6203,18651,22254,15799
NO,1997,27,2441,10222,,8864,-1859,18053,14696,10724
NO,1997,28,-623,6304,,5652,-539,15855,9824,6191
NO,1997,29,-660,5031,,3309,914,13964,6079,2395
NO,1997,30,842,3965,,2464,1670,13372,3811,794
NO,1997,31,1805,3400,,2977,2608,13179,2684,369
NO,1997,32,-868,2608,,595,2545,11208,1734,-1949
NO,1997,33,-611,2070,,-1554,1994,9700,1204,-3547
NO,1997,34,1492,1901,,-1370,1630,10391,836,-2999
NO,1997,35,6017,3278,,4045,3703,13785,666,342
NO,1997,36,3212,3733,,5040,4747,13850,544,293
NO,1997,37,5584,3798,,7695,5714,15338,860,1981
NO,1997,38,6406,5142,,10059,7390,15825,1446,2669
NO,1997,39,1254,3102,,6587,6864,14379,403,-277
NO,1997,40,3822,2423,,6981,6335,14910,1222,646
NO,1997,41,3987,3188,,7731,7040,15762,1062,690
NO,1997,42,2938,2158,,7839,7306,15698,1822,534
NO,1997,43,3757,2031,,7280,5932,14248,4907,1348
NO,1997,44,2126,1690,,5618,4838,14741,4770,780
NO,1997,45,2067,1358,,4120,3957,13877,6283,164
NO,1997,46,3625,1953,,4318,3901,14101,7655,417
NO,1997,47,431,911,,1661,3296,13427,7819,-1634
NO,1997,48,412,519,,-988,2632,12905,8215,-3620
NO,1997,49,2498,497,,-1830,1880,12706,10392,-3710
NO,1997,50,3372,1340,,-1684,2342,13047,12003,-4026
NO,1997,51,841,677,,-4398,1680,12747,12445,-6078
NO,1997,52,1151,414,,-6610,790,12454,13462,-7401
NO,1998,1,2699,469,,-9505,254,12401,15727,-9759
NO,1998,2,3878,588,,-8240,548,12620,18777,-8788
NO,1998,3,4040,2131,,-7727,1869,13126,20072,-9596
NO,1998,4,1956,733,,-9213,1961,12597,21786,-11174
NO,1998,5,2988,758,,-9674,1895,12383,24182,-11569
NO,1998,6,3891,476,,-8605,2071,12251,27732,-10676
NO,1998,7,5584,1407,,-5701,3262,12756,31325,-8963
NO,1998,8,5619,2781,,-2709,5789,15007,31739,-8498
NO,1998,9,8964,3398,,2252,7525,14346,37776,-5272
NO,1998,10,2571,1076,,1909,7805,13353,40265,-5896
NO,1998,11,2271,568,,1755,7680,12867,42441,-5925
NO,1998,12,3416,708,,2765,7567,12799,45179,-4802
NO,1998,13,1809,783,,2228,7283,13014,45952,-5055
NO,1998,14,2801,2330,,2857,8300,13948,45374,-5443
NO,1998,15,1863,834,,3398,7944,13370,46948,-4546
NO,1998,16,2450,706,,4466,6752,13182,48877,-2286
NO,1998,17,808,1440,,4697,6279,15072,46298,-1582
NO,1998,18,2966,4724,,6461,7696,17164,42252,-1236
NO,1998,19,1718,3487,,7617,7603,17190,40271,14
NO,1998,20,147,5522,,6497,8016,19110,32732,-1519
NO,1998,21,1116,6060,,4863,6821,17039,29540,-1958
NO,1998,22,215,2880,,4223,3810,17407,26395,412
NO,1998,23,1506,4564,,3820,1522,17322,23203,2297
NO,1998,24,3142,6091,,6536,2486,17903,19393,4050
NO,1998,25,2544,5488,,7932,2596,17850,16284,5336
NO,1998,26,1356,6608,,8696,5141,17545,11115,3555
NO,1998,27,2302,6531,,9450,7235,16496,7744,2215
NO,1998,28,902,4057,,9010,7475,15346,5676,1535
NO,1998,29,2149,3653,,10232,8352,15306,4222,1880
NO,1998,30,3256,4026,,12635,10175,15857,2992,2460
NO,1998,31,1180,3415,,11873,10547,14686,2135,1327
NO,1998,32,2537,3243,,12425,11001,14681,1635,1424
NO,1998,33,1488,2707,,11805,10898,14143,1215,907
NO,1998,34,3889,3566,,13913,12346,14736,1057,1567
NO,1998,35,595,2203,,12097,11841,13411,953,256
NO,1998,36,-502,1426,,8816,10160,11961,796,-1344
NO,1998,37,3827,2402,,10396,10066,13917,631,330
NO,1998,38,3302,2887,,11022,10453,14581,589,569
NO,1998,39,813,2157,,8667,9731,13463,533,-1063
NO,1998,40,1111,1383,,6557,8391,13232,419,-1834
NO,1998,41,1815,1266,,4955,6938,13515,635,-1984
NO,1998,42,4387,1578,,6391,6458,13493,3425,-68
NO,1998,43,5828,2303,,9282,6737,15217,5135,2545
NO,1998,44,5795,3106,,10997,6809,14672,8246,4187
NO,1998,45,541,1045,,8207,5812,13641,8751,2395
NO,1998,46,1803,757,,6998,4911,13095,10332,2088
NO,1998,47,1386,504,,5316,3912,12846,11438,1404
NO,1998,48,1951,1103,,3931,3596,12778,12297,334
NO,1998,49,2197,1206,,2774,3580,13126,12875,-806
NO,1998,50,389,516,,-287,2931,12652,13206,-3217
NO,1998,51,7168,1801,,3329,3483,13573,17542,-155
NO,1998,52,3755,955,,3370,2808,12940,20937,561
NO,1998,53,3176,736,,3704,2902,12616,23702,802
NO,1999,1,3084,767,,2693,1961,12385,26235,732
NO,1999,2,2500,340,,2083,1489,12159,28619,593
NO,1999,3,5647,1149,,4566,2107,12547,32706,2459
NO,1999,4,2209,668,,3233,2019,12202,34570,1215
NO,1999,5,7514,1634,,7603,3190,12717,39828,4412
NO,1999,6,840,489,,5504,3263,12351,40550,2241
NO,1999,7,6262,848,,9060,3836,12222,46047,5225
NO,1999,8,3087,356,,9713,3949,12019,48990,5764
NO,1999,9,3982,393,,11462,4240,11914,52702,7222
NO,1999,10,1150,220,,10098,4043,11822,53747,6055
NO,1999,11,2840,407,,10809,4059,11932,56051,6750
NO,1999,12,3242,402,,11977,3932,11926,58900,8046
NO,1999,13,1793,1542,,11731,4737,13256,57760,6994
NO,1999,14,4402,3234,,14239,7071,16141,55792,7168
NO,1999,15,2037,2573,,14264,7872,14408,56849,6392
NO,1999,16,840,1524,,13692,7520,14855,55662,6172
NO,1999,17,925,3397,,13462,8545,15852,52018,4917
NO,1999,18,91,2001,,12972,7749,15913,49962,5223
NO,1999,19,752,1603,,12562,5081,15078,49849,7481
NO,1999,20,861,4996,,12348,5148,18560,42002,7201
NO,1999,21,3433,6714,,13763,5380,19116,37804,8383
NO,1999,22,1737,6681,,14332,6090,19408,32224,8243
NO,1999,23,2775,8509,,15388,8117,19668,25829,7271
NO,1999,24,1817,8036,,16142,10504,18863,20020,5637
NO,1999,25,2428,6748,,16285,10818,18143,16121,5466
NO,1999,26,3389,7300,,17801,12766,18018,12122,5035
NO,1999,27,-39,5377,,15146,12547,16317,8307,2599
NO,1999,28,1498,5345,,14133,12813,15407,5399,1320
NO,1999,29,3613,4869,,16030,14019,15845,3814,2010
NO,1999,30,65,3503,,13606,13601,13770,2624,5
NO,1999,31,-443,2647,,10658,12433,12060,1660,-1775
NO,1999,32,1760,2061,,9571,10794,12365,1303,-1223
NO,1999,33,714,1901,,7811,9493,11703,1066,-1682
NO,1999,34,1507,1778,,7091,8502,11943,872,-1411
NO,1999,35,1318,2122,,7054,8710,11774,679,-1656
NO,1999,36,1491,2282,,6227,8211,11561,556,-1984
NO,1999,37,2257,1762,,6103,7336,12512,472,-1234
NO,1999,38,2719,2232,,6822,7629,13374,420,-807
NO,1999,39,4286,2568,,8169,7789,14875,564,380
NO,1999,40,2512,2507,,7051,7165,14372,1001,-114
NO,1999,41,4376,2550,,8011,7018,14396,2730,992
NO,1999,42,608,1148,,5719,6152,13537,3015,-434
NO,1999,43,4579,2054,,7163,5996,15216,3759,1168
NO,1999,44,5294,4662,,8511,7846,15876,3519,665
NO,1999,45,2903,2621,,7957,8408,15725,3820,-451
NO,1999,46,1011,1584,,5449,7879,14245,4664,-2430
NO,1999,47,5250,2245,,7687,8771,15302,6495,-1084
NO,1999,48,9113,3447,,12345,9836,14796,12453,2509
NO,1999,49,5794,1555,,14660,10034,14016,17418,4626
NO,1999,50,3404,763,,14575,9601,13376,20673,4974
NO,1999,51,5037,954,,15995,9174,13512,24578,6821
NO,1999,52,1813,942,,13776,8150,12961,25982,5626
NO,2026,18,1088,3587,,,,17213,21827,-21612
NO1,1958,2,428,38,,,,2484,2032,-1724
NO1,1958,3,321,30,,,,2456,2350,-1710
NO1,1958,4,247,27,,,,2434,2594,-1783
NO1,1958,5,37,19,,,,2416,2629,-2046
NO1,1958,6,305,20,,,,2400,2930,-2012
NO1,1958,7,356,20,,,,2386,3282,-1917
NO1,1958,8,169,15,,,,2373,3448,-1994
NO1,1958,9,116,13,,,,2361,3563,-2102
NO1,1958,10,297,15,,,,2351,3856,-1999
NO1,1958,11,3,10,,,,2341,3859,-2154
NO1,1958,12,45,9,,,,2333,3904,-2235
NO1,1958,13,1,8,,,,2325,3905,-2326
NO1,1958,14,33,8,,,,2318,3937,-2314
NO1,1958,15,90,9,,,,2315,4021,-2166
NO1,1958,16,100,77,,,,2470,3888,-1968
NO1,1958,17,362,129,,,,2596,3991,-1434
NO1,1958,18,309,265,,,,2854,3785,-924
NO1,1958,19,268,237,,,,2907,3756,-358
NO1,1958,20,281,250,,,,3048,3634,284
NO1,1958,21,175,279,,,,3288,3290,810
NO1,1958,22,460,848,,,,3806,2356,994
NO1,1958,23,-341,872,,,,3360,1561,287
NO1,1958,24,-170,388,,,,2939,1411,189
NO1,1958,25,409,487,,,,3133,1123,460
NO1,1958,26,13,526,,,,2961,765,198
NO1,1958,27,-29,675,,,,2678,328,-300
NO1,1958,28,-139,305,,,,2317,244,-600
NO1,1958,29,203,254,,,,2322,187,-578
NO1,1958,30,739,305,,,,2788,156,-122
NO1,1958,31,500,332,,,,2980,131,52
NO1,1958,32,400,334,,,,3041,135,92
NO1,1958,33,73,296,,,,2866,94,-121
NO1,1958,34,-48,263,,,,2590,70,-426
NO1,1958,35,66,238,,,,2461,46,-583
NO1,1958,36,-173,189,,,,2161,21,-916
NO1,1958,37,355,209,,,,2338,13,-775
NO1,1958,38,126,148,,,,2330,13,-862
NO1,1958,39,742,274,,,,2779,19,-500
NO1,1958,40,817,331,,,,3269,4,-115
NO1,1958,41,794,459,,,,3552,50,100
NO1,1958,42,752,489,,,,3662,195,202
NO1,1958,43,203,309,,,,3574,172,-57
NO1,1958,44,46,247,,,,3398,144,-406
NO1,1958,45,566,230,,,,3593,274,-266
NO1,1958,46,395,228,,,,3466,566,-284
NO1,1958,47,39,149,,,,3344,574,-583
NO1,1958,48,160,125,,,,3259,692,-747
NO1,1958,49,346,98,,,,3165,1029,-713
NO1,1958,50,102,76,,,,3089,1130,-901
NO1,1958,51,445,66,,,,3028,1570,-727
NO1,1958,52,237,55,,,,2979,1802,-732
NO1,1959,1,605,49,,,,2937,2400,-654
NO1,1959,2,229,39,,,,2903,2626,-711
NO1,1959,3,325,37,,,,2875,2947,-695
NO1,1959,4,760,36,,,,2851,3698,-262
NO1,1959,5,103,24,,,,2832,3800,-459
NO1,1959,6,18,19,,,,2815,3817,-710
NO1,1959,7,12,16,,,,2799,3829,-956
NO1,1959,8,257,20,,,,2798,4064,-953
NO1,1959,9,243,45,,,,2898,4163,-966
NO1,1959,10,458,149,,,,3085,4279,-842
NO1,1959,11,48,92,,,,2993,4325,-1036
NO1,1959,12,53,57,,,,2940,4373,-1158
NO1,1959,13,314,58,,,,2938,4629,-988
NO1,1959,14,441,100,,,,2970,4940,-659
NO1,1959,15,553,95,,,,2952,5416,-135
NO1,1959,16,73,216,,,,3421,4807,-98
NO1,1959,17,33,224,,,,3419,4610,8
NO1,1959,18,1102,936,,,,4519,3658,615
NO1,1959,19,313,839,,,,4247,3379,605
NO1,1959,20,-229,1426,,,,4557,1372,-470
NO1,1959,21,-110,750,,,,3951,1095,-721
NO1,1959,22,-142,448,,,,3597,843,-728
NO1,1959,23,74,466,,,,3475,558,-600
NO1,1959,24,-229,379,,,,3011,402,-749
NO1,1959,25,-2,249,,,,2758,397,-642
NO1,1959,26,-298,277,,,,2401,178,-950
NO1,1959,27,351,277,,,,2564,95,-647
NO1,1959,28,280,254,,,,2649,54,-458
NO1,1959,29,43,256,,,,2468,35,-583
NO1,1959,30,200,213,,,,2513,13,-540
NO1,1959,31,13,250,,,,2340,3,-716
NO1,1959,32,2,181,,,,2186,3,-896
NO1,1959,33,379,193,,,,2409,1,-672
NO1,1959,34,-166,199,,,,2088,0,-999
NO1,1959,35,78,177,,,,1998,6,-1085
NO1,1959,36,-91,123,,,,1822,0,-1275
NO1,1959,37,-71,95,,,,1681,0,-1445
NO1,1959,38,83,121,,,,1650,0,-1556
NO1,1959,39,239,91,,,,1752,39,-1508
NO1,1959,40,249,107,,,,1931,6,-1451
NO1,1959,41,-15,80,,,,1848,0,-1654
NO1,1959,42,-5,55,,,,1792,0,-1863
NO1,1959,43,982,111,,,,2232,422,-1149
NO1,1959,44,1168,284,,,,2761,778,-409
NO1,1959,45,430,254,,,,2866,850,-418
NO1,1959,46,929,301,,,,3026,1314,24
NO1,1959,47,408,227,,,,2874,1642,15
NO1,1959,48,399,195,,,,2935,1784,21
NO1,1959,49,644,160,,,,2851,2350,294
NO1,1959,50,182,100,,,,2754,2531,164
NO1,1959,51,428,75,,,,2700,2936,311
NO1,1959,52,750,130,,,,2709,3546,742
NO1,1959,53,850,94,,,,2688,4329,1284
NO1,1960,1,99,72,,,,2640,4405,1054
NO1,1960,2,41,44,,,,2596,4446,802
NO1,1960,3,375,36,,,,2568,4812,864
NO1,1960,4,460,96,,,,2602,5143,935
NO1,1960,5,186,40,,,,2564,5327,801
NO1,1960,6,89,28,,,,2539,5413,610
NO1,1960,7,162,23,,,,2517,5573,506
NO1,1960,8,152,18,,,,2500,5723,408
NO1,1960,9,972,33,,,,2499,6666,1139
NO1,1960,10,28,20,,,,2482,6693,969
NO1,1960,11,40,16,,,,2473,6726,845
NO1,1960,12,17,18,,,,2472,6726,728
NO1,1960,13,13,23,,,,2467,6722,633
NO1,1960,14,40,20,,,,2462,6747,640
NO1,1960,15,251,81,,,,2567,6812,876
NO1,1960,16,148,151,,,,2645,6729,1049
NO1,1960,17,167,140,,,,2660,6739,1377
NO1,1960,18,45,175,,,,2939,6343,1719
NO1,1960,19,-65,964,,,,4346,3874,1199
NO1,1960,20,-145,1821,,,,4316,1873,-210
NO1,1960,21,398,1152,,,,4333,1064,-370
NO1,1960,22,209,1119,,,,3983,475,-711
NO1,1960,23,161,741,,,,3644,215,-775
NO1,1960,24,178,491,,,,3374,164,-623
NO1,1960,25,-249,358,,,,2872,69,-855
NO1,1960,26,1893,722,,,,4004,101,576
NO1,1960,27,211,555,,,,3724,43,460
NO1,1960,28,812,661,,,,3888,29,755
NO1,1960,29,607,782,,,,3716,22,651
NO1,1960,30,-98,372,,,,3271,12,217
NO1,1960,31,-121,326,,,,2870,3,-186
NO1,1960,32,462,280,,,,3077,2,-6
NO1,1960,33,720,410,,,,3396,3,318
NO1,1960,34,78,337,,,,3157,1,71
NO1,1960,35,172,281,,,,3034,18,-37
NO1,1960,36,402,281,,,,3159,17,78
NO1,1960,37,-190,200,,,,2802,1,-323
NO1,1960,38,762,283,,,,3289,5,88
NO1,1960,39,78,270,,,,3093,9,-197
NO1,1960,40,654,262,,,,3415,59,85
NO1,1960,41,916,450,,,,3615,320,432
NO1,1960,42,1,206,,,,3405,323,73
NO1,1960,43,11,143,,,,3261,332,-210
NO1,1960,44,769,173,,,,3385,798,236
NO1,1960,45,485,208,,,,3269,1192,327
NO1,1960,46,518,140,,,,3200,1638,523
NO1,1960,47,583,118,,,,3159,2144,802
NO1,1960,48,392,113,,,,3141,2440,884
NO1,1960,49,139,90,,,,3058,2572,723
NO1,1960,50,164,61,,,,3005,2728,613
NO1,1960,51,313,55,,,,2965,3025,665
NO1,1960,52,448,68,,,,2942,3428,856
NO1,1961,1,386,45,,,,2905,3807,720
NO1,1961,2,173,33,,,,2874,3978,613
NO1,1961,3,15,25,,,,2850,3992,326
NO1,1961,4,101,21,,,,2829,4092,110
NO1,1961,5,235,24,,,,2812,4320,42
NO1,1961,6,740,27,,,,2796,5051,505
NO1,1961,7,69,23,,,,2840,5053,309
NO1,1961,8,109,52,,,,2890,5059,133
NO1,1961,9,216,52,,,,2892,5220,85
NO1,1961,10,102,213,,,,3520,4476,-209
NO1,1961,11,474,283,,,,3638,4535,-181
NO1,1961,12,336,221,,,,3468,4814,-189
NO1,1961,13,310,139,,,,3353,5095,-107
NO1,1961,14,144,94,,,,3268,5228,-73
NO1,1961,15,201,104,,,,3340,5254,91
NO1,1961,16,-4,205,,,,3450,4933,57
NO1,1961,17,-18,578,,,,4118,3648,-255
NO1,1961,18,359,739,,,,4465,2901,-196
NO1,1961,19,159,838,,,,4309,2357,-355
NO1,1961,20,-77,595,,,,4159,1816,-424
NO1,1961,21,240,524,,,,4076,1585,-107
NO1,1961,22,166,730,,,,4153,936,-79
NO1,1961,23,0,881,,,,3717,461,-455
NO1,1961,24,-41,468,,,,3353,305,-504
NO1,1961,25,-46,282,,,,3041,281,-474
NO1,1961,26,18,245,,,,2864,227,-438
NO1,1961,27,570,340,,,,3124,195,12
NO1,1961,28,494,402,,,,3274,136,248
NO1,1961,29,127,360,,,,3119,69,100
NO1,1961,30,407,298,,,,3239,59,233
NO1,1961,31,907,431,,,,3732,51,724
NO1,1961,32,312,421,,,,3625,51,591
NO1,1961,33,173,416,,,,3393,44,356
NO1,1961,34,86,260,,,,3225,43,181
NO1,1961,35,-117,241,,,,2900,27,-162
NO1,1961,36,229,224,,,,2915,25,-158
NO1,1961,37,765,272,,,,3404,31,309
NO1,1961,38,-98,268,,,,3062,23,-121
NO1,1961,39,875,309,,,,3614,14,329
NO1,1961,40,2,298,,,,3322,11,-56
NO1,1961,41,770,386,,,,3667,44,208
NO1,1961,42,812,407,,,,4033,72,450
NO1,1961,43,1073,706,,,,4342,112,651
NO1,1961,44,516,518,,,,4094,349,496
NO1,1961,45,1291,582,,,,4533,605,1004
NO1,1961,46,239,575,,,,4033,757,474
NO1,1961,47,182,210,,,,3872,885,256
NO1,1961,48,282,160,,,,3713,1162,177
NO1,1961,49,661,127,,,,3592,1815,499
NO1,1961,50,55,93,,,,3498,1869,247
NO1,1961,51,50,78,,,,3435,1902,12
NO1,1961,52,475,70,,,,3369,2371,227
NO1,1962,1,261,61,,,,3315,2629,-47
NO1,1962,2,513,71,,,,3299,3088,147
NO1,1962,3,386,58,,,,3255,3459,198
NO1,1962,4,457,48,,,,3214,3910,314
NO1,1962,5,289,36,,,,3182,4196,287
NO1,1962,6,354,36,,,,3166,4532,356
NO1,1962,7,558,35,,,,3144,5077,637
NO1,1962,8,168,31,,,,3125,5235,545
NO1,1962,9,102,24,,,,3103,5336,413
NO1,1962,10,189,21,,,,3084,5523,401
NO1,1962,11,34,17,,,,3068,5556,270
NO1,1962,12,50,14,,,,3054,5606,189
NO1,1962,13,679,20,,,,3041,6277,763
NO1,1962,14,709,36,,,,3035,6967,1433
NO1,1962,15,297,34,,,,3043,7225,1765
NO1,1962,16,46,84,,,,3148,7085,1907
NO1,1962,17,395,400,,,,3697,6522,2198
NO1,1962,18,4,274,,,,3561,6385,2384
NO1,1962,19,229,416,,,,4034,5721,2733
NO1,1962,20,226,683,,,,4376,4890,2867
NO1,1962,21,742,1236,,,,4739,3990,2962
NO1,1962,22,125,912,,,,4411,3492,2735
NO1,1962,23,-215,885,,,,4517,2261,2145
NO1,1962,24,-89,789,,,,4180,1696,1716
NO1,1962,25,188,883,,,,4017,1136,1357
NO1,1962,26,139,587,,,,3698,991,1160
NO1,1962,27,481,543,,,,3849,763,1305
NO1,1962,28,4,543,,,,3563,497,899
NO1,1962,29,213,411,,,,3500,355,768
NO1,1962,30,303,432,,,,3422,299,655
NO1,1962,31,224,316,,,,3402,223,567
NO1,1962,32,758,425,,,,3737,215,867
NO1,1962,33,85,334,,,,3473,224,616
NO1,1962,34,446,357,,,,3593,190,696
NO1,1962,35,391,384,,,,3576,203,690
NO1,1962,36,906,522,,,,3952,207,1061
NO1,1962,37,15,329,,,,3621,222,718
NO1,1962,38,512,365,,,,3721,260,775
NO1,1962,39,-92,220,,,,3422,32,155
NO1,1962,40,393,265,,,,3545,15,172
NO1,1962,41,10,177,,,,3381,16,-106
NO1,1962,42,314,206,,,,3437,60,-158
NO1,1962,43,137,166,,,,3350,114,-340
NO1,1962,44,623,179,,,,3353,551,-43
NO1,1962,45,383,243,,,,3474,568,-92
NO1,1962,46,363,152,,,,3372,879,-64
NO1,1962,47,273,108,,,,3266,1149,-86
NO1,1962,48,149,80,,,,3190,1292,-215
NO1,1962,49,73,84,,,,3206,1262,-439
NO1,1962,50,1166,86,,,,3142,2409,432
NO1,1962,51,243,60,,,,3089,2650,414
NO1,1962,52,33,42,,,,3048,2683,218
NO1,1963,1,37,33,,,,3015,2719,-257
NO1,1963,2,120,28,,,,2988,2838,-414
NO1,1963,3,161,25,,,,2964,2998,-555
NO1,1963,4,85,21,,,,2943,3082,-786
NO1,1963,5,23,18,,,,2925,3105,-1061
NO1,1963,6,50,17,,,,2909,3154,-1279
NO1,1963,7,125,16,,,,2895,3278,-1412
NO1,1963,8,39,13,,,,2882,3316,-1618
NO1,1963,9,137,13,,,,2870,3451,-1705
NO1,1963,10,111,12,,,,2859,3561,-1786
NO1,1963,11,55,10,,,,2849,3615,-1890
NO1,1963,12,95,10,,,,2840,3708,-1922
NO1,1963,13,482,29,,,,2863,4142,-1551
NO1,1963,14,67,17,,,,2858,4197,-1514
NO1,1963,15,216,53,,,,2927,4292,-1284
NO1,1963,16,453,144,,,,3072,4456,-797
NO1,1963,17,22,231,,,,3474,3845,-702
NO1,1963,18,276,470,,,,3893,3223,-447
NO1,1963,19,563,913,,,,4720,2024,-277
NO1,1963,20,267,1212,,,,4536,1213,-650
NO1,1963,21,664,985,,,,4596,814,-356
NO1,1963,22,75,1114,,,,4025,311,-832
NO1,1963,23,-438,510,,,,3268,108,-1258
NO1,1963,24,-201,304,,,,2826,49,-1286
NO1,1963,25,372,233,,,,2992,29,-776
NO1,1963,26,1005,458,,,,3559,18,49
NO1,1963,27,-130,387,,,,3105,2,-200
NO1,1963,28,1121,514,,,,3707,8,554
NO1,1963,29,475,463,,,,3717,9,639
NO1,1963,30,-74,364,,,,3293,2,229
NO1,1963,31,111,278,,,,3160,0,102
NO1,1963,32,786,479,,,,3488,0,404
NO1,1963,33,577,515,,,,3557,0,476
NO1,1963,34,412,552,,,,3420,0,333
NO1,1963,35,396,364,,,,3450,2,363
NO1,1963,36,545,403,,,,3604,0,506
NO1,1963,37,244,322,,,,3511,14,400
NO1,1963,38,-74,234,,,,3210,7,12
NO1,1963,39,590,248,,,,3493,61,255
NO1,1963,40,694,315,,,,3743,172,526
NO1,1963,41,381,314,,,,3756,222,476
NO1,1963,42,436,289,,,,3729,394,468
NO1,1963,43,88,291,,,,3741,177,115
NO1,1963,44,31,199,,,,3565,177,-206
NO1,1963,45,568,203,,,,3658,442,-34
NO1,1963,46,628,211,,,,3532,983,200
NO1,1963,47,386,136,,,,3400,1365,263
NO1,1963,48,340,103,,,,3308,1694,304
NO1,1963,49,51,80,,,,3232,1739,63
NO1,1963,50,30,63,,,,3168,1768,-184
NO1,1963,51,102,52,,,,3115,1869,-341
NO1,1963,52,108,43,,,,3078,1969,-466
NO1,1964,1,156,50,,,,3063,2089,-839
NO1,1964,2,12,38,,,,3025,2101,-1114
NO1,1964,3,68,30,,,,2995,2167,-1353
NO1,1964,4,271,26,,,,2973,2432,-1405
NO1,1964,5,239,28,,,,2969,2647,-1475
NO1,1964,6,195,26,,,,2949,2835,-1558
NO1,1964,7,260,27,,,,2932,3084,-1568
NO1,1964,8,72,21,,,,2913,3155,-1747
NO1,1964,9,278,18,,,,2899,3428,-1699
NO1,1964,10,30,16,,,,2887,3454,-1865
NO1,1964,11,22,20,,,,2891,3452,-2011
NO1,1964,12,3,15,,,,2875,3455,-2141
NO1,1964,13,5,12,,,,2862,3460,-2234
NO1,1964,14,3,11,,,,2853,3461,-2255
NO1,1964,15,139,16,,,,2864,3574,-2065
NO1,1964,16,239,133,,,,3404,3138,-1783
NO1,1964,17,-7,631,,,,3883,2006,-2133
NO1,1964,18,536,699,,,,4210,1504,-1849
NO1,1964,19,469,629,,,,4260,1276,-1486
NO1,1964,20,-50,510,,,,3856,1105,-1438
NO1,1964,21,-251,344,,,,3517,837,-1413
NO1,1964,22,-139,413,,,,3216,569,-1383
NO1,1964,23,483,264,,,,3451,544,-639
NO1,1964,24,427,493,,,,3488,422,-251
NO1,1964,25,738,467,,,,3823,344,370
NO1,1964,26,618,735,,,,3760,275,507
NO1,1964,27,-34,359,,,,3354,280,327
NO1,1964,28,778,412,,,,3706,283,828
NO1,1964,29,-148,378,,,,3242,218,373
NO1,1964,30,496,430,,,,3379,145,459
NO1,1964,31,333,302,,,,3402,150,493
NO1,1964,32,-99,278,,,,3055,126,96
NO1,1964,33,-32,276,,,,2821,70,-190
NO1,1964,34,988,390,,,,3410,75,398
NO1,1964,35,694,395,,,,3715,69,695
NO1,1964,36,403,585,,,,3550,58,511
NO1,1964,37,298,328,,,,3501,72,448
NO1,1964,38,650,350,,,,3787,77,658
NO1,1964,39,713,515,,,,4008,13,722
NO1,1964,40,29,323,,,,3691,28,330
NO1,1964,41,1380,519,,,,4482,66,1046
NO1,1964,42,1461,1141,,,,4496,345,1186
NO1,1964,43,638,484,,,,4372,612,1181
NO1,1964,44,102,326,,,,4064,692,809
NO1,1964,45,176,194,,,,3881,852,600
NO1,1964,46,253,153,,,,3759,1070,514
NO1,1964,47,474,133,,,,3647,1521,666
NO1,1964,48,305,105,,,,3561,1805,668
NO1,1964,49,538,90,,,,3481,2332,906
NO1,1964,50,574,113,,,,3474,2801,1155
NO1,1964,51,124,82,,,,3403,2912,990
NO1,1964,52,90,59,,,,3345,3001,832
NO1,1964,53,556,51,,,,3301,3548,1116
NO1,1965,1,362,41,,,,3263,3906,1178
NO1,1965,2,1247,73,,,,3267,5078,2105
NO1,1965,3,382,50,,,,3228,5453,2165
NO1,1965,4,111,33,,,,3199,5562,1950
NO1,1965,5,189,30,,,,3185,5735,1830
NO1,1965,6,277,35,,,,3165,5997,1821
NO1,1965,7,299,28,,,,3151,6284,1851
NO1,1965,8,240,24,,,,3130,6521,1835
NO1,1965,9,49,18,,,,3113,6569,1656
NO1,1965,10,34,15,,,,3099,6602,1495
NO1,1965,11,412,26,,,,3108,6979,1733
NO1,1965,12,73,21,,,,3088,7051,1669
NO1,1965,13,230,67,,,,3167,7137,1748
NO1,1965,14,178,88,,,,3170,7218,1819
NO1,1965,15,646,124,,,,3260,7648,2404
NO1,1965,16,314,221,,,,3449,7554,2677
NO1,1965,17,187,354,,,,3698,7141,2818
NO1,1965,18,107,483,,,,3972,6473,2882
NO1,1965,19,74,605,,,,4024,5865,2868
NO1,1965,20,364,442,,,,3928,5862,3391
NO1,1965,21,-52,695,,,,4380,4642,3255
NO1,1965,22,-185,971,,,,4494,3337,2663
NO1,1965,23,352,1646,,,,4578,1912,1856
NO1,1965,24,64,1135,,,,4145,1245,1228
NO1,1965,25,375,775,,,,4042,926,1172
NO1,1965,26,83,557,,,,3643,835,949
NO1,1965,27,144,375,,,,3512,722,927
NO1,1965,28,-61,339,,,,3280,545,663
NO1,1965,29,-157,404,,,,2972,288,174
NO1,1965,30,1112,450,,,,3663,255,853
NO1,1965,31,457,512,,,,3649,211,801
NO1,1965,32,-178,315,,,,3200,171,286
NO1,1965,33,-183,260,,,,2833,107,-140
NO1,1965,34,751,300,,,,3296,98,307
NO1,1965,35,587,349,,,,3548,87,545
NO1,1965,36,1366,811,,,,4094,82,1078
NO1,1965,37,779,525,,,,4296,121,1291
NO1,1965,38,270,575,,,,4017,99,910
NO1,1965,39,195,350,,,,3870,1,572
NO1,1965,40,48,258,,,,3661,2,274
NO1,1965,41,257,213,,,,3687,12,196
NO1,1965,42,105,216,,,,3572,17,-66
NO1,1965,43,263,184,,,,3571,93,-138
NO1,1965,44,359,178,,,,3547,294,-106
NO1,1965,45,15,132,,,,3417,305,-411
NO1,1965,46,153,101,,,,3315,457,-543
NO1,1965,47,666,86,,,,3236,1114,-151
NO1,1965,48,152,70,,,,3171,1264,-263
NO1,1965,49,247,56,,,,3118,1508,-282
NO1,1965,50,395,47,,,,3074,1898,-147
NO1,1965,51,434,42,,,,3038,2327,40
NO1,1965,52,378,40,,,,3008,2701,196
NO1,1966,1,113,29,,,,2981,2813,-198
NO1,1966,2,11,23,,,,2958,2823,-458
NO1,1966,3,134,21,,,,2937,2956,-623
NO1,1966,4,400,22,,,,2919,3351,-541
NO1,1966,5,575,27,,,,2902,3919,-269
NO1,1966,6,204,20,,,,2887,4121,-333
NO1,1966,7,266,18,,,,2874,4384,-326
NO1,1966,8,744,23,,,,2861,5119,165
NO1,1966,9,194,17,,,,2853,5308,135
NO1,1966,10,206,18,,,,2849,5501,145
NO1,1966,11,168,19,,,,2853,5648,147
NO1,1966,12,423,27,,,,2851,6044,425
NO1,1966,13,532,26,,,,2836,6570,850
NO1,1966,14,436,28,,,,2843,6978,1252
NO1,1966,15,7,19,,,,2828,6983,1308
NO1,1966,16,41,15,,,,2830,7006,1510
NO1,1966,17,119,140,,,,3430,6395,1804
NO1,1966,18,194,729,,,,3938,5317,1692
NO1,1966,19,215,664,,,,4467,4328,1775
NO1,1966,20,673,1730,,,,5064,2608,1273
NO1,1966,21,468,1381,,,,4621,2104,958
NO1,1966,22,7,775,,,,4426,1503,761
NO1,1966,23,-237,868,,,,4070,730,165
NO1,1966,24,-582,705,,,,3224,266,-671
NO1,1966,25,115,407,,,,3065,126,-605
NO1,1966,26,-72,283,,,,2767,74,-688
NO1,1966,27,380,220,,,,2949,56,-302
NO1,1966,28,919,412,,,,3475,44,358
NO1,1966,29,-335,350,,,,2856,14,-218
NO1,1966,30,365,299,,,,2940,8,-117
NO1,1966,31,1249,457,,,,3745,5,692
NO1,1966,32,493,552,,,,3704,3,622
NO1,1966,33,181,455,,,,3430,3,352
NO1,1966,34,-53,288,,,,3101,2,16
NO1,1966,35,287,238,,,,3173,1,85
NO1,1966,36,402,346,,,,3220,12,133
NO1,1966,37,643,338,,,,3504,29,408
NO1,1966,38,31,264,,,,3278,20,93
NO1,1966,39,195,206,,,,3228,42,-29
NO1,1966,40,403,261,,,,3379,23,14
NO1,1966,41,145,187,,,,3276,81,-146
NO1,1966,42,1082,448,,,,3943,43,331
NO1,1966,43,263,309,,,,3691,243,131
NO1,1966,44,439,200,,,,3569,600,222
NO1,1966,45,464,270,,,,3624,737,228
NO1,1966,46,187,210,,,,3540,794,19
NO1,1966,47,204,132,,,,3418,985,-98
NO1,1966,48,830,136,,,,3378,1720,400
NO1,1966,49,794,120,,,,3288,2486,866
NO1,1966,50,514,84,,,,3213,2994,1087
NO1,1966,51,582,69,,,,3157,3564,1396
NO1,1966,52,528,56,,,,3108,4086,1681
NO1,1967,1,358,47,,,,3070,4440,1519
NO1,1967,2,293,35,,,,3039,4730,1529
NO1,1967,3,135,29,,,,3013,4861,1358
NO1,1967,4,209,25,,,,2990,5068,1247
NO1,1967,5,552,28,,,,2970,5614,1492
NO1,1967,6,297,24,,,,2953,5905,1516
NO1,1967,7,65,17,,,,2937,5969,1321
NO1,1967,8,441,22,,,,2923,6403,1510
NO1,1967,9,441,24,,,,2917,6826,1717
NO1,1967,10,382,73,,,,3008,7044,1846
NO1,1967,11,362,81,,,,2983,7347,1976
NO1,1967,12,234,62,,,,2975,7527,2031
NO1,1967,13,642,109,,,,3014,8022,2481
NO1,1967,14,389,86,,,,3014,8327,2772
NO1,1967,15,13,115,,,,3101,8141,2739
NO1,1967,16,311,152,,,,3093,8298,3064
NO1,1967,17,28,138,,,,3270,8014,3262
NO1,1967,18,274,164,,,,3227,8161,3826
NO1,1967,19,469,409,,,,4022,7424,4425
NO1,1967,20,869,937,,,,4322,7016,4940
NO1,1967,21,734,1447,,,,5069,5519,4821
NO1,1967,22,55,2303,,,,5271,2997,3099
NO1,1967,23,110,1513,,,,4536,2282,2184
NO1,1967,24,-378,1062,,,,4174,1171,1184
NO1,1967,25,-86,715,,,,3703,819,726
NO1,1967,26,153,438,,,,3550,674,695
NO1,1967,27,152,430,,,,3421,513,628
NO1,1967,28,-128,331,,,,3065,402,306
NO1,1967,29,284,391,,,,3092,265,270
NO1,1967,30,-58,253,,,,2835,212,-19
NO1,1967,31,526,352,,,,3084,141,166
NO1,1967,32,126,267,,,,2994,102,11
NO1,1967,33,741,413,,,,3343,86,347
NO1,1967,34,-247,277,,,,2871,53,-162
NO1,1967,35,473,269,,,,3099,39,49
NO1,1967,36,628,379,,,,3352,41,294
NO1,1967,37,-176,225,,,,2982,28,-115
NO1,1967,38,418,233,,,,3172,28,-6
NO1,1967,39,46,199,,,,3022,4,-272
NO1,1967,40,1430,506,,,,3859,72,543
NO1,1967,41,909,456,,,,4027,353,876
NO1,1967,42,582,482,,,,3950,523,818
NO1,1967,43,554,306,,,,4094,622,913
NO1,1967,44,990,501,,,,4189,1006,1247
NO1,1967,45,730,509,,,,4097,1306,1269
NO1,1967,46,569,269,,,,3891,1807,1383
NO1,1967,47,57,205,,,,3847,1699,1045
NO1,1967,48,235,167,,,,3753,1855,911
NO1,1967,49,315,150,,,,3644,2126,863
NO1,1967,50,392,111,,,,3550,2497,928
NO1,1967,51,888,95,,,,3462,3374,1511
NO1,1967,52,563,81,,,,3392,3930,1809
NO1,1968,1,211,60,,,,3335,4138,1482
NO1,1968,2,161,48,,,,3287,4298,1345
NO1,1968,3,431,45,,,,3248,4723,1455
NO1,1968,4,327,39,,,,3215,5046,1450
NO1,1968,5,330,31,,,,3187,5372,1468
NO1,1968,6,706,37,,,,3164,6069,1891
NO1,1968,7,129,23,,,,3144,6197,1756
NO1,1968,8,50,18,,,,3126,6246,1557
NO1,1968,9,19,16,,,,3110,6266,1349
NO1,1968,10,193,16,,,,3096,6456,1346
NO1,1968,11,249,16,,,,3084,6701,1430
NO1,1968,12,557,30,,,,3091,7221,1841
NO1,1968,13,288,125,,,,3288,7186,1918
NO1,1968,14,489,108,,,,3207,7646,2285
NO1,1968,15,38,65,,,,3225,7604,2327
NO1,1968,16,20,199,,,,3514,7135,2323
NO1,1968,17,115,712,,,,4410,5620,2009
NO1,1968,18,458,1180,,,,4498,4761,1696
NO1,1968,19,798,631,,,,4414,4997,2390
NO1,1968,20,319,623,,,,4295,4805,2701
NO1,1968,21,-85,367,,,,4169,4471,2873
NO1,1968,22,-194,745,,,,4484,3191,2507
NO1,1968,23,30,1462,,,,4284,1918,1568
NO1,1968,24,-388,816,,,,3735,1239,813
NO1,1968,25,170,825,,,,3541,755,500
NO1,1968,26,1012,720,,,,3922,646,1039
NO1,1968,27,-413,516,,,,3223,408,324
NO1,1968,28,354,352,,,,3266,360,465
NO1,1968,29,348,333,,,,3342,292,547
NO1,1968,30,-194,377,,,,2867,201,2
NO1,1968,31,-236,250,,,,2488,115,-456
NO1,1968,32,-169,199,,,,2212,57,-816
NO1,1968,33,169,147,,,,2253,49,-779
NO1,1968,34,-86,128,,,,2077,35,-975
NO1,1968,35,-67,135,,,,1941,15,-1133
NO1,1968,36,842,274,,,,2546,9,-544
NO1,1968,37,-72,173,,,,2333,5,-787
NO1,1968,38,73,118,,,,2287,6,-912
NO1,1968,39,389,132,,,,2517,30,-751
NO1,1968,40,621,282,,,,2821,52,-516
NO1,1968,41,307,144,,,,2760,272,-470
NO1,1968,42,469,197,,,,2918,387,-350
NO1,1968,43,296,204,,,,3062,329,-411
NO1,1968,44,1283,219,,,,3047,1405,505
NO1,1968,45,190,124,,,,2927,1594,387
NO1,1968,46,3,84,,,,2841,1596,122
NO1,1968,47,293,74,,,,2836,1818,153
NO1,1968,48,242,103,,,,2815,1977,94
NO1,1968,49,8,61,,,,2754,1985,-169
NO1,1968,50,8,44,,,,2708,1992,-420
NO1,1968,51,257,38,,,,2672,2246,-406
NO1,1968,52,253,32,,,,2645,2496,-373
NO1,1969,1,418,27,,,,2623,2909,-459
NO1,1969,2,189,21,,,,2604,3096,-539
NO1,1969,3,969,30,,,,2590,4053,126
NO1,1969,4,415,24,,,,2576,4463,229
NO1,1969,5,128,15,,,,2566,4587,63
NO1,1969,6,157,13,,,,2555,4743,-45
NO1,1969,7,154,13,,,,2545,4894,-145
NO1,1969,8,53,10,,,,2536,4947,-332
NO1,1969,9,8,8,,,,2528,4955,-543
NO1,1969,10,95,8,,,,2521,5049,-636
NO1,1969,11,102,9,,,,2514,5150,-690
NO1,1969,12,0,6,,,,2508,5151,-813
NO1,1969,13,28,6,,,,2502,5178,-876
NO1,1969,14,344,24,,,,2537,5467,-565
NO1,1969,15,165,169,,,,2949,5044,-510
NO1,1969,16,241,121,,,,2866,5244,-216
NO1,1969,17,571,179,,,,3054,5448,481
NO1,1969,18,429,355,,,,3188,5382,1008
NO1,1969,19,313,563,,,,4114,4208,1301
NO1,1969,20,156,1036,,,,4293,3111,1005
NO1,1969,21,-60,803,,,,4396,2114,744
NO1,1969,22,74,1374,,,,4362,801,-6
NO1,1969,23,59,741,,,,3823,636,-175
NO1,1969,24,-448,444,,,,3189,359,-613
NO1,1969,25,-363,356,,,,2651,171,-975
NO1,1969,26,-286,264,,,,2214,71,-1244
NO1,1969,27,211,186,,,,2257,61,-988
NO1,1969,28,567,222,,,,2616,53,-493
NO1,1969,29,-83,186,,,,2376,38,-673
NO1,1969,30,-52,184,,,,2186,20,-860
NO1,1969,31,-11,200,,,,2036,5,-1018
NO1,1969,32,-246,152,,,,1705,1,-1379
NO1,1969,33,-156,123,,,,1491,0,-1590
NO1,1969,34,857,149,,,,2238,0,-849
NO1,1969,35,104,199,,,,2171,0,-918
NO1,1969,36,-54,127,,,,2004,0,-1094
NO1,1969,37,752,210,,,,2562,0,-563
NO1,1969,38,39,204,,,,2408,1,-797
NO1,1969,39,622,229,,,,2773,27,-498
NO1,1969,40,778,213,,,,2930,422,-36
NO1,1969,41,13,256,,,,3065,48,-390
NO1,1969,42,12,178,,,,2930,19,-707
NO1,1969,43,406,169,,,,3033,148,-622
NO1,1969,44,532,173,,,,2925,611,-411
NO1,1969,45,468,114,,,,2832,1057,-245
NO1,1969,46,826,123,,,,2806,1789,280
NO1,1969,47,282,87,,,,2737,2054,290
NO1,1969,48,98,62,,,,2675,2151,129
NO1,1969,49,87,48,,,,2627,2237,-44
NO1,1969,50,157,41,,,,2595,2384,-140
NO1,1969,51,112,35,,,,2562,2495,-269
NO1,1969,52,150,27,,,,2536,2643,-335
NO1,1970,1,115,22,,,,2514,2757,-721
NO1,1970,2,70,19,,,,2496,2826,-918
NO1,1970,3,433,21,,,,2480,3254,-783
NO1,1970,4,83,15,,,,2465,3336,-1009
NO1,1970,5,123,15,,,,2452,3458,-1180
NO1,1970,6,89,13,,,,2441,3546,-1355
NO1,1970,7,118,12,,,,2430,3663,-1491
NO1,1970,8,201,12,,,,2421,3862,-1533
NO1,1970,9,198,12,,,,2412,4057,-1558
NO1,1970,10,397,15,,,,2403,4449,-1353
NO1,1970,11,184,13,,,,2396,4631,-1328
NO1,1970,12,61,9,,,,2390,4689,-1391
NO1,1970,13,284,11,,,,2383,4969,-1203
NO1,1970,14,9,8,,,,2377,4978,-1215
NO1,1970,15,238,13,,,,2377,5206,-920
NO1,1970,16,66,25,,,,2448,5177,-701
NO1,1970,17,311,121,,,,2584,5229,-208
NO1,1970,18,287,138,,,,2670,5303,411
NO1,1970,19,-35,396,,,,3545,3998,522
NO1,1970,20,-82,1249,,,,4276,1889,-234
NO1,1970,21,125,954,,,,4040,1257,-470
NO1,1970,22,-19,689,,,,3957,612,-599
NO1,1970,23,-201,638,,,,3435,276,-923
NO1,1970,24,-278,448,,,,2869,108,-1184
NO1,1970,25,-382,268,,,,2336,20,-1440
NO1,1970,26,271,227,,,,2422,6,-1100
NO1,1970,27,838,355,,,,2919,3,-385
NO1,1970,28,416,297,,,,3051,2,-109
NO1,1970,29,148,287,,,,2916,2,-169
NO1,1970,30,919,429,,,,3410,3,347
NO1,1970,31,234,461,,,,3201,1,143
NO1,1970,32,-335,264,,,,2642,0,-443
NO1,1970,33,117,193,,,,2580,0,-501
NO1,1970,34,524,322,,,,2794,0,-293
NO1,1970,35,-240,195,,,,2394,0,-695
NO1,1970,36,806,280,,,,2884,36,-178
NO1,1970,37,326,258,,,,2970,20,-136
NO1,1970,38,709,321,,,,3364,14,173
NO1,1970,39,17,258,,,,3119,17,-164
NO1,1970,40,444,235,,,,3313,11,-65
NO1,1970,41,743,404,,,,3647,18,162
NO1,1970,42,105,268,,,,3497,5,-153
NO1,1970,43,660,327,,,,3599,230,26
NO1,1970,44,487,186,,,,3418,706,176
NO1,1970,45,263,138,,,,3280,967,114
NO1,1970,46,486,110,,,,3174,1447,306
NO1,1970,47,1075,159,,,,3273,2264,1036
NO1,1970,48,433,217,,,,3230,2522,1054
NO1,1970,49,207,102,,,,3130,2724,946
NO1,1970,50,71,123,,,,3281,2520,681
NO1,1970,51,111,101,,,,3187,2619,482
NO1,1970,52,136,77,,,,3116,2748,351
NO1,1970,53,56,57,,,,3057,2804,128
NO1,1971,1,314,49,,,,3036,3087,132
NO1,1971,2,76,115,,,,3195,2885,-159
NO1,1971,3,439,82,,,,3138,3297,-82
NO1,1971,4,408,88,,,,3108,3648,-55
NO1,1971,5,196,64,,,,3092,3795,-203
NO1,1971,6,257,66,,,,3063,4013,-266
NO1,1971,7,462,59,,,,3021,4457,-105
NO1,1971,8,227,42,,,,2985,4680,-150
NO1,1971,9,54,29,,,,2957,4733,-336
NO1,1971,10,281,26,,,,2936,5007,-262
NO1,1971,11,518,29,,,,2924,5508,78
NO1,1971,12,183,26,,,,2910,5680,120
NO1,1971,13,211,29,,,,2911,5863,217
NO1,1971,14,88,51,,,,2957,5855,243
NO1,1971,15,244,146,,,,3148,5756,401
NO1,1971,16,140,217,,,,3222,5600,497
NO1,1971,17,23,115,,,,3122,5607,708
NO1,1971,18,-44,413,,,,4035,4243,715
NO1,1971,19,-66,1214,,,,4439,2514,-69
NO1,1971,20,463,1326,,,,4334,1706,-358
NO1,1971,21,441,680,,,,4326,1458,17
NO1,1971,22,-253,1054,,,,3721,718,-729
NO1,1971,23,-172,419,,,,3274,558,-802
NO1,1971,24,830,448,,,,3627,575,41
NO1,1971,25,18,376,,,,3373,458,35
NO1,1971,26,563,674,,,,3389,310,170
NO1,1971,27,-321,393,,,,2817,168,-322
NO1,1971,28,558,260,,,,3115,166,119
NO1,1971,29,575,293,,,,3402,160,475
NO1,1971,30,488,476,,,,3492,95,521
NO1,1971,31,18,383,,,,3181,57,179
NO1,1971,32,-71,258,,,,2861,55,-169
NO1,1971,33,-175,192,,,,2528,39,-515
NO1,1971,34,-172,163,,,,2235,25,-827
NO1,1971,35,221,131,,,,2321,31,-738
NO1,1971,36,-85,131,,,,2149,16,-932
NO1,1971,37,104,109,,,,2150,15,-961
NO1,1971,38,757,152,,,,2729,39,-437
NO1,1971,39,335,220,,,,2824,34,-441
NO1,1971,40,166,211,,,,2770,43,-576
NO1,1971,41,221,143,,,,2694,191,-617
NO1,1971,42,975,230,,,,3105,522,-27
NO1,1971,43,3,158,,,,2994,481,-329
NO1,1971,44,486,205,,,,3098,647,-202
NO1,1971,45,364,126,,,,2981,1002,-151
NO1,1971,46,219,96,,,,2898,1205,-212
NO1,1971,47,179,77,,,,2877,1329,-296
NO1,1971,48,341,130,,,,2979,1435,-283
NO1,1971,49,380,117,,,,2968,1707,-233
NO1,1971,50,192,87,,,,2980,1797,-343
NO1,1971,51,667,99,,,,2957,2384,17
NO1,1971,52,99,79,,,,2918,2443,-152
NO1,1972,1,9,53,,,,2864,2452,-676
NO1,1972,2,64,40,,,,2823,2515,-902
NO1,1972,3,203,34,,,,2791,2715,-1010
NO1,1972,4,166,27,,,,2766,2879,-1165
NO1,1972,5,303,26,,,,2746,3179,-1166
NO1,1972,6,266,20,,,,2729,3442,-1172
NO1,1972,7,136,17,,,,2714,3575,-1295
NO1,1972,8,16,13,,,,2701,3591,-1523
NO1,1972,9,171,13,,,,2690,3760,-1576
NO1,1972,10,316,16,,,,2680,4072,-1454
NO1,1972,11,1,12,,,,2695,4046,-1613
NO1,1972,12,218,28,,,,2715,4215,-1540
NO1,1972,13,443,39,,,,2711,4623,-1222
NO1,1972,14,615,56,,,,2741,5154,-674
NO1,1972,15,141,102,,,,2853,5082,-568
NO1,1972,16,46,126,,,,2925,4930,-470
NO1,1972,17,160,131,,,,2941,4936,-144
NO1,1972,18,240,506,,,,3951,3666,54
NO1,1972,19,-83,928,,,,4154,2418,-450
NO1,1972,20,190,714,,,,4120,1896,-382
NO1,1972,21,635,956,,,,4325,1342,-100
NO1,1972,22,343,747,,,,4118,1128,78
NO1,1972,23,430,831,,,,3908,907,181
NO1,1972,24,562,744,,,,3866,750,454
NO1,1972,25,717,691,,,,3938,682,824
NO1,1972,26,242,616,,,,3779,448,698
NO1,1972,27,122,629,,,,3424,286,404
NO1,1972,28,-16,439,,,,3057,202,97
NO1,1972,29,-249,331,,,,2596,105,-386
NO1,1972,30,189,255,,,,2607,56,-403
NO1,1972,31,221,239,,,,2626,37,-396
NO1,1972,32,582,367,,,,2863,30,-191
NO1,1972,33,581,313,,,,3154,27,99
NO1,1972,34,-175,245,,,,2751,22,-315
NO1,1972,35,-199,181,,,,2414,11,-664
NO1,1972,36,330,146,,,,2536,70,-492
NO1,1972,37,387,194,,,,2749,61,-316
NO1,1972,38,-30,155,,,,2614,18,-573
NO1,1972,39,33,126,,,,2516,18,-765
NO1,1972,40,53,105,,,,2484,2,-902
NO1,1972,41,107,101,,,,2483,6,-1014
NO1,1972,42,108,81,,,,2409,106,-1140
NO1,1972,43,296,68,,,,2456,284,-1062
NO1,1972,44,223,78,,,,2521,362,-1065
NO1,1972,45,313,71,,,,2534,591,-1010
NO1,1972,46,233,59,,,,2484,814,-1017
NO1,1972,47,191,45,,,,2442,1001,-1058
NO1,1972,48,589,55,,,,2539,1438,-720
NO1,1972,49,567,136,,,,2614,1795,-498
NO1,1972,50,392,82,,,,2608,2113,-400
NO1,1972,51,16,58,,,,2556,2122,-648
NO1,1972,52,106,42,,,,2526,2215,-772
NO1,1973,1,102,70,,,,2785,1985,-1221
NO1,1973,2,57,128,,,,2801,1895,-1544
NO1,1973,3,253,68,,,,2733,2144,-1639
NO1,1973,4,257,57,,,,2720,2356,-1735
NO1,1973,5,163,49,,,,2684,2505,-1902
NO1,1973,6,254,52,,,,2673,2716,-1953
NO1,1973,7,375,42,,,,2637,3087,-1860
NO1,1973,8,191,37,,,,2635,3242,-1938
NO1,1973,9,81,29,,,,2613,3316,-2098
NO1,1973,10,150,26,,,,2597,3456,-2154
NO1,1973,11,70,28,,,,2613,3480,-2261
NO1,1973,12,119,70,,,,2824,3318,-2329
NO1,1973,13,48,125,,,,2919,3140,-2496
NO1,1973,14,329,91,,,,2851,3443,-2275
NO1,1973,15,78,61,,,,2810,3500,-2193
NO1,1973,16,323,92,,,,2872,3669,-1785
NO1,1973,17,152,96,,,,2881,3714,-1427
NO1,1973,18,424,133,,,,3086,3810,-667
NO1,1973,19,640,461,,,,3755,3304,38
NO1,1973,20,389,391,,,,3880,3167,648
NO1,1973,21,208,845,,,,4179,2219,630
NO1,1973,22,628,1250,,,,4374,1359,565
NO1,1973,23,-159,848,,,,3660,1042,69
NO1,1973,24,6,380,,,,3344,971,154
NO1,1973,25,-444,473,,,,2838,543,-415
NO1,1973,26,-129,410,,,,2541,295,-693
NO1,1973,27,11,327,,,,2388,139,-780
NO1,1973,28,1703,712,,,,3446,83,367
NO1,1973,29,890,559,,,,3839,38,790
NO1,1973,30,309,704,,,,3489,20,443
NO1,1973,31,-165,351,,,,3012,8,-38
NO1,1973,32,602,347,,,,3259,14,188
NO1,1973,33,-328,254,,,,2722,4,-356
NO1,1973,34,-44,184,,,,2492,6,-589
NO1,1973,35,467,178,,,,2799,5,-285
NO1,1973,36,407,257,,,,2942,15,-141
NO1,1973,37,187,269,,,,2862,16,-247
NO1,1973,38,193,188,,,,2859,20,-326
NO1,1973,39,551,196,,,,2927,298,-74
NO1,1973,40,41,224,,,,3051,3,-334
NO1,1973,41,238,160,,,,3009,114,-380
NO1,1973,42,17,116,,,,2890,133,-632
NO1,1973,43,122,96,,,,2862,187,-754
NO1,1973,44,144,87,,,,2804,302,-842
NO1,1973,45,734,154,,,,3103,577,-454
NO1,1973,46,367,109,,,,2996,940,-379
NO1,1973,47,523,88,,,,2941,1428,-132
NO1,1973,48,57,67,,,,2874,1484,-340
NO1,1973,49,578,60,,,,2821,2055,-32
NO1,1973,50,410,49,,,,2783,2454,117
NO1,1973,51,416,42,,,,2746,2865,287
NO1,1973,52,120,32,,,,2731,2969,186
NO1,1974,1,99,34,,,,2714,3049,-227
NO1,1974,2,459,30,,,,2691,3500,-49
NO1,1974,3,686,47,,,,2694,4139,316
NO1,1974,4,159,28,,,,2674,4290,154
NO1,1974,5,404,32,,,,2670,4666,245
NO1,1974,6,276,30,,,,2659,4924,240
NO1,1974,7,755,65,,,,2685,5587,688
NO1,1974,8,75,30,,,,2666,5652,503
NO1,1974,9,25,22,,,,2646,5675,295
NO1,1974,10,39,16,,,,2630,5712,137
NO1,1974,11,12,13,,,,2619,5723,-12
NO1,1974,12,483,30,,,,2627,6168,324
NO1,1974,13,-1,26,,,,2636,6134,214
NO1,1974,14,-10,80,,,,2893,5792,115
NO1,1974,15,46,251,,,,3090,5382,-31
NO1,1974,16,65,215,,,,3336,4980,-10
NO1,1974,17,14,337,,,,3611,4370,-40
NO1,1974,18,51,642,,,,4131,3239,-193
NO1,1974,19,-81,524,,,,4208,2548,-266
NO1,1974,20,-225,961,,,,4184,1353,-862
NO1,1974,21,137,904,,,,3822,914,-1031
NO1,1974,22,168,399,,,,3615,878,-674
NO1,1974,23,614,396,,,,3835,858,59
NO1,1974,24,-134,475,,,,3417,653,-91
NO1,1974,25,-80,492,,,,3108,371,-317
NO1,1974,26,115,364,,,,2938,285,-305
NO1,1974,27,121,284,,,,2853,205,-249
NO1,1974,28,286,287,,,,2927,132,-102
NO1,1974,29,708,503,,,,3166,98,177
NO1,1974,30,20,285,,,,2911,90,-65
NO1,1974,31,66,218,,,,2763,87,-209
NO1,1974,32,16,206,,,,2609,65,-410
NO1,1974,33,455,271,,,,2830,44,-207
NO1,1974,34,-54,207,,,,2586,37,-464
NO1,1974,35,558,297,,,,2885,23,-180
NO1,1974,36,554,290,,,,3155,23,80
NO1,1974,37,423,330,,,,3246,27,147
NO1,1974,38,473,344,,,,3356,41,191
NO1,1974,39,1058,483,,,,3841,88,630
NO1,1974,40,456,465,,,,3795,114,520
NO1,1974,41,259,314,,,,3693,158,348
NO1,1974,42,261,239,,,,3697,171,214
NO1,1974,43,431,238,,,,3568,491,256
NO1,1974,44,127,164,,,,3429,591,72
NO1,1974,45,572,126,,,,3326,1134,327
NO1,1974,46,1013,208,,,,3370,1895,950
NO1,1974,47,119,142,,,,3255,1987,741
NO1,1974,48,389,98,,,,3181,2352,835
NO1,1974,49,454,78,,,,3117,2790,999
NO1,1974,50,192,61,,,,3060,2977,918
NO1,1974,51,462,52,,,,3021,3426,1122
NO1,1974,52,319,90,,,,3081,3593,1160
NO1,1975,1,484,68,,,,3050,4040,1099
NO1,1975,2,705,63,,,,3010,4720,1491
NO1,1975,3,515,69,,,,3019,5158,1661
NO1,1975,4,762,67,,,,2988,5885,2062
NO1,1975,5,1173,56,,,,2952,7040,2901
NO1,1975,6,20,33,,,,2922,7059,2638
NO1,1975,7,49,24,,,,2898,7107,2421
NO1,1975,8,123,20,,,,2880,7228,2292
NO1,1975,9,8,17,,,,2865,7233,2072
NO1,1975,10,223,23,,,,2864,7434,2092
NO1,1975,11,38,22,,,,2846,7468,1960
NO1,1975,12,26,16,,,,2832,7491,1853
NO1,1975,13,200,18,,,,2822,7684,1950
NO1,1975,14,35,13,,,,2811,7718,1959
NO1,1975,15,182,19,,,,2811,7882,2189
NO1,1975,16,18,27,,,,2826,7860,2360
NO1,1975,17,39,120,,,,2996,7609,2584
NO1,1975,18,397,265,,,,3250,7484,3171
NO1,1975,19,4,688,,,,4483,5555,3017
NO1,1975,20,396,1629,,,,4746,3999,2346
NO1,1975,21,43,1395,,,,4391,2953,1577
NO1,1975,22,-82,881,,,,4102,2242,1176
NO1,1975,23,130,471,,,,4115,1878,1360
NO1,1975,24,-373,888,,,,3602,1099,540
NO1,1975,25,-62,402,,,,3331,893,427
NO1,1975,26,-137,363,,,,2973,739,183
NO1,1975,27,-274,292,,,,2619,520,-167
NO1,1975,28,-159,359,,,,2370,253,-539
NO1,1975,29,228,286,,,,2426,150,-511
NO1,1975,30,410,298,,,,2613,91,-363
NO1,1975,31,-217,218,,,,2246,47,-766
NO1,1975,32,-292,185,,,,1866,13,-1206
NO1,1975,33,-39,152,,,,1739,4,-1338
NO1,1975,34,267,123,,,,1913,3,-1171
NO1,1975,35,278,159,,,,2054,2,-1033
NO1,1975,36,56,120,,,,2003,2,-1093
NO1,1975,37,786,176,,,,2611,9,-505
NO1,1975,38,375,263,,,,2733,8,-464
NO1,1975,39,875,309,,,,3245,33,-21
NO1,1975,40,861,449,,,,3630,47,288
NO1,1975,41,446,441,,,,3549,132,179
NO1,1975,42,487,309,,,,3614,240,198
NO1,1975,43,28,223,,,,3482,174,-146
NO1,1975,44,253,255,,,,3566,81,-300
NO1,1975,45,117,221,,,,3454,86,-594
NO1,1975,46,51,152,,,,3311,124,-880
NO1,1975,47,698,166,,,,3234,730,-537
NO1,1975,48,395,148,,,,3250,958,-489
NO1,1975,49,407,122,,,,3163,1329,-416
NO1,1975,50,364,89,,,,3083,1682,-355
NO1,1975,51,166,72,,,,3028,1830,-467
NO1,1975,52,599,87,,,,3048,2318,-148
NO1,1976,1,364,80,,,,3020,2626,-345
NO1,1976,2,589,61,,,,2973,3199,-68
NO1,1976,3,295,47,,,,2930,3491,-96
NO1,1976,4,327,37,,,,2900,3810,-100
NO1,1976,5,41,27,,,,2873,3851,-367
NO1,1976,6,23,21,,,,2851,3873,-618
NO1,1976,7,179,20,,,,2833,4050,-702
NO1,1976,8,72,16,,,,2817,4122,-877
NO1,1976,9,776,48,,,,2847,4819,-360
NO1,1976,10,78,40,,,,2828,4877,-501
NO1,1976,11,37,24,,,,2804,4914,-637
NO1,1976,12,71,17,,,,2787,4984,-700
NO1,1976,13,79,13,,,,2776,5060,-720
NO1,1976,14,111,30,,,,2795,5121,-653
NO1,1976,15,191,33,,,,2828,5247,-428
NO1,1976,16,48,130,,,,3150,4845,-331
NO1,1976,17,37,166,,,,3180,4681,-160
NO1,1976,18,113,125,,,,3095,4746,279
NO1,1976,19,196,204,,,,3527,4317,822
NO1,1976,20,337,981,,,,4239,2925,766
NO1,1976,21,-263,988,,,,3914,1968,115
NO1,1976,22,-143,696,,,,3502,1517,-150
NO1,1976,23,-116,407,,,,3215,1266,-153
NO1,1976,24,67,410,,,,3136,987,-38
NO1,1976,25,370,474,,,,3280,726,209
NO1,1976,26,19,473,,,,3030,510,10
NO1,1976,27,-204,344,,,,2617,370,-320
NO1,1976,28,-125,314,,,,2378,183,-600
NO1,1976,29,418,331,,,,2579,91,-417
NO1,1976,30,-157,225,,,,2247,58,-761
NO1,1976,31,150,188,,,,2216,57,-786
NO1,1976,32,210,163,,,,2279,50,-756
NO1,1976,33,-288,156,,,,1909,21,-1151
NO1,1976,34,-177,130,,,,1666,7,-1414
NO1,1976,35,-64,107,,,,1546,3,-1539
NO1,1976,36,139,96,,,,1588,16,-1494
NO1,1976,37,768,104,,,,2043,218,-864
NO1,1976,38,322,170,,,,2398,33,-774
NO1,1976,39,-89,117,,,,2222,9,-1067
NO1,1976,40,-16,83,,,,2124,11,-1254
NO1,1976,41,492,120,,,,2458,33,-1011
NO1,1976,42,1405,197,,,,2777,918,40
NO1,1976,43,729,221,,,,2812,1394,403
NO1,1976,44,70,157,,,,2724,1393,170
NO1,1976,45,821,136,,,,2702,2097,666
NO1,1976,46,662,203,,,,2789,2469,943
NO1,1976,47,100,111,,,,2679,2567,744
NO1,1976,48,190,69,,,,2615,2750,667
NO1,1976,49,504,70,,,,2579,3220,892
NO1,1976,50,468,60,,,,2545,3666,1091
NO1,1976,51,58,39,,,,2508,3723,906
NO1,1976,52,114,29,,,,2480,3836,803
NO1,1976,53,333,26,,,,2458,4165,890
NO1,1977,1,402,28,,,,2444,4555,1008
NO1,1977,2,402,26,,,,2426,4953,1140
NO1,1977,3,208,21,,,,2412,5159,1054
NO1,1977,4,303,17,,,,2399,5458,1047
NO1,1977,5,258,13,,,,2388,5713,1011
NO1,1977,6,21,10,,,,2378,5734,771
NO1,1977,7,181,11,,,,2370,5913,698
NO1,1977,8,172,11,,,,2362,6083,629
NO1,1977,9,258,11,,,,2354,6338,666
NO1,1977,10,161,10,,,,2359,6484,638
NO1,1977,11,350,42,,,,2396,6757,799
NO1,1977,12,149,40,,,,2383,6879,792
NO1,1977,13,172,24,,,,2363,7048,855
NO1,1977,14,263,32,,,,2371,7272,1074
NO1,1977,15,212,23,,,,2365,7468,1330
NO1,1977,16,151,53,,,,2433,7501,1609
NO1,1977,17,658,277,,,,2687,7631,2297
NO1,1977,18,80,496,,,,3628,6278,2343
NO1,1977,19,462,761,,,,3940,5639,2558
NO1,1977,20,-3,767,,,,4287,4499,2387
NO1,1977,21,-142,1742,,,,4726,2111,1070
NO1,1977,22,-48,1044,,,,4288,1419,539
NO1,1977,23,804,1034,,,,4522,924,811
NO1,1977,24,-361,1091,,,,3785,183,-194
NO1,1977,25,-185,471,,,,3241,72,-483
NO1,1977,26,1146,519,,,,3855,79,405
NO1,1977,27,-522,441,,,,2998,15,-294
NO1,1977,28,-138,260,,,,2627,8,-527
NO1,1977,29,606,243,,,,2987,11,-89
NO1,1977,30,309,311,,,,3008,5,-52
NO1,1977,31,113,253,,,,2894,4,-161
NO1,1977,32,-231,198,,,,2494,2,-589
NO1,1977,33,133,169,,,,2495,2,-584
NO1,1977,34,563,204,,,,2865,2,-220
NO1,1977,35,82,227,,,,2733,2,-354
NO1,1977,36,383,224,,,,2845,37,-216
NO1,1977,37,190,185,,,,2803,92,-231
NO1,1977,38,-110,159,,,,2615,16,-574
NO1,1977,39,447,154,,,,2795,106,-398
NO1,1977,40,463,160,,,,2792,413,-183
NO1,1977,41,348,235,,,,3147,172,-184
NO1,1977,42,121,191,,,,3171,74,-409
NO1,1977,43,191,233,,,,3148,55,-600
NO1,1977,44,1004,322,,,,3561,313,-74
NO1,1977,45,503,299,,,,3699,376,-59
NO1,1977,46,265,246,,,,3535,555,-225
NO1,1977,47,155,157,,,,3377,708,-417
NO1,1977,48,38,113,,,,3261,745,-692
NO1,1977,49,369,91,,,,3173,1108,-626
NO1,1977,50,338,77,,,,3116,1424,-579
NO1,1977,51,350,67,,,,3065,1756,-504
NO1,1977,52,371,62,,,,3013,2117,-384
NO1,1978,1,235,45,,,,2971,2347,-674
NO1,1978,2,216,42,,,,2941,2551,-748
NO1,1978,3,327,35,,,,2912,2871,-733
NO1,1978,4,269,29,,,,2886,3137,-788
NO1,1978,5,670,34,,,,2865,3799,-427
NO1,1978,6,57,21,,,,2846,3855,-640
NO1,1978,7,97,17,,,,2830,3951,-803
NO1,1978,8,273,17,,,,2816,4221,-779
NO1,1978,9,673,36,,,,2841,4832,-353
NO1,1978,10,417,39,,,,2826,5228,-152
NO1,1978,11,386,29,,,,2808,5606,60
NO1,1978,12,322,20,,,,2792,5924,245
NO1,1978,13,270,33,,,,2825,6130,400
NO1,1978,14,3,45,,,,2866,6050,346
NO1,1978,15,409,90,,,,2877,6353,728
NO1,1978,16,249,90,,,,2979,6414,1067
NO1,1978,17,98,135,,,,2981,6369,1329
NO1,1978,18,-21,158,,,,3134,6049,1620
NO1,1978,19,1,399,,,,3394,5377,1750
NO1,1978,20,108,526,,,,4201,4141,1943
NO1,1978,21,103,1870,,,,4776,1735,745
NO1,1978,22,-463,1534,,,,3968,491,-709
NO1,1978,23,126,696,,,,3595,271,-768
NO1,1978,24,-114,396,,,,3181,171,-809
NO1,1978,25,-120,295,,,,2832,107,-857
NO1,1978,26,646,318,,,,3199,72,-257
NO1,1978,27,989,555,,,,3640,61,394
NO1,1978,28,-216,433,,,,3028,35,-99
NO1,1978,29,47,236,,,,2851,28,-208
NO1,1978,30,32,246,,,,2666,17,-383
NO1,1978,31,-7,215,,,,2508,3,-547
NO1,1978,32,-132,179,,,,2237,1,-847
NO1,1978,33,727,268,,,,2723,1,-357
NO1,1978,34,225,244,,,,2717,5,-365
NO1,1978,35,183,194,,,,2689,18,-382
NO1,1978,36,665,256,,,,3085,27,14
NO1,1978,37,190,252,,,,3016,38,-72
NO1,1978,38,308,210,,,,3012,122,-72
NO1,1978,39,251,196,,,,3001,116,-182
NO1,1978,40,197,165,,,,3032,118,-239
NO1,1978,41,31,183,,,,2977,22,-504
NO1,1978,42,328,160,,,,3044,119,-492
NO1,1978,43,180,125,,,,3004,213,-586
NO1,1978,44,290,144,,,,3069,289,-589
NO1,1978,45,179,144,,,,3081,311,-742
NO1,1978,46,620,140,,,,3107,759,-449
NO1,1978,47,396,109,,,,3017,1134,-350
NO1,1978,48,131,80,,,,2938,1262,-497
NO1,1978,49,25,60,,,,2877,1287,-744
NO1,1978,50,403,53,,,,2829,1685,-606
NO1,1978,51,87,40,,,,2790,1770,-764
NO1,1978,52,85,33,,,,2758,1854,-901
NO1,1979,1,76,27,,,,2732,1929,-1331
NO1,1979,2,338,26,,,,2709,2262,-1268
NO1,1979,3,69,22,,,,2689,2330,-1497
NO1,1979,4,73,18,,,,2672,2403,-1736
NO1,1979,5,133,18,,,,2656,2534,-1901
NO1,1979,6,239,17,,,,2642,2770,-1930
NO1,1979,7,28,14,,,,2630,2797,-2157
NO1,1979,8,69,12,,,,2618,2866,-2332
NO1,1979,9,165,12,,,,2611,3026,-2390
NO1,1979,10,741,26,,,,2626,3722,-1857
NO1,1979,11,213,23,,,,2610,3932,-1812
NO1,1979,12,127,14,,,,2598,4058,-1815
NO1,1979,13,712,70,,,,2693,4606,-1256
NO1,1979,14,287,74,,,,2722,4793,-1054
NO1,1979,15,74,67,,,,2777,4746,-979
NO1,1979,16,125,83,,,,2878,4684,-764
NO1,1979,17,694,302,,,,3144,4810,-68
NO1,1979,18,141,196,,,,3069,4829,335
NO1,1979,19,11,138,,,,3073,4703,755
NO1,1979,20,125,576,,,,4050,3261,912
NO1,1979,21,673,1117,,,,4598,2231,1062
NO1,1979,22,176,1320,,,,4307,1337,476
NO1,1979,23,-302,898,,,,3602,808,-224
NO1,1979,24,-25,490,,,,3283,595,-283
NO1,1979,25,-100,403,,,,2961,400,-435
NO1,1979,26,683,415,,,,3276,340,88
NO1,1979,27,-96,271,,,,2948,298,-61
NO1,1979,28,402,363,,,,3097,183,119
NO1,1979,29,872,519,,,,3500,128,541
NO1,1979,30,117,402,,,,3259,87,281
NO1,1979,31,378,393,,,,3276,60,277
NO1,1979,32,917,485,,,,3721,45,682
NO1,1979,33,344,536,,,,3544,33,495
NO1,1979,34,198,414,,,,3341,27,281
NO1,1979,35,-55,244,,,,3039,28,-23
NO1,1979,36,650,346,,,,3367,18,287
NO1,1979,37,362,289,,,,3360,88,322
NO1,1979,38,225,226,,,,3328,113,236
NO1,1979,39,99,201,,,,3197,86,-17
NO1,1979,40,4,150,,,,3042,90,-256
NO1,1979,41,595,264,,,,3429,20,-54
NO1,1979,42,781,435,,,,3733,55,133
NO1,1979,43,5,217,,,,3515,58,-230
NO1,1979,44,606,154,,,,3385,634,71
NO1,1979,45,233,141,,,,3280,830,-24
NO1,1979,46,585,103,,,,3185,1408,278
NO1,1979,47,226,81,,,,3123,1616,237
NO1,1979,48,442,79,,,,3072,2027,402
NO1,1979,49,208,78,,,,3046,2182,320
NO1,1979,50,64,57,,,,2989,2245,114
NO1,1979,51,116,44,,,,2946,2359,-20
NO1,1979,52,582,45,,,,2924,2919,330
NO1,1980,1,161,35,,,,2893,3078,-20
NO1,1980,2,60,25,,,,2870,3137,-233
NO1,1980,3,54,20,,,,2850,3191,-476
NO1,1980,4,207,20,,,,2832,3395,-583
NO1,1980,5,162,17,,,,2817,3555,-719
NO1,1980,6,29,14,,,,2803,3583,-956
NO1,1980,7,421,18,,,,2791,3999,-794
NO1,1980,8,2,12,,,,2780,4001,-1035
NO1,1980,9,63,11,,,,2770,4063,-1193
NO1,1980,10,162,12,,,,2760,4223,-1223
NO1,1980,11,106,10,,,,2751,4328,-1275
NO1,1980,12,19,8,,,,2743,4347,-1381
NO1,1980,13,270,10,,,,2735,4614,-1207
NO1,1980,14,242,15,,,,2734,4845,-989
NO1,1980,15,54,28,,,,2783,4825,-895
NO1,1980,16,106,165,,,,3080,4464,-782
NO1,1980,17,31,181,,,,3195,4196,-631
NO1,1980,18,10,498,,,,3979,2926,-657
NO1,1980,19,146,877,,,,4091,2036,-895
NO1,1980,20,-212,807,,,,4218,872,-1308
NO1,1980,21,5,675,,,,3821,571,-1374
NO1,1980,22,1342,800,,,,4494,420,-254
NO1,1980,23,-206,875,,,,3639,166,-829
NO1,1980,24,-125,464,,,,3145,63,-953
NO1,1980,25,678,383,,,,3479,29,-289
NO1,1980,26,810,519,,,,3764,29,264
NO1,1980,27,162,529,,,,3425,13,132
NO1,1980,28,71,327,,,,3202,3,44
NO1,1980,29,430,360,,,,3291,1,205
NO1,1980,30,190,416,,,,3085,0,19
NO1,1980,31,-299,240,,,,2596,0,-463
NO1,1980,32,245,238,,,,2622,0,-462
NO1,1980,33,-236,163,,,,2255,0,-827
NO1,1980,34,609,219,,,,2655,5,-428
NO1,1980,35,321,216,,,,2755,10,-323
NO1,1980,36,245,232,,,,2794,0,-304
NO1,1980,37,519,240,,,,3064,8,-54
NO1,1980,38,777,399,,,,3426,24,245
NO1,1980,39,200,312,,,,3338,6,45
NO1,1980,40,276,253,,,,3281,67,-40
NO1,1980,41,1276,535,,,,3919,160,576
NO1,1980,42,956,319,,,,3730,981,1056
NO1,1980,43,432,256,,,,3556,1333,1086
NO1,1980,44,468,167,,,,3412,1777,1242
NO1,1980,45,26,119,,,,3291,1802,960
NO1,1980,46,346,96,,,,3197,2144,1025
NO1,1980,47,766,86,,,,3141,2878,1518
NO1,1980,48,123,85,,,,3091,2965,1358
NO1,1980,49,171,62,,,,3031,3133,1256
NO1,1980,50,238,53,,,,2992,3355,1227
NO1,1980,51,401,55,,,,2954,3739,1368
NO1,1980,52,211,39,,,,2918,3947,1351
NO1,1981,1,441,44,,,,2905,4354,1268
NO1,1981,2,275,34,,,,2874,4626,1260
NO1,1981,3,360,29,,,,2850,4981,1314
NO1,1981,4,90,22,,,,2831,5067,1088
NO1,1981,5,89,27,,,,2874,5087,870
NO1,1981,6,347,73,,,,2917,5314,889
NO1,1981,7,128,42,,,,2877,5440,732
NO1,1981,8,14,28,,,,2848,5454,487
NO1,1981,9,147,24,,,,2827,5599,400
NO1,1981,10,329,21,,,,2810,5924,528
NO1,1981,11,564,24,,,,2796,6481,922
NO1,1981,12,215,16,,,,2784,6693,1006
NO1,1981,13,509,31,,,,2791,7167,1402
NO1,1981,14,110,34,,,,2831,7206,1468
NO1,1981,15,8,115,,,,3128,6805,1430
NO1,1981,16,101,244,,,,3236,6546,1456
NO1,1981,17,91,137,,,,3136,6595,1709
NO1,1981,18,101,82,,,,3071,6671,2179
NO1,1981,19,179,152,,,,3571,6213,2763
NO1,1981,20,-107,1585,,,,4846,3190,1637
NO1,1981,21,-225,1911,,,,4401,1439,73
NO1,1981,22,753,1289,,,,4215,1048,95
NO1,1981,23,-117,600,,,,3739,785,-110
NO1,1981,24,604,517,,,,3845,750,434
NO1,1981,25,126,402,,,,3632,675,510
NO1,1981,26,38,344,,,,3415,574,460
NO1,1981,27,861,478,,,,3852,511,1057
NO1,1981,28,-342,459,,,,3224,330,392
NO1,1981,29,406,461,,,,3237,254,404
NO1,1981,30,84,302,,,,3095,181,210
NO1,1981,31,555,457,,,,3251,131,322
NO1,1981,32,-204,282,,,,2806,100,-179
NO1,1981,33,-2,255,,,,2617,56,-409
NO1,1981,34,149,194,,,,2574,58,-456
NO1,1981,35,-74,160,,,,2356,52,-681
NO1,1981,36,-71,127,,,,2188,40,-871
NO1,1981,37,-74,104,,,,2028,35,-1063
NO1,1981,38,25,85,,,,1964,42,-1200
NO1,1981,39,812,162,,,,2595,40,-664
NO1,1981,40,535,296,,,,2847,0,-542
NO1,1981,41,1044,312,,,,3462,113,72
NO1,1981,42,112,278,,,,3256,154,-244
NO1,1981,43,226,185,,,,3159,289,-355
NO1,1981,44,318,138,,,,3091,536,-321
NO1,1981,45,420,119,,,,3013,914,-207
NO1,1981,46,149,102,,,,2948,1024,-343
NO1,1981,47,668,95,,,,2896,1644,40
NO1,1981,48,1378,95,,,,2837,2990,1129
NO1,1981,49,227,61,,,,2794,3202,1088
NO1,1981,50,144,47,,,,2749,3344,973
NO1,1981,51,58,34,,,,2715,3402,792
NO1,1981,52,303,31,,,,2689,3701,876
NO1,1981,53,355,27,,,,2667,4052,986
NO1,1982,1,107,21,,,,2649,4157,815
NO1,1982,2,89,17,,,,2633,4245,638
NO1,1982,3,40,14,,,,2619,4285,387
NO1,1982,4,413,17,,,,2606,4693,488
NO1,1982,5,176,14,,,,2595,4866,370
NO1,1982,6,346,18,,,,2588,5204,450
NO1,1982,7,29,13,,,,2578,5229,223
NO1,1982,8,33,10,,,,2568,5262,15
NO1,1982,9,536,17,,,,2561,5789,324
NO1,1982,10,303,15,,,,2558,6081,433
NO1,1982,11,473,39,,,,2572,6503,720
NO1,1982,12,137,51,,,,2760,6405,693
NO1,1982,13,20,107,,,,2875,6203,522
NO1,1982,14,695,147,,,,2914,6705,1050
NO1,1982,15,205,114,,,,2918,6797,1212
NO1,1982,16,85,285,,,,3282,6226,1182
NO1,1982,17,114,337,,,,3324,5948,1251
NO1,1982,18,440,300,,,,3542,5870,1850
NO1,1982,19,107,538,,,,3933,5044,1955
NO1,1982,20,139,1048,,,,4430,3592,1623
NO1,1982,21,449,1345,,,,4796,2288,1317
NO1,1982,22,-519,1526,,,,4157,838,-174
NO1,1982,23,-152,610,,,,3514,699,-420
NO1,1982,24,-38,290,,,,3239,640,-283
NO1,1982,25,-150,236,,,,2971,513,-312
NO1,1982,26,530,299,,,,3311,389,171
NO1,1982,27,156,476,,,,3066,303,63
NO1,1982,28,58,364,,,,2933,130,-98
NO1,1982,29,-295,236,,,,2464,77,-546
NO1,1982,30,-244,192,,,,2115,24,-927
NO1,1982,31,-146,181,,,,1881,2,-1175
NO1,1982,32,188,140,,,,1943,8,-1134
NO1,1982,33,456,147,,,,2262,7,-812
NO1,1982,34,260,153,,,,2368,12,-707
NO1,1982,35,420,195,,,,2590,16,-484
NO1,1982,36,404,200,,,,2784,25,-289
NO1,1982,37,123,223,,,,2699,16,-411
NO1,1982,38,769,323,,,,3131,22,-53
NO1,1982,39,1055,533,,,,3568,75,345
NO1,1982,40,23,304,,,,3313,48,-28
NO1,1982,41,295,217,,,,3232,202,-70
NO1,1982,42,584,191,,,,3208,615,168
NO1,1982,43,125,175,,,,3244,531,-28
NO1,1982,44,170,186,,,,3208,544,-196
NO1,1982,45,688,184,,,,3411,838,116
NO1,1982,46,388,189,,,,3264,1180,129
NO1,1982,47,997,178,,,,3223,2039,761
NO1,1982,48,96,115,,,,3117,2127,546
NO1,1982,49,296,99,,,,3060,2379,532
NO1,1982,50,333,68,,,,2995,2708,583
NO1,1982,51,713,78,,,,2964,3375,1014
NO1,1982,52,56,48,,,,2923,3423,833
NO1,1983,1,386,51,,,,2906,3774,689
NO1,1983,2,204,56,,,,2898,3928,586
NO1,1983,3,611,50,,,,2872,4514,870
NO1,1983,4,228,54,,,,2864,4695,749
NO1,1983,5,354,42,,,,2827,5045,781
NO1,1983,6,114,28,,,,2802,5158,617
NO1,1983,7,22,19,,,,2782,5180,378
NO1,1983,8,37,15,,,,2767,5216,168
NO1,1983,9,83,13,,,,2756,5297,27
NO1,1983,10,420,30,,,,2760,5685,239
NO1,1983,11,103,26,,,,2761,5760,167
NO1,1983,12,424,31,,,,2747,6167,443
NO1,1983,13,139,23,,,,2737,6295,475
NO1,1983,14,388,30,,,,2741,6652,823
NO1,1983,15,18,36,,,,2768,6609,874
NO1,1983,16,929,319,,,,3512,6466,1652
NO1,1983,17,105,627,,,,3974,5465,1418
NO1,1983,18,-24,713,,,,4235,4457,1129
NO1,1983,19,629,1181,,,,4546,3544,1068
NO1,1983,20,911,1501,,,,4804,2654,1059
NO1,1983,21,536,1268,,,,4600,2089,921
NO1,1983,22,344,971,,,,4290,1744,866
NO1,1983,23,-262,506,,,,3736,1514,616
NO1,1983,24,-233,369,,,,3302,1331,472
NO1,1983,25,-251,376,,,,2928,1062,194
NO1,1983,26,294,297,,,,3032,942,445
NO1,1983,27,-144,361,,,,2762,695,151
NO1,1983,28,-130,377,,,,2465,478,-219
NO1,1983,29,24,199,,,,2343,424,-321
NO1,1983,30,-126,257,,,,2118,270,-678
NO1,1983,31,616,312,,,,2473,220,-366
NO1,1983,32,-156,212,,,,2194,144,-746
NO1,1983,33,86,168,,,,2141,124,-816
NO1,1983,34,-157,159,,,,1896,78,-1113
NO1,1983,35,99,121,,,,1915,57,-1117
NO1,1983,36,1199,261,,,,2854,56,-188
NO1,1983,37,914,424,,,,3363,51,288
NO1,1983,38,272,343,,,,3217,114,126
NO1,1983,39,100,243,,,,3018,91,-190
NO1,1983,40,440,282,,,,3168,79,-142
NO1,1983,41,559,247,,,,3423,134,55
NO1,1983,42,833,475,,,,3670,242,257
NO1,1983,43,285,279,,,,3591,322,110
NO1,1983,44,307,201,,,,3457,552,62
NO1,1983,45,123,181,,,,3425,524,-185
NO1,1983,46,114,132,,,,3300,627,-389
NO1,1983,47,261,105,,,,3233,847,-421
NO1,1983,48,104,87,,,,3149,946,-603
NO1,1983,49,237,81,,,,3109,1140,-659
NO1,1983,50,67,68,,,,3066,1181,-872
NO1,1983,51,301,58,,,,3010,1478,-836
NO1,1983,52,512,54,,,,2984,1962,-568
NO1,1984,1,621,55,,,,2947,2565,-479
NO1,1984,2,642,50,,,,2931,3173,-135
NO1,1984,3,92,37,,,,2898,3264,-355
NO1,1984,4,45,25,,,,2873,3308,-629
NO1,1984,5,467,25,,,,2854,3768,-468
NO1,1984,6,285,23,,,,2838,4048,-456
NO1,1984,7,46,16,,,,2822,4094,-668
NO1,1984,8,146,15,,,,2809,4238,-769
NO1,1984,9,39,13,,,,2797,4276,-953
NO1,1984,10,383,17,,,,2790,4649,-767
NO1,1984,11,49,14,,,,2779,4697,-878
NO1,1984,12,42,11,,,,2769,4739,-963
NO1,1984,13,294,13,,,,2760,5029,-767
NO1,1984,14,190,22,,,,2804,5157,-608
NO1,1984,15,141,153,,,,3125,4822,-556
NO1,1984,16,113,166,,,,3216,4671,-438
NO1,1984,17,-11,453,,,,4003,3413,-606
NO1,1984,18,107,1120,,,,4333,2038,-1191
NO1,1984,19,3,438,,,,3928,1994,-1099
NO1,1984,20,312,733,,,,4145,1331,-922
NO1,1984,21,-55,652,,,,3821,924,-1022
NO1,1984,22,829,817,,,,4087,645,-436
NO1,1984,23,-38,793,,,,3441,431,-762
NO1,1984,24,158,339,,,,3284,395,-481
NO1,1984,25,285,340,,,,3291,325,-181
NO1,1984,26,294,328,,,,3258,319,48
NO1,1984,27,-216,251,,,,2848,260,-199
NO1,1984,28,362,329,,,,2999,146,-17
NO1,1984,29,-16,304,,,,2742,92,-253
NO1,1984,30,39,201,,,,2599,77,-390
NO1,1984,31,459,280,,,,2827,42,-189
NO1,1984,32,395,364,,,,2900,23,-162
NO1,1984,33,-50,232,,,,2644,14,-423
NO1,1984,34,-246,170,,,,2270,6,-811
NO1,1984,35,69,135,,,,2210,13,-865
NO1,1984,36,241,137,,,,2330,4,-764
NO1,1984,37,955,296,,,,2957,39,-130
NO1,1984,38,636,249,,,,3325,49,168
NO1,1984,39,497,406,,,,3437,25,164
NO1,1984,40,1333,566,,,,4157,44,813
NO1,1984,41,490,513,,,,3978,193,669
NO1,1984,42,876,425,,,,4358,254,957
NO1,1984,43,984,620,,,,4305,658,1160
NO1,1984,44,361,533,,,,4405,378,835
NO1,1984,45,758,447,,,,4206,872,944
NO1,1984,46,84,246,,,,3979,933,596
NO1,1984,47,475,190,,,,3840,1352,691
NO1,1984,48,407,173,,,,3800,1624,726
NO1,1984,49,316,188,,,,3752,1795,639
NO1,1984,50,80,138,,,,3620,1865,366
NO1,1984,51,498,108,,,,3530,2346,551
NO1,1984,52,537,120,,,,3484,2810,781
NO1,1985,1,228,75,,,,3410,3036,454
NO1,1985,2,227,59,,,,3352,3260,372
NO1,1985,3,141,48,,,,3306,3399,189
NO1,1985,4,580,46,,,,3269,3973,431
NO1,1985,5,474,36,,,,3238,4441,589
NO1,1985,6,283,32,,,,3212,4722,591
NO1,1985,7,158,24,,,,3189,4878,483
NO1,1985,8,229,22,,,,3169,5104,457
NO1,1985,9,370,23,,,,3151,5470,595
NO1,1985,10,449,22,,,,3135,5914,843
NO1,1985,11,155,18,,,,3124,6061,831
NO1,1985,12,296,19,,,,3113,6349,991
NO1,1985,13,210,22,,,,3103,6548,1096
NO1,1985,14,365,24,,,,3100,6894,1425
NO1,1985,15,104,20,,,,3092,6986,1575
NO1,1985,16,496,111,,,,3288,7173,2135
NO1,1985,17,193,173,,,,3231,7251,2460
NO1,1985,18,322,136,,,,3297,7375,3110
NO1,1985,19,-30,407,,,,4088,6155,3222
NO1,1985,20,-42,1419,,,,4970,3759,2330
NO1,1985,21,327,1679,,,,4754,2556,1543
NO1,1985,22,-240,1412,,,,4454,1163,449
NO1,1985,23,24,744,,,,4017,852,236
NO1,1985,24,190,489,,,,3851,701,391
NO1,1985,25,-96,408,,,,3521,511,235
NO1,1985,26,259,523,,,,3426,322,220
NO1,1985,27,-1,448,,,,3092,201,-13
NO1,1985,28,315,407,,,,3086,118,43
NO1,1985,29,1376,503,,,,3963,107,983
NO1,1985,30,-42,538,,,,3402,90,427
NO1,1985,31,452,409,,,,3487,57,485
NO1,1985,32,674,472,,,,3709,47,671
NO1,1985,33,334,524,,,,3537,34,490
NO1,1985,34,617,437,,,,3740,27,680
NO1,1985,35,355,479,,,,3612,30,553
NO1,1985,36,1821,618,,,,4516,309,1727
NO1,1985,37,114,690,,,,4178,74,1126
NO1,1985,38,330,408,,,,4029,134,958
NO1,1985,39,26,281,,,,3754,84,539
NO1,1985,40,613,451,,,,3964,17,592
NO1,1985,41,522,359,,,,4065,70,632
NO1,1985,42,83,288,,,,3895,37,277
NO1,1985,43,9,207,,,,3691,41,-72
NO1,1985,44,137,165,,,,3570,125,-252
NO1,1985,45,841,179,,,,3576,775,218
NO1,1985,46,358,149,,,,3462,1101,248
NO1,1985,47,22,96,,,,3365,1123,-13
NO1,1985,48,130,77,,,,3288,1251,-158
NO1,1985,49,722,71,,,,3226,1964,283
NO1,1985,50,213,54,,,,3178,2172,230
NO1,1985,51,507,49,,,,3135,2672,482
NO1,1985,52,224,49,,,,3114,2868,469
NO1,1986,1,165,38,,,,3079,3031,119
NO1,1986,2,279,32,,,,3050,3307,117
NO1,1986,3,294,29,,,,3025,3597,107
NO1,1986,4,502,28,,,,3004,4094,287
NO1,1986,5,134,22,,,,2985,4227,121
NO1,1986,6,28,18,,,,2968,4255,-119
NO1,1986,7,7,15,,,,2953,4262,-369
NO1,1986,8,7,14,,,,2939,4268,-608
NO1,1986,9,58,13,,,,2926,4326,-774
NO1,1986,10,234,15,,,,2915,4556,-734
NO1,1986,11,46,13,,,,2906,4598,-850
NO1,1986,12,231,15,,,,2908,4812,-750
NO1,1986,13,344,30,,,,2919,5117,-519
NO1,1986,14,227,36,,,,2929,5300,-340
NO1,1986,15,35,27,,,,2912,5325,-267
NO1,1986,16,119,22,,,,2898,5435,7
NO1,1986,17,365,61,,,,3058,5583,619
NO1,1986,18,60,527,,,,4356,3824,618
NO1,1986,19,406,2174,,,,5044,1289,-688
NO1,1986,20,355,1266,,,,4472,908,-1019
NO1,1986,21,172,667,,,,4176,689,-901
NO1,1986,22,127,418,,,,3889,672,-608
NO1,1986,23,292,406,,,,3945,481,-208
NO1,1986,24,146,607,,,,3563,388,-210
NO1,1986,25,-122,445,,,,3194,179,-423
NO1,1986,26,-308,309,,,,2687,79,-763
NO1,1986,27,78,250,,,,2598,26,-682
NO1,1986,28,164,211,,,,2556,26,-580
NO1,1986,29,-100,164,,,,2325,15,-747
NO1,1986,30,153,163,,,,2338,10,-718
NO1,1986,31,892,305,,,,2953,5,-101
NO1,1986,32,547,334,,,,3177,4,96
NO1,1986,33,303,301,,,,3195,3,117
NO1,1986,34,883,456,,,,3598,21,532
NO1,1986,35,240,372,,,,3462,21,394
NO1,1986,36,45,260,,,,3234,28,164
NO1,1986,37,360,236,,,,3305,72,251
NO1,1986,38,209,219,,,,3283,86,163
NO1,1986,39,119,179,,,,3151,104,-44
NO1,1986,40,201,202,,,,3169,87,-133
NO1,1986,41,171,151,,,,3163,97,-243
NO1,1986,42,88,135,,,,3109,103,-443
NO1,1986,43,482,180,,,,3227,282,-294
NO1,1986,44,877,327,,,,3767,288,107
NO1,1986,45,367,224,,,,3626,568,60
NO1,1986,46,403,279,,,,3733,578,-4
NO1,1986,47,375,221,,,,3627,834,-40
NO1,1986,48,462,246,,,,3745,930,-23
NO1,1986,49,849,197,,,,3647,1672,411
NO1,1986,50,268,184,,,,3594,1807,282
NO1,1986,51,748,134,,,,3470,2546,691
NO1,1986,52,349,95,,,,3379,2891,757
NO1,1987,1,315,75,,,,3308,3202,519
NO1,1987,2,348,60,,,,3251,3546,558
NO1,1987,3,0,45,,,,3205,3547,235
NO1,1987,4,133,38,,,,3167,3677,34
NO1,1987,5,425,39,,,,3135,4097,141
NO1,1987,6,81,29,,,,3110,4174,-58
NO1,1987,7,536,32,,,,3085,4704,205
NO1,1987,8,83,24,,,,3064,4786,35
NO1,1987,9,134,21,,,,3045,4918,-63
NO1,1987,10,19,17,,,,3028,4937,-241
NO1,1987,11,14,15,,,,3013,4951,-391
NO1,1987,12,543,23,,,,2999,5487,15
NO1,1987,13,584,23,,,,3000,6048,492
NO1,1987,14,75,26,,,,2997,6103,531
NO1,1987,15,120,34,,,,3001,6184,682
NO1,1987,16,88,103,,,,3149,6025,849
NO1,1987,17,263,251,,,,3674,5508,1160
NO1,1987,18,281,1034,,,,4775,3622,834
NO1,1987,19,63,868,,,,4336,3233,548
NO1,1987,20,414,502,,,,4241,3217,1060
NO1,1987,21,449,803,,,,4537,2554,1324
NO1,1987,22,-18,854,,,,4281,1908,1021
NO1,1987,23,59,681,,,,4164,1381,911
NO1,1987,24,863,925,,,,4375,1080,1294
NO1,1987,25,1435,1175,,,,4731,956,1891
NO1,1987,26,477,920,,,,4401,818,1691
NO1,1987,27,-122,555,,,,3832,693,1218
NO1,1987,28,41,444,,,,3512,594,944
NO1,1987,29,-271,322,,,,3043,461,417
NO1,1987,30,68,333,,,,2946,290,170
NO1,1987,31,270,257,,,,2993,257,190
NO1,1987,32,771,324,,,,3439,255,610
NO1,1987,33,113,301,,,,3289,220,427
NO1,1987,34,20,290,,,,3076,168,156
NO1,1987,35,529,306,,,,3302,164,377
NO1,1987,36,68,234,,,,3135,162,199
NO1,1987,37,1220,446,,,,3876,185,935
NO1,1987,38,595,424,,,,3988,234,1016
NO1,1987,39,424,414,,,,3984,145,830
NO1,1987,40,5,300,,,,3692,42,345
NO1,1987,41,1526,610,,,,4479,142,1118
NO1,1987,42,2037,1206,,,,5206,221,1772
NO1,1987,43,86,758,,,,4504,236,938
NO1,1987,44,348,373,,,,4334,374,760
NO1,1987,45,93,279,,,,4184,332,382
NO1,1987,46,877,256,,,,4073,1058,816
NO1,1987,47,604,252,,,,3920,1560,979
NO1,1987,48,199,147,,,,3778,1753,833
NO1,1987,49,25,107,,,,3668,1777,538
NO1,1987,50,270,94,,,,3590,2030,500
NO1,1987,51,143,75,,,,3515,2171,361
NO1,1987,52,267,66,,,,3463,2423,374
NO1,1987,53,400,72,,,,3444,2769,481
NO1,1988,1,156,68,,,,3392,2908,309
NO1,1988,2,341,68,,,,3384,3187,331
NO1,1988,3,774,73,,,,3357,3914,755
NO1,1988,4,789,61,,,,3311,4693,1193
NO1,1988,5,732,66,,,,3312,5362,1583
NO1,1988,6,460,56,,,,3274,5809,1741
NO1,1988,7,419,40,,,,3247,6216,1879
NO1,1988,8,212,31,,,,3221,6426,1831
NO1,1988,9,916,36,,,,3200,7331,2504
NO1,1988,10,100,23,,,,3182,7430,2406
NO1,1988,11,37,16,,,,3166,7466,2278
NO1,1988,12,222,17,,,,3153,7686,2367
NO1,1988,13,551,48,,,,3177,8167,2788
NO1,1988,14,156,71,,,,3239,8195,2865
NO1,1988,15,367,65,,,,3304,8428,3230
NO1,1988,16,360,165,,,,3350,8574,3599
NO1,1988,17,19,107,,,,3398,8443,3819
NO1,1988,18,198,498,,,,4254,7289,3980
NO1,1988,19,-55,1571,,,,5157,4701,2837
NO1,1988,20,-57,1585,,,,4634,3522,1757
NO1,1988,21,-49,1248,,,,4954,1864,1050
NO1,1988,22,377,1637,,,,4549,954,335
NO1,1988,23,-333,797,,,,3804,543,-287
NO1,1988,24,-389,453,,,,3193,297,-671
NO1,1988,25,-305,358,,,,2700,130,-966
NO1,1988,26,148,297,,,,2675,35,-819
NO1,1988,27,323,308,,,,2735,16,-555
NO1,1988,28,859,354,,,,3269,7,115
NO1,1988,29,1106,792,,,,3608,2,524
NO1,1988,30,262,468,,,,3411,2,347
NO1,1988,31,4,316,,,,3107,1,49
NO1,1988,32,-7,253,,,,2884,0,-200
NO1,1988,33,1028,403,,,,3523,0,442
NO1,1988,34,245,523,,,,3251,0,164
NO1,1988,35,1133,511,,,,3872,0,783
NO1,1988,36,90,606,,,,3371,0,273
NO1,1988,37,807,471,,,,3704,4,583
NO1,1988,38,394,367,,,,3718,10,522
NO1,1988,39,429,386,,,,3679,80,460
NO1,1988,40,550,334,,,,3863,93,567
NO1,1988,41,460,361,,,,3846,206,550
NO1,1988,42,-3,235,,,,3627,188,160
NO1,1988,43,396,176,,,,3480,547,223
NO1,1988,44,133,133,,,,3349,675,77
NO1,1988,45,118,111,,,,3322,707,-105
NO1,1988,46,217,105,,,,3245,892,-178
NO1,1988,47,86,90,,,,3227,905,-370
NO1,1988,48,235,78,,,,3149,1137,-412
NO1,1988,49,355,63,,,,3090,1487,-331
NO1,1988,50,238,52,,,,3042,1722,-356
NO1,1988,51,377,43,,,,3007,2089,-229
NO1,1988,52,482,50,,,,3020,2505,12
NO1,1989,1,91,53,,,,2992,2571,-428
NO1,1989,2,336,65,,,,3032,2799,-409
NO1,1989,3,401,92,,,,3115,3022,-379
NO1,1989,4,102,71,,,,3080,3087,-644
NO1,1989,5,323,85,,,,3167,3235,-689
NO1,1989,6,216,98,,,,3132,3384,-826
NO1,1989,7,445,63,,,,3079,3815,-690
NO1,1989,8,462,55,,,,3049,4252,-515
NO1,1989,9,848,109,,,,3061,4982,17
NO1,1989,10,357,110,,,,3139,5151,84
NO1,1989,11,309,108,,,,3101,5389,136
NO1,1989,12,395,98,,,,3100,5687,316
NO1,1989,13,268,108,,,,3148,5798,390
NO1,1989,14,154,80,,,,3120,5898,449
NO1,1989,15,507,363,,,,4034,5128,659
NO1,1989,16,417,599,,,,4114,4841,629
NO1,1989,17,201,355,,,,3860,4935,773
NO1,1989,18,-39,448,,,,4138,4172,748
NO1,1989,19,426,507,,,,4337,3867,1182
NO1,1989,20,87,800,,,,4374,3099,1074
NO1,1989,21,-207,1007,,,,4107,2118,458
NO1,1989,22,189,439,,,,3903,2053,788
NO1,1989,23,498,609,,,,4043,1785,1194
NO1,1989,24,-445,603,,,,3417,1342,598
NO1,1989,25,-193,581,,,,3064,901,168
NO1,1989,26,482,496,,,,3178,759,408
NO1,1989,27,-370,389,,,,2705,467,-134
NO1,1989,28,187,333,,,,2686,340,-135
NO1,1989,29,-130,212,,,,2407,279,-401
NO1,1989,30,91,284,,,,2368,141,-557
NO1,1989,31,2399,895,,,,3898,119,957
NO1,1989,32,416,644,,,,3730,72,717
NO1,1989,33,41,447,,,,3344,58,320
NO1,1989,34,239,356,,,,3231,53,197
NO1,1989,35,-80,226,,,,2927,52,-110
NO1,1989,36,-61,166,,,,2703,52,-342
NO1,1989,37,289,146,,,,2823,68,-235
NO1,1989,38,153,206,,,,2811,44,-351
NO1,1989,39,-2,159,,,,2658,14,-628
NO1,1989,40,352,139,,,,2835,29,-524
NO1,1989,41,135,128,,,,2758,112,-632
NO1,1989,42,303,123,,,,2949,102,-605
NO1,1989,43,236,149,,,,2900,235,-668
NO1,1989,44,533,165,,,,3180,318,-450
NO1,1989,45,816,265,,,,3557,488,-89
NO1,1989,46,84,240,,,,3383,504,-429
NO1,1989,47,172,132,,,,3249,673,-579
NO1,1989,48,81,96,,,,3155,750,-793
NO1,1989,49,262,77,,,,3087,1001,-821
NO1,1989,50,87,61,,,,3025,1087,-1008
NO1,1989,51,620,58,,,,2979,1694,-652
NO1,1989,52,127,61,,,,2973,1767,-773
NO1,1990,1,89,45,,,,2928,1855,-1208
NO1,1990,2,297,47,,,,2917,2115,-1208
NO1,1990,3,499,63,,,,2918,2549,-1049
NO1,1990,4,466,72,,,,2905,2957,-948
NO1,1990,5,1129,156,,,,3117,3719,-255
NO1,1990,6,342,258,,,,3385,3531,-426
NO1,1990,7,410,150,,,,3259,3914,-412
NO1,1990,8,477,198,,,,3619,3827,-369
NO1,1990,9,445,288,,,,3485,4113,-428
NO1,1990,10,423,133,,,,3384,4500,-321
NO1,1990,11,407,138,,,,3645,4506,-203
NO1,1990,12,271,395,,,,3877,4135,-459
NO1,1990,13,74,222,,,,3799,4059,-698
NO1,1990,14,954,290,,,,3778,4732,-59
NO1,1990,15,196,217,,,,3903,4584,-16
NO1,1990,16,498,380,,,,4004,4596,274
NO1,1990,17,83,532,,,,4384,3751,113
NO1,1990,18,-238,1023,,,,4572,2284,-707
NO1,1990,19,-298,915,,,,3959,1654,-1409
NO1,1990,20,-146,410,,,,3553,1490,-1356
NO1,1990,21,458,283,,,,3681,1522,-565
NO1,1990,22,-54,299,,,,3547,1301,-320
NO1,1990,23,-229,428,,,,3172,1002,-459
NO1,1990,24,-299,357,,,,2752,757,-653
NO1,1990,25,1349,506,,,,3728,608,539
NO1,1990,26,-182,433,,,,3219,494,185
NO1,1990,27,924,478,,,,3722,427,842
NO1,1990,28,278,513,,,,3529,381,748
NO1,1990,29,-269,351,,,,3037,254,205
NO1,1990,30,-163,291,,,,2695,156,-214
NO1,1990,31,434,368,,,,2848,92,-118
NO1,1990,32,-73,234,,,,2572,74,-438
NO1,1990,33,571,265,,,,2922,49,-110
NO1,1990,34,45,237,,,,2750,41,-296
NO1,1990,35,478,234,,,,3026,30,-33
NO1,1990,36,240,280,,,,2985,35,-78
NO1,1990,37,39,208,,,,2825,32,-269
NO1,1990,38,802,266,,,,3313,70,178
NO1,1990,39,20,214,,,,3120,46,-133
NO1,1990,40,567,238,,,,3387,89,87
NO1,1990,41,164,203,,,,3269,169,-64
NO1,1990,42,114,185,,,,3213,152,-290
NO1,1990,43,61,131,,,,3089,202,-512
NO1,1990,44,953,291,,,,3348,598,-2
NO1,1990,45,35,146,,,,3283,551,-300
NO1,1990,46,578,144,,,,3268,997,-51
NO1,1990,47,150,113,,,,3156,1145,-201
NO1,1990,48,169,81,,,,3081,1306,-310
NO1,1990,49,189,100,,,,3114,1359,-435
NO1,1990,50,190,70,,,,3057,1534,-529
NO1,1990,51,183,59,,,,3013,1699,-613
NO1,1990,52,637,118,,,,3072,2159,-282
NO1,1991,1,503,70,,,,3019,2645,-327
NO1,1991,2,492,63,,,,2976,3119,-145
NO1,1991,3,25,38,,,,2938,3144,-434
NO1,1991,4,41,31,,,,2919,3173,-718
NO1,1991,5,48,27,,,,2894,3217,-979
NO1,1991,6,39,22,,,,2872,3256,-1214
NO1,1991,7,56,19,,,,2854,3312,-1419
NO1,1991,8,266,24,,,,2854,3553,-1408
NO1,1991,9,92,31,,,,2842,3626,-1559
NO1,1991,10,272,22,,,,2826,3891,-1489
NO1,1991,11,281,28,,,,2830,4139,-1385
NO1,1991,12,463,72,,,,2937,4422,-1112
NO1,1991,13,39,108,,,,3063,4227,-1266
NO1,1991,14,318,195,,,,3410,3997,-1162
NO1,1991,15,140,365,,,,3877,3299,-1327
NO1,1991,16,189,360,,,,3632,3362,-1331
NO1,1991,17,18,179,,,,3533,3294,-1194
NO1,1991,18,-41,189,,,,3549,3054,-960
NO1,1991,19,-82,260,,,,3780,2476,-765
NO1,1991,20,-33,425,,,,3834,1946,-619
NO1,1991,21,50,438,,,,3752,1621,-394
NO1,1991,22,-129,478,,,,3646,1107,-415
NO1,1991,23,207,317,,,,3573,1056,-5
NO1,1991,24,482,512,,,,3752,834,424
NO1,1991,25,1240,864,,,,4262,678,1144
NO1,1991,26,164,673,,,,3890,522,883
NO1,1991,27,-324,510,,,,3291,275,259
NO1,1991,28,1,425,,,,3037,109,-15
NO1,1991,29,515,346,,,,3261,62,236
NO1,1991,30,-201,295,,,,2825,26,-214
NO1,1991,31,-321,223,,,,2358,5,-696
NO1,1991,32,365,220,,,,2548,2,-535
NO1,1991,33,191,189,,,,2571,1,-509
NO1,1991,34,-126,174,,,,2303,1,-784
NO1,1991,35,-105,132,,,,2090,0,-998
NO1,1991,36,-31,122,,,,1954,8,-1136
NO1,1991,37,389,143,,,,2207,6,-913
NO1,1991,38,320,162,,,,2348,29,-829
NO1,1991,39,796,240,,,,2804,71,-424
NO1,1991,40,848,273,,,,3124,308,43
NO1,1991,41,45,219,,,,3060,201,-242
NO1,1991,42,647,230,,,,3373,299,18
NO1,1991,43,28,190,,,,3245,267,-291
NO1,1991,44,484,161,,,,3242,586,-120
NO1,1991,45,645,330,,,,3308,832,6
NO1,1991,46,490,164,,,,3196,1267,148
NO1,1991,47,74,116,,,,3233,1187,-82
NO1,1991,48,57,225,,,,3382,863,-452
NO1,1991,49,50,139,,,,3241,910,-756
NO1,1991,50,339,106,,,,3205,1175,-740
NO1,1991,51,323,99,,,,3133,1467,-724
NO1,1991,52,408,76,,,,3079,1852,-582
NO1,1992,1,572,79,,,,3084,2337,-570
NO1,1992,2,318,68,,,,3033,2637,-570
NO1,1992,3,346,97,,,,3139,2776,-601
NO1,1992,4,110,76,,,,3074,2875,-862
NO1,1992,5,38,113,,,,3259,2611,-1221
NO1,1992,6,131,91,,,,3232,2674,-1436
NO1,1992,7,479,85,,,,3166,3131,-1287
NO1,1992,8,106,63,,,,3112,3229,-1475
NO1,1992,9,105,59,,,,3086,3299,-1642
NO1,1992,10,269,81,,,,3121,3450,-1635
NO1,1992,11,226,104,,,,3137,3554,-1663
NO1,1992,12,330,119,,,,3270,3630,-1571
NO1,1992,13,386,165,,,,3255,3864,-1437
NO1,1992,14,330,87,,,,3174,4187,-1208
NO1,1992,15,51,91,,,,3322,4004,-1178
NO1,1992,16,250,202,,,,3371,3992,-962
NO1,1992,17,204,113,,,,3325,4128,-569
NO1,1992,18,1096,418,,,,4072,4057,566
NO1,1992,19,74,582,,,,4027,3587,593
NO1,1992,20,104,477,,,,4303,2925,829
NO1,1992,21,-27,1185,,,,4299,1677,208
NO1,1992,22,-373,1012,,,,3609,952,-607
NO1,1992,23,-462,624,,,,2960,493,-1180
NO1,1992,24,-252,419,,,,2537,241,-1383
NO1,1992,25,-118,203,,,,2269,190,-1337
NO1,1992,26,-140,159,,,,2036,133,-1360
NO1,1992,27,18,128,,,,1940,122,-1244
NO1,1992,28,-41,124,,,,1837,78,-1247
NO1,1992,29,470,159,,,,2179,57,-850
NO1,1992,30,551,263,,,,2518,31,-518
NO1,1992,31,342,288,,,,2590,25,-443
NO1,1992,32,335,280,,,,2665,18,-401
NO1,1992,33,969,340,,,,3312,11,242
NO1,1992,34,321,464,,,,3180,9,102
NO1,1992,35,750,467,,,,3439,26,376
NO1,1992,36,466,422,,,,3473,27,402
NO1,1992,37,-3,261,,,,3202,28,104
NO1,1992,38,272,297,,,,3170,32,-3
NO1,1992,39,704,373,,,,3507,8,216
NO1,1992,40,-24,256,,,,3232,7,-150
NO1,1992,41,179,215,,,,3161,32,-310
NO1,1992,42,204,153,,,,3012,219,-424
NO1,1992,43,244,114,,,,2919,440,-444
NO1,1992,44,170,92,,,,2839,598,-511
NO1,1992,45,916,117,,,,2877,1358,102
NO1,1992,46,520,104,,,,2865,1788,338
NO1,1992,47,407,78,,,,2800,2183,482
NO1,1992,48,721,69,,,,2750,2888,940
NO1,1992,49,1003,145,,,,2918,3578,1589
NO1,1992,50,78,85,,,,2839,3651,1370
NO1,1992,51,705,93,,,,2954,4144,1773
NO1,1992,52,22,81,,,,2874,4166,1527
NO1,1992,53,14,50,,,,2827,4176,1270
NO1,1993,1,268,41,,,,2797,4431,1236
NO1,1993,2,703,57,,,,2800,5071,1632
NO1,1993,3,416,62,,,,2785,5440,1708
NO1,1993,4,218,42,,,,2746,5655,1590
NO1,1993,5,514,57,,,,2781,6076,1766
NO1,1993,6,22,48,,,,2776,6054,1488
NO1,1993,7,254,36,,,,2744,6302,1462
NO1,1993,8,313,30,,,,2720,6612,1516
NO1,1993,9,76,21,,,,2702,6685,1361
NO1,1993,10,31,19,,,,2694,6705,1193
NO1,1993,11,134,44,,,,2741,6748,1135
NO1,1993,12,102,49,,,,2728,6812,1069
NO1,1993,13,75,29,,,,2706,6879,1029
NO1,1993,14,75,37,,,,2713,6909,1053
NO1,1993,15,8,37,,,,2744,6850,1091
NO1,1993,16,244,131,,,,3098,6608,1381
NO1,1993,17,-60,1284,,,,4793,3543,315
NO1,1993,18,1067,1927,,,,4673,2734,-155
NO1,1993,19,122,1120,,,,4397,1980,-645
NO1,1993,20,-172,897,,,,3985,1298,-1116
NO1,1993,21,-106,532,,,,3552,1076,-1139
NO1,1993,22,253,352,,,,3547,971,-651
NO1,1993,23,-132,379,,,,3243,751,-640
NO1,1993,24,-22,238,,,,3003,725,-433
NO1,1993,25,104,217,,,,2935,673,-189
NO1,1993,26,-237,279,,,,2610,475,-443
NO1,1993,27,402,230,,,,2809,443,-55
NO1,1993,28,876,576,,,,3216,324,378
NO1,1993,29,438,423,,,,3344,210,467
NO1,1993,30,993,654,,,,3721,166,821
NO1,1993,31,227,508,,,,3484,122,547
NO1,1993,32,807,575,,,,3722,109,746
NO1,1993,33,505,492,,,,3729,109,757
NO1,1993,34,264,410,,,,3572,114,600
NO1,1993,35,401,400,,,,3583,105,599
NO1,1993,36,-70,259,,,,3254,104,260
NO1,1993,37,-8,174,,,,3064,107,45
NO1,1993,38,561,233,,,,3368,124,287
NO1,1993,39,49,182,,,,3229,25,-45
NO1,1993,40,1226,394,,,,3963,107,681
NO1,1993,41,682,483,,,,3876,386,759
NO1,1993,42,179,270,,,,3794,372,511
NO1,1993,43,56,228,,,,3748,242,188
NO1,1993,44,7,153,,,,3591,248,-109
NO1,1993,45,649,149,,,,3575,758,199
NO1,1993,46,212,162,,,,3480,903,68
NO1,1993,47,343,101,,,,3384,1242,125
NO1,1993,48,474,79,,,,3315,1704,322
NO1,1993,49,439,89,,,,3288,2082,463
NO1,1993,50,231,62,,,,3229,2311,420
NO1,1993,51,428,82,,,,3223,2665,563
NO1,1993,52,246,49,,,,3177,2908,572
NO1,1994,1,620,46,,,,3140,3521,670
NO1,1994,2,383,38,,,,3110,3900,770
NO1,1994,3,432,31,,,,3086,4324,893
NO1,1994,4,522,31,,,,3062,4838,1089
NO1,1994,5,418,27,,,,3041,5251,1201
NO1,1994,6,95,20,,,,3022,5345,1025
NO1,1994,7,3,16,,,,3006,5347,769
NO1,1994,8,18,14,,,,2991,5366,541
NO1,1994,9,282,16,,,,2979,5643,596
NO1,1994,10,278,21,,,,2989,5890,673
NO1,1994,11,156,22,,,,2973,6040,658
NO1,1994,12,299,26,,,,2971,6315,815
NO1,1994,13,884,115,,,,3178,6876,1498
NO1,1994,14,211,172,,,,3132,6962,1525
NO1,1994,15,27,153,,,,3239,6732,1468
NO1,1994,16,166,162,,,,3327,6641,1642
NO1,1994,17,252,668,,,,4275,5258,1511
NO1,1994,18,63,876,,,,4616,4083,1137
NO1,1994,19,-62,1492,,,,4791,2306,76
NO1,1994,20,271,845,,,,4284,2207,92
NO1,1994,21,-83,501,,,,4045,1849,127
NO1,1994,22,77,440,,,,4112,1403,347
NO1,1994,23,244,693,,,,3872,1174,412
NO1,1994,24,-116,340,,,,3508,1069,416
NO1,1994,25,317,346,,,,3559,978,741
NO1,1994,26,355,552,,,,3525,797,793
NO1,1994,27,-375,524,,,,2962,446,102
NO1,1994,28,33,399,,,,2785,254,-123
NO1,1994,29,-246,264,,,,2386,153,-548
NO1,1994,30,-72,234,,,,2189,70,-807
NO1,1994,31,188,243,,,,2223,25,-811
NO1,1994,32,492,211,,,,2528,27,-530
NO1,1994,33,923,418,,,,3043,19,-20
NO1,1994,34,1013,554,,,,3511,13,437
NO1,1994,35,-42,400,,,,3069,13,-7
NO1,1994,36,838,332,,,,3551,26,479
NO1,1994,37,611,483,,,,3653,40,568
NO1,1994,38,-121,277,,,,3297,15,107
NO1,1994,39,317,197,,,,3240,160,100
NO1,1994,40,98,176,,,,3268,59,-62
NO1,1994,41,80,171,,,,3175,59,-270
NO1,1994,42,69,125,,,,3060,112,-483
NO1,1994,43,427,196,,,,3260,137,-406
NO1,1994,44,370,165,,,,3240,359,-348
NO1,1994,45,262,159,,,,3264,433,-436
NO1,1994,46,425,115,,,,3158,846,-311
NO1,1994,47,268,159,,,,3321,788,-392
NO1,1994,48,207,134,,,,3252,926,-520
NO1,1994,49,606,110,,,,3196,1476,-236
NO1,1994,50,239,90,,,,3124,1695,-301
NO1,1994,51,486,100,,,,3087,2117,-121
NO1,1994,52,530,83,,,,3054,2597,137
NO1,1995,1,163,57,,-251,-17,3000,2757,-234
NO1,1995,2,358,47,,-185,-15,2963,3107,-170
NO1,1995,3,773,55,,302,30,2951,3837,272
NO1,1995,4,332,45,,301,33,2919,4159,268
NO1,1995,5,523,31,,535,56,2898,4673,480
NO1,1995,6,206,31,,477,75,2887,4857,402
NO1,1995,7,514,48,,729,103,2895,5315,626
NO1,1995,8,359,38,,801,84,2874,5659,717
NO1,1995,9,202,27,,797,116,2857,5850,681
NO1,1995,10,204,23,,807,124,2842,6047,683
NO1,1995,11,489,27,,1146,149,2835,6517,998
NO1,1995,12,232,43,,1227,155,2881,6662,1072
NO1,1995,13,286,41,,1352,119,2861,6928,1234
NO1,1995,14,286,44,,1505,43,2866,7165,1461
NO1,1995,15,96,90,,1503,-32,3062,6975,1534
NO1,1995,16,127,120,,1522,-196,3037,7006,1718
NO1,1995,17,262,290,,1615,-371,3317,6690,1986
NO1,1995,18,33,541,,1551,-389,4289,5215,1941
NO1,1995,19,35,730,,1192,-558,4013,4758,1750
NO1,1995,20,349,326,,1295,-1087,3872,4909,2382
NO1,1995,21,105,832,,1086,-1185,4906,3133,2271
NO1,1995,22,1452,2692,,1916,370,5114,1600,1546
NO1,1995,23,569,1554,,1829,782,4554,1127,1047
NO1,1995,24,143,831,,1696,891,4107,860,806
NO1,1995,25,-30,596,,1381,858,3639,681,524
NO1,1995,26,-324,427,,806,780,3054,501,26
NO1,1995,27,12,234,,554,532,2852,477,22
NO1,1995,28,237,296,,583,475,2956,313,108
NO1,1995,29,509,440,,809,557,3105,235,253
NO1,1995,30,-323,271,,196,507,2594,160,-311
NO1,1995,31,-39,266,,-87,495,2399,78,-582
NO1,1995,32,-163,167,,-579,335,2120,51,-914
NO1,1995,33,-110,159,,-937,208,1908,28,-1145
NO1,1995,34,175,136,,-992,92,1984,19,-1084
NO1,1995,35,-28,118,,-1204,14,1856,15,-1218
NO1,1995,36,824,194,,-487,92,2508,11,-579
NO1,1995,37,52,153,,-612,88,2414,11,-700
NO1,1995,38,-5,119,,-901,-3,2290,18,-898
NO1,1995,39,373,136,,-877,-70,2394,99,-806
NO1,1995,40,523,187,,-530,37,2772,50,-567
NO1,1995,41,130,196,,-611,133,2699,60,-744
NO1,1995,42,433,200,,-417,247,2829,162,-664
NO1,1995,43,438,212,,-220,372,3044,167,-593
NO1,1995,44,141,164,,-397,368,2885,297,-765
NO1,1995,45,65,111,,-706,292,2776,360,-998
NO1,1995,46,47,82,,-1050,166,2692,406,-1217
NO1,1995,47,410,82,,-986,92,2760,663,-1078
NO1,1995,48,146,109,,-1182,56,2733,726,-1238
NO1,1995,49,127,62,,-1379,5,2672,851,-1384
NO1,1995,50,80,74,,-1601,-10,2736,792,-1592
NO1,1995,51,68,54,,-1875,-90,2681,859,-1785
NO1,1995,52,38,41,,-2172,-194,2639,896,-1978
NO1,1996,1,40,31,,-2657,-208,2607,935,-2449
NO1,1996,2,508,32,,-2424,-202,2593,1425,-2222
NO1,1996,3,79,28,,-2645,-198,2574,1495,-2447
NO1,1996,4,27,21,,-2923,-187,2554,1522,-2735
NO1,1996,5,52,17,,-3157,-176,2538,1572,-2981
NO1,1996,6,83,15,,-3339,-175,2524,1655,-3164
NO1,1996,7,400,17,,-3197,-174,2512,2049,-3023
NO1,1996,8,37,12,,-3372,-144,2501,2086,-3229
NO1,1996,9,504,16,,-3042,-91,2493,2582,-2951
NO1,1996,10,21,10,,-3188,-69,2484,2603,-3119
NO1,1996,11,24,8,,-3299,-47,2477,2626,-3252
NO1,1996,12,11,7,,-3395,-30,2469,2637,-3365
NO1,1996,13,78,8,,-3442,-62,2463,2713,-3380
NO1,1996,14,28,8,,-3469,-98,2464,2734,-3372
NO1,1996,15,6,82,,-3584,-205,2677,2447,-3379
NO1,1996,16,9,228,,-3719,-293,3414,1486,-3426
NO1,1996,17,427,459,,-3329,-156,3647,1202,-3173
NO1,1996,18,654,351,,-2668,-253,3691,1457,-2415
NO1,1996,19,120,307,,-2685,-626,3545,1418,-2058
NO1,1996,20,543,558,,-2268,-785,3811,1104,-1484
NO1,1996,21,170,385,,-2212,-1147,3874,827,-1065
NO1,1996,22,201,403,,-1994,-1315,3763,726,-679
NO1,1996,23,-231,382,,-2201,-1426,3311,547,-775
NO1,1996,24,16,404,,-2072,-1365,3062,392,-707
NO1,1996,25,782,508,,-1288,-1205,3390,323,-83
NO1,1996,26,-313,331,,-1709,-1246,2868,198,-463
NO1,1996,27,1022,463,,-638,-952,3452,168,313
NO1,1996,28,-127,344,,-949,-938,3023,127,-11
NO1,1996,29,-145,236,,-1312,-1000,2674,101,-312
NO1,1996,30,24,227,,-1522,-1052,2546,50,-470
NO1,1996,31,74,197,,-1691,-1116,2444,40,-575
NO1,1996,32,-121,170,,-2050,-1188,2200,22,-862
NO1,1996,33,-228,137,,-2451,-1269,1891,8,-1183
NO1,1996,34,333,150,,-2229,-1275,2131,2,-954
NO1,1996,35,1242,436,,-1188,-1066,2966,1,-122
NO1,1996,36,-40,269,,-1463,-1048,2682,1,-415
NO1,1996,37,255,187,,-1503,-1125,2722,25,-379
NO1,1996,38,-131,148,,-1931,-1215,2489,1,-716
NO1,1996,39,668,158,,-1511,-1197,2932,53,-314
NO1,1996,40,895,351,,-934,-1068,3400,121,133
NO1,1996,41,97,256,,-1124,-986,3297,68,-138
NO1,1996,42,797,330,,-659,-828,3683,142,169
NO1,1996,43,93,293,,-959,-778,3491,131,-181
NO1,1996,44,1165,396,,-184,-615,3713,665,431
NO1,1996,45,670,353,,101,-457,3691,1000,558
NO1,1996,46,80,195,,-157,-415,3522,1052,258
NO1,1996,47,481,181,,12,-358,3421,1450,370
NO1,1996,48,104,116,,-179,-339,3304,1554,160
NO1,1996,49,469,131,,9,-279,3271,1924,288
NO1,1996,50,236,105,,-57,-264,3225,2102,207
NO1,1996,51,213,77,,-154,-291,3150,2312,137
NO1,1996,52,56,58,,-414,-361,3092,2368,-53
NO1,1997,1,19,45,,-933,-374,3045,2387,-559
NO1,1997,2,102,37,,-1135,-391,3008,2488,-744
NO1,1997,3,359,51,,-1076,-360,3021,2779,-716
NO1,1997,4,38,42,,-1360,-345,2989,2807,-1015
NO1,1997,5,105,38,,-1527,-299,2978,2884,-1228
NO1,1997,6,213,34,,-1524,-222,2959,3081,-1302
NO1,1997,7,478,66,,-1277,-146,2968,3486,-1131
NO1,1997,8,636,42,,-828,-61,2941,4107,-767
NO1,1997,9,448,81,,-592,19,2986,4428,-612
NO1,1997,10,160,85,,-643,74,3026,4463,-717
NO1,1997,11,26,85,,-803,122,3027,4402,-924
NO1,1997,12,13,53,,-946,137,2972,4415,-1083
NO1,1997,13,390,61,,-708,135,2990,4723,-843
NO1,1997,14,382,146,,-489,131,3117,4832,-620
NO1,1997,15,168,92,,-444,38,3102,4919,-482
NO1,1997,16,98,110,,-435,-117,3146,4862,-318
NO1,1997,17,79,75,,-399,-382,3076,4927,-18
NO1,1997,18,12,219,,-349,-594,3553,4254,245
NO1,1997,19,1782,597,,1147,-801,4226,4743,1948
NO1,1997,20,328,1034,,935,-915,4468,3781,1850
NO1,1997,21,184,730,,592,-1313,4148,3525,1906
NO1,1997,22,-10,533,,406,-1543,4222,2896,1950
NO1,1997,23,-402,986,,-350,-1414,3959,1739,1064
NO1,1997,24,-284,932,,-645,-936,3460,992,291
NO1,1997,25,72,498,,-585,-800,3200,811,214
NO1,1997,26,886,520,,310,-524,3699,664,834
NO1,1997,27,356,848,,554,12,3457,391,542
NO1,1997,28,-293,399,,-48,-41,2915,239,-7
NO1,1997,29,-207,301,,-504,-74,2528,129,-430
NO1,1997,30,18,259,,-709,-83,2377,64,-625
NO1,1997,31,287,237,,-579,-28,2472,36,-551
NO1,1997,32,-256,193,,-1121,-141,2091,13,-980
NO1,1997,33,-196,154,,-1492,-223,1808,4,-1269
NO1,1997,34,304,144,,-1360,-298,2024,2,-1061
NO1,1997,35,1176,302,,-321,-164,2930,1,-157
NO1,1997,36,900,589,,227,54,3270,1,174
NO1,1997,37,576,380,,378,43,3440,21,335
NO1,1997,38,350,390,,279,62,3362,60,217
NO1,1997,39,-116,260,,-189,72,3027,12,-260
NO1,1997,40,528,242,,-25,56,3214,93,-82
NO1,1997,41,634,323,,288,173,3516,103,116
NO1,1997,42,275,238,,188,191,3467,185,-3
NO1,1997,43,170,197,,-66,113,3298,327,-178
NO1,1997,44,30,139,,-389,47,3255,257,-436
NO1,1997,45,307,127,,-424,24,3179,506,-448
NO1,1997,46,684,219,,-87,80,3323,825,-168
NO1,1997,47,71,130,,-358,57,3210,877,-415
NO1,1997,48,80,92,,-566,60,3116,956,-626
NO1,1997,49,495,78,,-398,20,3045,1445,-418
NO1,1997,50,506,121,,-162,84,3121,1753,-246
NO1,1997,51,57,81,,-398,77,3043,1808,-474
NO1,1997,52,173,57,,-501,47,2987,1978,-548
NO1,1998,1,610,53,,-308,161,2959,2564,-469
NO1,1998,2,511,56,,-95,168,2930,3047,-263
NO1,1998,3,475,93,,53,213,2979,3378,-159
NO1,1998,4,91,58,,-187,233,2923,3468,-420
NO1,1998,5,145,38,,-362,231,2887,3611,-593
NO1,1998,6,236,30,,-403,236,2861,3843,-638
NO1,1998,7,222,41,,-450,250,2867,4017,-700
NO1,1998,8,179,96,,-556,294,3158,3807,-851
NO1,1998,9,377,165,,-506,350,3216,3954,-856
NO1,1998,10,203,100,,-586,348,3117,4154,-934
NO1,1998,11,320,67,,-495,336,3052,4471,-831
NO1,1998,12,131,60,,-578,300,3029,4564,-878
NO1,1998,13,158,72,,-636,242,3054,4623,-878
NO1,1998,14,530,270,,-358,278,3325,4608,-636
NO1,1998,15,343,120,,-175,175,3224,4929,-350
NO1,1998,16,707,131,,399,-8,3235,5498,407
NO1,1998,17,224,247,,551,-134,3773,4934,685
NO1,1998,18,920,1072,,1167,183,4560,3986,983
NO1,1998,19,66,739,,973,148,4429,3417,825
NO1,1998,20,-171,1111,,442,313,4627,1899,128
NO1,1998,21,-114,954,,-256,87,3945,1479,-342
NO1,1998,22,-127,362,,-433,-192,3734,1193,-242
NO1,1998,23,180,407,,-339,-389,3632,1052,51
NO1,1998,24,407,545,,241,-122,3642,883,363
NO1,1998,25,724,566,,883,9,3877,793,874
NO1,1998,26,-167,516,,671,230,3417,552,441
NO1,1998,27,231,505,,778,404,3274,407,374
NO1,1998,28,105,320,,603,306,3126,333,297
NO1,1998,29,301,327,,659,317,3154,275,342
NO1,1998,30,485,363,,882,400,3338,210,481
NO1,1998,31,159,370,,717,438,3177,161,279
NO1,1998,32,152,311,,472,374,3053,129,97
NO1,1998,33,206,259,,418,360,3045,94,58
NO1,1998,34,649,402,,712,414,3292,93,298
NO1,1998,35,5,263,,444,406,3034,92,38
NO1,1998,36,-117,200,,73,350,2745,76,-277
NO1,1998,37,687,259,,565,430,3204,57,135
NO1,1998,38,810,496,,906,524,3541,46,382
NO1,1998,39,-58,271,,381,431,3208,41,-50
NO1,1998,40,227,229,,232,383,3209,28,-152
NO1,1998,41,167,169,,15,295,3184,39,-280
NO1,1998,42,426,186,,55,250,3223,238,-194
NO1,1998,43,876,223,,580,269,3719,395,311
NO1,1998,44,917,503,,894,322,3780,740,572
NO1,1998,45,26,210,,440,242,3566,766,198
NO1,1998,46,276,142,,328,181,3427,1035,147
NO1,1998,47,122,106,,65,92,3328,1146,-27
NO1,1998,48,107,103,,-129,91,3275,1202,-221
NO1,1998,49,42,90,,-415,66,3259,1167,-482
NO1,1998,50,27,73,,-704,38,3184,1194,-742
NO1,1998,51,342,80,,-656,33,3227,1409,-689
NO1,1998,52,347,81,,-628,-14,3159,1740,-614
NO1,1998,53,301,68,,-677,-75,3107,2025,-601
NO1,1999,1,411,62,,-693,-183,3071,2410,-510
NO1,1999,2,398,44,,-618,-213,3031,2803,-405
NO1,1999,3,382,76,,-579,-205,3070,3073,-374
NO1,1999,4,216,60,,-726,-213,3031,3267,-513
NO1,1999,5,548,64,,-479,-168,3056,3724,-311
NO1,1999,6,46,45,,-756,-195,3012,3769,-562
NO1,1999,7,374,36,,-652,-184,2982,4135,-468
NO1,1999,8,428,30,,-469,-168,2957,4558,-301
NO1,1999,9,952,45,,266,-134,2945,5480,399
NO1,1999,10,326,30,,353,-168,2929,5797,520
NO1,1999,11,446,29,,617,-171,2929,6215,789
NO1,1999,12,399,37,,844,-191,2946,6559,1035
NO1,1999,13,61,135,,732,-148,3252,6184,880
NO1,1999,14,333,442,,882,137,3995,5319,745
NO1,1999,15,632,468,,1245,288,3754,5706,957
NO1,1999,16,246,364,,1232,217,3933,5407,1015
NO1,1999,17,17,725,,963,373,4242,4369,590
NO1,1999,18,-34,485,,846,328,4217,3863,518
NO1,1999,19,257,365,,839,-94,4014,3940,933
NO1,1999,20,-57,872,,573,-35,4692,2315,608
NO1,1999,21,176,959,,373,-52,4424,1768,425
NO1,1999,22,254,754,,615,115,4311,1357,499
NO1,1999,23,403,865,,952,405,4100,1080,547
NO1,1999,24,213,659,,1174,623,3819,893,551
NO1,1999,25,230,522,,1207,598,3645,761,610
NO1,1999,26,791,687,,1771,811,3855,633,959
NO1,1999,27,-262,466,,1117,672,3295,456,445
NO1,1999,28,454,482,,1156,599,3414,304,556
NO1,1999,29,523,514,,1290,657,3498,222,633
NO1,1999,30,-317,341,,545,540,2927,144,5
NO1,1999,31,-70,283,,131,447,2671,72,-316
NO1,1999,32,224,231,,-3,334,2686,61,-337
NO1,1999,33,-116,161,,-385,213,2432,51,-598
NO1,1999,34,72,147,,-536,127,2385,38,-664
NO1,1999,35,36,163,,-653,109,2302,25,-762
NO1,1999,36,9,154,,-823,66,2191,17,-890
NO1,1999,37,632,165,,-374,58,2683,10,-432
NO1,1999,38,614,305,,26,210,3013,8,-184
NO1,1999,39,1079,451,,747,413,3591,41,334
NO1,1999,40,460,459,,666,418,3543,94,248
NO1,1999,41,208,279,,391,329,3452,113,62
NO1,1999,42,110,184,,91,259,3311,176,-168
NO1,1999,43,455,243,,79,186,3481,215,-107
NO1,1999,44,222,252,,-60,230,3500,157,-290
NO1,1999,45,32,173,,-371,247,3368,147,-618
NO1,1999,46,121,130,,-607,207,3239,262,-814
NO1,1999,47,467,159,,-475,219,3399,407,-695
NO1,1999,48,641,180,,-198,237,3393,870,-435
NO1,1999,49,612,125,,78,238,3289,1459,-160
NO1,1999,50,385,91,,122,202,3201,1839,-80
NO1,1999,51,551,104,,363,201,3251,2236,162
NO1,1999,52,316,141,,276,127,3161,2502,150
NO1,2000,1,373,81,,136,174,3149,2804,-38
NO1,2000,2,92,79,,-118,156,3100,2864,-275
NO1,2000,3,378,81,,-146,109,3077,3184,-255
NO1,2000,4,321,54,,-207,78,3033,3493,-284
NO1,2000,5,379,49,,-161,71,3006,3853,-232
NO1,2000,6,219,61,,-278,47,3026,3991,-325
NO1,2000,7,171,59,,-448,6,2992,4138,-454
NO1,2000,8,194,37,,-528,-1,2957,4330,-528
NO1,2000,9,601,58,,-184,12,2972,4858,-196
NO1,2000,10,303,48,,-122,-2,2955,5132,-119
NO1,2000,11,174,36,,-147,-18,2933,5292,-129
NO1,2000,12,39,52,,-274,-16,2949,5263,-259
NO1,2000,13,131,43,,-294,-37,2963,5336,-256
NO1,2000,14,727,53,,343,-63,2940,6035,407
NO1,2000,15,205,117,,429,-132,3093,5971,561
NO1,2000,16,594,351,,909,-69,3793,5511,978
NO1,2000,17,363,748,,1106,233,4405,4489,873
NO1,2000,18,92,1373,,985,967,4565,3015,18
NO1,2000,19,-233,1152,,336,1198,4254,1905,-862
NO1,2000,20,-33,957,,15,1277,3988,1149,-1262
NO1,2000,21,327,501,,61,881,3950,997,-820
NO1,2000,22,684,600,,407,554,4023,997,-147
NO1,2000,23,-253,366,,0,244,3523,867,-244
NO1,2000,24,61,369,,62,156,3197,870,-94
NO1,2000,25,263,456,,330,271,3213,642,59
NO1,2000,26,892,500,,1212,507,3708,526,705
NO1,2000,27,335,632,,1320,703,3543,381,617
NO1,2000,28,527,472,,1499,688,3656,317,811
NO1,2000,29,-94,412,,1010,624,3271,201,385
NO1,2000,30,17,381,,692,630,3021,107,62
NO1,2000,31,-2,286,,384,581,2799,62,-197
NO1,2000,32,206,239,,200,444,2795,46,-244
NO1,2000,33,508,272,,435,421,3063,33,15
NO1,2000,34,237,300,,381,426,3013,29,-45
NO1,2000,35,175,259,,365,478,2956,20,-113
NO1,2000,36,425,259,,537,490,3115,31,47
NO1,2000,37,-71,200,,162,411,2849,28,-249
NO1,2000,38,-52,164,,-187,348,2651,19,-536
NO1,2000,39,190,159,,-240,349,2709,1,-589
NO1,2000,40,305,178,,-241,309,2838,1,-550
NO1,2000,41,1818,738,,1047,642,3844,64,405
NO1,2000,42,535,477,,1028,726,3908,48,301
NO1,2000,43,578,467,,886,634,3854,201,253
NO1,2000,44,1413,567,,1626,679,4104,791,947
NO1,2000,45,970,614,,1822,713,4204,1039,1109
NO1,2000,46,1029,626,,2021,706,4174,1457,1316
NO1,2000,47,1625,691,,2841,786,4156,2400,2055
NO1,2000,48,540,429,,2759,796,4026,2635,1964
NO1,2000,49,487,399,,2731,898,4150,2591,1833
NO1,2000,50,554,397,,2790,1018,4049,2842,1772
NO1,2000,51,31,222,,2328,957,3825,2871,1370
NO1,2000,52,227,143,,2099,836,3681,3096,1263
NO1,2001,1,651,117,,2175,858,3595,3714,1317
NO1,2001,2,261,107,,2021,797,3520,3943,1224
NO1,2001,3,6,72,,1582,702,3447,3949,880
NO1,2001,4,605,84,,1790,685,3413,4503,1106
NO1,2001,5,37,61,,1417,615,3355,4537,801
NO1,2001,6,275,49,,1337,561,3309,4809,776
NO1,2001,7,335,45,,1337,515,3284,5123,823
NO1,2001,8,220,48,,1210,447,3259,5320,763
NO1,2001,9,83,36,,1009,409,3224,5402,600
NO1,2001,10,163,30,,919,366,3205,5553,552
NO1,2001,11,479,78,,1123,317,3230,5930,806
NO1,2001,12,7,39,,900,242,3191,5937,657
NO1,2001,13,100,29,,811,168,3169,6029,643
NO1,2001,14,705,147,,1314,130,3351,6402,1184
NO1,2001,15,157,157,,1252,2,3301,6452,1250
NO1,2001,16,78,84,,1204,-217,3283,6464,1421
NO1,2001,17,515,338,,1568,-328,3700,6218,1896
NO1,2001,18,236,537,,1644,-416,3981,5641,2060
NO1,2001,19,-134,1033,,983,-413,4815,3602,1396
NO1,2001,20,211,1460,,400,-311,4598,2512,711
NO1,2001,21,-79,784,,102,-349,4288,1931,451
NO1,2001,22,119,856,,54,-227,4144,1305,280
NO1,2001,23,302,667,,140,-284,4076,982,424
NO1,2001,24,55,466,,131,-341,3825,809,472
NO1,2001,25,253,613,,423,-34,3758,495,457
NO1,2001,26,-229,508,,93,120,3257,245,-27
NO1,2001,27,45,422,,56,231,3028,104,-175
NO1,2001,28,807,491,,614,318,3409,49,296
NO1,2001,29,495,455,,743,326,3469,35,417
NO1,2001,30,-114,362,,258,274,3032,18,-17
NO1,2001,31,462,257,,459,251,3256,11,208
NO1,2001,32,875,494,,779,205,3650,10,575
NO1,2001,33,37,391,,407,159,3325,4,248
NO1,2001,34,-41,298,,61,127,3020,2,-66
NO1,2001,35,371,285,,188,159,3117,1,29
NO1,2001,36,151,251,,53,128,3021,2,-75
NO1,2001,37,886,361,,552,120,3556,1,432
NO1,2001,38,160,334,,378,184,3399,1,194
NO1,2001,39,-80,222,,-90,103,3096,9,-194
NO1,2001,40,688,299,,290,200,3466,13,90
NO1,2001,41,1306,633,,1021,381,4108,35,640
NO1,2001,42,117,358,,604,356,3882,21,248
NO1,2001,43,481,270,,620,314,4066,43,306
NO1,2001,44,643,361,,756,322,4057,325,434
NO1,2001,45,289,258,,558,284,3854,553,273
NO1,2001,46,269,182,,353,178,3709,782,176
NO1,2001,47,94,140,,54,116,3578,861,-62
NO1,2001,48,829,136,,550,119,3523,1605,431
NO1,2001,49,364,123,,569,107,3428,1941,461
NO1,2001,50,42,88,,308,107,3376,1945,201
NO1,2001,51,211,87,,180,62,3335,2108,118
NO1,2001,52,147,67,,-8,-17,3269,2253,9
NO1,2002,1,196,55,,-356,-28,3216,2447,-328
NO1,2002,2,17,42,,-670,-68,3174,2463,-602
NO1,2002,3,307,64,,-699,-62,3211,2667,-638
NO1,2002,4,667,61,,-398,-73,3163,3323,-325
NO1,2002,5,846,50,,132,-59,3132,4150,191
NO1,2002,6,560,127,,393,20,3208,4508,373
NO1,2002,7,311,73,,416,46,3174,4781,370
NO1,2002,8,205,63,,323,43,3140,4955,280
NO1,2002,9,128,42,,185,28,3100,5082,156
NO1,2002,10,415,39,,362,11,3086,5470,350
NO1,2002,11,176,41,,311,-26,3068,5623,337
NO1,2002,12,514,93,,585,-58,3120,5993,642
NO1,2002,13,7,76,,402,-88,3221,5824,489
NO1,2002,14,62,185,,274,-79,3569,5354,354
NO1,2002,15,122,274,,205,-50,3704,5054,255
NO1,2002,16,11,301,,45,-93,3872,4592,138
NO1,2002,17,195,776,,51,221,4592,3259,-170
NO1,2002,18,1002,1000,,666,388,4648,3193,279
NO1,2002,19,-198,974,,-100,285,4563,2074,-385
NO1,2002,20,-72,860,,-367,355,4061,1616,-721
NO1,2002,21,368,615,,-20,340,4174,1232,-361
NO1,2002,22,711,922,,699,696,4088,1083,3
NO1,2002,23,-568,558,,-15,596,3311,712,-611
NO1,2002,24,308,491,,306,644,3266,557,-338
NO1,2002,25,205,349,,388,514,3198,472,-126
NO1,2002,26,322,325,,549,420,3228,430,129
NO1,2002,27,390,366,,781,417,3291,380,364
NO1,2002,28,894,582,,1398,582,3691,286,816
NO1,2002,29,51,471,,1009,530,3385,180,479
NO1,2002,30,177,450,,717,478,3177,128,239
NO1,2002,31,-347,312,,18,395,2622,61,-376
NO1,2002,32,-107,279,,-515,228,2312,29,-743
NO1,2002,33,219,247,,-582,140,2347,12,-722
NO1,2002,34,-266,186,,-1089,27,1967,4,-1116
NO1,2002,35,154,153,,-1109,-34,2012,2,-1075
NO1,2002,36,366,157,,-905,-58,2250,2,-846
NO1,2002,37,-90,157,,-1200,-128,2052,1,-1073
NO1,2002,38,154,122,,-1378,-257,2067,18,-1120
NO1,2002,39,60,109,,-1636,-387,2034,16,-1249
NO1,2002,40,260,110,,-1693,-493,2164,24,-1200
NO1,2002,41,51,94,,-1959,-606,2088,62,-1353
NO1,2002,42,115,71,,-2171,-710,2046,148,-1461
NO1,2002,43,1260,118,,-1258,-794,2230,1108,-464
NO1,2002,44,103,112,,-1508,-894,2149,1185,-614
NO1,2002,45,300,64,,-1584,-1019,2112,1456,-566
NO1,2002,46,352,50,,-1582,-1137,2069,1802,-444
NO1,2002,47,92,36,,-1785,-1211,2037,1891,-574
NO1,2002,48,280,31,,-1741,-1221,2011,2167,-520
NO1,2002,49,132,24,,-1829,-1207,1989,2297,-622
NO1,2002,50,9,18,,-2069,-1226,1971,2305,-843
NO1,2002,51,102,16,,-2211,-1248,1956,2406,-963
NO1,2002,52,213,15,,-2219,-1265,1943,2617,-954
NO1,2003,1,227,16,,-2452,-1233,1931,2841,-1219
NO1,2003,2,145,12,,-2585,-1251,1920,2985,-1334
NO1,2003,3,257,21,,-2522,-1146,1950,3190,-1376
NO1,2003,4,825,68,,-1935,-1021,1978,3919,-913
NO1,2003,5,204,45,,-1986,-953,1962,4096,-1033
NO1,2003,6,516,32,,-1652,-855,1940,4605,-797
NO1,2003,7,56,18,,-1744,-744,1927,4657,-1000
NO1,2003,8,1,12,,-1893,-650,1915,4658,-1243
NO1,2003,9,1,9,,-2027,-565,1905,4659,-1462
NO1,2003,10,317,11,,-1847,-512,1898,4972,-1335
NO1,2003,11,97,21,,-1868,-462,1924,5024,-1406
NO1,2003,12,12,34,,-1985,-439,1980,4946,-1545
NO1,2003,13,15,65,,-2122,-440,2169,4704,-1682
NO1,2003,14,246,106,,-2006,-449,2202,4810,-1558
NO1,2003,15,106,66,,-2007,-552,2153,4896,-1455
NO1,2003,16,-13,215,,-2095,-593,3169,3655,-1502
NO1,2003,17,48,746,,-2451,-528,3725,2374,-1923
NO1,2003,18,723,568,,-1934,-606,3691,2544,-1328
NO1,2003,19,233,512,,-1874,-811,3811,2147,-1063
NO1,2003,20,598,753,,-1537,-911,4007,1766,-626
NO1,2003,21,434,863,,-1306,-850,4184,1128,-455
NO1,2003,22,58,810,,-1282,-650,3788,748,-632
NO1,2003,23,-148,594,,-1308,-444,3381,388,-865
NO1,2003,24,166,438,,-1038,-361,3220,264,-677
NO1,2003,25,55,295,,-958,-399,3050,188,-559
NO1,2003,26,322,427,,-699,-301,3031,99,-399
NO1,2003,27,141,339,,-561,-199,2899,45,-362
NO1,2003,28,280,304,,-486,-266,2920,21,-221
NO1,2003,29,-230,269,,-867,-279,2496,3,-588
NO1,2003,30,273,272,,-797,-272,2539,2,-525
NO1,2003,31,-15,253,,-1044,-296,2309,1,-748
NO1,2003,32,-220,181,,-1545,-415,1953,1,-1131
NO1,2003,33,1895,581,,-56,-277,3301,1,221
NO1,2003,34,194,445,,-279,-267,3075,1,-12
NO1,2003,35,7,296,,-618,-322,2792,1,-296
NO1,2003,36,-89,198,,-945,-370,2522,0,-575
NO1,2003,37,109,179,,-1035,-379,2469,0,-656
NO1,2003,38,117,147,,-1193,-435,2444,4,-758
NO1,2003,39,1366,388,,-184,-314,3406,23,130
NO1,2003,40,163,290,,-404,-308,3261,32,-96
NO1,2003,41,183,209,,-560,-324,3170,97,-235
NO1,2003,42,16,158,,-883,-352,3020,104,-531
NO1,2003,43,128,113,,-1153,-486,2906,230,-667
NO1,2003,44,423,116,,-1039,-529,2976,462,-510
NO1,2003,45,451,215,,-949,-491,3172,503,-459
NO1,2003,46,82,136,,-1202,-503,3067,550,-698
NO1,2003,47,223,101,,-1289,-524,2982,753,-765
NO1,2003,48,332,87,,-1206,-489,2950,1031,-717
NO1,2003,49,476,155,,-1036,-427,3008,1291,-608
NO1,2003,50,312,92,,-992,-389,2961,1556,-603
NO1,2003,51,381,91,,-907,-388,3008,1798,-519
NO1,2003,52,497,87,,-689,-389,2968,2245,-300
NO1,2004,1,126,76,,-1089,-361,2906,2357,-728
NO1,2004,2,345,52,,-1036,-353,2858,2698,-683
NO1,2004,3,359,42,,-1020,-377,2823,3050,-643
NO1,2004,4,190,32,,-1174,-394,2793,3238,-780
NO1,2004,5,472,31,,-1021,-403,2768,3704,-618
NO1,2004,6,495,37,,-764,-353,2783,4148,-411
NO1,2004,7,256,34,,-779,-349,2758,4396,-430
NO1,2004,8,93,31,,-976,-377,2753,4464,-599
NO1,2004,9,88,23,,-1145,-401,2731,4551,-744
NO1,2004,10,27,19,,-1332,-415,2718,4572,-917
NO1,2004,11,76,16,,-1443,-437,2703,4645,-1006
NO1,2004,12,546,157,,-1114,-377,3028,4707,-737
NO1,2004,13,136,133,,-1230,-410,2940,4796,-820
NO1,2004,14,39,138,,-1335,-403,3038,4599,-932
NO1,2004,15,254,192,,-1215,-408,3140,4557,-807
NO1,2004,16,7,249,,-1299,-423,3605,3844,-876
NO1,2004,17,226,709,,-1199,-119,4157,2784,-1080
NO1,2004,18,394,924,,-907,259,4303,2093,-1166
NO1,2004,19,280,1170,,-430,1129,4328,1134,-1559
NO1,2004,20,-51,733,,-833,914,3745,906,-1747
NO1,2004,21,73,311,,-973,393,3475,926,-1365
NO1,2004,22,-43,253,,-1116,-49,3284,817,-1066
NO1,2004,23,-345,311,,-1559,-358,2882,551,-1201
NO1,2004,24,200,306,,-1256,-411,2888,429,-844
NO1,2004,25,254,243,,-969,-491,2925,393,-478
NO1,2004,26,644,338,,-320,-409,3274,344,89
NO1,2004,27,463,477,,-17,-304,3336,257,287
NO1,2004,28,-107,364,,-417,-374,2923,194,-44
NO1,2004,29,-32,249,,-643,-393,2686,152,-250
NO1,2004,30,218,260,,-660,-397,2705,98,-263
NO1,2004,31,-196,238,,-1092,-426,2342,51,-666
NO1,2004,32,409,277,,-944,-432,2557,16,-512
NO1,2004,33,-342,213,,-1509,-508,2078,3,-1000
NO1,2004,34,944,232,,-771,-506,2818,4,-266
NO1,2004,35,133,245,,-814,-445,2717,2,-370
NO1,2004,36,729,378,,-174,-165,3088,1,-9
NO1,2004,37,-110,231,,-606,-249,2768,1,-357
NO1,2004,38,811,306,,-152,-220,3262,11,67
NO1,2004,39,847,505,,250,-56,3581,24,307
NO1,2004,40,159,324,,-79,-113,3388,34,34
NO1,2004,41,776,448,,259,28,3669,65,231
NO1,2004,42,59,241,,-100,5,3480,69,-106
NO1,2004,43,470,258,,-69,-21,3589,167,-48
NO1,2004,44,222,239,,-248,-35,3470,264,-213
NO1,2004,45,320,196,,-331,-50,3533,320,-280
NO1,2004,46,346,187,,-362,-55,3482,526,-307
NO1,2004,47,487,143,,-254,-101,3355,993,-153
NO1,2004,48,761,110,,192,-107,3260,1737,299
NO1,2004,49,54,81,,-62,-123,3182,1787,61
NO1,2004,50,143,97,,-202,-95,3188,1825,-107
NO1,2004,51,255,119,,-245,-66,3254,1892,-179
NO1,2004,52,258,101,,-325,-113,3167,2134,-212
NO1,2004,53,349,71,,-307,-152,3110,2468,-155
NO1,2005,1,737,82,,10,-229,3148,3083,239
NO1,2005,2,637,159,,251,-218,3164,3544,469
NO1,2005,3,512,135,,367,-201,3187,3896,568
NO1,2005,4,169,76,,157,-209,3113,4064,366
NO1,2005,5,354,66,,139,-235,3092,4372,374
NO1,2005,6,225,54,,34,-258,3049,4586,292
NO1,2005,7,48,39,,-225,-283,3012,4631,58
NO1,2005,8,17,31,,-486,-298,2981,4647,-187
NO1,2005,9,170,27,,-563,-308,2956,4814,-256
NO1,2005,10,259,29,,-568,-362,2947,5053,-205
NO1,2005,11,324,26,,-488,-433,2925,5373,-55
NO1,2005,12,2,30,,-607,-407,2988,5284,-199
NO1,2005,13,-4,104,,-812,-421,3089,5076,-391
NO1,2005,14,343,229,,-634,-333,3399,4868,-302
NO1,2005,15,35,217,,-689,-269,3479,4604,-420
NO1,2005,16,69,179,,-665,-306,3405,4562,-358
NO1,2005,17,181,261,,-468,-325,3975,3904,-143
NO1,2005,18,121,563,,-392,-252,4002,3421,-140
NO1,2005,19,67,338,,-443,-565,3897,3247,123
NO1,2005,20,508,356,,-27,-905,4133,3144,878
NO1,2005,21,277,919,,-35,-883,4323,2292,848
NO1,2005,22,86,596,,-73,-996,4111,1980,922
NO1,2005,23,-84,467,,-226,-1117,3811,1714,891
NO1,2005,24,747,854,,643,-583,3977,1410,1226
NO1,2005,25,-272,667,,381,-247,3370,1054,628
NO1,2005,26,-217,389,,73,-204,3004,801,276
NO1,2005,27,-233,483,,-218,10,2644,435,-228
NO1,2005,28,27,343,,-450,-53,2512,253,-397
NO1,2005,29,757,386,,103,41,3019,129,61
NO1,2005,30,-9,321,,-194,36,2761,74,-230
NO1,2005,31,361,253,,-77,23,2909,49,-100
NO1,2005,32,976,503,,439,75,3416,33,365
NO1,2005,33,-266,306,,-230,-50,2883,19,-180
NO1,2005,34,688,340,,165,-13,3250,15,178
NO1,2005,35,208,329,,89,22,3147,9,67
NO1,2005,36,84,299,,-97,43,2940,17,-140
NO1,2005,37,249,247,,-193,-26,2940,19,-167
NO1,2005,38,-26,199,,-505,-46,2740,6,-459
NO1,2005,39,427,177,,-335,-15,2964,15,-320
NO1,2005,40,97,192,,-537,-52,2899,5,-485
NO1,2005,41,248,181,,-569,-51,2970,14,-519
NO1,2005,42,355,150,,-523,-52,2982,202,-471
NO1,2005,43,698,190,,-117,-7,3429,264,-110
NO1,2005,44,1038,695,,453,379,3998,23,74
NO1,2005,45,498,495,,352,474,3923,90,-121
NO1,2005,46,468,308,,377,526,3733,433,-149
NO1,2005,47,408,218,,381,531,3640,710,-151
NO1,2005,48,141,163,,102,474,3477,848,-372
NO1,2005,49,346,126,,126,489,3376,1168,-364
NO1,2005,50,279,118,,66,484,3336,1365,-418
NO1,2005,51,290,90,,-1,426,3248,1651,-427
NO1,2005,52,259,74,,-114,315,3178,1906,-430
NO1,2006,1,32,57,,-660,273,3121,1937,-933
NO1,2006,2,159,66,,-832,257,3112,2037,-1090
NO1,2006,3,785,61,,-377,266,3061,2812,-643
NO1,2006,4,84,42,,-636,258,3023,2894,-894
NO1,2006,5,133,49,,-823,269,3069,2930,-1092
NO1,2006,6,802,52,,-339,251,3029,3723,-590
NO1,2006,7,393,35,,-237,237,2999,4111,-474
NO1,2006,8,35,26,,-487,210,2980,4139,-696
NO1,2006,9,313,27,,-491,131,2957,4448,-621
NO1,2006,10,59,20,,-699,63,2938,4506,-762
NO1,2006,11,15,16,,-900,12,2922,4520,-912
NO1,2006,12,71,15,,-1031,-58,2908,4590,-973
NO1,2006,13,538,30,,-695,-147,2919,5089,-548
NO1,2006,14,332,39,,-458,-191,2946,5357,-266
NO1,2006,15,335,84,,-183,-236,3023,5533,53
NO1,2006,16,58,145,,-201,-345,3094,5376,144
NO1,2006,17,228,301,,-23,-388,3480,4907,366
NO1,2006,18,306,761,,201,-166,4549,3380,367
NO1,2006,19,-119,1846,,-830,294,4446,1451,-1124
NO1,2006,20,499,711,,-580,160,4392,1267,-739
NO1,2006,21,868,1015,,-297,-16,4420,1065,-282
NO1,2006,22,-222,488,,-745,-337,3919,841,-408
NO1,2006,23,-358,386,,-1183,-548,3474,525,-635
NO1,2006,24,-455,482,,-1598,-485,2858,191,-1112
NO1,2006,25,251,312,,-1282,-471,2882,103,-811
NO1,2006,26,-139,253,,-1487,-571,2571,42,-916
NO1,2006,27,-245,210,,-1760,-657,2192,11,-1104
NO1,2006,28,355,222,,-1539,-731,2345,8,-808
NO1,2006,29,-164,161,,-1791,-786,2077,4,-1006
NO1,2006,30,198,188,,-1752,-839,2151,2,-913
NO1,2006,31,250,228,,-1668,-840,2229,1,-828
NO1,2006,32,260,206,,-1665,-907,2326,1,-758
NO1,2006,33,519,270,,-1350,-888,2619,0,-462
NO1,2006,34,288,273,,-1209,-793,2670,0,-416
NO1,2006,35,291,275,,-969,-591,2711,0,-377
NO1,2006,36,897,431,,-403,-490,3182,3,87
NO1,2006,37,-194,245,,-891,-550,2786,0,-340
NO1,2006,38,-80,201,,-1278,-614,2541,0,-664
NO1,2006,39,400,198,,-1136,-602,2765,0,-534
NO1,2006,40,885,283,,-464,-435,3344,16,-29
NO1,2006,41,128,283,,-654,-363,3199,12,-291
NO1,2006,42,774,249,,-227,-303,3441,290,76
NO1,2006,43,779,353,,125,-228,3578,578,352
NO1,2006,44,780,257,,461,-269,3400,1277,730
NO1,2006,45,258,195,,346,-258,3337,1400,604
NO1,2006,46,748,228,,777,-160,3414,1839,938
NO1,2006,47,1003,394,,1377,23,3636,2220,1354
NO1,2006,48,450,436,,1349,188,3892,1966,1161
NO1,2006,49,842,394,,1700,315,3917,2376,1386
NO1,2006,50,552,317,,1850,450,3799,2721,1400
NO1,2006,51,62,194,,1519,460,3716,2668,1059
NO1,2006,52,183,206,,1312,474,3721,2631,838
NO1,2007,1,624,190,,1333,542,3637,3145,791
NO1,2007,2,1043,213,,2000,630,3634,3975,1370
NO1,2007,3,745,158,,2323,643,3513,4682,1679
NO1,2007,4,316,104,,2200,604,3413,4994,1596
NO1,2007,5,389,84,,2207,585,3351,5361,1622
NO1,2007,6,165,75,,1983,522,3290,5513,1461
NO1,2007,7,141,54,,1782,478,3239,5649,1304
NO1,2007,8,384,48,,1807,400,3196,6027,1408
NO1,2007,9,438,43,,1931,337,3164,6455,1593
NO1,2007,10,377,69,,2021,300,3173,6755,1722
NO1,2007,11,149,146,,1869,296,3366,6562,1574
NO1,2007,12,196,118,,1784,251,3305,6699,1533
NO1,2007,13,-5,143,,1450,150,3437,6418,1300
NO1,2007,14,37,181,,1202,61,3484,6226,1140
NO1,2007,15,174,172,,1142,-61,3759,5947,1203
NO1,2007,16,128,456,,954,-77,3982,5374,1031
NO1,2007,17,130,668,,947,167,4513,4289,780
NO1,2007,18,-151,936,,575,445,4507,3186,130
NO1,2007,19,153,655,,464,324,4211,2951,140
NO1,2007,20,618,557,,821,9,4412,2798,812
NO1,2007,21,-132,677,,278,-339,4122,2263,618
NO1,2007,22,758,949,,892,-104,4366,1797,995
NO1,2007,23,-651,896,,70,118,3498,1089,-48
NO1,2007,24,122,522,,134,123,3299,874,11
NO1,2007,25,551,470,,754,310,3626,615,445
NO1,2007,26,18,573,,558,412,3230,446,146
NO1,2007,27,580,628,,1160,852,3322,293,308
NO1,2007,28,683,697,,1308,880,3388,201,428
NO1,2007,29,315,485,,1172,840,3282,138,333
NO1,2007,30,136,378,,776,660,3087,95,116
NO1,2007,31,60,273,,482,565,2897,79,-83
NO1,2007,32,99,273,,181,426,2803,37,-245
NO1,2007,33,968,521,,812,592,3275,26,220
NO1,2007,34,-285,285,,103,430,2746,14,-327
NO1,2007,35,-8,189,,-217,310,2543,19,-526
NO1,2007,36,134,174,,-361,211,2510,16,-572
NO1,2007,37,286,185,,-350,152,2588,36,-502
NO1,2007,38,303,176,,-363,87,2661,95,-450
NO1,2007,39,232,186,,-367,153,2751,27,-520
NO1,2007,40,435,234,,-275,139,2964,10,-414
NO1,2007,41,227,154,,-401,60,2903,139,-461
NO1,2007,42,125,185,,-630,40,2927,57,-671
NO1,2007,43,49,141,,-981,-72,2872,22,-909
NO1,2007,44,442,147,,-842,-78,2899,284,-764
NO1,2007,45,634,144,,-557,-96,2899,774,-461
NO1,2007,46,81,104,,-805,-141,2840,811,-664
NO1,2007,47,290,96,,-805,-147,2809,1035,-657
NO1,2007,48,1127,97,,71,-104,2778,2094,175
NO1,2007,49,653,120,,460,-42,2797,2612,502
NO1,2007,50,16,72,,209,-24,2727,2626,233
NO1,2007,51,2,46,,-95,-78,2680,2628,-17
NO1,2007,52,419,55,,67,-92,2720,2952,159
NO1,2008,1,434,67,,2,-47,2670,3370,49
NO1,2008,2,679,68,,380,-35,2676,3979,415
NO1,2008,3,1253,163,,1322,92,2779,4967,1230
NO1,2008,4,450,82,,1463,159,2717,5398,1304
NO1,2008,5,505,61,,1649,180,2686,5873,1469
NO1,2008,6,411,56,,1784,209,2667,6250,1574
NO1,2008,7,52,40,,1531,187,2634,6294,1344
NO1,2008,8,213,57,,1471,204,2679,6404,1267
NO1,2008,9,374,90,,1511,173,2696,6669,1339
NO1,2008,10,342,60,,1621,180,2675,6972,1441
NO1,2008,11,497,168,,1848,226,2779,7197,1622
NO1,2008,12,218,72,,1823,171,2711,7411,1651
NO1,2008,13,345,46,,1950,85,2682,7738,1865
NO1,2008,14,483,157,,2250,71,2838,7909,2178
NO1,2008,15,557,152,,2617,-30,2859,8291,2647
NO1,2008,16,112,142,,2606,-191,2872,8251,2797
NO1,2008,17,8,266,,2553,-286,3323,7538,2839
NO1,2008,18,713,1174,,3128,324,4630,5736,2804
NO1,2008,19,-109,1730,,2395,947,4909,3561,1448
NO1,2008,20,191,1296,,1902,1000,4330,2971,902
NO1,2008,21,775,603,,2219,521,4516,2948,1698
NO1,2008,22,-270,1113,,1483,594,4489,1569,890
NO1,2008,23,-605,1129,,450,796,3564,724,-346
NO1,2008,24,178,474,,471,658,3335,639,-187
NO1,2008,25,162,341,,534,544,3239,548,-9
NO1,2008,26,266,308,,632,426,3252,483,206
NO1,2008,27,-63,425,,392,457,2957,285,-65
NO1,2008,28,450,445,,558,471,3057,191,87
NO1,2008,29,226,323,,475,409,3000,153,65
NO1,2008,30,-124,315,,88,415,2666,73,-327
NO1,2008,31,217,286,,50,386,2699,24,-336
NO1,2008,32,683,377,,330,366,3033,16,-36
NO1,2008,33,687,439,,701,480,3291,12,221
NO1,2008,34,121,345,,400,387,3093,7,13
NO1,2008,35,20,258,,91,305,2870,5,-213
NO1,2008,36,546,291,,334,290,3136,6,44
NO1,2008,37,106,255,,154,276,2999,4,-123
NO1,2008,38,-74,169,,-293,147,2761,4,-441
NO1,2008,39,-112,133,,-764,-6,2537,4,-758
NO1,2008,40,850,166,,-261,-77,3031,175,-183
NO1,2008,41,593,306,,-13,-7,3439,58,-7
NO1,2008,42,56,238,,-348,-5,3251,61,-343
NO1,2008,43,619,240,,-106,11,3514,172,-117
NO1,2008,44,328,217,,-202,-47,3359,434,-155
NO1,2008,45,248,162,,-355,-97,3313,563,-258
NO1,2008,46,838,253,,91,-49,3412,1044,140
NO1,2008,47,375,159,,93,-75,3276,1394,169
NO1,2008,48,424,120,,181,-94,3224,1748,274
NO1,2008,49,479,110,,321,-114,3136,2206,435
NO1,2008,50,98,74,,101,-145,3063,2303,246
NO1,2008,51,408,75,,195,-175,3049,2647,371
NO1,2008,52,189,66,,48,-255,2991,2826,303
NO1,2009,1,106,48,,-390,-272,2943,2930,-118
NO1,2009,2,161,39,,-532,-287,2910,3084,-245
NO1,2009,3,226,70,,-656,-286,2961,3185,-371
NO1,2009,4,882,59,,-87,-245,2925,4044,158
NO1,2009,5,241,43,,-166,-244,2890,4280,78
NO1,2009,6,435,34,,20,-208,2861,4710,228
NO1,2009,7,222,29,,-16,-199,2838,4929,183
NO1,2009,8,440,25,,190,-177,2819,5364,367
NO1,2009,9,306,22,,264,-179,2802,5667,443
NO1,2009,10,560,23,,619,-180,2797,6208,799
NO1,2009,11,428,26,,863,-190,2783,6625,1054
NO1,2009,12,133,30,,853,-188,2794,6718,1041
NO1,2009,13,170,36,,853,-237,2779,6866,1089
NO1,2009,14,26,67,,775,-265,2958,6651,1041
NO1,2009,15,468,378,,1012,-174,3697,5992,1186
NO1,2009,16,57,657,,699,-43,3984,5083,741
NO1,2009,17,-20,617,,451,63,4391,4019,389
NO1,2009,18,245,1405,,201,548,4730,2486,-347
NO1,2009,19,284,892,,16,463,4352,2222,-447
NO1,2009,20,-101,480,,-305,112,4108,1873,-417
NO1,2009,21,67,547,,-413,-126,3979,1501,-287
NO1,2009,22,475,680,,1,-87,3978,1278,88
NO1,2009,23,-168,439,,-319,-319,3508,1125,-1
NO1,2009,24,326,341,,-4,-451,3577,1031,447
NO1,2009,25,262,360,,232,-470,3537,961,702
NO1,2009,26,-424,438,,-341,-433,2966,655,92
NO1,2009,27,-325,484,,-868,-369,2495,312,-499
NO1,2009,28,975,389,,-22,-259,3194,204,237
NO1,2009,29,-5,338,,-201,-179,2941,124,-21
NO1,2009,30,1341,673,,706,32,3651,88,674
NO1,2009,31,651,582,,933,181,3748,63,752
NO1,2009,32,17,532,,415,179,3288,32,236
NO1,2009,33,504,374,,566,187,3434,26,379
NO1,2009,34,530,497,,591,173,3486,19,418
NO1,2009,35,544,449,,810,290,3595,14,520
NO1,2009,36,771,575,,1141,432,3791,15,708
NO1,2009,37,-25,371,,670,380,3403,13,291
NO1,2009,38,-110,241,,147,272,3070,11,-125
NO1,2009,39,3,204,,-203,207,2879,9,-410
NO1,2009,40,286,171,,-286,118,2790,195,-404
NO1,2009,41,620,159,,-5,52,2788,658,-57
NO1,2009,42,297,145,,-78,-23,2977,622,-56
NO1,2009,43,22,128,,-466,-156,2880,614,-310
NO1,2009,44,125,112,,-720,-276,2840,663,-444
NO1,2009,45,711,117,,-367,-326,2861,1232,-41
NO1,2009,46,335,97,,-347,-360,2825,1503,13
NO1,2009,47,739,179,,123,-263,3127,1760,386
NO1,2009,48,959,309,,761,-74,3285,2247,834
NO1,2009,49,274,164,,639,-92,3146,2494,732
NO1,2009,50,253,118,,604,-50,3084,2689,653
NO1,2009,51,198,83,,456,-105,3001,2885,561
NO1,2009,52,576,64,,717,-166,2941,3454,883
NO1,2009,53,205,50,,520,-300,2895,3657,820
NO1,2010,1,33,37,,79,-478,2858,3690,557
NO1,2010,2,35,30,,-210,-522,2827,3724,312
NO1,2010,3,191,28,,-346,-544,2801,3913,198
NO1,2010,4,171,24,,-554,-604,2779,4083,50
NO1,2010,5,193,22,,-684,-626,2759,4273,-58
NO1,2010,6,77,19,,-873,-622,2742,4349,-251
NO1,2010,7,196,18,,-922,-607,2726,4543,-315
NO1,2010,8,201,17,,-953,-591,2712,4741,-362
NO1,2010,9,111,15,,-1037,-561,2700,4851,-476
NO1,2010,10,58,13,,-1147,-536,2691,4904,-611
NO1,2010,11,192,27,,-1109,-515,2754,5006,-594
NO1,2010,12,384,73,,-886,-484,2845,5224,-402
NO1,2010,13,878,170,,-192,-413,2986,5790,220
NO1,2010,14,49,172,,-273,-360,3099,5557,86
NO1,2010,15,97,286,,-336,-293,3293,5167,-43
NO1,2010,16,61,168,,-362,-383,3152,5195,21
NO1,2010,17,203,248,,-136,-421,3655,4652,285
NO1,2010,18,-17,248,,-134,-607,3519,4516,473
NO1,2010,19,332,305,,195,-839,3979,4076,1034
NO1,2010,20,278,1537,,398,55,4830,1912,343
NO1,2010,21,97,1094,,-152,-93,4256,1451,-59
NO1,2010,22,-287,778,,-762,-212,3861,757,-550
NO1,2010,23,1030,816,,60,-110,4392,412,170
NO1,2010,24,305,706,,75,-151,4048,339,226
NO1,2010,25,-231,474,,-388,-265,3463,210,-123
NO1,2010,26,364,452,,-249,-305,3487,99,57
NO1,2010,27,-138,375,,-632,-407,3030,52,-225
NO1,2010,28,615,406,,-183,-334,3293,20,151
NO1,2010,29,35,384,,-406,-301,2971,10,-106
NO1,2010,30,480,311,,-196,-314,3182,2,118
NO1,2010,31,224,325,,-196,-242,3104,1,46
NO1,2010,32,285,315,,-139,-168,3113,0,29
NO1,2010,33,-153,271,,-571,-218,2729,0,-352
NO1,2010,34,828,294,,143,-38,3252,16,181
NO1,2010,35,120,319,,-28,-10,3059,12,-18
NO1,2010,36,-10,202,,-332,-112,2878,0,-220
NO1,2010,37,605,285,,-45,-116,3181,16,71
NO1,2010,38,1258,414,,796,-26,3893,135,823
NO1,2010,39,-11,370,,282,-61,3620,22,343
NO1,2010,40,1066,690,,911,292,3995,13,619
NO1,2010,41,39,293,,352,104,3706,45,248
NO1,2010,42,78,205,,-80,-43,3554,64,-37
NO1,2010,43,465,212,,-122,-184,3750,115,62
NO1,2010,44,257,256,,-378,-291,3666,194,-87
NO1,2010,45,175,166,,-684,-416,3503,362,-269
NO1,2010,46,47,125,,-1056,-525,3381,404,-531
NO1,2010,47,31,95,,-1423,-640,3283,435,-783
NO1,2010,48,38,76,,-1784,-764,3205,472,-1020
NO1,2010,49,186,64,,-1944,-833,3141,656,-1111
NO1,2010,50,326,56,,-1939,-885,3089,977,-1054
NO1,2010,51,142,46,,-2129,-966,3044,1118,-1163
NO1,2010,52,228,40,,-2204,-1041,3007,1344,-1163
NO1,2011,1,546,37,,-2137,-1005,2976,1883,-1132
NO1,2011,2,627,35,,-1765,-978,2951,2502,-787
NO1,2011,3,250,28,,-1780,-939,2932,2744,-841
NO1,2011,4,100,27,,-1979,-917,2914,2836,-1062
NO1,2011,5,288,25,,-1926,-848,2901,3112,-1078
NO1,2011,6,394,25,,-1705,-746,2882,3501,-959
NO1,2011,7,162,19,,-1740,-682,2866,3661,-1057
NO1,2011,8,169,16,,-1773,-637,2852,3828,-1136
NO1,2011,9,157,15,,-1787,-583,2841,3981,-1204
NO1,2011,10,121,14,,-1837,-560,2831,4099,-1277
NO1,2011,11,198,14,,-1774,-533,2820,4293,-1241
NO1,2011,12,313,92,,-1583,-445,2972,4361,-1138
NO1,2011,13,203,65,,-1492,-406,3027,4442,-1087
NO1,2011,14,244,331,,-1440,-249,3592,3787,-1191
NO1,2011,15,478,834,,-1415,89,4273,2725,-1505
NO1,2011,16,-33,878,,-1701,565,4468,1592,-2266
NO1,2011,17,-69,695,,-1961,778,4159,1124,-2739
NO1,2011,18,-24,309,,-1974,644,3867,1077,-2618
NO1,2011,19,203,500,,-1726,669,3883,743,-2395
NO1,2011,20,238,395,,-1574,364,3732,728,-1939
NO1,2011,21,468,335,,-1288,-98,3855,722,-1190
NO1,2011,22,210,448,,-1115,-275,3687,642,-840
NO1,2011,23,1731,1054,,839,502,4609,362,337
NO1,2011,24,375,1013,,720,572,4060,249,148
NO1,2011,25,164,534,,570,440,3735,192,131
NO1,2011,26,200,473,,514,390,3553,100,124
NO1,2011,27,332,473,,659,434,3496,36,226
NO1,2011,28,5,394,,315,314,3142,20,1
NO1,2011,29,929,435,,1106,522,3662,9,584
NO1,2011,30,470,701,,1018,613,3469,2,405
NO1,2011,31,255,409,,804,501,3360,1,302
NO1,2011,32,421,421,,618,323,3380,0,296
NO1,2011,33,1472,837,,1365,424,4023,0,942
NO1,2011,34,481,569,,1367,503,3951,0,864
NO1,2011,35,327,570,,1187,559,3717,0,628
NO1,2011,36,1174,790,,1673,661,4109,1,1011
NO1,2011,37,506,595,,1461,566,4020,0,895
NO1,2011,38,497,500,,1297,489,4007,7,808
NO1,2011,39,-30,353,,741,393,3647,0,348
NO1,2011,40,274,303,,546,323,3574,37,222
NO1,2011,41,403,244,,456,195,3488,276,262
NO1,2011,42,247,223,,327,197,3569,216,130
NO1,2011,43,439,239,,385,206,3780,201,178
NO1,2011,44,205,272,,224,263,3812,97,-39
NO1,2011,45,79,237,,-102,285,3681,65,-387
NO1,2011,46,118,165,,-394,226,3566,130,-620
NO1,2011,47,343,152,,-386,233,3532,350,-619
NO1,2011,48,600,176,,-85,311,3621,681,-396
NO1,2011,49,380,144,,-54,317,3492,1046,-371
NO1,2011,50,622,145,,268,373,3442,1572,-105
NO1,2011,51,77,94,,29,358,3352,1644,-329
NO1,2011,52,463,131,,229,419,3370,1954,-190
NO1,2012,1,561,102,,273,484,3296,2484,-211
NO1,2012,2,445,72,,391,478,3234,2919,-87
NO1,2012,3,233,55,,271,457,3182,3149,-186
NO1,2012,4,284,44,,180,420,3142,3429,-240
NO1,2012,5,100,33,,-87,366,3110,3528,-453
NO1,2012,6,78,27,,-316,338,3083,3606,-654
NO1,2012,7,284,26,,-307,331,3061,3885,-638
NO1,2012,8,297,43,,-309,305,3085,4117,-614
NO1,2012,9,146,86,,-434,331,3214,4047,-765
NO1,2012,10,394,74,,-276,354,3174,4402,-629
NO1,2012,11,102,223,,-500,402,3545,3907,-902
NO1,2012,12,119,285,,-732,464,3886,3390,-1196
NO1,2012,13,88,520,,-1076,653,4002,2824,-1729
NO1,2012,14,84,219,,-1260,628,3777,2905,-1888
NO1,2012,15,521,199,,-950,558,3763,3232,-1508
NO1,2012,16,554,180,,-558,404,3715,3649,-962
NO1,2012,17,648,316,,37,367,4048,3643,-330
NO1,2012,18,297,482,,197,271,4164,3324,-74
NO1,2012,19,506,426,,465,-78,4355,3209,543
NO1,2012,20,421,550,,639,-388,4486,2939,1027
NO1,2012,21,-287,1016,,178,-154,4381,1718,332
NO1,2012,22,-81,660,,-55,-225,3830,1507,170
NO1,2012,23,134,425,,-76,-478,3788,1248,402
NO1,2012,24,577,596,,594,-241,3982,1014,835
NO1,2012,25,291,679,,742,-49,3797,789,790
NO1,2012,26,18,487,,643,71,3508,592,571
NO1,2012,27,157,458,,667,186,3412,375,480
NO1,2012,28,992,744,,1431,569,3789,234,862
NO1,2012,29,211,449,,1190,501,3564,212,689
NO1,2012,30,197,356,,1001,447,3474,145,553
NO1,2012,31,677,503,,1159,415,3705,98,744
NO1,2012,32,495,547,,1035,363,3684,73,672
NO1,2012,33,-120,353,,507,276,3277,36,232
NO1,2012,34,762,474,,808,280,3589,26,528
NO1,2012,35,346,436,,716,278,3504,22,438
NO1,2012,36,2,289,,358,214,3209,32,144
NO1,2012,37,345,252,,415,204,3298,39,211
NO1,2012,38,355,268,,375,160,3355,65,214
NO1,2012,39,418,259,,386,141,3512,32,246
NO1,2012,40,404,287,,403,144,3603,45,259
NO1,2012,41,168,234,,148,71,3497,83,77
NO1,2012,42,899,294,,640,116,3851,328,524
NO1,2012,43,360,269,,503,40,3687,579,463
NO1,2012,44,1011,242,,1103,20,3746,1285,1083
NO1,2012,45,547,228,,1251,38,3698,1648,1212
NO1,2012,46,566,322,,1321,52,3810,1775,1269
NO1,2012,47,636,367,,1511,167,4033,1812,1344
NO1,2012,48,111,238,,1157,143,3796,1916,1014
NO1,2012,49,46,145,,741,40,3647,1962,701
NO1,2012,50,227,110,,586,-17,3536,2187,603
NO1,2012,51,362,92,,577,-89,3453,2538,666
NO1,2012,52,670,77,,941,-126,3385,3195,1067
NO1,2013,1,490,95,,940,-44,3370,3606,984
NO1,2013,2,47,66,,606,-111,3307,3649,717
NO1,2013,3,18,50,,203,-204,3256,3667,407
NO1,2013,4,36,40,,-160,-267,3215,3703,107
NO1,2013,5,554,47,,61,-273,3199,4227,334
NO1,2013,6,181,36,,-77,-306,3166,4406,229
NO1,2013,7,146,29,,-219,-324,3138,4550,104
NO1,2013,8,193,27,,-277,-317,3115,4740,40
NO1,2013,9,187,23,,-322,-315,3103,4916,-7
NO1,2013,10,129,28,,-387,-303,3085,5037,-84
NO1,2013,11,59,20,,-522,-327,3065,5094,-195
NO1,2013,12,35,17,,-609,-315,3048,5129,-294
NO1,2013,13,2,14,,-701,-310,3034,5131,-391
NO1,2013,14,9,14,,-728,-318,3027,5133,-409
NO1,2013,15,175,22,,-577,-387,3051,5262,-190
NO1,2013,16,507,352,,-198,-335,3684,4779,137
NO1,2013,17,63,405,,-313,-403,3692,4419,90
NO1,2013,18,303,282,,-79,-641,3628,4497,562
NO1,2013,19,311,869,,48,-479,4646,2902,527
NO1,2013,20,593,1380,,403,90,4740,1972,313
NO1,2013,21,1512,2307,,1089,1014,4810,1032,75
NO1,2013,22,-125,1090,,512,1094,4038,548,-582
NO1,2013,23,684,775,,673,837,3962,508,-164
NO1,2013,24,234,487,,621,582,3816,384,38
NO1,2013,25,537,511,,990,579,3945,263,411
NO1,2013,26,604,781,,1220,737,3828,184,483
NO1,2013,27,-131,437,,724,591,3310,129,133
NO1,2013,28,-269,278,,88,344,2834,71,-256
NO1,2013,29,-155,209,,-319,211,2511,46,-530
NO1,2013,30,-153,206,,-735,82,2236,13,-817
NO1,2013,31,479,228,,-461,65,2528,5,-526
NO1,2013,32,785,337,,-31,53,2999,2,-83
NO1,2013,33,1050,512,,595,133,3542,2,463
NO1,2013,34,22,450,,165,118,3134,1,48
NO1,2013,35,-31,239,,-174,31,2884,1,-204
NO1,2013,36,-39,210,,-466,-36,2668,0,-430
NO1,2013,37,3,164,,-702,-118,2541,0,-585
NO1,2013,38,974,424,,-1,120,3071,14,-121
NO1,2013,39,75,199,,-298,42,2941,18,-340
NO1,2013,40,152,154,,-559,-117,2936,9,-443
NO1,2013,41,353,256,,-574,-128,3057,0,-446
NO1,2013,42,15,146,,-931,-211,2913,22,-720
NO1,2013,43,892,329,,-492,-183,3460,33,-309
NO1,2013,44,488,320,,-415,-125,3531,126,-290
NO1,2013,45,509,254,,-337,-115,3473,438,-223
NO1,2013,46,188,177,,-520,-124,3536,383,-396
NO1,2013,47,96,199,,-861,-171,3461,349,-691
NO1,2013,48,189,149,,-1039,-188,3393,452,-852
NO1,2013,49,519,117,,-863,-198,3295,948,-665
NO1,2013,50,517,118,,-673,-192,3349,1290,-481
NO1,2013,51,533,153,,-438,-130,3390,1626,-308
NO1,2013,52,937,255,,178,-3,3524,2170,181
NO1,2014,1,804,226,,455,178,3502,2766,277
NO1,2014,2,378,196,,460,251,3413,3035,209
NO1,2014,3,464,115,,497,215,3304,3494,282
NO1,2014,4,131,77,,218,177,3228,3624,41
NO1,2014,5,491,64,,340,151,3171,4109,189
NO1,2014,6,543,60,,564,143,3149,4614,420
NO1,2014,7,673,99,,932,179,3202,5135,753
NO1,2014,8,524,116,,1078,147,3155,5591,931
NO1,2014,9,358,130,,1112,166,3251,5722,946
NO1,2014,10,551,176,,1364,224,3381,5964,1139
NO1,2014,11,194,259,,1196,276,3459,5815,920
NO1,2014,12,516,155,,1433,273,3379,6252,1160
NO1,2014,13,27,129,,1189,216,3450,6079,973
NO1,2014,14,5,171,,978,188,3440,5919,790
NO1,2014,15,741,356,,1445,214,3780,5955,1231
NO1,2014,16,228,325,,1375,68,3887,5746,1307
NO1,2014,17,-30,599,,1013,49,4391,4594,964
NO1,2014,18,22,743,,650,-25,4236,4001,675
NO1,2014,19,493,403,,817,-479,4200,4117,1296
NO1,2014,20,-32,523,,648,-705,4474,3277,1352
NO1,2014,21,274,1509,,981,285,4825,1639,697
NO1,2014,22,345,1429,,779,599,4267,1081,180
NO1,2014,23,106,716,,693,616,3970,742,78
NO1,2014,24,-184,545,,425,623,3417,547,-198
NO1,2014,25,-100,315,,180,438,3073,466,-258
NO1,2014,26,91,238,,105,248,2976,409,-143
NO1,2014,27,28,255,,34,185,2845,311,-151
NO1,2014,28,228,420,,171,359,2823,151,-188
NO1,2014,29,191,332,,147,379,2773,82,-231
NO1,2014,30,-107,278,,-275,267,2494,29,-543
NO1,2014,31,290,287,,-318,178,2549,13,-497
NO1,2014,32,601,332,,-97,111,2872,5,-208
NO1,2014,33,173,267,,-232,46,2799,3,-278
NO1,2014,34,924,388,,382,128,3336,5,253
NO1,2014,35,-8,342,,70,156,3001,3,-85
NO1,2014,36,-185,202,,-380,72,2644,2,-452
NO1,2014,37,191,212,,-436,33,2656,1,-469
NO1,2014,38,-119,155,,-930,-144,2419,1,-786
NO1,2014,39,231,143,,-1092,-260,2433,33,-832
NO1,2014,40,80,157,,-1356,-349,2368,13,-1007
NO1,2014,41,1065,234,,-475,-180,3154,54,-295
NO1,2014,42,839,384,,-10,-15,3514,146,5
NO1,2014,43,1248,613,,762,281,4096,188,481
NO1,2014,44,474,532,,682,418,3972,240,264
NO1,2014,45,554,464,,607,447,3938,356,160
NO1,2014,46,406,351,,538,512,3939,402,26
NO1,2014,47,67,236,,137,471,3722,445,-335
NO1,2014,48,770,293,,433,491,3672,967,-59
NO1,2014,49,113,153,,165,478,3537,1058,-313
NO1,2014,50,240,124,,32,444,3448,1260,-412
NO1,2014,51,257,104,,-70,397,3359,1499,-467
NO1,2014,52,198,79,,-253,287,3280,1694,-539
NO1,2026,18,32,514,,,,4386,1702,-1475
NO2,1958,2,1137,151,,,,2706,10592,2290
NO2,1958,3,1475,152,,,,2684,11995,2803
NO2,1958,4,671,99,,,,2637,12659,2510
NO2,1958,5,209,78,,,,2652,12789,1805
NO2,1958,6,856,115,,,,2620,13601,1763
NO2,1958,7,1284,108,,,,2613,14835,2222
NO2,1958,8,305,61,,,,2588,15126,1817
NO2,1958,9,134,31,,,,2577,15252,1275
NO2,1958,10,815,109,,,,2588,15981,1409
NO2,1958,11,2,31,,,,2564,15984,958
NO2,1958,12,23,17,,,,2551,16007,612
NO2,1958,13,1,11,,,,2543,16007,370
NO2,1958,14,73,11,,,,2537,16078,380
NO2,1958,15,89,14,,,,2536,16159,600
NO2,1958,16,276,120,,,,2641,16213,1085
NO2,1958,17,1024,378,,,,2815,16702,2337
NO2,1958,18,678,582,,,,3118,16501,3297
NO2,1958,19,939,622,,,,3129,16795,4712
NO2,1958,20,361,558,,,,3205,16494,5844
NO2,1958,21,990,945,,,,3770,15944,7395
NO2,1958,22,995,2349,,,,4474,13778,7513
NO2,1958,23,-154,3259,,,,4953,9679,5432
NO2,1958,24,-119,2150,,,,4349,7872,4448
NO2,1958,25,732,2509,,,,4529,5787,3765
NO2,1958,26,285,2206,,,,4579,3688,2695
NO2,1958,27,202,2647,,,,4230,1436,880
NO2,1958,28,127,1470,,,,3460,799,107
NO2,1958,29,783,1246,,,,3331,449,62
NO2,1958,30,960,914,,,,3583,254,394
NO2,1958,31,1139,1147,,,,3681,143,560
NO2,1958,32,698,958,,,,3460,92,405
NO2,1958,33,685,852,,,,3356,43,316
NO2,1958,34,7,554,,,,2846,23,-205
NO2,1958,35,788,610,,,,3075,10,-4
NO2,1958,36,-183,480,,,,2463,4,-650
NO2,1958,37,172,363,,,,2318,2,-879
NO2,1958,38,423,271,,,,2520,1,-835
NO2,1958,39,1616,999,,,,3170,1,-335
NO2,1958,40,1126,770,,,,3541,0,-78
NO2,1958,41,2754,1806,,,,4467,32,686
NO2,1958,42,1231,1444,,,,4150,107,214
NO2,1958,43,942,835,,,,4318,53,127
NO2,1958,44,206,766,,,,3709,79,-689
NO2,1958,45,1034,660,,,,3990,176,-665
NO2,1958,46,468,598,,,,3586,433,-1160
NO2,1958,47,53,306,,,,3494,261,-1840
NO2,1958,48,349,378,,,,3519,204,-2417
NO2,1958,49,667,304,,,,3345,754,-2658
NO2,1958,50,353,184,,,,3189,1086,-3175
NO2,1958,51,517,118,,,,3104,1586,-3455
NO2,1958,52,297,119,,,,3058,1823,-3917
NO2,1959,1,2502,239,,,,3053,4178,-3036
NO2,1959,2,210,89,,,,2988,4386,-3633
NO2,1959,3,178,49,,,,2953,4562,-4361
NO2,1959,4,1453,99,,,,2930,5999,-3857
NO2,1959,5,46,41,,,,2923,6022,-4691
NO2,1959,6,0,26,,,,2902,6022,-5535
NO2,1959,7,98,23,,,,2893,6110,-6222
NO2,1959,8,1970,208,,,,2961,7883,-5053
NO2,1959,9,944,388,,,,3360,8073,-5120
NO2,1959,10,1135,885,,,,3518,8152,-5490
NO2,1959,11,58,290,,,,3222,8206,-6162
NO2,1959,12,188,141,,,,3097,8381,-6467
NO2,1959,13,448,135,,,,3115,8689,-6375
NO2,1959,14,886,304,,,,3196,9211,-5829
NO2,1959,15,575,232,,,,3099,9666,-5330
NO2,1959,16,780,1253,,,,4213,8042,-5514
NO2,1959,17,461,756,,,,4017,7902,-5260
NO2,1959,18,1242,2235,,,,4576,6261,-5485
NO2,1959,19,436,980,,,,4198,6037,-4978
NO2,1959,20,-252,2568,,,,5037,2214,-6605
NO2,1959,21,-177,1686,,,,4237,1027,-7055
NO2,1959,22,-55,963,,,,3648,539,-6551
NO2,1959,23,208,753,,,,3353,262,-5585
NO2,1959,24,269,678,,,,3059,131,-4582
NO2,1959,25,770,597,,,,3190,180,-3181
NO2,1959,26,-453,458,,,,2427,34,-3111
NO2,1959,27,-27,339,,,,2112,14,-2662
NO2,1959,28,292,328,,,,2130,5,-2017
NO2,1959,29,678,578,,,,2272,3,-1443
NO2,1959,30,-313,241,,,,1777,1,-1665
NO2,1959,31,251,283,,,,1822,0,-1441
NO2,1959,32,-48,191,,,,1639,0,-1509
NO2,1959,33,1933,573,,,,3107,0,24
NO2,1959,34,654,1194,,,,2611,0,-463
NO2,1959,35,653,691,,,,2613,0,-476
NO2,1959,36,-244,327,,,,2080,0,-1037
NO2,1959,37,-102,212,,,,1814,0,-1385
NO2,1959,38,-88,120,,,,1638,0,-1717
NO2,1959,39,855,267,,,,2204,45,-1257
NO2,1959,40,306,336,,,,2243,0,-1376
NO2,1959,41,-57,164,,,,2047,0,-1766
NO2,1959,42,-29,88,,,,1947,0,-2096
NO2,1959,43,1827,566,,,,3077,152,-1014
NO2,1959,44,2364,1233,,,,3374,997,-106
NO2,1959,45,721,767,,,,3283,1027,-520
NO2,1959,46,2502,907,,,,3324,2625,770
NO2,1959,47,1455,716,,,,3049,3669,1123
NO2,1959,48,868,950,,,,3562,3063,485
NO2,1959,49,1253,665,,,,3295,3930,468
NO2,1959,50,539,281,,,,3033,4464,48
NO2,1959,51,1268,321,,,,3001,5473,329
NO2,1959,52,1450,429,,,,2901,6638,741
NO2,1959,53,1093,257,,,,2893,7524,926
NO2,1960,1,283,210,,,,2826,7678,237
NO2,1960,2,15,84,,,,2747,7693,-567
NO2,1960,3,795,114,,,,2802,8343,-731
NO2,1960,4,631,336,,,,2772,8680,-1333
NO2,1960,5,652,128,,,,2731,9266,-1638
NO2,1960,6,114,61,,,,2689,9373,-2396
NO2,1960,7,491,53,,,,2664,9856,-2705
NO2,1960,8,438,49,,,,2649,10281,-2967
NO2,1960,9,915,103,,,,2667,11113,-2774
NO2,1960,10,55,41,,,,2639,11162,-3360
NO2,1960,11,56,30,,,,2634,11199,-3757
NO2,1960,12,0,33,,,,2640,11161,-4144
NO2,1960,13,-1,33,,,,2629,11139,-4412
NO2,1960,14,380,103,,,,2687,11369,-4180
NO2,1960,15,1045,420,,,,2839,11853,-3403
NO2,1960,16,260,322,,,,2868,11757,-3143
NO2,1960,17,72,250,,,,2890,11548,-2741
NO2,1960,18,140,487,,,,3530,10541,-2251
NO2,1960,19,-57,2444,,,,4866,6525,-3823
NO2,1960,20,-139,3352,,,,4805,2848,-6202
NO2,1960,21,781,2108,,,,4688,1516,-6115
NO2,1960,22,-310,1435,,,,3950,415,-6373
NO2,1960,23,662,1080,,,,3837,91,-5272
NO2,1960,24,414,874,,,,3417,39,-4316
NO2,1960,25,-255,533,,,,2678,8,-3865
NO2,1960,26,1107,680,,,,3166,3,-2403
NO2,1960,27,349,511,,,,3037,1,-1749
NO2,1960,28,1577,1031,,,,3627,0,-525
NO2,1960,29,1164,1205,,,,3598,0,-120
NO2,1960,30,269,707,,,,3185,0,-258
NO2,1960,31,249,705,,,,2775,0,-488
NO2,1960,32,543,497,,,,2868,0,-280
NO2,1960,33,152,431,,,,2618,0,-464
NO2,1960,34,1437,894,,,,3217,0,142
NO2,1960,35,887,920,,,,3204,0,115
NO2,1960,36,45,452,,,,2803,0,-314
NO2,1960,37,-249,268,,,,2318,0,-880
NO2,1960,38,1156,408,,,,3128,0,-228
NO2,1960,39,164,476,,,,2817,2,-687
NO2,1960,40,1733,740,,,,3822,12,216
NO2,1960,41,858,1051,,,,3593,31,-189
NO2,1960,42,-4,361,,,,3211,38,-794
NO2,1960,43,209,234,,,,3074,152,-1018
NO2,1960,44,1541,435,,,,3199,1163,-116
NO2,1960,45,585,329,,,,3035,1597,-198
NO2,1960,46,984,275,,,,2936,2438,195
NO2,1960,47,1161,239,,,,2941,3388,735
NO2,1960,48,1488,477,,,,3184,4178,1222
NO2,1960,49,480,300,,,,2966,4588,797
NO2,1960,50,150,119,,,,2921,4669,140
NO2,1960,51,737,198,,,,2890,5258,2
NO2,1960,52,1173,279,,,,2864,6216,283
NO2,1961,1,725,116,,,,2812,6910,-546
NO2,1961,2,575,78,,,,2797,7449,-762
NO2,1961,3,31,56,,,,2766,7462,-1648
NO2,1961,4,413,46,,,,2757,7856,-2172
NO2,1961,5,883,123,,,,2753,8657,-2227
NO2,1961,6,1658,188,,,,2782,10162,-1514
NO2,1961,7,330,132,,,,2800,10360,-2065
NO2,1961,8,243,130,,,,2816,10462,-2619
NO2,1961,9,1025,257,,,,2884,11193,-2477
NO2,1961,10,334,555,,,,3473,10372,-3315
NO2,1961,11,1433,687,,,,3440,11170,-2981
NO2,1961,12,1467,495,,,,3347,12264,-2334
NO2,1961,13,1466,432,,,,3132,13562,-1486
NO2,1961,14,618,169,,,,3032,14134,-1069
NO2,1961,15,607,274,,,,3303,14212,-581
NO2,1961,16,22,406,,,,3359,13749,-661
NO2,1961,17,20,1551,,,,4418,11056,-1706
NO2,1961,18,686,1930,,,,4894,9224,-2205
NO2,1961,19,76,1736,,,,4593,7746,-2875
NO2,1961,20,-82,1751,,,,4764,5619,-3471
NO2,1961,21,49,1441,,,,4309,4582,-3427
NO2,1961,22,1120,1995,,,,4987,2949,-2803
NO2,1961,23,461,2396,,,,4633,1237,-3330
NO2,1961,24,2,1291,,,,3936,579,-3257
NO2,1961,25,1639,1457,,,,4214,466,-1871
NO2,1961,26,203,1171,,,,3430,245,-1897
NO2,1961,27,489,693,,,,3347,130,-1310
NO2,1961,28,1252,1142,,,,3558,53,-542
NO2,1961,29,119,689,,,,3039,16,-662
NO2,1961,30,537,641,,,,2966,8,-469
NO2,1961,31,85,425,,,,2656,4,-603
NO2,1961,32,759,583,,,,2864,2,-282
NO2,1961,33,374,516,,,,2749,1,-333
NO2,1961,34,398,396,,,,2778,1,-296
NO2,1961,35,56,462,,,,2407,0,-682
NO2,1961,36,1003,592,,,,2862,0,-255
NO2,1961,37,883,594,,,,3181,0,-17
NO2,1961,38,303,584,,,,2927,0,-428
NO2,1961,39,1757,975,,,,3737,0,231
NO2,1961,40,301,759,,,,3282,0,-337
NO2,1961,41,2582,1738,,,,4144,3,333
NO2,1961,42,986,999,,,,4124,3,84
NO2,1961,43,3497,2343,,,,5090,183,1030
NO2,1961,44,1476,1567,,,,4378,771,672
NO2,1961,45,1736,1181,,,,4404,1300,874
NO2,1961,46,132,640,,,,3817,1357,-5
NO2,1961,47,1042,395,,,,3696,2148,249
NO2,1961,48,1102,347,,,,3471,3165,496
NO2,1961,49,1594,270,,,,3332,4701,1276
NO2,1961,50,292,124,,,,3236,4983,769
NO2,1961,51,66,113,,,,3208,4969,32
NO2,1961,52,1377,130,,,,3149,6321,672
NO2,1962,1,645,124,,,,3176,6849,-242
NO2,1962,2,1814,392,,,,3178,8329,500
NO2,1962,3,2064,317,,,,3159,10178,1460
NO2,1962,4,1372,217,,,,3095,11462,1772
NO2,1962,5,1448,216,,,,3095,12749,2207
NO2,1962,6,1681,238,,,,3117,14239,2898
NO2,1962,7,2818,309,,,,3077,16897,4749
NO2,1962,8,169,123,,,,3044,17008,4154
NO2,1962,9,481,66,,,,3008,17482,3937
NO2,1962,10,726,62,,,,2991,18198,4029
NO2,1962,11,50,30,,,,2978,18247,3635
NO2,1962,12,170,28,,,,2970,18411,3436
NO2,1962,13,642,50,,,,2971,19030,3822
NO2,1962,14,824,100,,,,2979,19782,4526
NO2,1962,15,662,96,,,,2999,20354,5258
NO2,1962,16,108,192,,,,3173,20099,5503
NO2,1962,17,378,829,,,,3709,19071,5600
NO2,1962,18,35,501,,,,3518,18759,5954
NO2,1962,19,479,1184,,,,4269,17244,6300
NO2,1962,20,632,1507,,,,4462,16068,6675
NO2,1962,21,928,2286,,,,4899,14147,6727
NO2,1962,22,53,1708,,,,4469,12796,6526
NO2,1962,23,-164,2282,,,,5212,9454,5465
NO2,1962,24,257,2519,,,,5021,7221,4470
NO2,1962,25,969,2859,,,,5123,5068,3640
NO2,1962,26,349,2049,,,,4631,3740,2799
NO2,1962,27,-57,1609,,,,4294,2311,1818
NO2,1962,28,170,1567,,,,4011,1118,976
NO2,1962,29,510,1223,,,,3782,598,662
NO2,1962,30,532,1041,,,,3478,374,408
NO2,1962,31,422,714,,,,3345,214,295
NO2,1962,32,1522,1067,,,,3863,158,873
NO2,1962,33,1340,1158,,,,4079,127,1123
NO2,1962,34,1189,1206,,,,4100,84,1110
NO2,1962,35,1009,1271,,,,3838,68,817
NO2,1962,36,772,899,,,,3736,51,670
NO2,1962,37,530,659,,,,3562,83,447
NO2,1962,38,755,805,,,,3543,53,241
NO2,1962,39,117,418,,,,3247,8,-251
NO2,1962,40,1770,1204,,,,3836,5,222
NO2,1962,41,-39,450,,,,3340,8,-466
NO2,1962,42,1400,904,,,,3850,9,-185
NO2,1962,43,721,690,,,,3671,216,-357
NO2,1962,44,1236,629,,,,3534,970,26
NO2,1962,45,463,745,,,,3638,565,-628
NO2,1962,46,519,329,,,,3374,1021,-783
NO2,1962,47,958,220,,,,3207,1959,-430
NO2,1962,48,803,219,,,,3143,2637,-359
NO2,1962,49,445,174,,,,3172,2893,-691
NO2,1962,50,1672,277,,,,3067,4451,68
NO2,1962,51,257,98,,,,2996,4702,-447
NO2,1962,52,84,67,,,,2960,4762,-1076
NO2,1963,1,7,39,,,,2925,4769,-2574
NO2,1963,2,23,28,,,,2901,4791,-3315
NO2,1963,3,60,23,,,,2882,4851,-4143
NO2,1963,4,541,47,,,,2877,5372,-4536
NO2,1963,5,11,24,,,,2859,5382,-5395
NO2,1963,6,12,15,,,,2846,5394,-6218
NO2,1963,7,224,22,,,,2836,5615,-6774
NO2,1963,8,107,15,,,,2827,5721,-7349
NO2,1963,9,151,21,,,,2821,5866,-7866
NO2,1963,10,369,48,,,,2842,6178,-8141
NO2,1963,11,207,35,,,,2820,6380,-8390
NO2,1963,12,122,22,,,,2809,6498,-8639
NO2,1963,13,509,105,,,,2844,6879,-8456
NO2,1963,14,184,56,,,,2837,7024,-8375
NO2,1963,15,363,125,,,,2911,7195,-7989
NO2,1963,16,754,295,,,,3036,7548,-7185
NO2,1963,17,88,612,,,,3641,6383,-7156
NO2,1963,18,897,1106,,,,3914,5851,-6558
NO2,1963,19,1611,1700,,,,5156,4476,-5581
NO2,1963,20,1087,2575,,,,4849,3153,-5853
NO2,1963,21,1066,1818,,,,5105,2070,-5144
NO2,1963,22,610,2642,,,,4575,429,-5735
NO2,1963,23,-487,1093,,,,3306,65,-5830
NO2,1963,24,-295,502,,,,2567,18,-5187
NO2,1963,25,751,514,,,,2853,8,-3690
NO2,1963,26,932,752,,,,3075,4,-2494
NO2,1963,27,3,542,,,,2599,2,-2186
NO2,1963,28,380,446,,,,2566,2,-1585
NO2,1963,29,1498,766,,,,3345,1,-372
NO2,1963,30,277,670,,,,2977,1,-466
NO2,1963,31,-38,428,,,,2556,0,-706
NO2,1963,32,1887,839,,,,3699,0,551
NO2,1963,33,706,939,,,,3487,0,404
NO2,1963,34,428,742,,,,3193,0,118
NO2,1963,35,990,920,,,,3272,0,183
NO2,1963,36,1061,889,,,,3465,0,348
NO2,1963,37,956,882,,,,3539,8,349
NO2,1963,38,46,545,,,,3053,0,-302
NO2,1963,39,2670,1147,,,,4064,266,824
NO2,1963,40,665,872,,,,3671,427,479
NO2,1963,41,2205,1224,,,,4486,570,1243
NO2,1963,42,775,1128,,,,4008,665,630
NO2,1963,43,554,1004,,,,3946,248,-49
NO2,1963,44,32,468,,,,3504,237,-736
NO2,1963,45,619,379,,,,3533,457,-841
NO2,1963,46,1226,444,,,,3392,1404,-382
NO2,1963,47,1439,317,,,,3244,2719,368
NO2,1963,48,828,227,,,,3138,3459,457
NO2,1963,49,62,123,,,,3045,3498,-214
NO2,1963,50,22,65,,,,2984,3520,-946
NO2,1963,51,119,49,,,,2944,3638,-1563
NO2,1963,52,853,92,,,,2970,4404,-1423
NO2,1964,1,980,345,,,,3111,4923,-2234
NO2,1964,2,66,142,,,,3002,4956,-3050
NO2,1964,3,13,63,,,,2940,4968,-3969
NO2,1964,4,1049,144,,,,2963,5895,-3927
NO2,1964,5,1624,224,,,,3017,7287,-3332
NO2,1964,6,1351,232,,,,2978,8505,-2975
NO2,1964,7,105,111,,,,2930,8554,-3741
NO2,1964,8,120,52,,,,2888,8672,-4337
NO2,1964,9,718,65,,,,2878,9362,-4314
NO2,1964,10,95,36,,,,2860,9450,-4851
NO2,1964,11,18,31,,,,2858,9442,-5290
NO2,1964,12,22,18,,,,2843,9463,-5640
NO2,1964,13,30,13,,,,2834,9492,-5854
NO2,1964,14,0,9,,,,2827,9491,-5917
NO2,1964,15,204,40,,,,2880,9609,-5606
NO2,1964,16,638,301,,,,3313,9515,-4940
NO2,1964,17,362,1515,,,,4027,7557,-5596
NO2,1964,18,644,1403,,,,4272,6486,-5564
NO2,1964,19,1800,1792,,,,5128,5568,-4516
NO2,1964,20,587,2052,,,,4522,4603,-4730
NO2,1964,21,-12,1444,,,,4675,2903,-4740
NO2,1964,22,-142,1777,,,,4157,1385,-5196
NO2,1964,23,412,845,,,,3987,1088,-4126
NO2,1964,24,1394,1689,,,,4166,575,-3032
NO2,1964,25,1378,1496,,,,4258,339,-1954
NO2,1964,26,296,1076,,,,3621,164,-1787
NO2,1964,27,357,732,,,,3276,124,-1387
NO2,1964,28,1339,952,,,,3697,88,-367
NO2,1964,29,233,808,,,,3163,42,-512
NO2,1964,30,560,622,,,,3157,18,-268
NO2,1964,31,1033,787,,,,3433,14,184
NO2,1964,32,23,561,,,,2910,8,-229
NO2,1964,33,193,521,,,,2634,3,-446
NO2,1964,34,1161,651,,,,3185,2,113
NO2,1964,35,986,943,,,,3242,1,155
NO2,1964,36,149,605,,,,2800,1,-316
NO2,1964,37,594,406,,,,2906,98,-193
NO2,1964,38,1303,913,,,,3416,1,62
NO2,1964,39,465,626,,,,3261,1,-245
NO2,1964,40,839,741,,,,3327,38,-254
NO2,1964,41,2380,1219,,,,4459,63,709
NO2,1964,42,1859,1570,,,,4136,661,754
NO2,1964,43,718,901,,,,4018,575,350
NO2,1964,44,29,437,,,,3592,580,-306
NO2,1964,45,234,307,,,,3490,606,-734
NO2,1964,46,796,318,,,,3564,1025,-590
NO2,1964,47,1533,612,,,,3661,1871,-62
NO2,1964,48,2085,683,,,,3553,3433,846
NO2,1964,49,594,277,,,,3336,3986,566
NO2,1964,50,1997,579,,,,3416,5371,1337
NO2,1964,51,479,274,,,,3236,5775,866
NO2,1964,52,167,112,,,,3147,5929,279
NO2,1964,53,1772,201,,,,3130,7582,1221
NO2,1965,1,1064,167,,,,3099,8560,1392
NO2,1965,2,3196,434,,,,3149,11391,3533
NO2,1965,3,290,153,,,,3053,11652,2829
NO2,1965,4,159,59,,,,3013,11809,2037
NO2,1965,5,34,42,,,,3007,11817,1187
NO2,1965,6,532,79,,,,3024,12274,840
NO2,1965,7,96,64,,,,3005,12335,115
NO2,1965,8,92,39,,,,2973,12426,-498
NO2,1965,9,17,22,,,,2955,12443,-1156
NO2,1965,10,153,25,,,,2952,12582,-1627
NO2,1965,11,581,120,,,,2995,13016,-1578
NO2,1965,12,111,49,,,,2954,13126,-1866
NO2,1965,13,365,202,,,,3143,13111,-1925
NO2,1965,14,278,189,,,,3094,13245,-1897
NO2,1965,15,1020,278,,,,3125,13980,-990
NO2,1965,16,479,307,,,,3371,13911,-487
NO2,1965,17,151,598,,,,3709,13097,-374
NO2,1965,18,601,793,,,,3785,12778,240
NO2,1965,19,272,1335,,,,4320,11099,206
NO2,1965,20,292,865,,,,3877,10905,926
NO2,1965,21,-85,1332,,,,4565,8717,964
NO2,1965,22,-170,1982,,,,4814,6174,249
NO2,1965,23,221,2642,,,,4782,3610,-809
NO2,1965,24,538,2269,,,,4560,1967,-1245
NO2,1965,25,1162,1905,,,,4594,1108,-850
NO2,1965,26,475,1430,,,,3944,745,-883
NO2,1965,27,543,928,,,,3827,457,-503
NO2,1965,28,-241,713,,,,3109,201,-843
NO2,1965,29,222,533,,,,2971,58,-689
NO2,1965,30,890,581,,,,3341,36,-66
NO2,1965,31,1078,1053,,,,3403,20,160
NO2,1965,32,-211,532,,,,2678,11,-459
NO2,1965,33,-149,294,,,,2280,5,-798
NO2,1965,34,1544,733,,,,3137,3,66
NO2,1965,35,732,633,,,,3259,2,172
NO2,1965,36,1362,916,,,,3735,2,620
NO2,1965,37,1622,1114,,,,4249,5,1055
NO2,1965,38,590,1130,,,,3707,1,353
NO2,1965,39,442,668,,,,3490,0,-16
NO2,1965,40,457,576,,,,3378,0,-241
NO2,1965,41,389,359,,,,3393,30,-390
NO2,1965,42,59,339,,,,3139,5,-899
NO2,1965,43,2484,1155,,,,4059,421,237
NO2,1965,44,1313,1129,,,,3736,917,176
NO2,1965,45,24,379,,,,3414,870,-546
NO2,1965,46,28,205,,,,3203,900,-1075
NO2,1965,47,831,160,,,,3084,1713,-798
NO2,1965,48,298,112,,,,3000,1998,-1141
NO2,1965,49,288,75,,,,2944,2280,-1532
NO2,1965,50,1014,95,,,,2904,3281,-1265
NO2,1965,51,916,96,,,,2878,4170,-1097
NO2,1965,52,404,55,,,,2849,4571,-1378
NO2,1966,1,298,43,,,,2835,4855,-2577
NO2,1966,2,8,26,,,,2813,4862,-3332
NO2,1966,3,152,25,,,,2797,5013,-4066
NO2,1966,4,652,43,,,,2788,5653,-4343
NO2,1966,5,1674,115,,,,2784,7283,-3569
NO2,1966,6,416,52,,,,2769,7694,-3995
NO2,1966,7,107,21,,,,2759,7800,-4667
NO2,1966,8,1237,101,,,,2787,8955,-4155
NO2,1966,9,670,137,,,,2806,9494,-4254
NO2,1966,10,745,245,,,,2884,9934,-4342
NO2,1966,11,603,204,,,,2931,10305,-4354
NO2,1966,12,847,197,,,,2887,11027,-4032
NO2,1966,13,620,95,,,,2831,11629,-3720
NO2,1966,14,60,47,,,,2810,11669,-3756
NO2,1966,15,7,30,,,,2786,11674,-3636
NO2,1966,16,160,29,,,,2791,11807,-3171
NO2,1966,17,343,522,,,,3638,10770,-2772
NO2,1966,18,297,1821,,,,4046,8710,-3567
NO2,1966,19,660,1297,,,,4628,7427,-3157
NO2,1966,20,1444,3021,,,,5126,5198,-3531
NO2,1966,21,1169,2268,,,,4760,4350,-3209
NO2,1966,22,317,1670,,,,4852,2810,-3077
NO2,1966,23,7,1969,,,,4495,1088,-3617
NO2,1966,24,-505,1398,,,,3451,151,-4171
NO2,1966,25,198,721,,,,3050,32,-3469
NO2,1966,26,-155,431,,,,2506,10,-3056
NO2,1966,27,-12,313,,,,2220,4,-2563
NO2,1966,28,299,318,,,,2241,2,-1909
NO2,1966,29,-309,244,,,,1753,1,-1964
NO2,1966,30,1311,577,,,,2550,0,-893
NO2,1966,31,1148,695,,,,3051,0,-212
NO2,1966,32,376,604,,,,2851,0,-296
NO2,1966,33,742,769,,,,2853,0,-230
NO2,1966,34,435,566,,,,2749,0,-326
NO2,1966,35,139,345,,,,2575,0,-514
NO2,1966,36,1444,907,,,,3141,0,25
NO2,1966,37,1479,1081,,,,3542,11,355
NO2,1966,38,282,705,,,,3128,0,-228
NO2,1966,39,348,410,,,,3064,0,-442
NO2,1966,40,1019,660,,,,3422,7,-190
NO2,1966,41,329,424,,,,3275,58,-481
NO2,1966,42,2318,1432,,,,4216,7,180
NO2,1966,43,166,688,,,,3580,93,-571
NO2,1966,44,562,371,,,,3374,494,-610
NO2,1966,45,967,640,,,,3612,590,-628
NO2,1966,46,757,547,,,,3409,1001,-769
NO2,1966,47,370,234,,,,3243,1305,-1047
NO2,1966,48,1622,304,,,,3145,2769,-226
NO2,1966,49,907,231,,,,3077,3543,-136
NO2,1966,50,1413,166,,,,3042,4876,468
NO2,1966,51,2335,308,,,,2978,7068,1901
NO2,1966,52,945,138,,,,2960,7944,2105
NO2,1967,1,312,103,,,,2909,8230,871
NO2,1967,2,518,84,,,,2911,8687,591
NO2,1967,3,361,120,,,,2905,8950,-22
NO2,1967,4,399,64,,,,2864,9344,-577
NO2,1967,5,2737,165,,,,2888,11989,1242
NO2,1967,6,1244,240,,,,2884,13069,1496
NO2,1967,7,180,58,,,,2845,13247,866
NO2,1967,8,1264,140,,,,2858,14405,1365
NO2,1967,9,3633,361,,,,2930,17721,4098
NO2,1967,10,2095,575,,,,3091,19152,5082
NO2,1967,11,2196,465,,,,3017,21040,6467
NO2,1967,12,3314,480,,,,3013,24013,9080
NO2,1967,13,1091,283,,,,2931,24955,9706
NO2,1967,14,866,237,,,,2955,25591,10311
NO2,1967,15,120,249,,,,3092,25332,10329
NO2,1967,16,1514,463,,,,3076,26429,11736
NO2,1967,17,54,254,,,,3232,26073,12126
NO2,1967,18,735,312,,,,3142,26601,13421
NO2,1967,19,919,818,,,,3946,25894,14627
NO2,1967,20,1309,1739,,,,4105,25217,15467
NO2,1967,21,1602,2530,,,,4971,23310,15962
NO2,1967,22,163,3548,,,,5760,18890,13911
NO2,1967,23,939,3407,,,,5122,16858,12780
NO2,1967,24,-263,4065,,,,5768,11618,9613
NO2,1967,25,674,3840,,,,4983,9007,7439
NO2,1967,26,738,2908,,,,4937,6725,6090
NO2,1967,27,90,2207,,,,4611,4795,4619
NO2,1967,28,-101,1758,,,,4101,3337,3286
NO2,1967,29,1224,2237,,,,4245,2098,2625
NO2,1967,30,210,1273,,,,3752,1469,1778
NO2,1967,31,2121,2102,,,,4327,885,1948
NO2,1967,32,-67,1010,,,,3564,539,955
NO2,1967,33,1530,1388,,,,3873,365,1156
NO2,1967,34,-371,657,,,,3010,197,133
NO2,1967,35,1410,943,,,,3582,124,617
NO2,1967,36,2538,2146,,,,3990,95,968
NO2,1967,37,-285,634,,,,3111,61,-26
NO2,1967,38,602,609,,,,3143,45,-167
NO2,1967,39,1007,614,,,,3579,15,87
NO2,1967,40,3867,2593,,,,4734,125,1241
NO2,1967,41,2348,1646,,,,5101,448,1736
NO2,1967,42,1888,2231,,,,4506,644,1107
NO2,1967,43,2418,1680,,,,4924,960,1641
NO2,1967,44,1690,1376,,,,4495,1690,1708
NO2,1967,45,1607,1258,,,,4092,2425,1687
NO2,1967,46,2309,768,,,,3901,4218,2941
NO2,1967,47,196,887,,,,4070,3332,1807
NO2,1967,48,487,512,,,,4071,3302,1234
NO2,1967,49,1961,711,,,,3778,4885,1907
NO2,1967,50,1158,396,,,,3745,5710,2005
NO2,1967,51,1259,330,,,,3521,6899,2274
NO2,1967,52,874,231,,,,3377,7722,2301
NO2,1968,1,858,141,,,,3281,8571,1585
NO2,1968,2,508,93,,,,3224,9074,1291
NO2,1968,3,1015,118,,,,3207,10031,1362
NO2,1968,4,674,166,,,,3199,10576,989
NO2,1968,5,2257,290,,,,3208,12604,2176
NO2,1968,6,840,125,,,,3147,13423,2112
NO2,1968,7,426,66,,,,3111,13845,1730
NO2,1968,8,178,38,,,,3090,14020,1213
NO2,1968,9,84,28,,,,3076,14100,623
NO2,1968,10,484,124,,,,3114,14444,397
NO2,1968,11,836,97,,,,3093,15237,740
NO2,1968,12,2019,214,,,,3133,17081,2268
NO2,1968,13,2087,908,,,,3778,17657,3256
NO2,1968,14,947,484,,,,3399,18514,3678
NO2,1968,15,302,201,,,,3319,18710,3934
NO2,1968,16,124,488,,,,3814,17828,3874
NO2,1968,17,164,1543,,,,4498,15668,2986
NO2,1968,18,235,2024,,,,4579,13662,1918
NO2,1968,19,885,913,,,,4235,13931,2953
NO2,1968,20,373,686,,,,4003,13822,3970
NO2,1968,21,-97,960,,,,4349,12361,4392
NO2,1968,22,-160,1908,,,,4895,9621,3777
NO2,1968,23,957,3286,,,,4958,7051,2808
NO2,1968,24,-399,2238,,,,4725,4484,1437
NO2,1968,25,195,2410,,,,4265,2575,289
NO2,1968,26,1783,2245,,,,4322,1987,737
NO2,1968,27,-311,1222,,,,3582,1122,-83
NO2,1968,28,681,1078,,,,3446,840,133
NO2,1968,29,-140,602,,,,3008,519,-191
NO2,1968,30,-260,483,,,,2494,289,-660
NO2,1968,31,-307,348,,,,2014,142,-1107
NO2,1968,32,-225,238,,,,1669,75,-1403
NO2,1968,33,37,154,,,,1615,56,-1413
NO2,1968,34,130,169,,,,1639,40,-1396
NO2,1968,35,503,217,,,,2027,23,-1039
NO2,1968,36,4377,2447,,,,4040,16,939
NO2,1968,37,137,908,,,,3276,11,89
NO2,1968,38,148,451,,,,2986,10,-360
NO2,1968,39,2560,1079,,,,4423,87,1004
NO2,1968,40,1176,1663,,,,3956,14,351
NO2,1968,41,960,654,,,,3847,436,469
NO2,1968,42,1724,1461,,,,3914,602,473
NO2,1968,43,1084,1161,,,,4174,258,188
NO2,1968,44,2888,1751,,,,4268,1281,1072
NO2,1968,45,143,554,,,,3705,1421,296
NO2,1968,46,8,270,,,,3433,1428,-318
NO2,1968,47,535,257,,,,3508,1639,-448
NO2,1968,48,806,538,,,,3488,1927,-724
NO2,1968,49,12,187,,,,3301,1937,-1519
NO2,1968,50,2,108,,,,3191,1939,-2319
NO2,1968,51,874,131,,,,3171,2732,-2242
NO2,1968,52,341,126,,,,3093,3040,-2664
NO2,1969,1,850,109,,,,3092,3814,-3362
NO2,1969,2,569,136,,,,3041,4321,-3645
NO2,1969,3,1101,96,,,,3022,5389,-3466
NO2,1969,4,1186,111,,,,3005,6533,-3247
NO2,1969,5,957,118,,,,3010,7408,-3217
NO2,1969,6,675,107,,,,3004,8011,-3443
NO2,1969,7,308,62,,,,2962,8316,-3947
NO2,1969,8,71,31,,,,2943,8386,-4569
NO2,1969,9,21,20,,,,2933,8402,-5219
NO2,1969,10,686,46,,,,2924,9080,-5157
NO2,1969,11,263,31,,,,2915,9339,-5336
NO2,1969,12,13,12,,,,2908,9351,-5686
NO2,1969,13,122,17,,,,2920,9451,-5808
NO2,1969,14,244,99,,,,2974,9550,-5711
NO2,1969,15,730,435,,,,3285,9528,-5282
NO2,1969,16,517,260,,,,3115,9966,-4688
NO2,1969,17,817,309,,,,3339,10261,-3580
NO2,1969,18,626,657,,,,3356,10195,-2771
NO2,1969,19,504,1213,,,,4313,8475,-2425
NO2,1969,20,630,2081,,,,4489,6719,-2648
NO2,1969,21,224,1503,,,,4717,5106,-2496
NO2,1969,22,-41,2463,,,,4896,2263,-3580
NO2,1969,23,37,1481,,,,4293,1333,-3574
NO2,1969,24,-485,1204,,,,3521,341,-3911
NO2,1969,25,1026,916,,,,3919,63,-2569
NO2,1969,26,476,1274,,,,3163,19,-2390
NO2,1969,27,343,586,,,,2947,13,-1827
NO2,1969,28,676,710,,,,2935,10,-1208
NO2,1969,29,209,446,,,,2736,6,-976
NO2,1969,30,357,497,,,,2641,4,-798
NO2,1969,31,234,520,,,,2423,3,-837
NO2,1969,32,-334,302,,,,1859,2,-1287
NO2,1969,33,-71,210,,,,1657,2,-1425
NO2,1969,34,441,212,,,,1962,1,-1112
NO2,1969,35,265,329,,,,1948,1,-1140
NO2,1969,36,77,220,,,,1846,1,-1271
NO2,1969,37,1440,496,,,,2872,1,-325
NO2,1969,38,37,523,,,,2413,1,-941
NO2,1969,39,2517,1355,,,,3431,151,75
NO2,1969,40,2267,1318,,,,3367,1119,867
NO2,1969,41,304,1079,,,,3551,123,-139
NO2,1969,42,243,616,,,,3270,20,-753
NO2,1969,43,733,530,,,,3415,82,-746
NO2,1969,44,2888,962,,,,3365,2133,1021
NO2,1969,45,1655,485,,,,3126,3587,1883
NO2,1969,46,1881,443,,,,3006,5207,3034
NO2,1969,47,1342,314,,,,2869,6418,3692
NO2,1969,48,472,140,,,,2766,6882,3508
NO2,1969,49,455,112,,,,2713,7304,3261
NO2,1969,50,728,140,,,,2725,7907,3183
NO2,1969,51,298,87,,,,2662,8201,2717
NO2,1969,52,361,57,,,,2629,8557,2387
NO2,1970,1,205,43,,,,2609,8751,1093
NO2,1970,2,263,36,,,,2590,9010,594
NO2,1970,3,869,75,,,,2582,9853,559
NO2,1970,4,208,33,,,,2567,10058,-160
NO2,1970,5,384,36,,,,2556,10438,-643
NO2,1970,6,360,31,,,,2548,10792,-1118
NO2,1970,7,161,20,,,,2539,10951,-1735
NO2,1970,8,241,19,,,,2533,11190,-2175
NO2,1970,9,448,30,,,,2527,11633,-2394
NO2,1970,10,464,33,,,,2521,12092,-2547
NO2,1970,11,192,18,,,,2516,12282,-2791
NO2,1970,12,940,219,,,,2562,12982,-2402
NO2,1970,13,360,62,,,,2531,13326,-2323
NO2,1970,14,30,21,,,,2516,13356,-2364
NO2,1970,15,155,21,,,,2516,13498,-2082
NO2,1970,16,337,84,,,,2666,13610,-1493
NO2,1970,17,934,341,,,,2765,14114,-301
NO2,1970,18,155,236,,,,2757,14042,476
NO2,1970,19,-6,907,,,,3770,12066,623
NO2,1970,20,-52,2760,,,,4745,8083,-1027
NO2,1970,21,842,2203,,,,4297,7040,-982
NO2,1970,22,282,1852,,,,4754,4903,-1081
NO2,1970,23,-200,2016,,,,4556,2742,-1903
NO2,1970,24,-283,2030,,,,3828,1009,-2936
NO2,1970,25,-479,1118,,,,2948,233,-3370
NO2,1970,26,766,902,,,,2975,80,-2518
NO2,1970,27,1670,1131,,,,3580,41,-1166
NO2,1970,28,1339,1110,,,,3843,24,-285
NO2,1970,29,742,1045,,,,3548,16,-154
NO2,1970,30,1244,1036,,,,3775,10,342
NO2,1970,31,167,783,,,,3175,6,-82
NO2,1970,32,-386,429,,,,2403,3,-741
NO2,1970,33,13,273,,,,2181,2,-900
NO2,1970,34,882,526,,,,2584,1,-489
NO2,1970,35,-299,269,,,,2062,1,-1026
NO2,1970,36,1860,832,,,,3119,28,30
NO2,1970,37,1556,1092,,,,3614,2,418
NO2,1970,38,768,916,,,,3470,1,116
NO2,1970,39,-64,466,,,,2934,1,-572
NO2,1970,40,1108,572,,,,3451,27,-141
NO2,1970,41,1373,1045,,,,3758,44,-11
NO2,1970,42,217,511,,,,3487,21,-535
NO2,1970,43,1932,1152,,,,3660,622,39
NO2,1970,44,2103,543,,,,3409,2481,1413
NO2,1970,45,816,333,,,,3170,3235,1575
NO2,1970,46,1869,288,,,,3054,4994,2869
NO2,1970,47,1842,468,,,,3172,6305,3882
NO2,1970,48,1738,812,,,,3435,6999,4295
NO2,1970,49,1275,369,,,,3217,8164,4624
NO2,1970,50,652,471,,,,3368,8204,4122
NO2,1970,51,978,381,,,,3399,8795,4048
NO2,1970,52,398,367,,,,3196,9033,3431
NO2,1970,53,17,133,,,,3063,9050,2623
NO2,1971,1,1695,220,,,,3267,10378,3378
NO2,1971,2,253,648,,,,3425,9808,2226
NO2,1971,3,949,332,,,,3256,10610,1990
NO2,1971,4,813,250,,,,3144,11308,1667
NO2,1971,5,496,181,,,,3223,11561,1148
NO2,1971,6,930,356,,,,3322,12039,903
NO2,1971,7,1313,314,,,,3146,13252,1172
NO2,1971,8,550,144,,,,3075,13755,933
NO2,1971,9,20,64,,,,3017,13776,239
NO2,1971,10,784,105,,,,3022,14480,341
NO2,1971,11,845,138,,,,3021,15220,651
NO2,1971,12,752,128,,,,3016,15880,950
NO2,1971,13,171,73,,,,2999,16007,826
NO2,1971,14,150,127,,,,3073,15962,800
NO2,1971,15,359,414,,,,3375,15584,864
NO2,1971,16,619,440,,,,3363,15776,1371
NO2,1971,17,159,205,,,,3191,15894,1905
NO2,1971,18,78,649,,,,3829,14658,2164
NO2,1971,19,32,1744,,,,4413,12240,1439
NO2,1971,20,546,2287,,,,4575,10202,922
NO2,1971,21,877,1478,,,,5359,8695,1735
NO2,1971,22,184,4017,,,,5260,4713,-765
NO2,1971,23,-132,2307,,,,4379,2996,-1826
NO2,1971,24,38,1075,,,,3832,2440,-1500
NO2,1971,25,169,975,,,,3861,1554,-1137
NO2,1971,26,-93,1083,,,,3447,736,-1389
NO2,1971,27,-327,822,,,,2740,261,-1785
NO2,1971,28,869,655,,,,3060,174,-919
NO2,1971,29,187,512,,,,2786,122,-810
NO2,1971,30,938,744,,,,3071,61,-311
NO2,1971,31,1232,864,,,,3503,33,273
NO2,1971,32,185,712,,,,2986,24,-138
NO2,1971,33,-262,387,,,,2366,15,-702
NO2,1971,34,-19,238,,,,2155,9,-911
NO2,1971,35,1013,459,,,,2746,8,-335
NO2,1971,36,-75,421,,,,2280,5,-832
NO2,1971,37,182,224,,,,2263,4,-931
NO2,1971,38,1103,557,,,,2849,5,-502
NO2,1971,39,723,536,,,,3053,1,-452
NO2,1971,40,1210,885,,,,3329,65,-225
NO2,1971,41,1397,1080,,,,3231,467,-115
NO2,1971,42,4127,1856,,,,4312,1654,1923
NO2,1971,43,96,902,,,,3553,1574,884
NO2,1971,44,2975,1734,,,,4033,2357,1912
NO2,1971,45,1008,670,,,,3495,3248,1913
NO2,1971,46,1670,578,,,,3307,4578,2706
NO2,1971,47,485,292,,,,3381,4712,2498
NO2,1971,48,752,602,,,,3442,4798,2101
NO2,1971,49,1879,803,,,,3545,5801,2589
NO2,1971,50,1559,740,,,,3819,6365,2735
NO2,1971,51,3507,1271,,,,3970,8494,4318
NO2,1971,52,165,718,,,,3607,8281,3090
NO2,1972,1,33,235,,,,3369,8313,1415
NO2,1972,2,238,149,,,,3235,8545,773
NO2,1972,3,633,126,,,,3158,9154,436
NO2,1972,4,697,198,,,,3119,9717,51
NO2,1972,5,309,75,,,,3063,10023,-550
NO2,1972,6,640,81,,,,3039,10632,-787
NO2,1972,7,394,68,,,,3010,11008,-1208
NO2,1972,8,5,33,,,,2983,11012,-1903
NO2,1972,9,385,37,,,,2967,11387,-2199
NO2,1972,10,575,55,,,,2952,11947,-2262
NO2,1972,11,60,40,,,,2974,11947,-2668
NO2,1972,12,938,271,,,,3108,12507,-2331
NO2,1972,13,743,188,,,,3042,13150,-1987
NO2,1972,14,1421,295,,,,3122,14234,-879
NO2,1972,15,513,419,,,,3272,14175,-648
NO2,1972,16,212,335,,,,3260,14058,-451
NO2,1972,17,465,310,,,,3306,14157,283
NO2,1972,18,385,1084,,,,4028,12695,401
NO2,1972,19,-5,1646,,,,4305,10659,-249
NO2,1972,20,122,1184,,,,4263,9560,-31
NO2,1972,21,1146,2047,,,,4984,7846,512
NO2,1972,22,491,1876,,,,4816,6530,608
NO2,1972,23,2148,3266,,,,5325,4775,900
NO2,1972,24,306,2247,,,,4655,3375,257
NO2,1972,25,1179,2031,,,,4471,2632,552
NO2,1972,26,152,1521,,,,4320,1337,85
NO2,1972,27,235,1490,,,,3675,676,-436
NO2,1972,28,-200,782,,,,2997,352,-804
NO2,1972,29,-336,569,,,,2375,97,-1245
NO2,1972,30,454,426,,,,2526,35,-883
NO2,1972,31,2051,1192,,,,3463,17,216
NO2,1972,32,2460,2029,,,,3921,10,783
NO2,1972,33,327,879,,,,3375,6,297
NO2,1972,34,-194,474,,,,2723,4,-348
NO2,1972,35,-274,284,,,,2210,2,-877
NO2,1972,36,712,275,,,,2629,65,-423
NO2,1972,37,461,432,,,,2664,73,-462
NO2,1972,38,253,337,,,,2643,28,-683
NO2,1972,39,-75,210,,,,2373,11,-1123
NO2,1972,40,23,141,,,,2281,1,-1336
NO2,1972,41,78,127,,,,2239,12,-1562
NO2,1972,42,135,89,,,,2181,123,-1739
NO2,1972,43,2100,442,,,,2711,1304,-228
NO2,1972,44,1374,867,,,,3226,1304,53
NO2,1972,45,2803,899,,,,3189,3305,1663
NO2,1972,46,717,396,,,,2882,3947,1650
NO2,1972,47,137,163,,,,2731,4078,1214
NO2,1972,48,1951,635,,,,3081,5069,2010
NO2,1972,49,1848,607,,,,2919,6518,2681
NO2,1972,50,2127,528,,,,3113,7988,3651
NO2,1972,51,80,268,,,,2939,7972,2766
NO2,1972,52,364,158,,,,2847,8285,2334
NO2,1973,1,781,579,,,,3438,7900,1070
NO2,1973,2,8,341,,,,3144,7839,-24
NO2,1973,3,311,178,,,,2991,8128,-758
NO2,1973,4,924,245,,,,3052,8766,-968
NO2,1973,5,614,194,,,,2992,9266,-1378
NO2,1973,6,2820,512,,,,3073,11580,195
NO2,1973,7,766,202,,,,2950,12300,24
NO2,1973,8,1326,409,,,,3089,13121,312
NO2,1973,9,779,212,,,,2996,13807,250
NO2,1973,10,502,148,,,,2927,14255,22
NO2,1973,11,249,136,,,,3041,14262,-287
NO2,1973,12,234,319,,,,3279,13932,-735
NO2,1973,13,468,425,,,,3241,13997,-942
NO2,1973,14,1227,300,,,,3107,15087,-41
NO2,1973,15,181,129,,,,3016,15240,161
NO2,1973,16,240,178,,,,3056,15267,554
NO2,1973,17,313,235,,,,3114,15284,1218
NO2,1973,18,1310,355,,,,3444,15950,3072
NO2,1973,19,1485,1232,,,,3874,15753,4414
NO2,1973,20,409,719,,,,3680,15617,5442
NO2,1973,21,249,1500,,,,4428,13550,5660
NO2,1973,22,1453,3211,,,,5289,10791,5342
NO2,1973,23,21,2531,,,,4751,8662,4213
NO2,1973,24,1137,2103,,,,4328,8033,4589
NO2,1973,25,-202,2282,,,,4475,5250,3174
NO2,1973,26,-234,2243,,,,3902,3195,1525
NO2,1973,27,329,1794,,,,3891,1646,750
NO2,1973,28,395,1536,,,,3405,930,183
NO2,1973,29,285,1031,,,,3119,448,-150
NO2,1973,30,140,697,,,,2798,214,-431
NO2,1973,31,70,462,,,,2539,110,-614
NO2,1973,32,1951,1240,,,,3309,81,243
NO2,1973,33,-295,512,,,,2549,48,-486
NO2,1973,34,-3,319,,,,2241,43,-791
NO2,1973,35,295,242,,,,2339,31,-720
NO2,1973,36,1256,712,,,,2931,25,-161
NO2,1973,37,78,518,,,,2497,22,-679
NO2,1973,38,458,343,,,,2626,24,-705
NO2,1973,39,1433,493,,,,2865,741,100
NO2,1973,40,-28,593,,,,2982,8,-629
NO2,1973,41,405,385,,,,2894,109,-810
NO2,1973,42,105,191,,,,2701,214,-1127
NO2,1973,43,750,385,,,,3022,277,-945
NO2,1973,44,356,383,,,,2914,351,-1212
NO2,1973,45,2605,932,,,,3601,1380,151
NO2,1973,46,1387,560,,,,3164,2670,656
NO2,1973,47,3258,683,,,,3267,5219,2890
NO2,1973,48,144,286,,,,2992,5359,2211
NO2,1973,49,1477,268,,,,2908,6703,2854
NO2,1973,50,2037,325,,,,2864,8532,3947
NO2,1973,51,1251,164,,,,2796,9741,4392
NO2,1973,52,740,171,,,,2939,10200,4342
NO2,1974,1,747,321,,,,2849,10735,3317
NO2,1974,2,1448,175,,,,2806,12100,3899
NO2,1974,3,2389,368,,,,2868,14148,5140
NO2,1974,4,1028,290,,,,2862,14930,5006
NO2,1974,5,996,268,,,,2820,15734,4918
NO2,1974,6,837,209,,,,2760,16458,4760
NO2,1974,7,1516,410,,,,2806,17553,5133
NO2,1974,8,306,163,,,,2844,17670,4617
NO2,1974,9,79,114,,,,2750,17735,3931
NO2,1974,10,137,57,,,,2707,17868,3414
NO2,1974,11,145,37,,,,2685,18007,3103
NO2,1974,12,1084,128,,,,2713,18971,3738
NO2,1974,13,-1,56,,,,2718,18915,3453
NO2,1974,14,-16,209,,,,2985,18416,3166
NO2,1974,15,-4,521,,,,3052,17783,2739
NO2,1974,16,-5,380,,,,3277,17142,2650
NO2,1974,17,-14,476,,,,3360,16526,2706
NO2,1974,18,9,861,,,,3747,15226,2650
NO2,1974,19,0,716,,,,3907,14302,2996
NO2,1974,20,-84,1674,,,,4581,11758,2484
NO2,1974,21,265,2858,,,,4869,8705,1256
NO2,1974,22,597,1721,,,,4440,7918,1620
NO2,1974,23,1261,1960,,,,4630,6951,2381
NO2,1974,24,-103,1632,,,,4769,4967,1963
NO2,1974,25,-214,2427,,,,4329,2598,376
NO2,1974,26,-328,1578,,,,3484,1437,-651
NO2,1974,27,790,1264,,,,3577,848,-362
NO2,1974,28,76,892,,,,3115,461,-576
NO2,1974,29,613,821,,,,3086,272,-359
NO2,1974,30,691,850,,,,3010,181,-252
NO2,1974,31,252,575,,,,2742,130,-391
NO2,1974,32,-57,331,,,,2419,79,-650
NO2,1974,33,888,570,,,,2804,50,-228
NO2,1974,34,127,416,,,,2546,36,-492
NO2,1974,35,1293,953,,,,2945,23,-121
NO2,1974,36,2676,1509,,,,4153,16,1052
NO2,1974,37,1252,1595,,,,3789,13,603
NO2,1974,38,1997,1468,,,,4216,121,981
NO2,1974,39,2184,1750,,,,4542,127,1163
NO2,1974,40,695,1002,,,,4129,202,712
NO2,1974,41,59,542,,,,3689,148,23
NO2,1974,42,735,462,,,,3822,299,78
NO2,1974,43,841,585,,,,3593,793,143
NO2,1974,44,63,261,,,,3340,845,-292
NO2,1974,45,716,213,,,,3302,1402,-126
NO2,1974,46,3139,945,,,,3473,3489,1784
NO2,1974,47,672,388,,,,3235,4028,1667
NO2,1974,48,666,238,,,,3135,4581,1576
NO2,1974,49,2000,309,,,,3146,6324,2714
NO2,1974,50,1299,261,,,,3090,7463,3103
NO2,1974,51,1703,255,,,,3148,8913,3916
NO2,1974,52,1880,802,,,,3380,9784,4366
NO2,1975,1,2142,446,,,,3315,11612,4660
NO2,1975,2,3195,570,,,,3212,14420,6625
NO2,1975,3,2182,619,,,,3268,16003,7395
NO2,1975,4,2427,456,,,,3174,18139,8528
NO2,1975,5,1524,278,,,,3135,19490,8989
NO2,1975,6,24,151,,,,3042,19474,8058
NO2,1975,7,7,62,,,,2992,19481,7248
NO2,1975,8,694,95,,,,2981,20129,7213
NO2,1975,9,5,37,,,,2956,20132,6534
NO2,1975,10,567,88,,,,2991,20594,6424
NO2,1975,11,20,54,,,,2952,20606,5968
NO2,1975,12,0,25,,,,2932,20606,5592
NO2,1975,13,302,48,,,,2928,20877,5625
NO2,1975,14,119,28,,,,2918,20987,5670
NO2,1975,15,242,44,,,,2928,21183,6015
NO2,1975,16,67,51,,,,2944,21187,6363
NO2,1975,17,305,232,,,,3110,21094,7024
NO2,1975,18,1144,432,,,,3175,21759,8611
NO2,1975,19,57,903,,,,4251,19780,8818
NO2,1975,20,784,2137,,,,4556,17977,8678
NO2,1975,21,185,1856,,,,4494,16236,8411
NO2,1975,22,-53,2060,,,,4412,14059,7733
NO2,1975,23,297,1249,,,,4826,12620,8245
NO2,1975,24,4,3559,,,,4928,8746,5901
NO2,1975,25,-84,1871,,,,4629,6961,5039
NO2,1975,26,-150,2227,,,,4092,4975,3495
NO2,1975,27,-315,1731,,,,3968,2937,2118
NO2,1975,28,-257,1802,,,,3600,1144,591
NO2,1975,29,156,1147,,,,3198,519,-1
NO2,1975,30,1082,1107,,,,3435,262,254
NO2,1975,31,-289,613,,,,2658,134,-471
NO2,1975,32,-354,397,,,,2040,48,-1059
NO2,1975,33,497,329,,,,2320,22,-741
NO2,1975,34,340,431,,,,2281,15,-778
NO2,1975,35,680,458,,,,2559,11,-519
NO2,1975,36,205,397,,,,2406,9,-703
NO2,1975,37,1793,1006,,,,3224,8,33
NO2,1975,38,1250,971,,,,3518,7,169
NO2,1975,39,3737,2445,,,,4671,125,1290
NO2,1975,40,2751,2505,,,,4986,14,1382
NO2,1975,41,1224,1735,,,,4205,254,646
NO2,1975,42,192,606,,,,3784,250,-8
NO2,1975,43,17,372,,,,3591,86,-567
NO2,1975,44,402,478,,,,3603,8,-866
NO2,1975,45,447,488,,,,3532,40,-1258
NO2,1975,46,226,289,,,,3354,155,-1670
NO2,1975,47,1102,353,,,,3217,1069,-1309
NO2,1975,48,1337,542,,,,3333,1767,-1040
NO2,1975,49,1657,358,,,,3203,3248,-305
NO2,1975,50,1464,331,,,,3142,4500,193
NO2,1975,51,736,257,,,,3115,5033,2
NO2,1975,52,3018,713,,,,3512,7023,1737
NO2,1976,1,3378,857,,,,3332,9817,2881
NO2,1976,2,3241,409,,,,3229,12877,5098
NO2,1976,3,1004,240,,,,3122,13799,5044
NO2,1976,4,2008,342,,,,3091,15566,5872
NO2,1976,5,2,89,,,,3018,15569,4951
NO2,1976,6,2,48,,,,2981,15571,4094
NO2,1976,7,615,96,,,,2975,16122,3872
NO2,1976,8,150,42,,,,2953,16263,3319
NO2,1976,9,3175,465,,,,3123,18911,5481
NO2,1976,10,574,219,,,,3030,19389,5259
NO2,1976,11,26,70,,,,2968,19414,4792
NO2,1976,12,3,37,,,,2936,19417,4407
NO2,1976,13,824,68,,,,2972,20165,4957
NO2,1976,14,2296,292,,,,2963,22257,6985
NO2,1976,15,1053,183,,,,3013,23119,8037
NO2,1976,16,601,277,,,,3291,23180,8702
NO2,1976,17,244,373,,,,3298,23030,9148
NO2,1976,18,121,295,,,,3198,22937,9813
NO2,1976,19,563,455,,,,3499,22741,11026
NO2,1976,20,629,1360,,,,4088,21346,11579
NO2,1976,21,65,2198,,,,4811,18347,10840
NO2,1976,22,325,3088,,,,4639,15578,9478
NO2,1976,23,161,2200,,,,4660,13385,8844
NO2,1976,24,206,2439,,,,4802,10867,7897
NO2,1976,25,421,2680,,,,4690,8568,6706
NO2,1976,26,-23,2321,,,,4534,6232,5193
NO2,1976,27,-102,2156,,,,4140,4233,3585
NO2,1976,28,-224,2099,,,,3760,2163,1770
NO2,1976,29,496,1579,,,,3671,1114,1067
NO2,1976,30,-25,1058,,,,2981,686,225
NO2,1976,31,467,724,,,,2926,489,152
NO2,1976,32,-58,491,,,,2495,366,-287
NO2,1976,33,-285,389,,,,2048,167,-868
NO2,1976,34,-229,280,,,,1682,77,-1315
NO2,1976,35,-138,187,,,,1450,43,-1596
NO2,1976,36,202,174,,,,1524,35,-1558
NO2,1976,37,1094,346,,,,2185,147,-866
NO2,1976,38,596,438,,,,2489,30,-836
NO2,1976,39,-133,225,,,,2159,19,-1328
NO2,1976,40,29,140,,,,2045,27,-1547
NO2,1976,41,1586,667,,,,2985,28,-801
NO2,1976,42,2930,1234,,,,3314,1379,651
NO2,1976,43,1013,735,,,,3249,1728,733
NO2,1976,44,284,558,,,,3010,1673,206
NO2,1976,45,1318,443,,,,3001,2583,754
NO2,1976,46,957,531,,,,2949,3078,848
NO2,1976,47,277,201,,,,2804,3309,518
NO2,1976,48,762,277,,,,2888,3732,480
NO2,1976,49,760,327,,,,2750,4318,311
NO2,1976,50,1186,233,,,,2697,5360,607
NO2,1976,51,134,96,,,,2613,5494,-38
NO2,1976,52,52,52,,,,2570,5544,-684
NO2,1976,53,575,54,,,,2546,6109,-836
NO2,1977,1,990,137,,,,2567,6976,-724
NO2,1977,2,252,60,,,,2525,7225,-1257
NO2,1977,3,210,35,,,,2504,7433,-1940
NO2,1977,4,584,49,,,,2494,8002,-2289
NO2,1977,5,1135,119,,,,2510,9040,-2086
NO2,1977,6,218,47,,,,2481,9254,-2723
NO2,1977,7,499,39,,,,2469,9747,-3009
NO2,1977,8,158,23,,,,2461,9901,-3536
NO2,1977,9,1185,115,,,,2529,10937,-3087
NO2,1977,10,427,166,,,,2575,11168,-3418
NO2,1977,11,774,267,,,,2660,11606,-3324
NO2,1977,12,129,213,,,,2594,11588,-3764
NO2,1977,13,534,104,,,,2545,12084,-3551
NO2,1977,14,183,93,,,,2514,12215,-3507
NO2,1977,15,567,78,,,,2502,12734,-2860
NO2,1977,16,462,136,,,,2581,12999,-2188
NO2,1977,17,844,330,,,,2746,13365,-1069
NO2,1977,18,108,985,,,,3569,11617,-1137
NO2,1977,19,804,1144,,,,3637,11140,-435
NO2,1977,20,-64,1249,,,,4288,9093,-473
NO2,1977,21,-153,3460,,,,5165,4373,-2780
NO2,1977,22,-86,1949,,,,4508,2857,-3374
NO2,1977,23,1738,1645,,,,4990,2425,-1787
NO2,1977,24,-45,2296,,,,4482,470,-2821
NO2,1977,25,-456,1071,,,,3303,97,-3151
NO2,1977,26,618,682,,,,3283,57,-2231
NO2,1977,27,-503,477,,,,2392,14,-2381
NO2,1977,28,-152,281,,,,2019,9,-2125
NO2,1977,29,885,348,,,,2604,8,-1105
NO2,1977,30,1217,838,,,,3036,7,-400
NO2,1977,31,709,713,,,,3067,6,-190
NO2,1977,32,-145,463,,,,2489,5,-653
NO2,1977,33,394,351,,,,2599,5,-479
NO2,1977,34,1607,790,,,,3471,4,401
NO2,1977,35,377,749,,,,3113,4,28
NO2,1977,36,2084,1218,,,,3647,346,876
NO2,1977,37,1302,1137,,,,3661,497,961
NO2,1977,38,-238,649,,,,3243,6,-106
NO2,1977,39,2291,1277,,,,4076,187,756
NO2,1977,40,922,830,,,,3679,661,721
NO2,1977,41,1023,1178,,,,4047,121,355
NO2,1977,42,414,639,,,,3928,14,-102
NO2,1977,43,849,786,,,,3965,47,-231
NO2,1977,44,2735,1797,,,,4385,558,466
NO2,1977,45,3129,1995,,,,4876,1197,1243
NO2,1977,46,742,989,,,,3984,1816,621
NO2,1977,47,1033,423,,,,3634,2804,843
NO2,1977,48,15,214,,,,3426,2816,103
NO2,1977,49,1306,211,,,,3329,4048,621
NO2,1977,50,1314,332,,,,3326,5084,961
NO2,1977,51,1305,303,,,,3376,6056,1286
NO2,1977,52,1006,374,,,,3230,6862,1295
NO2,1978,1,1621,229,,,,3232,8323,1288
NO2,1978,2,633,197,,,,3169,8840,1002
NO2,1978,3,463,125,,,,3112,9251,487
NO2,1978,4,628,88,,,,3065,9864,144
NO2,1978,5,429,63,,,,3034,10286,-317
NO2,1978,6,86,32,,,,3012,10371,-1076
NO2,1978,7,202,30,,,,2996,10570,-1660
NO2,1978,8,962,62,,,,3004,11494,-1400
NO2,1978,9,1300,306,,,,3065,12458,-1031
NO2,1978,10,587,109,,,,3046,12984,-1131
NO2,1978,11,802,128,,,,3019,13715,-856
NO2,1978,12,898,85,,,,3006,14572,-368
NO2,1978,13,975,205,,,,3075,15300,196
NO2,1978,14,15,128,,,,3068,15198,30
NO2,1978,15,432,143,,,,3041,15526,471
NO2,1978,16,395,171,,,,3178,15623,1033
NO2,1978,17,70,222,,,,3113,15526,1459
NO2,1978,18,-25,262,,,,3418,14931,2026
NO2,1978,19,7,1029,,,,3697,13545,2029
NO2,1978,20,82,1177,,,,4507,11559,2210
NO2,1978,21,843,3866,,,,5621,7182,484
NO2,1978,22,-334,4332,,,,5312,2536,-2890
NO2,1978,23,753,2818,,,,4590,1049,-3562
NO2,1978,24,-238,1093,,,,3830,412,-3531
NO2,1978,25,731,905,,,,3884,172,-2495
NO2,1978,26,891,912,,,,3949,87,-1536
NO2,1978,27,1885,1549,,,,4313,56,-418
NO2,1978,28,-287,826,,,,3212,30,-911
NO2,1978,29,163,430,,,,2963,23,-731
NO2,1978,30,630,644,,,,2991,15,-437
NO2,1978,31,226,451,,,,2833,8,-423
NO2,1978,32,119,461,,,,2538,5,-605
NO2,1978,33,1257,859,,,,2986,4,-93
NO2,1978,34,728,722,,,,3024,4,-47
NO2,1978,35,-61,380,,,,2591,4,-494
NO2,1978,36,542,334,,,,2832,3,-282
NO2,1978,37,1499,796,,,,3553,7,362
NO2,1978,38,1258,998,,,,3678,144,466
NO2,1978,39,1061,1002,,,,3637,159,290
NO2,1978,40,637,703,,,,3599,121,101
NO2,1978,41,69,522,,,,3273,3,-538
NO2,1978,42,867,525,,,,3440,188,-415
NO2,1978,43,2568,1059,,,,3870,1315,942
NO2,1978,44,1256,1394,,,,4188,830,540
NO2,1978,45,483,1087,,,,3934,442,-455
NO2,1978,46,4408,1619,,,,4278,2928,2027
NO2,1978,47,2217,1142,,,,3788,4518,2711
NO2,1978,48,191,353,,,,3441,4706,2007
NO2,1978,49,96,192,,,,3254,4801,1298
NO2,1978,50,573,152,,,,3141,5358,1049
NO2,1978,51,129,95,,,,3060,5484,398
NO2,1978,52,114,66,,,,3004,5597,-197
NO2,1979,1,473,64,,,,2976,6050,-1242
NO2,1979,2,1540,148,,,,2948,7525,-535
NO2,1979,3,100,47,,,,2913,7623,-1340
NO2,1979,4,107,34,,,,2889,7729,-2167
NO2,1979,5,767,56,,,,2872,8485,-2280
NO2,1979,6,298,41,,,,2855,8779,-2823
NO2,1979,7,2,19,,,,2842,8782,-3602
NO2,1979,8,18,15,,,,2830,8800,-4267
NO2,1979,9,1566,198,,,,2970,10074,-3509
NO2,1979,10,2354,395,,,,2932,12139,-2089
NO2,1979,11,296,104,,,,2856,12428,-2306
NO2,1979,12,603,66,,,,2838,13008,-2100
NO2,1979,13,1383,219,,,,2904,14155,-1121
NO2,1979,14,574,162,,,,2903,14593,-738
NO2,1979,15,154,172,,,,3030,14453,-612
NO2,1979,16,272,250,,,,3118,14383,-267
NO2,1979,17,473,362,,,,3236,14370,426
NO2,1979,18,532,281,,,,3108,14752,1538
NO2,1979,19,89,158,,,,3084,14707,2578
NO2,1979,20,1093,1427,,,,4153,13248,3546
NO2,1979,21,1855,2450,,,,5038,11674,4393
NO2,1979,22,876,3582,,,,5634,8175,3070
NO2,1979,23,217,4238,,,,5274,4263,337
NO2,1979,24,134,2497,,,,4646,2383,-744
NO2,1979,25,-312,1486,,,,4025,1114,-1412
NO2,1979,26,2058,1881,,,,4423,869,-280
NO2,1979,27,-46,945,,,,3674,586,-527
NO2,1979,28,47,781,,,,3227,282,-644
NO2,1979,29,467,641,,,,3171,169,-378
NO2,1979,30,203,527,,,,2911,106,-426
NO2,1979,31,1395,902,,,,3487,61,285
NO2,1979,32,1122,984,,,,3657,40,548
NO2,1979,33,2932,2034,,,,4516,25,1458
NO2,1979,34,256,1135,,,,3627,18,570
NO2,1979,35,-179,516,,,,2945,13,-131
NO2,1979,36,465,552,,,,2902,10,-206
NO2,1979,37,1179,740,,,,3272,100,173
NO2,1979,38,1960,1372,,,,3788,167,600
NO2,1979,39,1036,949,,,,3681,327,501
NO2,1979,40,52,450,,,,3246,353,-19
NO2,1979,41,1220,891,,,,3933,4,123
NO2,1979,42,1856,1145,,,,4297,362,616
NO2,1979,43,259,689,,,,3701,515,-28
NO2,1979,44,1793,482,,,,3573,1981,1076
NO2,1979,45,1350,604,,,,3352,2977,1499
NO2,1979,46,697,217,,,,3191,3643,1656
NO2,1979,47,1268,378,,,,3351,4412,2168
NO2,1979,48,1742,557,,,,3401,5585,2846
NO2,1979,49,2864,979,,,,3472,7454,4170
NO2,1979,50,480,263,,,,3230,7929,3708
NO2,1979,51,184,135,,,,3109,8108,3072
NO2,1979,52,1764,288,,,,3110,9638,3950
NO2,1980,1,235,120,,,,3010,9871,2613
NO2,1980,2,79,56,,,,2966,9948,1907
NO2,1980,3,311,66,,,,2947,10228,1298
NO2,1980,4,459,52,,,,2924,10676,815
NO2,1980,5,146,31,,,,2904,10820,88
NO2,1980,6,237,28,,,,2889,11055,-514
NO2,1980,7,1326,113,,,,2922,12287,-16
NO2,1980,8,16,52,,,,2884,12296,-717
NO2,1980,9,614,56,,,,2883,12880,-791
NO2,1980,10,385,49,,,,2868,13249,-1043
NO2,1980,11,446,42,,,,2857,13682,-1051
NO2,1980,12,44,20,,,,2845,13726,-1375
NO2,1980,13,376,30,,,,2842,14090,-1247
NO2,1980,14,337,50,,,,2853,14385,-998
NO2,1980,15,179,89,,,,2917,14418,-760
NO2,1980,16,270,393,,,,3212,13985,-572
NO2,1980,17,8,393,,,,3525,13261,-393
NO2,1980,18,20,1487,,,,4363,10864,-1095
NO2,1980,19,-39,1821,,,,4164,9067,-1982
NO2,1980,20,-180,2136,,,,5026,5745,-3084
NO2,1980,21,-210,2164,,,,4400,3842,-4077
NO2,1980,22,751,1280,,,,4639,3007,-3093
NO2,1980,23,-398,1650,,,,4180,1299,-3722
NO2,1980,24,604,1869,,,,3735,410,-3628
NO2,1980,25,1329,1401,,,,3909,148,-2494
NO2,1980,26,957,1089,,,,3842,74,-1656
NO2,1980,27,268,871,,,,3294,26,-1467
NO2,1980,28,129,522,,,,2945,10,-1198
NO2,1980,29,831,638,,,,3184,6,-528
NO2,1980,30,-150,481,,,,2584,4,-855
NO2,1980,31,-149,324,,,,2174,3,-1086
NO2,1980,32,887,484,,,,2640,3,-505
NO2,1980,33,-188,314,,,,2183,3,-897
NO2,1980,34,1131,552,,,,2816,3,-255
NO2,1980,35,376,486,,,,2730,3,-356
NO2,1980,36,404,459,,,,2713,3,-401
NO2,1980,37,1228,617,,,,3357,4,162
NO2,1980,38,1223,1090,,,,3505,3,152
NO2,1980,39,132,586,,,,3066,3,-438
NO2,1980,40,1600,827,,,,3628,226,235
NO2,1980,41,3199,2039,,,,4226,766,1179
NO2,1980,42,1408,761,,,,3683,1961,1600
NO2,1980,43,615,483,,,,3348,2441,1545
NO2,1980,44,1146,617,,,,3421,2916,1859
NO2,1980,45,0,226,,,,3192,2917,1278
NO2,1980,46,1114,202,,,,3113,3940,1875
NO2,1980,47,2540,670,,,,3612,5368,3385
NO2,1980,48,784,863,,,,3397,5498,2755
NO2,1980,49,493,275,,,,3200,5923,2367
NO2,1980,50,2039,787,,,,3691,6711,2953
NO2,1980,51,1335,713,,,,3375,7656,2886
NO2,1980,52,2126,342,,,,3215,9666,4083
NO2,1981,1,3103,526,,,,3192,12367,5292
NO2,1981,2,559,184,,,,3102,12865,4960
NO2,1981,3,1147,165,,,,3029,13971,5123
NO2,1981,4,381,103,,,,3045,14255,4515
NO2,1981,5,1199,301,,,,3383,14851,4598
NO2,1981,6,2846,736,,,,3307,17098,5947
NO2,1981,7,729,250,,,,3131,17791,5696
NO2,1981,8,37,98,,,,3048,17822,4973
NO2,1981,9,108,59,,,,3001,17930,4377
NO2,1981,10,594,59,,,,2981,18509,4330
NO2,1981,11,1303,127,,,,2981,19740,5131
NO2,1981,12,504,58,,,,2964,20225,5244
NO2,1981,13,1380,174,,,,2990,21458,6268
NO2,1981,14,257,171,,,,3098,21447,6310
NO2,1981,15,85,342,,,,3428,20850,6183
NO2,1981,16,47,503,,,,3407,20379,6017
NO2,1981,17,8,209,,,,3226,20345,6391
NO2,1981,18,354,137,,,,3137,20651,7466
NO2,1981,19,488,345,,,,3618,20325,8730
NO2,1981,20,200,3026,,,,5105,15825,7075
NO2,1981,21,91,3832,,,,5333,11612,4626
NO2,1981,22,894,3285,,,,4938,9437,3637
NO2,1981,23,773,2969,,,,5085,6935,2819
NO2,1981,24,1167,2306,,,,4732,6049,3008
NO2,1981,25,704,2136,,,,4722,4524,2695
NO2,1981,26,136,1696,,,,4548,3044,2020
NO2,1981,27,270,1498,,,,4092,2201,1506
NO2,1981,28,309,1290,,,,4145,1110,1103
NO2,1981,29,1245,1763,,,,3997,707,987
NO2,1981,30,396,952,,,,3698,426,680
NO2,1981,31,45,739,,,,3142,278,156
NO2,1981,32,-44,526,,,,2668,183,-296
NO2,1981,33,117,417,,,,2467,111,-505
NO2,1981,34,285,372,,,,2420,90,-565
NO2,1981,35,-35,281,,,,2145,70,-874
NO2,1981,36,-106,186,,,,1910,50,-1157
NO2,1981,37,41,188,,,,1807,39,-1352
NO2,1981,38,1238,334,,,,2743,36,-576
NO2,1981,39,3380,1965,,,,4185,20,699
NO2,1981,40,2607,2338,,,,4450,5,836
NO2,1981,41,2084,1648,,,,4612,263,1062
NO2,1981,42,706,1070,,,,3879,600,436
NO2,1981,43,662,614,,,,3580,947,283
NO2,1981,44,878,499,,,,3497,1417,436
NO2,1981,45,1623,606,,,,3424,2542,1135
NO2,1981,46,868,456,,,,3385,3004,1210
NO2,1981,47,2096,384,,,,3298,4863,2566
NO2,1981,48,3101,665,,,,3226,7467,4554
NO2,1981,49,483,227,,,,3133,7848,4225
NO2,1981,50,148,114,,,,3034,7995,3580
NO2,1981,51,278,71,,,,2982,8270,3107
NO2,1981,52,241,52,,,,2949,8509,2660
NO2,1981,53,514,56,,,,2930,9008,2448
NO2,1982,1,170,39,,,,2909,9177,1818
NO2,1982,2,344,43,,,,2906,9498,1397
NO2,1982,3,267,66,,,,2910,9706,740
NO2,1982,4,1386,127,,,,2905,11017,1137
NO2,1982,5,478,75,,,,2906,11444,714
NO2,1982,6,1086,168,,,,2974,12330,846
NO2,1982,7,220,151,,,,2897,12488,159
NO2,1982,8,97,41,,,,2866,12582,-449
NO2,1982,9,1491,222,,,,2906,13859,212
NO2,1982,10,1182,152,,,,2909,14925,673
NO2,1982,11,1410,252,,,,2903,16142,1455
NO2,1982,12,398,149,,,,2969,16349,1373
NO2,1982,13,82,168,,,,3085,16151,1056
NO2,1982,14,721,368,,,,3194,16402,1361
NO2,1982,15,190,237,,,,3220,16329,1453
NO2,1982,16,137,457,,,,3491,15710,1432
NO2,1982,17,1031,624,,,,3509,16086,2415
NO2,1982,18,1191,491,,,,3474,16842,3993
NO2,1982,19,23,906,,,,4207,15181,4174
NO2,1982,20,1028,2859,,,,4807,12588,3540
NO2,1982,21,1172,2867,,,,5091,10461,3234
NO2,1982,22,-312,3875,,,,5669,5440,371
NO2,1982,23,-274,2943,,,,4524,3164,-1513
NO2,1982,24,-88,1236,,,,4107,2176,-1489
NO2,1982,25,-217,1071,,,,3757,1176,-1618
NO2,1982,26,1160,1229,,,,4212,625,-736
NO2,1982,27,69,1088,,,,3462,318,-1007
NO2,1982,28,282,722,,,,3237,113,-803
NO2,1982,29,-396,459,,,,2446,59,-1213
NO2,1982,30,-346,289,,,,1896,26,-1521
NO2,1982,31,-262,225,,,,1520,11,-1733
NO2,1982,32,1116,383,,,,2326,11,-811
NO2,1982,33,998,656,,,,2702,7,-373
NO2,1982,34,1340,826,,,,3246,8,180
NO2,1982,35,2073,1346,,,,3778,210,899
NO2,1982,36,1579,1422,,,,4124,12,1019
NO2,1982,37,409,1030,,,,3504,6,312
NO2,1982,38,1616,1136,,,,3973,26,644
NO2,1982,39,2755,2129,,,,4609,5,1107
NO2,1982,40,235,878,,,,3951,5,337
NO2,1982,41,305,505,,,,3640,116,-57
NO2,1982,42,2093,1020,,,,4096,739,792
NO2,1982,43,499,742,,,,4042,534,332
NO2,1982,44,973,948,,,,4014,577,113
NO2,1982,45,2400,1220,,,,4562,1211,943
NO2,1982,46,2199,875,,,,3928,3192,1942
NO2,1982,47,2976,998,,,,3723,5438,3567
NO2,1982,48,216,321,,,,3474,5598,2932
NO2,1982,49,1072,280,,,,3358,6541,3143
NO2,1982,50,1927,242,,,,3277,8369,4197
NO2,1982,51,2657,375,,,,3281,10748,5884
NO2,1982,52,1195,286,,,,3268,11725,6195
NO2,1983,1,3185,477,,,,3273,14527,7532
NO2,1983,2,2491,609,,,,3291,16472,8756
NO2,1983,3,2910,418,,,,3345,19033,10502
NO2,1983,4,3545,698,,,,3357,21962,12533
NO2,1983,5,1633,294,,,,3188,23545,13097
NO2,1983,6,248,114,,,,3113,23785,12441
NO2,1983,7,7,56,,,,3074,23791,11640
NO2,1983,8,13,36,,,,3051,23802,10956
NO2,1983,9,743,91,,,,3102,24429,10977
NO2,1983,10,2102,526,,,,3165,26020,12025
NO2,1983,11,416,220,,,,3193,26203,11807
NO2,1983,12,936,193,,,,3110,27062,12226
NO2,1983,13,438,102,,,,3074,27455,12349
NO2,1983,14,279,71,,,,3054,27699,12518
NO2,1983,15,133,91,,,,3118,27686,12710
NO2,1983,16,1478,597,,,,3470,28231,13933
NO2,1983,17,187,928,,,,3823,27084,13727
NO2,1983,18,6,1050,,,,4107,25681,13466
NO2,1983,19,1909,1846,,,,4528,25236,14551
NO2,1983,20,1984,2862,,,,5230,23523,14898
NO2,1983,21,2195,3509,,,,5826,21460,14968
NO2,1983,22,970,3494,,,,5456,19124,13841
NO2,1983,23,80,2928,,,,5212,16351,12362
NO2,1983,24,208,2613,,,,5259,13749,11235
NO2,1983,25,-297,3771,,,,5213,9500,8161
NO2,1983,26,637,2537,,,,5098,7578,7103
NO2,1983,27,-27,2669,,,,4938,4889,5040
NO2,1983,28,-366,2470,,,,4031,2818,2696
NO2,1983,29,419,1357,,,,3776,2081,2140
NO2,1983,30,-320,1139,,,,3213,1139,909
NO2,1983,31,1135,1278,,,,3443,762,941
NO2,1983,32,-299,708,,,,2781,405,38
NO2,1983,33,730,779,,,,2890,264,71
NO2,1983,34,-320,460,,,,2246,147,-681
NO2,1983,35,272,307,,,,2301,98,-690
NO2,1983,36,1775,715,,,,3411,85,379
NO2,1983,37,2020,1434,,,,4033,67,902
NO2,1983,38,2453,2010,,,,4446,89,1180
NO2,1983,39,383,1079,,,,3735,29,258
NO2,1983,40,1157,951,,,,3937,34,351
NO2,1983,41,2816,1444,,,,5034,320,1541
NO2,1983,42,3048,2725,,,,4432,1193,1582
NO2,1983,43,2032,1580,,,,4372,1625,1753
NO2,1983,44,2365,1373,,,,4172,2821,2516
NO2,1983,45,266,846,,,,4044,2355,1568
NO2,1983,46,567,432,,,,3753,2788,1363
NO2,1983,47,963,424,,,,3640,3466,1511
NO2,1983,48,312,260,,,,3496,3670,1027
NO2,1983,49,1518,767,,,,3617,4323,1183
NO2,1983,50,508,329,,,,3452,4672,675
NO2,1983,51,751,202,,,,3323,5376,553
NO2,1983,52,3832,512,,,,3465,8643,3310
NO2,1984,1,3212,588,,,,3296,11523,4552
NO2,1984,2,2687,337,,,,3254,14018,6265
NO2,1984,3,504,149,,,,3157,14516,5797
NO2,1984,4,113,68,,,,3111,14628,4954
NO2,1984,5,826,88,,,,3104,15410,4878
NO2,1984,6,1155,129,,,,3088,16504,5134
NO2,1984,7,48,47,,,,3058,16549,4381
NO2,1984,8,147,35,,,,3038,16694,3835
NO2,1984,9,513,53,,,,3035,17181,3661
NO2,1984,10,592,97,,,,3043,17695,3577
NO2,1984,11,178,41,,,,3018,17869,3296
NO2,1984,12,14,19,,,,3003,17883,2940
NO2,1984,13,462,37,,,,3000,18328,3149
NO2,1984,14,168,64,,,,3074,18367,3206
NO2,1984,15,682,245,,,,3217,18673,3795
NO2,1984,16,454,295,,,,3321,18729,4282
NO2,1984,17,7,927,,,,4178,16892,3890
NO2,1984,18,305,2143,,,,4433,14657,2768
NO2,1984,19,22,731,,,,4006,14312,3105
NO2,1984,20,971,2507,,,,5176,11474,2795
NO2,1984,21,92,3452,,,,5351,7725,757
NO2,1984,22,1081,3647,,,,5514,4802,-422
NO2,1984,23,-43,2943,,,,4655,2498,-2047
NO2,1984,24,233,1380,,,,4103,1831,-1838
NO2,1984,25,515,1361,,,,3878,1159,-1514
NO2,1984,26,196,793,,,,3597,815,-1160
NO2,1984,27,-201,692,,,,3054,437,-1296
NO2,1984,28,199,602,,,,2883,208,-1061
NO2,1984,29,62,515,,,,2530,121,-1066
NO2,1984,30,-151,279,,,,2149,88,-1206
NO2,1984,31,1498,566,,,,3180,60,-23
NO2,1984,32,26,639,,,,2609,41,-498
NO2,1984,33,-234,299,,,,2120,29,-934
NO2,1984,34,-270,200,,,,1718,18,-1338
NO2,1984,35,1258,479,,,,2573,15,-501
NO2,1984,36,203,421,,,,2375,13,-729
NO2,1984,37,525,384,,,,2537,12,-650
NO2,1984,38,1618,644,,,,3497,51,192
NO2,1984,39,269,692,,,,3114,6,-386
NO2,1984,40,1438,780,,,,3783,6,171
NO2,1984,41,2525,1410,,,,4149,774,1109
NO2,1984,42,2525,1747,,,,4894,804,1655
NO2,1984,43,1876,1784,,,,4572,1184,1512
NO2,1984,44,1373,1742,,,,4658,678,859
NO2,1984,45,855,937,,,,4162,1079,411
NO2,1984,46,201,532,,,,3762,1140,-277
NO2,1984,47,1154,463,,,,3630,1981,15
NO2,1984,48,1693,703,,,,3675,2945,481
NO2,1984,49,1245,642,,,,3932,3310,485
NO2,1984,50,716,604,,,,3555,3801,-94
NO2,1984,51,1453,296,,,,3404,5150,408
NO2,1984,52,1306,656,,,,3422,5797,421
NO2,1985,1,394,179,,,,3273,6180,-814
NO2,1985,2,283,107,,,,3185,6461,-1361
NO2,1985,3,130,65,,,,3131,6589,-2156
NO2,1985,4,1073,93,,,,3094,7651,-2040
NO2,1985,5,1362,132,,,,3097,8937,-1602
NO2,1985,6,390,80,,,,3061,9307,-2090
NO2,1985,7,148,40,,,,3034,9453,-2738
NO2,1985,8,687,59,,,,3047,10094,-2757
NO2,1985,9,628,127,,,,3029,10641,-2883
NO2,1985,10,867,97,,,,3023,11455,-2683
NO2,1985,11,613,133,,,,3033,11950,-2606
NO2,1985,12,387,61,,,,3011,12314,-2621
NO2,1985,13,311,60,,,,2995,12594,-2590
NO2,1985,14,1113,145,,,,3032,13560,-1643
NO2,1985,15,219,81,,,,3020,13722,-1353
NO2,1985,16,731,222,,,,3137,14132,-500
NO2,1985,17,413,212,,,,3070,14407,297
NO2,1985,18,225,142,,,,3120,14450,1248
NO2,1985,19,0,740,,,,3848,12948,1583
NO2,1985,20,488,2532,,,,4890,9705,740
NO2,1985,21,411,2821,,,,4932,7067,-320
NO2,1985,22,-24,2817,,,,4948,4026,-1764
NO2,1985,23,585,2409,,,,4761,2256,-2183
NO2,1985,24,668,1491,,,,4607,1521,-1644
NO2,1985,25,365,1478,,,,4228,723,-1600
NO2,1985,26,565,1217,,,,3948,325,-1299
NO2,1985,27,-37,805,,,,3279,137,-1371
NO2,1985,28,257,592,,,,3028,64,-1061
NO2,1985,29,1611,913,,,,3783,41,106
NO2,1985,30,-199,672,,,,2928,26,-489
NO2,1985,31,376,461,,,,2888,16,-359
NO2,1985,32,1500,997,,,,3388,13,253
NO2,1985,33,676,904,,,,3179,10,106
NO2,1985,34,1168,908,,,,3470,8,403
NO2,1985,35,1185,1221,,,,3435,7,353
NO2,1985,36,553,641,,,,3347,11,241
NO2,1985,37,439,491,,,,3322,6,129
NO2,1985,38,2610,1609,,,,4115,220,980
NO2,1985,39,92,695,,,,3536,87,116
NO2,1985,40,1631,1143,,,,4132,5,518
NO2,1985,41,2173,1776,,,,4428,84,699
NO2,1985,42,258,869,,,,3864,22,-157
NO2,1985,43,0,443,,,,3433,6,-805
NO2,1985,44,286,275,,,,3239,212,-1027
NO2,1985,45,1588,420,,,,3304,1354,-173
NO2,1985,46,405,340,,,,3109,1623,-447
NO2,1985,47,19,111,,,,3002,1642,-951
NO2,1985,48,27,68,,,,2937,1669,-1533
NO2,1985,49,1864,402,,,,3042,3074,-640
NO2,1985,50,1129,267,,,,3094,3909,-448
NO2,1985,51,2117,367,,,,3151,5658,663
NO2,1985,52,1006,410,,,,3033,6396,632
NO2,1986,1,128,103,,,,2944,6523,-801
NO2,1986,2,1177,104,,,,2907,7675,-426
NO2,1986,3,1380,179,,,,2889,8956,-31
NO2,1986,4,1625,173,,,,2881,10483,579
NO2,1986,5,329,66,,,,2843,10809,16
NO2,1986,6,33,32,,,,2822,10841,-795
NO2,1986,7,38,22,,,,2808,10879,-1539
NO2,1986,8,5,16,,,,2797,10884,-2216
NO2,1986,9,58,15,,,,2787,10941,-2825
NO2,1986,10,1023,102,,,,2831,11853,-2477
NO2,1986,11,108,63,,,,2802,11933,-2854
NO2,1986,12,1014,125,,,,2893,12757,-2296
NO2,1986,13,1801,306,,,,2863,14337,-980
NO2,1986,14,438,123,,,,2815,14721,-699
NO2,1986,15,35,45,,,,2785,14748,-562
NO2,1986,16,218,38,,,,2775,14951,-43
NO2,1986,17,491,137,,,,2872,15228,920
NO2,1986,18,335,797,,,,4045,13570,1293
NO2,1986,19,427,2988,,,,4881,9976,-356
NO2,1986,20,1317,2366,,,,4695,8979,-181
NO2,1986,21,1482,2656,,,,5037,7333,51
NO2,1986,22,909,1836,,,,4654,6705,621
NO2,1986,23,783,2510,,,,5210,4299,308
NO2,1986,24,638,2354,,,,4789,2883,-100
NO2,1986,25,-179,2178,,,,4272,920,-1359
NO2,1986,26,-522,1157,,,,3210,246,-2116
NO2,1986,27,-171,614,,,,2614,72,-2101
NO2,1986,28,146,417,,,,2368,57,-1728
NO2,1986,29,7,307,,,,2128,31,-1558
NO2,1986,30,129,264,,,,2041,21,-1381
NO2,1986,31,1806,750,,,,3172,13,-78
NO2,1986,32,1261,833,,,,3645,10,508
NO2,1986,33,956,865,,,,3771,8,696
NO2,1986,34,526,972,,,,3323,7,255
NO2,1986,35,615,633,,,,3314,6,231
NO2,1986,36,674,614,,,,3327,54,264
NO2,1986,37,485,533,,,,3188,138,128
NO2,1986,38,634,450,,,,3358,159,162
NO2,1986,39,148,462,,,,3069,87,-350
NO2,1986,40,897,605,,,,3230,242,-147
NO2,1986,41,793,652,,,,3581,21,-211
NO2,1986,42,849,676,,,,3713,62,-269
NO2,1986,43,1601,966,,,,3635,756,148
NO2,1986,44,2630,1875,,,,4322,785,630
NO2,1986,45,1530,954,,,,3962,1724,855
NO2,1986,46,2429,1445,,,,4136,2533,1490
NO2,1986,47,1037,843,,,,3773,3080,1258
NO2,1986,48,1882,1167,,,,4203,3366,1429
NO2,1986,49,4471,1647,,,,4327,6106,3677
NO2,1986,50,1099,1046,,,,3928,6551,3030
NO2,1986,51,1144,406,,,,3611,7641,3107
NO2,1986,52,614,231,,,,3420,8243,2866
NO2,1987,1,1166,202,,,,3303,9383,2419
NO2,1987,2,755,132,,,,3221,10130,2344
NO2,1987,3,0,65,,,,3167,10131,1421
NO2,1987,4,453,81,,,,3152,10540,907
NO2,1987,5,447,86,,,,3126,10949,439
NO2,1987,6,823,188,,,,3188,11545,275
NO2,1987,7,982,151,,,,3102,12496,373
NO2,1987,8,110,55,,,,3066,12600,-231
NO2,1987,9,102,40,,,,3042,12695,-816
NO2,1987,10,244,35,,,,3024,12937,-1199
NO2,1987,11,94,20,,,,3011,13030,-1549
NO2,1987,12,946,58,,,,3002,13962,-981
NO2,1987,13,1056,113,,,,3070,14873,-237
NO2,1987,14,320,148,,,,3044,15083,-109
NO2,1987,15,200,100,,,,3032,15199,136
NO2,1987,16,90,186,,,,3174,14960,366
NO2,1987,17,482,584,,,,3761,14256,837
NO2,1987,18,175,1958,,,,4499,11614,-209
NO2,1987,19,181,976,,,,4194,11058,39
NO2,1987,20,228,627,,,,3984,10825,954
NO2,1987,21,-10,1023,,,,4549,9169,1400
NO2,1987,22,333,2234,,,,4558,7140,959
NO2,1987,23,113,1390,,,,4689,5649,1137
NO2,1987,24,582,1817,,,,4488,4523,1239
NO2,1987,25,371,1447,,,,4483,3374,1306
NO2,1987,26,348,1332,,,,4294,2520,1241
NO2,1987,27,372,1443,,,,4079,1602,894
NO2,1987,28,-171,1049,,,,3434,974,255
NO2,1987,29,-115,729,,,,3062,474,-182
NO2,1987,30,-128,616,,,,2592,192,-658
NO2,1987,31,331,387,,,,2620,121,-521
NO2,1987,32,922,536,,,,3066,88,6
NO2,1987,33,389,507,,,,2988,61,-34
NO2,1987,34,740,582,,,,3194,39,159
NO2,1987,35,946,885,,,,3280,29,220
NO2,1987,36,144,493,,,,2946,24,-147
NO2,1987,37,1877,1004,,,,3790,70,662
NO2,1987,38,1920,1359,,,,4169,251,1066
NO2,1987,39,980,1250,,,,4067,44,604
NO2,1987,40,-27,546,,,,3481,24,-114
NO2,1987,41,3437,1965,,,,4884,78,1148
NO2,1987,42,4127,2872,,,,5977,182,2116
NO2,1987,43,560,1873,,,,4613,163,533
NO2,1987,44,731,824,,,,4286,387,196
NO2,1987,45,94,532,,,,4012,213,-606
NO2,1987,46,898,449,,,,3793,893,-492
NO2,1987,47,1629,643,,,,3759,1945,109
NO2,1987,48,484,293,,,,3525,2386,-229
NO2,1987,49,13,140,,,,3387,2400,-969
NO2,1987,50,127,107,,,,3325,2488,-1637
NO2,1987,51,849,145,,,,3305,3245,-1596
NO2,1987,52,1281,413,,,,3504,3944,-1349
NO2,1987,53,1814,651,,,,3694,4950,-846
NO2,1988,1,743,363,,,,3451,5589,-1227
NO2,1988,2,1400,410,,,,3412,6650,-945
NO2,1988,3,1912,351,,,,3331,8351,-194
NO2,1988,4,991,164,,,,3239,9316,-230
NO2,1988,5,2041,314,,,,3291,11060,715
NO2,1988,6,800,179,,,,3209,11801,552
NO2,1988,7,1164,159,,,,3184,12882,841
NO2,1988,8,699,125,,,,3160,13514,776
NO2,1988,9,727,91,,,,3140,14205,791
NO2,1988,10,351,55,,,,3117,14543,500
NO2,1988,11,345,43,,,,3101,14882,393
NO2,1988,12,485,62,,,,3105,15320,479
NO2,1988,13,896,130,,,,3134,16088,1043
NO2,1988,14,150,142,,,,3176,16059,1000
NO2,1988,15,815,148,,,,3301,16625,1831
NO2,1988,16,969,481,,,,3354,17070,2655
NO2,1988,17,73,179,,,,3343,16975,3139
NO2,1988,18,665,1152,,,,4309,15484,3470
NO2,1988,19,-48,2533,,,,5229,11799,1815
NO2,1988,20,186,2476,,,,4601,9962,708
NO2,1988,21,22,2256,,,,5557,6617,-144
NO2,1988,22,707,3895,,,,5174,3588,-1976
NO2,1988,23,-243,2420,,,,4708,1243,-3249
NO2,1988,24,-466,1351,,,,3718,344,-3711
NO2,1988,25,-150,794,,,,3022,88,-3441
NO2,1988,26,977,741,,,,3383,26,-2163
NO2,1988,27,2301,1776,,,,3949,14,-823
NO2,1988,28,1227,1330,,,,3863,10,-279
NO2,1988,29,444,855,,,,3481,7,-229
NO2,1988,30,2343,1380,,,,4484,6,1047
NO2,1988,31,387,1270,,,,3585,6,328
NO2,1988,32,22,571,,,,3074,5,-69
NO2,1988,33,1785,1039,,,,3867,5,789
NO2,1988,34,831,1001,,,,3717,5,647
NO2,1988,35,1857,1456,,,,4135,5,1050
NO2,1988,36,1,801,,,,3339,5,227
NO2,1988,37,114,457,,,,3015,5,-178
NO2,1988,38,1695,838,,,,3920,9,574
NO2,1988,39,1826,1629,,,,4071,43,608
NO2,1988,40,1256,1016,,,,4228,112,722
NO2,1988,41,1354,1131,,,,4165,389,741
NO2,1988,42,-17,628,,,,3777,115,-151
NO2,1988,43,1129,550,,,,3728,755,239
NO2,1988,44,508,385,,,,3478,1138,139
NO2,1988,45,685,400,,,,3672,1241,83
NO2,1988,46,382,474,,,,3637,1178,-363
NO2,1988,47,219,319,,,,3563,1146,-886
NO2,1988,48,661,258,,,,3366,1759,-1016
NO2,1988,49,1306,233,,,,3312,2930,-515
NO2,1988,50,890,326,,,,3289,3541,-620
NO2,1988,51,2283,294,,,,3255,5639,748
NO2,1988,52,1992,853,,,,3688,6392,1282
NO2,1989,1,534,472,,,,3551,6593,-124
NO2,1989,2,3467,587,,,,3573,9540,2106
NO2,1989,3,3186,1209,,,,3811,11340,3275
NO2,1989,4,1265,644,,,,3843,11952,3010
NO2,1989,5,3022,1249,,,,4080,13520,3964
NO2,1989,6,3558,1333,,,,3850,16035,5427
NO2,1989,7,2923,531,,,,3605,18768,7148
NO2,1989,8,2454,405,,,,3472,21058,8633
NO2,1989,9,909,246,,,,3369,21875,8690
NO2,1989,10,1040,370,,,,3434,22514,8787
NO2,1989,11,919,282,,,,3343,23274,9026
NO2,1989,12,1878,321,,,,3322,24912,10288
NO2,1989,13,703,347,,,,3474,25142,10436
NO2,1989,14,563,245,,,,3394,25555,10713
NO2,1989,15,1756,1224,,,,4364,25102,11371
NO2,1989,16,85,1020,,,,3930,24530,10692
NO2,1989,17,225,348,,,,3606,24721,11148
NO2,1989,18,252,757,,,,4015,23782,11474
NO2,1989,19,656,737,,,,4040,23639,12465
NO2,1989,20,328,1271,,,,4467,22215,12827
NO2,1989,21,-151,2661,,,,4670,19038,11389
NO2,1989,22,263,968,,,,4115,18828,12204
NO2,1989,23,725,1747,,,,4790,17060,12649
NO2,1989,24,-302,2839,,,,4939,13597,10763
NO2,1989,25,-229,3344,,,,4498,10255,8202
NO2,1989,26,1721,2858,,,,4585,8919,7932
NO2,1989,27,-429,2293,,,,4438,6192,5843
NO2,1989,28,-3,2077,,,,3793,4635,4275
NO2,1989,29,-133,1122,,,,3498,3612,3392
NO2,1989,30,366,1574,,,,3620,2216,2393
NO2,1989,31,423,1243,,,,3261,1712,1710
NO2,1989,32,985,1052,,,,3734,1168,1755
NO2,1989,33,1221,1395,,,,3895,816,1628
NO2,1989,34,1416,1531,,,,3913,670,1508
NO2,1989,35,239,786,,,,3471,546,928
NO2,1989,36,129,545,,,,3134,464,481
NO2,1989,37,440,460,,,,3182,401,385
NO2,1989,38,610,672,,,,3234,299,178
NO2,1989,39,404,634,,,,3094,64,-348
NO2,1989,40,527,410,,,,3194,81,-343
NO2,1989,41,987,478,,,,3182,620,-11
NO2,1989,42,1272,848,,,,4110,115,182
NO2,1989,43,1937,1504,,,,3978,659,393
NO2,1989,44,1465,1008,,,,4353,731,606
NO2,1989,45,2487,1701,,,,4554,1277,1001
NO2,1989,46,388,966,,,,3911,1314,46
NO2,1989,47,59,331,,,,3579,1369,-647
NO2,1989,48,67,204,,,,3386,1426,-1328
NO2,1989,49,339,208,,,,3308,1643,-1806
NO2,1989,50,808,146,,,,3201,2435,-1814
NO2,1989,51,1855,239,,,,3203,4115,-827
NO2,1989,52,695,420,,,,3234,4375,-1189
NO2,1990,1,276,128,,,,3160,4607,-2501
NO2,1990,2,2192,500,,,,3345,6169,-1493
NO2,1990,3,4573,727,,,,3310,10185,1619
NO2,1990,4,2080,534,,,,3224,11885,2324
NO2,1990,5,2579,818,,,,3385,13533,3281
NO2,1990,6,2950,1249,,,,3592,15041,4175
NO2,1990,7,1309,485,,,,3328,16172,4275
NO2,1990,8,3193,1081,,,,4053,17612,5768
NO2,1990,9,1821,919,,,,3543,19047,6036
NO2,1990,10,3870,547,,,,3400,22655,8894
NO2,1990,11,3595,993,,,,4301,24397,11108
NO2,1990,12,3741,1781,,,,4149,26514,12718
NO2,1990,13,446,669,,,,3832,26617,12269
NO2,1990,14,1417,729,,,,3718,27441,12924
NO2,1990,15,851,404,,,,3685,27944,13534
NO2,1990,16,1085,617,,,,3811,28303,14345
NO2,1990,17,223,1201,,,,4118,26955,13894
NO2,1990,18,27,2402,,,,5343,23224,12245
NO2,1990,19,-67,3820,,,,5367,19076,9230
NO2,1990,20,-66,2410,,,,4709,17104,7958
NO2,1990,21,301,1222,,,,4310,16516,8508
NO2,1990,22,160,1298,,,,4817,14807,8886
NO2,1990,23,379,2664,,,,5100,12100,7998
NO2,1990,24,-269,3137,,,,4862,8738,5827
NO2,1990,25,1474,2963,,,,5299,6688,5436
NO2,1990,26,620,2362,,,,4764,5370,4561
NO2,1990,27,2415,2770,,,,5314,4383,4910
NO2,1990,28,575,2006,,,,4543,3631,4021
NO2,1990,29,-419,1495,,,,3954,2225,2461
NO2,1990,30,-328,1109,,,,3388,1309,1254
NO2,1990,31,124,928,,,,3110,773,619
NO2,1990,32,145,699,,,,2757,572,181
NO2,1990,33,1646,963,,,,3645,395,957
NO2,1990,34,259,783,,,,3206,306,437
NO2,1990,35,317,553,,,,3075,219,205
NO2,1990,36,1286,959,,,,3463,179,525
NO2,1990,37,-23,455,,,,3006,161,-31
NO2,1990,38,2102,1199,,,,3766,306,717
NO2,1990,39,376,619,,,,3621,108,223
NO2,1990,40,1605,1036,,,,4145,140,666
NO2,1990,41,2098,1612,,,,4247,517,951
NO2,1990,42,273,976,,,,3905,124,-14
NO2,1990,43,117,439,,,,3523,175,-546
NO2,1990,44,2518,1476,,,,3780,961,263
NO2,1990,45,-5,367,,,,3549,810,-472
NO2,1990,46,1714,627,,,,3945,1530,297
NO2,1990,47,386,446,,,,3541,1875,-179
NO2,1990,48,176,240,,,,3392,1962,-787
NO2,1990,49,1428,565,,,,3494,2753,-510
NO2,1990,50,263,229,,,,3408,2878,-1164
NO2,1990,51,471,213,,,,3339,3213,-1594
NO2,1990,52,2984,717,,,,3472,5408,82
NO2,1991,1,3477,515,,,,3371,8587,1691
NO2,1991,2,1547,354,,,,3223,10000,2216
NO2,1991,3,242,129,,,,3151,10211,1485
NO2,1991,4,718,240,,,,3154,10716,1085
NO2,1991,5,57,85,,,,3084,10768,216
NO2,1991,6,45,51,,,,3043,10813,-602
NO2,1991,7,175,41,,,,3016,10986,-1223
NO2,1991,8,1234,183,,,,3161,11929,-808
NO2,1991,9,602,295,,,,3088,12324,-1142
NO2,1991,10,951,128,,,,3060,13211,-889
NO2,1991,11,531,195,,,,3183,13442,-966
NO2,1991,12,1122,625,,,,3324,13792,-829
NO2,1991,13,88,390,,,,3449,13350,-1381
NO2,1991,14,1222,790,,,,3727,13483,-1024
NO2,1991,15,586,968,,,,4174,12609,-1312
NO2,1991,16,198,801,,,,3736,12391,-1642
NO2,1991,17,231,308,,,,3532,12508,-1139
NO2,1991,18,-32,383,,,,3665,11943,-715
NO2,1991,19,-5,737,,,,4035,10780,-398
NO2,1991,20,69,769,,,,4078,9983,206
NO2,1991,21,613,996,,,,4092,9542,1315
NO2,1991,22,-158,2106,,,,4670,6568,499
NO2,1991,23,767,1184,,,,4430,6330,1560
NO2,1991,24,495,1522,,,,4747,4913,1888
NO2,1991,25,492,1693,,,,4677,3701,1826
NO2,1991,26,556,1967,,,,4542,2334,1303
NO2,1991,27,-517,1532,,,,3897,839,-50
NO2,1991,28,795,1322,,,,3873,309,29
NO2,1991,29,359,1022,,,,3301,201,-216
NO2,1991,30,-222,511,,,,2656,125,-663
NO2,1991,31,-126,369,,,,2258,76,-930
NO2,1991,32,387,345,,,,2371,56,-720
NO2,1991,33,921,609,,,,2738,46,-299
NO2,1991,34,-125,380,,,,2279,36,-759
NO2,1991,35,-170,232,,,,1925,30,-1134
NO2,1991,36,-73,165,,,,1737,26,-1355
NO2,1991,37,819,288,,,,2307,25,-867
NO2,1991,38,1596,878,,,,3064,23,-268
NO2,1991,39,2460,1771,,,,3655,98,246
NO2,1991,40,1853,1048,,,,4038,518,936
NO2,1991,41,92,863,,,,3695,66,-53
NO2,1991,42,793,789,,,,3680,67,-295
NO2,1991,43,-17,378,,,,3302,43,-898
NO2,1991,44,1394,484,,,,3691,543,-243
NO2,1991,45,2069,1126,,,,3471,1703,344
NO2,1991,46,1907,579,,,,3264,3285,1371
NO2,1991,47,524,355,,,,3658,3074,1137
NO2,1991,48,532,1127,,,,3924,2165,-51
NO2,1991,49,118,472,,,,3526,2185,-1045
NO2,1991,50,952,453,,,,3762,2456,-1232
NO2,1991,51,2832,730,,,,3483,4900,238
NO2,1991,52,1602,379,,,,3353,6310,865
NO2,1992,1,4977,1003,,,,3735,9959,3427
NO2,1992,2,2027,665,,,,3469,11651,4112
NO2,1992,3,714,514,,,,3564,11775,3463
NO2,1992,4,273,361,,,,3351,11900,2466
NO2,1992,5,186,272,,,,3447,11721,1531
NO2,1992,6,1442,399,,,,3612,12633,1788
NO2,1992,7,1419,447,,,,3453,13791,2018
NO2,1992,8,894,250,,,,3413,14499,2015
NO2,1992,9,1414,465,,,,3317,15581,2344
NO2,1992,10,624,305,,,,3355,15861,2055
NO2,1992,11,1570,413,,,,3299,17103,2812
NO2,1992,12,1167,359,,,,3472,17762,3288
NO2,1992,13,812,394,,,,3305,18352,3477
NO2,1992,14,147,130,,,,3192,18490,3447
NO2,1992,15,99,168,,,,3433,18185,3523
NO2,1992,16,1238,462,,,,3440,18971,4643
NO2,1992,17,467,229,,,,3341,19317,5479
NO2,1992,18,1400,689,,,,3700,19679,7057
NO2,1992,19,730,856,,,,3798,19430,8014
NO2,1992,20,568,982,,,,4280,18504,8929
NO2,1992,21,-123,2891,,,,5107,14488,7277
NO2,1992,22,-259,3770,,,,5123,10216,4600
NO2,1992,23,-333,3530,,,,4779,6475,2053
NO2,1992,24,-171,2845,,,,4196,3866,290
NO2,1992,25,-90,1395,,,,3546,2950,-55
NO2,1992,26,-188,862,,,,3266,2137,-170
NO2,1992,27,-31,802,,,,2996,1538,-254
NO2,1992,28,98,819,,,,2905,886,-361
NO2,1992,29,886,858,,,,3194,621,97
NO2,1992,30,1140,1035,,,,3539,389,484
NO2,1992,31,848,1083,,,,3389,297,423
NO2,1992,32,1525,1360,,,,3627,222,701
NO2,1992,33,1218,1171,,,,3726,169,812
NO2,1992,34,407,781,,,,3388,134,447
NO2,1992,35,1788,1143,,,,4073,114,1098
NO2,1992,36,950,1141,,,,3882,102,867
NO2,1992,37,961,895,,,,3957,93,852
NO2,1992,38,907,1100,,,,3761,85,491
NO2,1992,39,1494,1028,,,,4270,29,793
NO2,1992,40,79,763,,,,3589,24,-6
NO2,1992,41,156,413,,,,3343,24,-447
NO2,1992,42,204,302,,,,3124,138,-781
NO2,1992,43,437,231,,,,3007,465,-772
NO2,1992,44,584,150,,,,2923,997,-557
NO2,1992,45,3490,956,,,,3519,3000,1689
NO2,1992,46,857,640,,,,3220,3521,1562
NO2,1992,47,877,283,,,,3083,4276,1764
NO2,1992,48,2142,384,,,,3045,6136,3042
NO2,1992,49,3307,1125,,,,3243,8079,4566
NO2,1992,50,1211,350,,,,3071,9158,4779
NO2,1992,51,2622,740,,,,3328,10850,6033
NO2,1992,52,106,292,,,,3057,10943,5202
NO2,1992,53,44,116,,,,2954,10982,4446
NO2,1993,1,2327,240,,,,3000,13101,5834
NO2,1993,2,5189,580,,,,3089,17803,9885
NO2,1993,3,4481,643,,,,3014,21882,13020
NO2,1993,4,599,199,,,,2894,22461,12570
NO2,1993,5,2866,507,,,,3108,24680,14152
NO2,1993,6,77,230,,,,2998,24657,13198
NO2,1993,7,1096,260,,,,2994,25535,13304
NO2,1993,8,534,134,,,,2921,26039,13063
NO2,1993,9,150,76,,,,2887,26164,12497
NO2,1993,10,90,72,,,,2894,26186,11920
NO2,1993,11,3756,633,,,,3206,29077,14693
NO2,1993,12,1259,366,,,,3024,30203,15282
NO2,1993,13,433,131,,,,2951,30604,15375
NO2,1993,14,164,108,,,,2911,30712,15388
NO2,1993,15,497,95,,,,2940,31103,15947
NO2,1993,16,955,343,,,,3311,31371,16914
NO2,1993,17,-43,1794,,,,4528,28200,15549
NO2,1993,18,398,1851,,,,4342,26784,14804
NO2,1993,19,-35,2319,,,,4881,23731,13399
NO2,1993,20,275,3388,,,,5812,19468,11424
NO2,1993,21,-45,3694,,,,5102,16200,8984
NO2,1993,22,158,2132,,,,4949,14247,8458
NO2,1993,23,-167,2633,,,,5290,10946,7035
NO2,1993,24,-12,1883,,,,4462,9764,6454
NO2,1993,25,354,1591,,,,4647,8260,6356
NO2,1993,26,-39,2401,,,,4533,5797,4758
NO2,1993,27,659,1654,,,,4302,4959,4474
NO2,1993,28,1140,2195,,,,4620,3510,3978
NO2,1993,29,65,1728,,,,4127,2257,2666
NO2,1993,30,808,1389,,,,4164,1605,2327
NO2,1993,31,1175,1662,,,,4172,1077,1986
NO2,1993,32,479,1122,,,,3806,770,1429
NO2,1993,33,129,709,,,,3379,602,898
NO2,1993,34,146,560,,,,3088,473,486
NO2,1993,35,86,462,,,,2826,360,97
NO2,1993,36,-68,281,,,,2529,312,-277
NO2,1993,37,9,171,,,,2373,309,-516
NO2,1993,38,1273,593,,,,3112,277,34
NO2,1993,39,132,358,,,,2908,122,-476
NO2,1993,40,1279,566,,,,3660,105,147
NO2,1993,41,879,717,,,,3517,405,109
NO2,1993,42,542,509,,,,3452,499,-92
NO2,1993,43,43,369,,,,3390,224,-629
NO2,1993,44,65,208,,,,3176,288,-1014
NO2,1993,45,950,302,,,,3180,946,-705
NO2,1993,46,237,175,,,,3033,1162,-984
NO2,1993,47,349,97,,,,2953,1504,-1138
NO2,1993,48,1666,171,,,,3020,2979,-141
NO2,1993,49,1386,400,,,,2940,4088,271
NO2,1993,50,1033,151,,,,3002,4942,494
NO2,1993,51,1953,392,,,,2911,6656,1421
NO2,1993,52,526,94,,,,2861,7164,1227
NO2,1994,1,556,70,,,,2837,7703,272
NO2,1994,2,942,111,,,,2851,8556,400
NO2,1994,3,2163,224,,,,2905,10512,1541
NO2,1994,4,3418,295,,,,2841,13837,3892
NO2,1994,5,1957,186,,,,2808,15737,4910
NO2,1994,6,323,59,,,,2783,16057,4383
NO2,1994,7,20,28,,,,2769,16077,3620
NO2,1994,8,34,21,,,,2759,16110,2972
NO2,1994,9,1013,64,,,,2787,17065,3299
NO2,1994,10,3053,417,,,,2876,19705,5421
NO2,1994,11,1642,216,,,,2799,21275,6484
NO2,1994,12,1303,163,,,,2808,22462,7324
NO2,1994,13,2168,463,,,,2991,24050,8861
NO2,1994,14,684,304,,,,2868,24586,9220
NO2,1994,15,57,205,,,,2888,24428,9221
NO2,1994,16,735,293,,,,3038,24739,10008
NO2,1994,17,1322,1285,,,,4032,23759,10611
NO2,1994,18,255,1411,,,,4378,22163,10218
NO2,1994,19,267,2819,,,,5188,18608,8584
NO2,1994,20,87,2256,,,,4735,16726,7605
NO2,1994,21,-44,1911,,,,4609,14758,7048
NO2,1994,22,503,1775,,,,5264,12729,7255
NO2,1994,23,659,2369,,,,4920,11238,6958
NO2,1994,24,470,1856,,,,4753,9920,6900
NO2,1994,25,823,2083,,,,5013,8303,6764
NO2,1994,26,282,2777,,,,5031,5637,5096
NO2,1994,27,-405,2845,,,,4586,2659,2458
NO2,1994,28,419,2062,,,,4246,1278,1371
NO2,1994,29,-421,1145,,,,3271,636,189
NO2,1994,30,134,814,,,,2930,299,-213
NO2,1994,31,1031,844,,,,3295,168,200
NO2,1994,32,858,770,,,,3474,116,443
NO2,1994,33,398,737,,,,3177,93,187
NO2,1994,34,1452,866,,,,3828,76,829
NO2,1994,35,204,852,,,,3180,66,157
NO2,1994,36,1553,781,,,,3985,66,934
NO2,1994,37,608,950,,,,3651,53,505
NO2,1994,38,-141,428,,,,3086,49,-220
NO2,1994,39,1082,475,,,,3137,596,227
NO2,1994,40,290,447,,,,3413,163,-43
NO2,1994,41,239,460,,,,3291,59,-463
NO2,1994,42,120,275,,,,3064,124,-855
NO2,1994,43,1469,855,,,,3618,187,-438
NO2,1994,44,887,559,,,,3431,702,-344
NO2,1994,45,317,412,,,,3442,589,-799
NO2,1994,46,2122,727,,,,3454,2005,280
NO2,1994,47,1457,897,,,,3878,2150,433
NO2,1994,48,695,591,,,,3668,2460,-11
NO2,1994,49,1982,594,,,,3672,3875,790
NO2,1994,50,1328,641,,,,3447,4808,805
NO2,1994,51,2088,594,,,,3442,6370,1667
NO2,1994,52,1800,494,,,,3340,7825,2367
NO2,1995,1,360,178,,-1299,-2398,3215,8151,1099
NO2,1995,2,1356,245,,-1025,-2546,3173,9356,1521
NO2,1995,3,3146,629,,1059,-2185,3308,11812,3244
NO2,1995,4,696,292,,574,-2205,3123,12442,2780
NO2,1995,5,2547,275,,2011,-2279,3177,14749,4290
NO2,1995,6,1426,379,,2542,-2035,3109,15925,4576
NO2,1995,7,1752,455,,3311,-1841,3161,17216,5151
NO2,1995,8,2122,311,,4534,-1839,3097,19173,6373
NO2,1995,9,1241,190,,4930,-1899,3048,20334,6829
NO2,1995,10,773,137,,4843,-2055,3030,21029,6898
NO2,1995,11,1601,156,,5757,-2214,3039,22522,7971
NO2,1995,12,1537,247,,6606,-2363,3104,23810,8968
NO2,1995,13,779,185,,6605,-2766,3090,24461,9371
NO2,1995,14,936,245,,6995,-3051,3105,25176,10046
NO2,1995,15,217,342,,6691,-3370,3317,24839,10061
NO2,1995,16,148,231,,6307,-3990,3174,24891,10297
NO2,1995,17,225,677,,6265,-4129,3434,24140,10394
NO2,1995,18,25,886,,6139,-4205,4193,22474,10344
NO2,1995,19,712,1318,,6120,-4623,3960,21997,10743
NO2,1995,20,368,462,,5898,-6087,3681,22159,11985
NO2,1995,21,86,1406,,5563,-6555,4902,19535,12118
NO2,1995,22,943,3988,,5816,-4596,5427,15723,10411
NO2,1995,23,691,3638,,5545,-3244,5462,12528,8789
NO2,1995,24,620,3595,,5479,-1558,5590,9219,7037
NO2,1995,25,284,2946,,5041,-381,5392,6581,5423
NO2,1995,26,-297,3110,,3485,683,4579,3796,2803
NO2,1995,27,97,1357,,3135,881,4145,2897,2255
NO2,1995,28,-29,1518,,2734,1467,4020,1399,1266
NO2,1995,29,1435,1756,,4235,2881,4259,813,1355
NO2,1995,30,-228,1080,,3813,3531,3272,452,282
NO2,1995,31,-215,678,,3380,3799,2636,209,-419
NO2,1995,32,-244,370,,2561,3447,2126,135,-887
NO2,1995,33,-123,274,,2007,3176,1821,92,-1170
NO2,1995,34,373,271,,1995,2991,2009,70,-996
NO2,1995,35,99,206,,1528,2611,1943,63,-1083
NO2,1995,36,1399,627,,2202,2465,2802,52,-263
NO2,1995,37,772,623,,2132,2302,2980,47,-171
NO2,1995,38,403,440,,1642,1993,2958,46,-351
NO2,1995,39,2579,1463,,2926,2457,3468,507,468
NO2,1995,40,2333,1705,,4697,3716,4560,40,982
NO2,1995,41,325,1024,,4009,3931,3858,33,78
NO2,1995,42,2285,1585,,5488,4924,4245,362,564
NO2,1995,43,2746,2389,,6182,5503,4759,164,679
NO2,1995,44,346,935,,4728,4903,3948,354,-175
NO2,1995,45,188,441,,3440,4230,3667,374,-789
NO2,1995,46,148,264,,2092,3342,3426,502,-1251
NO2,1995,47,1779,824,,2702,3406,4188,703,-705
NO2,1995,48,329,744,,1473,3160,3669,785,-1686
NO2,1995,49,268,268,,271,2575,3427,1026,-2304
NO2,1995,50,198,489,,-1083,2222,3579,567,-3304
NO2,1995,51,151,217,,-2735,1337,3357,716,-4072
NO2,1995,52,200,132,,-4307,345,3231,914,-4653
NO2,1996,1,71,80,,-5925,203,3155,985,-6128
NO2,1996,2,1031,151,,-6039,-81,3169,1880,-5958
NO2,1996,3,228,144,,-7066,-330,3145,1995,-6736
NO2,1996,4,85,63,,-8260,-641,3088,2079,-7618
NO2,1996,5,3,37,,-9500,-998,3052,2082,-8502
NO2,1996,6,189,34,,-10444,-1283,3027,2269,-9162
NO2,1996,7,763,120,,-10768,-1507,3103,2861,-9261
NO2,1996,8,180,83,,-11799,-1967,3030,3036,-9831
NO2,1996,9,1155,99,,-11559,-2171,3009,4157,-9388
NO2,1996,10,54,33,,-12347,-2381,2990,4204,-9966
NO2,1996,11,63,24,,-12992,-2641,2974,4265,-10351
NO2,1996,12,12,16,,-13675,-2966,2963,4274,-10708
NO2,1996,13,419,46,,-13948,-3394,2965,4661,-10554
NO2,1996,14,0,21,,-14277,-3650,2959,4649,-10627
NO2,1996,15,4,458,,-14934,-3970,3378,3753,-10964
NO2,1996,16,283,738,,-15161,-4025,4103,2530,-11136
NO2,1996,17,552,1474,,-14478,-2930,4477,1154,-11548
NO2,1996,18,565,751,,-14067,-3165,4138,1282,-10902
NO2,1996,19,235,523,,-14311,-4209,3862,1249,-10102
NO2,1996,20,288,715,,-14064,-4850,3817,824,-9215
NO2,1996,21,812,680,,-13800,-6257,4048,727,-7544
NO2,1996,22,447,649,,-13486,-7300,4016,536,-6187
NO2,1996,23,264,696,,-12888,-7780,3863,229,-5109
NO2,1996,24,560,974,,-11893,-7782,3549,113,-4111
NO2,1996,25,489,671,,-11329,-8260,3416,67,-3069
NO2,1996,26,-390,436,,-11710,-8798,2620,41,-2912
NO2,1996,27,1268,654,,-10529,-9052,3275,35,-1477
NO2,1996,28,43,517,,-10595,-9291,2819,30,-1303
NO2,1996,29,-117,351,,-10735,-9416,2372,27,-1319
NO2,1996,30,-42,266,,-10881,-9582,2121,24,-1298
NO2,1996,31,563,346,,-10439,-9576,2378,23,-863
NO2,1996,32,272,354,,-10627,-9853,2352,21,-774
NO2,1996,33,-364,225,,-11393,-10150,1821,20,-1243
NO2,1996,34,512,243,,-11207,-10327,2176,18,-880
NO2,1996,35,1257,637,,-10228,-10024,2869,17,-203
NO2,1996,36,-205,384,,-11024,-10237,2315,16,-786
NO2,1996,37,-30,203,,-12082,-11003,2103,16,-1079
NO2,1996,38,-157,138,,-12884,-11391,1847,15,-1493
NO2,1996,39,1387,315,,-12203,-11680,2967,17,-523
NO2,1996,40,2479,1440,,-10419,-10823,3853,170,404
NO2,1996,41,866,951,,-10085,-10197,3829,96,112
NO2,1996,42,1191,1029,,-9316,-9348,3989,85,31
NO2,1996,43,584,764,,-9799,-9435,3798,81,-364
NO2,1996,44,2437,1364,,-7992,-8469,4435,520,478
NO2,1996,45,3282,1997,,-5851,-7261,4176,2065,1410
NO2,1996,46,812,620,,-5985,-7265,3915,2544,1281
NO2,1996,47,418,521,,-6537,-7294,3588,2764,757
NO2,1996,48,61,226,,-7434,-7482,3365,2823,48
NO2,1996,49,1525,372,,-6809,-7435,3301,4082,626
NO2,1996,50,397,193,,-7254,-7405,3206,4395,152
NO2,1996,51,760,137,,-7697,-7813,3114,5147,116
NO2,1996,52,146,77,,-8699,-8244,3065,5278,-455
NO2,1997,1,0,49,,-10435,-8467,3021,5278,-1968
NO2,1997,2,231,44,,-11170,-8659,2992,5505,-2510
NO2,1997,3,1638,546,,-10425,-8176,3341,6286,-2250
NO2,1997,4,248,209,,-11101,-7982,3173,6493,-3118
NO2,1997,5,269,205,,-11628,-7726,3219,6515,-3901
NO2,1997,6,1786,288,,-10434,-7255,3244,8035,-3179
NO2,1997,7,1693,480,,-9429,-6740,3179,9357,-2689
NO2,1997,8,3157,380,,-6887,-6400,3240,12170,-487
NO2,1997,9,2863,699,,-4576,-5662,3424,14217,1087
NO2,1997,10,2436,745,,-2834,-5050,3313,16063,2216
NO2,1997,11,119,265,,-3086,-4735,3249,15990,1649
NO2,1997,12,93,135,,-3541,-4799,3123,16081,1258
NO2,1997,13,2367,401,,-1616,-4673,3171,18065,3057
NO2,1997,14,1402,576,,-275,-4147,3291,18816,3872
NO2,1997,15,443,299,,48,-4118,3312,18949,4166
NO2,1997,16,-1,293,,-54,-4237,3367,18585,4183
NO2,1997,17,694,209,,610,-4659,3238,19211,5269
NO2,1997,18,145,525,,799,-4935,3691,18366,5735
NO2,1997,19,719,485,,1266,-5792,3601,18670,7058
NO2,1997,20,671,1380,,1626,-6024,4380,17124,7649
NO2,1997,21,58,1579,,975,-6577,4217,15653,7552
NO2,1997,22,201,1410,,813,-7030,4687,13894,7843
NO2,1997,23,-242,3093,,-235,-6085,5211,9841,5851
NO2,1997,24,-12,3474,,-688,-4266,5006,6344,3577
NO2,1997,25,159,2139,,-976,-3661,4567,4670,2685
NO2,1997,26,744,2053,,-618,-2877,4637,3194,2259
NO2,1997,27,741,2404,,-569,-1846,4397,1667,1277
NO2,1997,28,-263,1336,,-1314,-1554,3620,773,241
NO2,1997,29,-130,854,,-1498,-1163,3012,372,-334
NO2,1997,30,530,688,,-1052,-856,3070,177,-196
NO2,1997,31,536,671,,-724,-593,3017,116,-130
NO2,1997,32,-389,433,,-1509,-703,2276,65,-807
NO2,1997,33,-315,281,,-2225,-951,1771,38,-1274
NO2,1997,34,451,253,,-2182,-1203,2069,26,-979
NO2,1997,35,2660,1100,,443,-216,3727,21,659
NO2,1997,36,1132,1261,,696,173,3622,18,523
NO2,1997,37,1621,1212,,1519,658,4000,59,861
NO2,1997,38,1843,1876,,2260,1631,3941,43,629
NO2,1997,39,-210,611,,941,1290,3144,14,-349
NO2,1997,40,1178,630,,1149,1042,3515,211,106
NO2,1997,41,1643,1240,,1979,1669,4092,31,309
NO2,1997,42,1090,877,,2430,2142,4178,153,288
NO2,1997,43,337,720,,1241,1551,3562,371,-310
NO2,1997,44,261,388,,233,906,3582,222,-673
NO2,1997,45,795,448,,-174,501,3482,672,-676
NO2,1997,46,2005,1211,,494,724,3784,1163,-231
NO2,1997,47,211,399,,-415,430,3444,1307,-844
NO2,1997,48,9,194,,-1561,15,3246,1317,-1577
NO2,1997,49,685,218,,-2149,-438,3266,1779,-1711
NO2,1997,50,1243,700,,-2059,-199,3418,2172,-1860
NO2,1997,51,123,208,,-3316,-676,3216,2288,-2641
NO2,1997,52,473,157,,-4055,-1091,3126,2707,-2965
NO2,1998,1,1099,239,,-5558,-2012,3176,3546,-3546
NO2,1998,2,1265,311,,-5125,-1830,3321,4391,-3295
NO2,1998,3,1371,1169,,-4909,-933,3710,4190,-3976
NO2,1998,4,337,359,,-5803,-892,3380,4495,-4911
NO2,1998,5,252,188,,-6654,-962,3211,4733,-5692
NO2,1998,6,1741,249,,-5850,-884,3224,6268,-4966
NO2,1998,7,1613,807,,-5139,-226,3613,6700,-4913
NO2,1998,8,1173,1266,,-4606,1100,4523,5670,-5705
NO2,1998,9,2381,1426,,-3021,2384,4188,6961,-5405
NO2,1998,10,1004,517,,-2978,2523,3707,7953,-5501
NO2,1998,11,568,272,,-3116,2499,3482,8492,-5615
NO2,1998,12,568,294,,-3264,2421,3449,8811,-5685
NO2,1998,13,888,351,,-3068,2303,3531,9278,-5371
NO2,1998,14,931,1077,,-2570,3026,3961,8678,-5596
NO2,1998,15,800,440,,-2046,3044,3718,9288,-5090
NO2,1998,16,1142,378,,-1405,2562,3585,10216,-3967
NO2,1998,17,333,583,,-1211,2435,4235,9298,-3647
NO2,1998,18,768,1564,,-406,3239,4692,7986,-3645
NO2,1998,19,513,1095,,393,3564,4508,7534,-3172
NO2,1998,20,-56,1513,,487,3957,4814,5572,-3469
NO2,1998,21,-1,1534,,90,3651,4182,4575,-3561
NO2,1998,22,226,908,,99,2806,4439,3593,-2707
NO2,1998,23,429,1447,,241,2501,4311,2630,-2260
NO2,1998,24,651,1471,,1128,2838,4201,1861,-1710
NO2,1998,25,339,1057,,1328,2574,3947,1358,-1246
NO2,1998,26,1079,1451,,2632,3302,4285,617,-670
NO2,1998,27,1184,1786,,3571,4105,3937,316,-534
NO2,1998,28,105,775,,3345,3935,3369,194,-590
NO2,1998,29,952,737,,4116,4049,3650,134,67
NO2,1998,30,933,928,,5042,4683,3714,88,360
NO2,1998,31,253,707,,4975,4880,3298,60,95
NO2,1998,32,814,775,,5343,5075,3370,46,268
NO2,1998,33,629,740,,5276,5037,3289,33,239
NO2,1998,34,1076,969,,6168,5796,3418,28,372
NO2,1998,35,-179,473,,5180,5470,2774,25,-290
NO2,1998,36,-107,270,,4053,4722,2426,22,-669
NO2,1998,37,1963,959,,5231,4923,3489,18,309
NO2,1998,38,824,894,,5215,5108,3447,16,107
NO2,1998,39,-261,426,,3878,4580,2792,13,-701
NO2,1998,40,336,333,,3067,3860,2816,11,-792
NO2,1998,41,266,227,,2101,3044,2859,11,-944
NO2,1998,42,1622,454,,2891,2856,3063,1016,35
NO2,1998,43,2446,1081,,4587,3358,3945,1527,1228
NO2,1998,44,2399,1536,,5374,3524,3672,2655,1850
NO2,1998,45,179,409,,4294,3035,3277,2813,1260
NO2,1998,46,898,315,,4055,2538,3122,3574,1517
NO2,1998,47,228,158,,3055,1877,3058,3716,1178
NO2,1998,48,457,278,,2309,1488,3014,3946,821
NO2,1998,49,284,178,,1336,1019,3028,4046,317
NO2,1998,50,127,114,,126,486,2928,4161,-361
NO2,1998,51,1903,608,,768,489,3383,5042,280
NO2,1998,52,1335,367,,649,29,3224,6194,621
NO2,1998,53,1640,385,,1716,483,3117,7606,1233
NO2,1999,1,1619,486,,1712,87,3046,8846,1625
NO2,1999,2,1099,162,,1755,-108,2965,9905,1863
NO2,1999,3,2425,608,,3158,275,3232,11527,2883
NO2,1999,4,588,367,,2503,295,3044,11949,2208
NO2,1999,5,2068,637,,3569,750,3296,13159,2818
NO2,1999,6,41,211,,2566,735,3099,13190,1832
NO2,1999,7,1980,301,,3745,939,3054,14979,2807
NO2,1999,8,1123,176,,4073,940,2979,16051,3133
NO2,1999,9,1842,228,,5256,1094,2949,17767,4162
NO2,1999,10,450,103,,4906,975,2908,18184,3931
NO2,1999,11,990,154,,5343,968,2940,19025,4375
NO2,1999,12,1264,192,,6053,913,2969,20116,5139
NO2,1999,13,432,595,,5998,1259,3470,19449,4739
NO2,1999,14,986,1173,,6855,2402,4381,18308,4454
NO2,1999,15,636,968,,7077,2862,3728,18582,4215
NO2,1999,16,160,462,,6862,2640,3776,18214,4222
NO2,1999,17,78,1138,,6898,3219,4035,16823,3679
NO2,1999,18,-15,736,,6765,3026,4184,15877,3738
NO2,1999,19,425,640,,6603,2007,3885,15924,4596
NO2,1999,20,223,1760,,6439,2113,4874,13308,4327
NO2,1999,21,860,2136,,7002,2517,5146,11658,4485
NO2,1999,22,401,2545,,6942,3163,5277,9241,3779
NO2,1999,23,1629,3339,,7792,4327,5535,7130,3465
NO2,1999,24,379,2543,,7736,5161,5247,5101,2575
NO2,1999,25,591,2236,,7544,5509,4809,3777,2035
NO2,1999,26,1084,2304,,8136,6433,4735,2540,1703
NO2,1999,27,-169,1585,,7209,6560,4064,1372,649
NO2,1999,28,-188,1168,,6373,6495,3370,661,-122
NO2,1999,29,1130,1171,,7355,7083,3632,357,271
NO2,1999,30,-294,696,,6481,6931,2808,185,-450
NO2,1999,31,-274,418,,5571,6499,2246,89,-928
NO2,1999,32,577,371,,5310,5871,2527,60,-561
NO2,1999,33,675,668,,5017,5477,2578,44,-461
NO2,1999,34,544,452,,4641,4960,2722,34,-319
NO2,1999,35,-72,365,,3812,4545,2331,25,-733
NO2,1999,36,411,358,,3362,4014,2445,20,-652
NO2,1999,37,731,382,,3270,3601,2850,17,-331
NO2,1999,38,1497,872,,4323,4137,3526,15,186
NO2,1999,39,1408,937,,4972,4457,3919,102,515
NO2,1999,40,862,1037,,4526,4315,3688,142,211
NO2,1999,41,1622,1008,,5127,4479,3753,708,648
NO2,1999,42,176,402,,4282,4098,3433,794,184
NO2,1999,43,1042,675,,4109,3753,3960,640,356
NO2,1999,44,1841,1594,,4840,4499,4334,484,341
NO2,1999,45,157,695,,3671,4246,3939,316,-575
NO2,1999,46,170,425,,2548,3739,3536,452,-1190
NO2,1999,47,1754,809,,3366,4007,4092,862,-641
NO2,1999,48,3223,1793,,4962,4744,3997,2361,218
NO2,1999,49,2406,873,,6030,4866,3752,4170,1165
NO2,1999,50,1218,360,,5894,4530,3477,5337,1364
NO2,1999,51,2133,506,,6587,4254,3599,6879,2333
NO2,1999,52,631,435,,5679,3776,3321,7379,1902
NO2,2000,1,3055,593,,7097,4103,3496,9765,2994
NO2,2000,2,965,485,,6911,4135,3305,10478,2775
NO2,2000,3,462,303,,6055,3982,3293,10656,2073
NO2,2000,4,1231,214,,6072,3853,3273,11731,2219
NO2,2000,5,2858,433,,7936,4046,3536,13991,3891
NO2,2000,6,2077,715,,9041,4570,3473,15456,4471
NO2,2000,7,761,284,,8726,4510,3262,16180,4216
NO2,2000,8,1242,185,,8892,4245,3203,17341,4646
NO2,2000,9,2195,479,,10089,4314,3204,19125,5776
NO2,2000,10,2492,326,,11711,4278,3172,21422,7433
NO2,2000,11,766,218,,11614,4016,3233,21954,7597
NO2,2000,12,386,252,,11108,3718,3227,22108,7389
NO2,2000,13,128,151,,10299,3164,3307,22008,7136
NO2,2000,14,1191,281,,10775,2750,3366,22895,8026
NO2,2000,15,242,295,,10331,2227,3400,22799,8104
NO2,2000,16,1380,858,,11191,2244,4192,22523,8947
NO2,2000,17,492,1818,,11557,3448,4788,20500,8109
NO2,2000,18,390,3105,,11385,5321,5056,17330,6064
NO2,2000,19,-149,3010,,9955,6140,5154,13875,3816
NO2,2000,20,951,3572,,9627,7264,5131,11087,2363
NO2,2000,21,766,1966,,9324,6741,5044,9857,2583
NO2,2000,22,1444,2006,,9529,6013,4830,9424,3515
NO2,2000,23,-97,1459,,8562,5157,4815,7791,3405
NO2,2000,24,1373,2207,,9281,5364,4505,7185,3918
NO2,2000,25,983,2374,,9466,5825,5083,5109,3641
NO2,2000,26,647,2064,,9296,6184,4933,3751,3112
NO2,2000,27,87,1995,,8174,6277,4068,2616,1897
NO2,2000,28,599,1321,,8025,6254,3961,1962,1770
NO2,2000,29,-332,1037,,7121,6332,3322,1184,789
NO2,2000,30,582,1025,,7222,6613,3384,668,609
NO2,2000,31,64,694,,6714,6559,3002,416,154
NO2,2000,32,473,605,,6364,6215,2993,304,149
NO2,2000,33,1277,971,,6996,6453,3412,214,543
NO2,2000,34,571,848,,6630,6350,3186,168,280
NO2,2000,35,933,795,,6722,6292,3393,126,430
NO2,2000,36,963,754,,6735,6108,3637,107,627
NO2,2000,37,423,647,,5836,5511,3424,98,324
NO2,2000,38,200,549,,4831,5011,3088,87,-180
NO2,2000,39,1028,712,,4705,4753,3441,17,-48
NO2,2000,40,508,569,,4070,4281,3393,15,-211
NO2,2000,41,2499,1670,,5055,4627,4177,64,428
NO2,2000,42,1421,1262,,5676,5324,4379,16,352
NO2,2000,43,2147,1648,,5879,5242,4518,363,637
NO2,2000,44,4334,2221,,7762,5275,4616,2349,2488
NO2,2000,45,1356,1333,,7278,5142,4415,2551,2136
NO2,2000,46,2070,1601,,7278,5049,4218,3190,2230
NO2,2000,47,2475,1248,,8075,5012,4191,4467,3063
NO2,2000,48,1444,1077,,8044,5163,4256,4765,2881
NO2,2000,49,1321,1375,,7954,5772,4585,4353,2182
NO2,2000,50,1819,1441,,8033,6184,4287,5012,1849
NO2,2000,51,12,443,,6400,5687,3832,5027,713
NO2,2000,52,453,250,,5257,4976,3603,5476,281
NO2,2001,1,1432,305,,4620,4635,3545,6707,-15
NO2,2001,2,359,220,,3595,4193,3404,7006,-598
NO2,2001,3,13,92,,2338,3877,3318,7018,-1540
NO2,2001,4,1506,279,,2642,3821,3380,8227,-1179
NO2,2001,5,52,140,,1348,3459,3260,8266,-2111
NO2,2001,6,1059,106,,1333,3269,3215,9307,-1937
NO2,2001,7,921,243,,1270,3265,3261,9970,-1995
NO2,2001,8,436,177,,538,2936,3263,10237,-2398
NO2,2001,9,407,91,,-105,2616,3194,10639,-2721
NO2,2001,10,961,117,,12,2453,3202,11518,-2441
NO2,2001,11,623,186,,-141,2272,3201,11976,-2413
NO2,2001,12,1,54,,-830,1987,3151,11977,-2818
NO2,2001,13,282,45,,-1211,1593,3142,12234,-2804
NO2,2001,14,1635,455,,-152,1488,3308,13287,-1640
NO2,2001,15,193,205,,-378,1131,3238,13348,-1509
NO2,2001,16,218,112,,-560,508,3195,13506,-1069
NO2,2001,17,859,377,,-103,-118,3473,13722,15
NO2,2001,18,222,561,,-101,-618,3598,13242,517
NO2,2001,19,-84,1572,,-742,-597,4836,10232,-145
NO2,2001,20,552,2784,,-1388,-195,4798,7864,-1193
NO2,2001,21,-17,1386,,-1536,-387,4585,6584,-1150
NO2,2001,22,480,2028,,-1471,-253,4679,4841,-1218
NO2,2001,23,595,1560,,-1311,-598,4677,3810,-713
NO2,2001,24,-191,1121,,-1808,-1143,4402,2705,-665
NO2,2001,25,412,1791,,-1653,-751,4415,1235,-901
NO2,2001,26,108,1347,,-1336,-127,4012,351,-1209
NO2,2001,27,-412,807,,-1465,187,3044,90,-1652
NO2,2001,28,1483,1057,,140,698,3557,38,-558
NO2,2001,29,232,646,,268,786,3179,22,-517
NO2,2001,30,100,589,,175,871,2732,15,-696
NO2,2001,31,754,521,,733,969,3015,13,-236
NO2,2001,32,521,514,,757,836,3057,12,-79
NO2,2001,33,490,669,,932,1086,2918,11,-154
NO2,2001,34,397,581,,940,1220,2785,10,-280
NO2,2001,35,695,525,,1228,1306,3001,10,-78
NO2,2001,36,311,505,,779,1065,2821,10,-286
NO2,2001,37,58,317,,-95,505,2588,10,-601
NO2,2001,38,739,477,,-283,167,2896,9,-449
NO2,2001,39,-77,263,,-1309,-382,2566,13,-927
NO2,2001,40,2916,1570,,1277,957,3930,9,321
NO2,2001,41,2865,2294,,3021,2345,4481,9,677
NO2,2001,42,596,1120,,2617,2709,3942,9,-92
NO2,2001,43,1548,906,,2973,2607,4588,21,366
NO2,2001,44,2697,2109,,4258,3549,4691,495,709
NO2,2001,45,1051,979,,3912,3490,4080,1172,422
NO2,2001,46,403,596,,2985,3108,3850,1206,-122
NO2,2001,47,605,456,,2301,2686,3635,1575,-385
NO2,2001,48,1888,496,,3072,2562,3645,3005,510
NO2,2001,49,892,439,,2688,2313,3498,3633,375
NO2,2001,50,92,499,,1353,2096,3594,3113,-743
NO2,2001,51,302,227,,52,1413,3404,3380,-1360
NO2,2001,52,308,149,,-1191,653,3279,3675,-1844
NO2,2002,1,712,129,,-2589,112,3208,4359,-2701
NO2,2002,2,154,125,,-3593,-189,3272,4331,-3405
NO2,2002,3,1222,723,,-3885,-106,3663,4435,-3778
NO2,2002,4,2438,814,,-2999,31,3477,6278,-3030
NO2,2002,5,3223,550,,-583,547,3678,8827,-1131
NO2,2002,6,1989,1011,,375,1322,3687,9823,-947
NO2,2002,7,1312,479,,733,1571,3473,10915,-838
NO2,2002,8,1256,314,,1033,1562,3363,12005,-529
NO2,2002,9,709,170,,947,1557,3247,12696,-610
NO2,2002,10,2965,382,,3222,1744,3281,15357,1477
NO2,2002,11,1065,229,,3651,1709,3192,16339,1941
NO2,2002,12,585,180,,3666,1648,3176,16789,2018
NO2,2002,13,94,89,,3364,1563,3153,16828,1801
NO2,2002,14,183,463,,3319,1869,3599,16086,1451
NO2,2002,15,69,325,,3190,1875,3500,15910,1315
NO2,2002,16,28,506,,2884,1753,3778,15122,1132
NO2,2002,17,516,1160,,3541,2534,4245,13941,1007
NO2,2002,18,2200,1456,,5280,2729,4299,14575,2551
NO2,2002,19,-50,1902,,4916,3323,5049,11758,1594
NO2,2002,20,285,2097,,4821,3804,4784,10087,1017
NO2,2002,21,639,2439,,5289,4669,5314,7624,620
NO2,2002,22,864,2462,,5347,4867,5064,6155,480
NO2,2002,23,-355,2384,,4156,5037,4807,3513,-881
NO2,2002,24,953,2420,,4284,5315,4592,2149,-1031
NO2,2002,25,333,1470,,4249,5261,4172,1367,-1013
NO2,2002,26,948,1430,,4718,5270,4068,952,-552
NO2,2002,27,464,1069,,4484,4886,3774,611,-402
NO2,2002,28,2181,1895,,6127,5619,4330,330,508
NO2,2002,29,-435,887,,5146,5549,3166,148,-403
NO2,2002,30,77,610,,4706,5352,2706,91,-646
NO2,2002,31,-311,368,,3860,4956,2125,42,-1096
NO2,2002,32,-91,287,,2932,4224,1831,25,-1292
NO2,2002,33,118,271,,2209,3515,1761,17,-1305
NO2,2002,34,78,243,,1449,2826,1685,12,-1377
NO2,2002,35,619,252,,1335,2271,2142,11,-936
NO2,2002,36,1176,594,,1505,1820,2792,10,-315
NO2,2002,37,-217,403,,132,1093,2227,10,-961
NO2,2002,38,60,218,,-1058,181,2108,10,-1238
NO2,2002,39,255,208,,-2109,-793,2181,9,-1316
NO2,2002,40,375,257,,-2945,-1656,2320,9,-1290
NO2,2002,41,105,176,,-4174,-2627,2184,83,-1547
NO2,2002,42,110,93,,-5280,-3529,2108,183,-1751
NO2,2002,43,3059,535,,-3713,-4352,2641,2241,639
NO2,2002,44,860,471,,-4481,-5298,2384,2910,817
NO2,2002,45,549,295,,-5146,-5872,2378,3179,726
NO2,2002,46,756,161,,-5579,-6575,2315,3860,996
NO2,2002,47,232,108,,-6531,-7245,2243,4066,714
NO2,2002,48,417,80,,-7198,-7721,2208,4455,523
NO2,2002,49,177,53,,-8115,-8155,2176,4622,41
NO2,2002,50,23,28,,-9285,-8631,2152,4645,-653
NO2,2002,51,159,31,,-10430,-9217,2147,4785,-1214
NO2,2002,52,661,48,,-11063,-9831,2132,5434,-1232
NO2,2003,1,255,32,,-12716,-10253,2119,5686,-2463
NO2,2003,2,270,38,,-13509,-10550,2156,5893,-2958
NO2,2003,3,2778,777,,-11674,-9912,2539,7575,-1762
NO2,2003,4,1856,569,,-10720,-9377,2497,8945,-1342
NO2,2003,5,669,426,,-10951,-9005,2412,9278,-1945
NO2,2003,6,616,161,,-11127,-8835,2327,9839,-2291
NO2,2003,7,180,149,,-11628,-8604,2279,9923,-3024
NO2,2003,8,1,58,,-12413,-8662,2227,9920,-3750
NO2,2003,9,51,38,,-13013,-8623,2201,9963,-4390
NO2,2003,10,1414,114,,-12086,-8435,2217,11293,-3651
NO2,2003,11,830,424,,-11726,-8069,2351,11582,-3656
NO2,2003,12,1,113,,-12011,-7887,2306,11515,-4124
NO2,2003,13,146,156,,-12064,-7696,2476,11336,-4368
NO2,2003,14,732,279,,-11535,-7576,2448,11827,-3959
NO2,2003,15,90,132,,-11572,-7708,2375,11856,-3863
NO2,2003,16,-15,474,,-11633,-7581,3151,10565,-4052
NO2,2003,17,103,1094,,-11729,-7196,3582,9065,-4533
NO2,2003,18,930,1039,,-10836,-7009,3699,8797,-3827
NO2,2003,19,914,1056,,-10038,-7153,3953,8375,-2885
NO2,2003,20,1384,1134,,-9023,-7722,4040,8515,-1301
NO2,2003,21,1175,1754,,-7977,-7571,4872,7041,-406
NO2,2003,22,326,2201,,-7731,-6911,4865,5053,-820
NO2,2003,23,337,2680,,-7517,-5736,4889,2531,-1781
NO2,2003,24,100,1840,,-7405,-5207,4271,1304,-2198
NO2,2003,25,394,1287,,-6777,-4857,3969,663,-1920
NO2,2003,26,1356,1636,,-5634,-4388,4075,250,-1247
NO2,2003,27,420,1209,,-5551,-4285,3421,100,-1267
NO2,2003,28,86,631,,-5538,-4366,2928,52,-1172
NO2,2003,29,73,473,,-5417,-4330,2609,22,-1087
NO2,2003,30,1929,1146,,-3630,-3666,3465,14,36
NO2,2003,31,118,770,,-4038,-3628,2842,11,-410
NO2,2003,32,-310,377,,-5218,-4291,2210,10,-928
NO2,2003,33,487,395,,-5473,-4785,2386,9,-688
NO2,2003,34,688,542,,-5197,-4712,2581,9,-485
NO2,2003,35,-79,337,,-5665,-4785,2200,9,-880
NO2,2003,36,165,259,,-6274,-5317,2151,9,-957
NO2,2003,37,1594,844,,-5374,-5142,2957,9,-233
NO2,2003,38,825,593,,-5236,-5116,3227,9,-120
NO2,2003,39,2332,1624,,-3594,-4037,3926,24,444
NO2,2003,40,716,890,,-4002,-4134,3715,36,133
NO2,2003,41,1048,773,,-3972,-4182,3775,247,210
NO2,2003,42,14,463,,-5015,-4535,3325,239,-480
NO2,2003,43,91,229,,-6449,-5629,3101,322,-820
NO2,2003,44,757,310,,-6845,-6251,3200,683,-594
NO2,2003,45,933,713,,-6950,-6221,3539,563,-729
NO2,2003,46,258,331,,-7615,-6456,3368,652,-1158
NO2,2003,47,711,387,,-7714,-6471,3330,1022,-1243
NO2,2003,48,1067,475,,-7580,-6395,3381,1574,-1185
NO2,2003,49,841,526,,-7829,-6349,3381,1895,-1480
NO2,2003,50,1183,381,,-7642,-6295,3383,2719,-1347
NO2,2003,51,857,507,,-7938,-6261,3531,2937,-1677
NO2,2003,52,2080,739,,-6993,-6024,3589,4241,-968
NO2,2004,1,396,360,,-8460,-6065,3269,4603,-2395
NO2,2004,2,1140,214,,-8209,-6044,3164,5678,-2165
NO2,2004,3,1206,285,,-8024,-5952,3093,6711,-2073
NO2,2004,4,720,127,,-8332,-5976,3053,7377,-2356
NO2,2004,5,879,120,,-8305,-5898,2991,8237,-2408
NO2,2004,6,2107,686,,-6620,-4858,3479,9216,-1762
NO2,2004,7,233,291,,-7180,-4598,3225,9419,-2581
NO2,2004,8,71,131,,-7856,-4545,3107,9480,-3310
NO2,2004,9,552,109,,-7957,-4459,3038,10017,-3498
NO2,2004,10,100,87,,-8604,-4518,3019,10056,-4085
NO2,2004,11,241,56,,-8858,-4537,2983,10285,-4321
NO2,2004,12,1580,874,,-7967,-3997,3518,10459,-3969
NO2,2004,13,183,305,,-8427,-4097,3266,10584,-4331
NO2,2004,14,211,314,,-8470,-3971,3341,10395,-4500
NO2,2004,15,749,475,,-7998,-3910,3351,10655,-4088
NO2,2004,16,216,635,,-7820,-3610,4011,9548,-4210
NO2,2004,17,1015,1868,,-6877,-2305,4510,8098,-4572
NO2,2004,18,316,1684,,-6838,-1668,4542,6611,-5170
NO2,2004,19,1497,2539,,-4600,607,5425,4582,-5206
NO2,2004,20,89,2106,,-5168,827,4537,3324,-5994
NO2,2004,21,741,1212,,-4778,197,4161,3182,-4975
NO2,2004,22,-92,729,,-5383,-1128,4014,2471,-4254
NO2,2004,23,-214,1189,,-6241,-2047,3727,1280,-4194
NO2,2004,24,641,1137,,-5601,-2307,3750,729,-3294
NO2,2004,25,659,944,,-5070,-2697,3651,527,-2373
NO2,2004,26,758,936,,-4591,-3004,3668,317,-1587
NO2,2004,27,275,755,,-4541,-3247,3327,166,-1294
NO2,2004,28,183,517,,-4485,-3495,3064,99,-989
NO2,2004,29,149,404,,-4330,-3533,2857,64,-797
NO2,2004,30,420,521,,-4020,-3423,2807,39,-597
NO2,2004,31,-153,393,,-4512,-3577,2305,24,-934
NO2,2004,32,369,368,,-4560,-3817,2390,15,-743
NO2,2004,33,-367,269,,-5471,-4228,1829,11,-1243
NO2,2004,34,1359,544,,-4650,-4299,2713,10,-351
NO2,2004,35,1188,729,,-3577,-3702,3206,9,126
NO2,2004,36,1072,1115,,-3133,-3210,3186,9,78
NO2,2004,37,-50,416,,-4047,-3609,2752,9,-438
NO2,2004,38,2188,1264,,-2393,-2753,3707,9,360
NO2,2004,39,1391,1478,,-2031,-2142,3608,9,111
NO2,2004,40,692,718,,-2075,-2038,3557,24,-37
NO2,2004,41,2546,1952,,-703,-1011,4093,28,307
NO2,2004,42,124,575,,-1407,-1021,3627,31,-385
NO2,2004,43,1435,780,,-1007,-1090,3962,364,83
NO2,2004,44,788,830,,-1482,-1275,3675,594,-208
NO2,2004,45,944,610,,-1395,-1176,3755,856,-219
NO2,2004,46,1429,860,,-422,-424,4029,1151,1
NO2,2004,47,1940,1123,,346,-59,3762,2238,405
NO2,2004,48,1314,469,,762,27,3681,3194,735
NO2,2004,49,554,371,,526,209,3649,3424,317
NO2,2004,50,1151,823,,520,566,3728,3676,-46
NO2,2004,51,1977,1027,,1295,1092,3890,4458,203
NO2,2004,52,1812,518,,1785,890,3571,6121,894
NO2,2004,53,2362,410,,3287,1058,3455,8264,2229
NO2,2005,1,5479,1849,,7050,2001,4620,10697,5049
NO2,2005,2,3752,2972,,7956,2952,4166,11845,5004
NO2,2005,3,1285,1183,,7461,3230,3775,12332,4231
NO2,2005,4,54,304,,6222,3144,3548,12316,3079
NO2,2005,5,381,447,,5237,3070,3644,12159,2168
NO2,2005,6,1566,555,,5549,3160,3587,13260,2389
NO2,2005,7,464,235,,4846,2975,3409,13687,1871
NO2,2005,8,8,142,,3607,2536,3325,13644,1071
NO2,2005,9,419,169,,2844,2169,3303,13926,676
NO2,2005,10,402,275,,2054,1857,3354,14004,197
NO2,2005,11,1709,427,,2784,1685,3394,15294,1098
NO2,2005,12,51,222,,2146,1577,3441,15074,569
NO2,2005,13,-8,220,,1483,1381,3427,14854,102
NO2,2005,14,1382,718,,2052,1347,3689,15252,705
NO2,2005,15,794,545,,2482,1379,3713,15485,1103
NO2,2005,16,-21,352,,2174,1135,3587,15221,1040
NO2,2005,17,161,292,,2500,1012,3721,14947,1488
NO2,2005,18,412,759,,3114,1133,3858,14445,1980
NO2,2005,19,32,394,,2816,112,3702,14215,2704
NO2,2005,20,906,489,,3732,-741,3998,14330,4473
NO2,2005,21,1294,1444,,5561,-264,4437,13707,5825
NO2,2005,22,595,1423,,6073,-445,4602,12655,6518
NO2,2005,23,-96,1368,,5561,-946,4241,11467,6507
NO2,2005,24,1074,2044,,6661,-217,4812,9838,6878
NO2,2005,25,-117,2423,,6044,641,4358,7596,5403
NO2,2005,26,-216,1720,,5139,812,4075,5824,4327
NO2,2005,27,630,2507,,4828,1727,4269,3619,3101
NO2,2005,28,215,1914,,3747,1813,3796,2290,1934
NO2,2005,29,831,1763,,3593,2202,3791,1318,1391
NO2,2005,30,64,1174,,2814,2289,3210,757,524
NO2,2005,31,417,823,,2697,2405,3066,488,292
NO2,2005,32,-176,532,,1732,2034,2558,288,-302
NO2,2005,33,-194,340,,870,1621,2150,182,-750
NO2,2005,34,958,467,,1397,1635,2706,129,-239
NO2,2005,35,543,595,,1606,1892,2703,100,-286
NO2,2005,36,255,394,,1293,1715,2622,73,-422
NO2,2005,37,1554,991,,2181,2114,3199,67,67
NO2,2005,38,305,629,,1619,2026,2893,55,-407
NO2,2005,39,1523,773,,2540,2370,3662,14,170
NO2,2005,40,233,653,,1739,2087,3259,12,-348
NO2,2005,41,311,450,,906,1571,3138,11,-664
NO2,2005,42,666,382,,543,1136,3335,115,-593
NO2,2005,43,1613,772,,1288,1216,4199,117,72
NO2,2005,44,2386,2082,,2778,2657,4588,10,121
NO2,2005,45,3160,2433,,4615,4148,4908,389,467
NO2,2005,46,2000,1848,,4850,4622,4328,1078,228
NO2,2005,47,706,659,,4041,4183,3999,1455,-142
NO2,2005,48,335,371,,2917,3636,3663,1757,-719
NO2,2005,49,315,243,,1939,3196,3551,1949,-1257
NO2,2005,50,754,474,,1424,3082,3608,2183,-1659
NO2,2005,51,1005,284,,1135,2738,3492,3050,-1603
NO2,2005,52,104,163,,-304,2007,3335,3152,-2311
NO2,2006,1,66,89,,-2320,1478,3251,3217,-3799
NO2,2006,2,1404,372,,-1975,1499,3356,4178,-3474
NO2,2006,3,1863,230,,-1373,1276,3242,5986,-2648
NO2,2006,4,110,95,,-2602,922,3182,6078,-3524
NO2,2006,5,140,62,,-3599,687,3148,6202,-4286
NO2,2006,6,1322,213,,-3195,754,3168,7341,-3949
NO2,2006,7,643,105,,-3454,703,3139,7930,-4157
NO2,2006,8,29,68,,-4462,399,3152,7884,-4861
NO2,2006,9,569,71,,-4859,142,3107,8446,-5000
NO2,2006,10,86,33,,-5713,-166,3082,8531,-5547
NO2,2006,11,14,21,,-6445,-464,3068,8541,-5981
NO2,2006,12,64,27,,-7105,-809,3060,8589,-6296
NO2,2006,13,1016,145,,-6763,-1134,3111,9441,-5628
NO2,2006,14,842,149,,-6435,-1466,3146,10121,-4968
NO2,2006,15,665,242,,-6219,-1831,3210,10498,-4388
NO2,2006,16,522,262,,-6093,-2301,3198,10779,-3791
NO2,2006,17,347,358,,-5866,-2646,3400,10560,-3220
NO2,2006,18,342,1197,,-5207,-1931,4502,8544,-3276
NO2,2006,19,-55,2844,,-6170,-910,4486,5468,-5260
NO2,2006,20,1109,1403,,-5378,-1117,4783,4811,-4262
NO2,2006,21,1015,1735,,-5051,-1532,4465,4334,-3519
NO2,2006,22,106,1164,,-5414,-2351,4412,3264,-3063
NO2,2006,23,-352,1340,,-6303,-2991,4328,1561,-3312
NO2,2006,24,-460,1485,,-7233,-3315,3442,412,-3919
NO2,2006,25,1074,1118,,-6142,-3392,3633,168,-2750
NO2,2006,26,-230,632,,-6750,-4114,2872,64,-2636
NO2,2006,27,-283,382,,-7337,-4860,2287,23,-2476
NO2,2006,28,915,594,,-6584,-5105,2656,17,-1479
NO2,2006,29,-355,347,,-7466,-5776,2016,11,-1690
NO2,2006,30,-135,254,,-8130,-6415,1718,9,-1716
NO2,2006,31,402,339,,-8313,-6921,1862,9,-1392
NO2,2006,32,319,270,,-8870,-7720,1989,9,-1150
NO2,2006,33,363,306,,-9289,-8329,2114,9,-961
NO2,2006,34,817,437,,-9239,-8739,2566,8,-500
NO2,2006,35,2204,1493,,-7720,-7942,3303,8,222
NO2,2006,36,849,938,,-7979,-8101,3231,8,122
NO2,2006,37,-286,455,,-9475,-8815,2530,8,-660
NO2,2006,38,253,407,,-10213,-9299,2433,8,-914
NO2,2006,39,933,493,,-10057,-9488,2929,8,-569
NO2,2006,40,1748,791,,-8798,-9109,3923,8,312
NO2,2006,41,510,1004,,-9445,-9069,3429,8,-376
NO2,2006,42,894,591,,-9253,-8971,3743,18,-282
NO2,2006,43,1653,996,,-8844,-9027,3758,668,182
NO2,2006,44,1988,853,,-7493,-8611,3751,1844,1118
NO2,2006,45,2624,1868,,-6188,-7717,3993,2366,1529
NO2,2006,46,3560,1299,,-3506,-6999,4149,4523,3494
NO2,2006,47,2261,1307,,-1964,-6008,4306,5333,4044
NO2,2006,48,2271,2300,,-1158,-4581,4695,4868,3423
NO2,2006,49,3170,1865,,291,-3774,4323,6497,4064
NO2,2006,50,3970,1553,,3410,-2423,4057,9226,5833
NO2,2006,51,540,612,,2910,-2178,4026,9206,5087
NO2,2006,52,879,622,,2689,-2014,3915,9586,4703
NO2,2007,1,2164,838,,2977,-1617,3754,11107,4594
NO2,2007,2,3675,991,,5810,-814,3786,13845,6624
NO2,2007,3,2861,768,,7729,-201,3572,16234,7930
NO2,2007,4,579,252,,7140,-249,3393,16780,7388
NO2,2007,5,1174,389,,7294,-72,3509,17493,7366
NO2,2007,6,490,278,,6720,-57,3347,17888,6777
NO2,2007,7,457,133,,6207,-150,3282,18301,6357
NO2,2007,8,720,124,,5884,-436,3212,19004,6319
NO2,2007,9,585,91,,5685,-503,3186,19556,6188
NO2,2007,10,1316,324,,6244,-357,3316,20446,6601
NO2,2007,11,2022,716,,7793,269,3572,21541,7524
NO2,2007,12,658,342,,7834,327,3434,22018,7507
NO2,2007,13,-3,407,,7228,385,3529,21494,6842
NO2,2007,14,77,290,,7014,454,3519,21276,6560
NO2,2007,15,1024,578,,7826,671,3961,21290,7155
NO2,2007,16,785,897,,8129,794,3829,21275,7335
NO2,2007,17,604,1630,,8814,1987,4608,19398,6826
NO2,2007,18,-132,2118,,8133,2820,4766,16869,5313
NO2,2007,19,639,1286,,8159,2449,4316,16607,5709
NO2,2007,20,1101,1039,,9028,1919,4758,16206,7109
NO2,2007,21,580,1771,,8955,1576,4645,15053,7379
NO2,2007,22,399,1927,,9405,2079,5050,13014,7326
NO2,2007,23,-389,3052,,7841,2627,5139,9276,5215
NO2,2007,24,-229,2584,,6237,2585,4161,7265,3653
NO2,2007,25,170,1952,,5616,2644,4277,5246,2972
NO2,2007,26,413,1885,,5316,2940,4129,3819,2376
NO2,2007,27,1357,2183,,6706,4450,4536,2507,2256
NO2,2007,28,1208,2039,,7152,5155,4340,1809,1997
NO2,2007,29,808,1726,,7364,5910,3955,1216,1454
NO2,2007,30,730,1185,,7663,6421,3882,803,1242
NO2,2007,31,210,963,,7278,6631,3315,596,648
NO2,2007,32,-118,672,,6495,6517,2821,304,-22
NO2,2007,33,1774,1211,,7776,7139,3521,200,637
NO2,2007,34,83,715,,7058,7032,2974,127,26
NO2,2007,35,664,592,,6890,6788,3073,118,102
NO2,2007,36,502,708,,6184,6304,2894,102,-120
NO2,2007,37,919,693,,6047,6012,3048,185,35
NO2,2007,38,1628,1087,,6279,5848,3615,171,430
NO2,2007,39,788,1044,,5760,5808,3438,21,-48
NO2,2007,40,176,495,,4519,4999,3127,11,-480
NO2,2007,41,266,342,,3547,4290,3059,11,-743
NO2,2007,42,475,457,,3230,4173,3067,33,-943
NO2,2007,43,92,254,,2170,3474,2929,11,-1304
NO2,2007,44,2024,1086,,3440,4014,3629,274,-574
NO2,2007,45,1193,742,,3490,3964,3294,1063,-474
NO2,2007,46,58,303,,2239,3314,3108,996,-1074
NO2,2007,47,598,267,,1751,2906,3042,1398,-1155
NO2,2007,48,1684,375,,2274,2626,3081,2706,-352
NO2,2007,49,1769,737,,3019,2947,3311,3518,72
NO2,2007,50,56,282,,1714,2564,3033,3567,-849
NO2,2007,51,15,132,,274,1937,2902,3581,-1662
NO2,2007,52,1990,460,,1192,1939,3154,4898,-746
NO2,2008,1,719,290,,-87,1683,2913,5584,-1770
NO2,2008,2,1843,282,,613,1497,2898,7226,-884
NO2,2008,3,2864,593,,2335,1743,2973,9495,592
NO2,2008,4,2868,459,,4101,1908,2950,12028,2193
NO2,2008,5,2181,431,,5316,2132,2914,13906,3184
NO2,2008,6,1296,335,,5648,2265,2903,14937,3383
NO2,2008,7,88,142,,4768,2190,2811,14992,2578
NO2,2008,8,2348,592,,6276,2548,3240,16386,3728
NO2,2008,9,2582,712,,7938,2927,3117,18447,5011
NO2,2008,10,1355,335,,8248,2774,3050,19584,5474
NO2,2008,11,1156,484,,8350,2600,2988,20352,5750
NO2,2008,12,658,155,,8154,2226,2885,20990,5929
NO2,2008,13,565,123,,7908,1745,2915,21428,6163
NO2,2008,14,1173,528,,8221,1446,2995,22015,6775
NO2,2008,15,506,193,,8044,796,2945,22398,7248
NO2,2008,16,175,172,,7607,19,2898,22458,7587
NO2,2008,17,123,331,,7643,-312,3371,21764,7955
NO2,2008,18,2105,2489,,9795,1453,4524,20141,8342
NO2,2008,19,-78,2547,,8971,2327,5120,16736,6644
NO2,2008,20,318,2860,,8159,2885,4889,14240,5274
NO2,2008,21,-14,1250,,7536,2075,4581,13198,5461
NO2,2008,22,-168,2574,,6565,2428,5541,9335,4137
NO2,2008,23,-423,4012,,4323,3355,5257,4912,968
NO2,2008,24,288,2281,,3767,3500,4190,3849,267
NO2,2008,25,1064,1631,,4626,3769,4467,2940,856
NO2,2008,26,594,1550,,4554,3744,4145,2238,811
NO2,2008,27,-302,1259,,3832,3866,3666,1087,-34
NO2,2008,28,1153,1527,,4228,4024,3798,559,204
NO2,2008,29,781,1048,,4868,4503,3709,373,365
NO2,2008,30,91,941,,4509,4723,3067,162,-214
NO2,2008,31,98,567,,4140,4602,2734,67,-462
NO2,2008,32,759,616,,4218,4393,2924,49,-175
NO2,2008,33,1032,820,,4722,4597,3167,40,125
NO2,2008,34,-3,457,,3817,4128,2732,32,-310
NO2,2008,35,238,406,,3339,3809,2592,27,-470
NO2,2008,36,1569,940,,4184,4013,3265,23,170
NO2,2008,37,155,514,,3166,3426,2917,21,-260
NO2,2008,38,52,279,,1957,2596,2696,20,-639
NO2,2008,39,-122,210,,622,1724,2392,12,-1102
NO2,2008,40,1138,374,,529,964,2855,330,-434
NO2,2008,41,1395,832,,1059,1117,3589,166,-57
NO2,2008,42,682,770,,986,1370,3342,317,-384
NO2,2008,43,3428,1764,,3763,2686,4189,1131,1077
NO2,2008,44,1353,1198,,3326,2346,3550,1907,980
NO2,2008,45,383,403,,2472,1865,3493,1945,607
NO2,2008,46,2569,1036,,4178,2361,4027,2967,1816
NO2,2008,47,1123,797,,3886,2147,3499,3835,1739
NO2,2008,48,1125,497,,3866,2015,3479,4511,1851
NO2,2008,49,218,266,,2701,1507,3227,4723,1193
NO2,2008,50,401,169,,1766,1015,3104,5097,751
NO2,2008,51,1692,317,,2178,704,3165,6454,1474
NO2,2008,52,785,286,,1537,185,3044,7107,1352
NO2,2009,1,93,89,,-437,-334,2966,7198,-103
NO2,2009,2,669,149,,-909,-609,3049,7658,-300
NO2,2009,3,1887,823,,-427,-275,3258,8466,-152
NO2,2009,4,1971,357,,279,-332,3129,10267,611
NO2,2009,5,168,129,,-721,-535,3024,10426,-186
NO2,2009,6,541,91,,-1169,-636,2966,10959,-532
NO2,2009,7,111,48,,-2089,-864,2931,11070,-1225
NO2,2009,8,852,83,,-2298,-1209,2952,11856,-1089
NO2,2009,9,820,204,,-2454,-1356,2949,12507,-1098
NO2,2009,10,1010,169,,-2324,-1492,2971,13358,-831
NO2,2009,11,930,174,,-2164,-1692,2954,14164,-472
NO2,2009,12,358,181,,-2457,-1824,3006,14307,-633
NO2,2009,13,518,149,,-2620,-2138,2962,14735,-482
NO2,2009,14,419,355,,-2651,-2187,3431,14340,-464
NO2,2009,15,701,897,,-2223,-1661,3984,13550,-561
NO2,2009,16,327,1543,,-2415,-874,4308,11919,-1541
NO2,2009,17,-10,1324,,-2693,-316,4564,10238,-2378
NO2,2009,18,516,2322,,-2311,1135,4982,7894,-3446
NO2,2009,19,811,1258,,-1773,1079,4449,7912,-2852
NO2,2009,20,65,947,,-2169,253,4304,7129,-2422
NO2,2009,21,771,1506,,-1796,-102,4776,5849,-1694
NO2,2009,22,807,1880,,-1563,-286,4775,4687,-1277
NO2,2009,23,-282,1568,,-2700,-1002,4006,3496,-1699
NO2,2009,24,276,1086,,-2778,-1643,3941,2697,-1135
NO2,2009,25,608,1171,,-2280,-1757,3972,2057,-523
NO2,2009,26,-378,1197,,-2855,-1667,3444,940,-1188
NO2,2009,27,-307,1043,,-3400,-1619,2725,281,-1780
NO2,2009,28,1242,970,,-2126,-1290,3186,130,-837
NO2,2009,29,668,693,,-1120,-713,3237,73,-407
NO2,2009,30,1002,1010,,-235,-109,3268,49,-126
NO2,2009,31,1432,1101,,1334,933,3629,36,401
NO2,2009,32,326,898,,1111,1140,3096,24,-28
NO2,2009,33,544,538,,1368,1284,3148,19,84
NO2,2009,34,1361,1113,,2280,1905,3434,16,375
NO2,2009,35,959,857,,2956,2464,3568,13,492
NO2,2009,36,865,1018,,3398,3071,3432,12,327
NO2,2009,37,164,582,,2814,2966,3036,11,-151
NO2,2009,38,-160,346,,1649,2435,2559,10,-786
NO2,2009,39,1034,649,,2351,2863,2983,10,-513
NO2,2009,40,1406,803,,2776,2784,3019,591,-8
NO2,2009,41,1426,754,,3080,2594,3060,1239,486
NO2,2009,42,203,400,,2192,2134,3119,982,58
NO2,2009,43,124,308,,794,1128,3051,859,-334
NO2,2009,44,447,296,,-190,224,2978,1084,-415
NO2,2009,45,1352,546,,109,47,3083,1810,62
NO2,2009,46,678,336,,-166,-232,3090,2155,66
NO2,2009,47,2788,1530,,1959,1093,4206,2254,866
NO2,2009,48,2421,1703,,2855,1836,3728,3431,1019
NO2,2009,49,486,463,,2020,1591,3308,3877,429
NO2,2009,50,584,426,,1363,1458,3171,4184,-95
NO2,2009,51,238,172,,83,799,3017,4411,-717
NO2,2009,52,655,125,,-680,137,2926,5054,-818
NO2,2009,53,135,76,,-2104,-665,2864,5187,-1439
NO2,2010,1,6,45,,-3799,-1547,2824,5192,-2251
NO2,2010,2,87,35,,-4930,-1996,2795,5278,-2934
NO2,2010,3,126,30,,-6029,-2327,2773,5402,-3701
NO2,2010,4,385,44,,-6880,-2626,2762,5770,-4254
NO2,2010,5,366,41,,-7718,-2956,2744,6131,-4762
NO2,2010,6,33,20,,-8792,-3225,2728,6162,-5567
NO2,2010,7,206,23,,-9631,-3488,2716,6367,-6143
NO2,2010,8,381,30,,-10304,-3855,2706,6743,-6448
NO2,2010,9,261,26,,-10985,-4129,2697,7002,-6855
NO2,2010,10,239,55,,-11625,-4359,2733,7162,-7265
NO2,2010,11,571,187,,-11741,-4442,3019,7272,-7299
NO2,2010,12,679,467,,-11872,-4429,3204,7299,-7443
NO2,2010,13,777,380,,-11723,-4449,3090,7816,-7274
NO2,2010,14,190,370,,-11915,-4393,3244,7469,-7522
NO2,2010,15,587,424,,-11486,-4262,3355,7517,-7224
NO2,2010,16,473,283,,-11191,-4490,3136,7932,-6701
NO2,2010,17,714,932,,-10311,-3967,4075,6761,-6344
NO2,2010,18,-34,565,,-10518,-4390,3658,6536,-6129
NO2,2010,19,372,606,,-10014,-4734,4295,5638,-5280
NO2,2010,20,642,2667,,-9671,-3592,4800,2976,-6080
NO2,2010,21,157,1341,,-9874,-4067,4081,2431,-5807
NO2,2010,22,-234,1084,,-10148,-4533,3862,1261,-5616
NO2,2010,23,399,1155,,-9686,-4809,3857,466,-4877
NO2,2010,24,-155,768,,-9710,-5307,3145,225,-4403
NO2,2010,25,-183,473,,-9682,-5840,2636,72,-3842
NO2,2010,26,71,404,,-9461,-6295,2383,23,-3166
NO2,2010,27,29,304,,-9318,-6697,2152,14,-2621
NO2,2010,28,1482,661,,-7609,-6524,3058,11,-1084
NO2,2010,29,458,732,,-7026,-6141,2823,10,-885
NO2,2010,30,-51,405,,-7319,-6303,2417,9,-1016
NO2,2010,31,568,430,,-6932,-6288,2610,9,-644
NO2,2010,32,1006,635,,-6246,-6168,3061,9,-78
NO2,2010,33,394,582,,-6215,-6069,2928,9,-146
NO2,2010,34,998,947,,-5538,-5460,2988,9,-78
NO2,2010,35,-102,389,,-6373,-5806,2513,8,-567
NO2,2010,36,156,262,,-6940,-6284,2453,8,-656
NO2,2010,37,1592,785,,-5924,-6037,3282,28,112
NO2,2010,38,1168,869,,-5754,-6017,3600,18,263
NO2,2010,39,235,542,,-6515,-6307,3281,17,-208
NO2,2010,40,3691,2567,,-3994,-4766,4382,8,772
NO2,2010,41,-17,739,,-5608,-5407,3602,10,-201
NO2,2010,42,886,503,,-5810,-5767,3430,570,-43
NO2,2010,43,1558,853,,-5272,-5745,4262,455,474
NO2,2010,44,1276,1111,,-5335,-5722,3855,1009,387
NO2,2010,45,445,405,,-6042,-6116,3504,1401,74
NO2,2010,46,265,243,,-6895,-6649,3295,1637,-246
NO2,2010,47,25,130,,-7985,-7219,3169,1660,-766
NO2,2010,48,62,83,,-9071,-7742,3090,1721,-1329
NO2,2010,49,375,79,,-9817,-8182,3061,2061,-1635
NO2,2010,50,353,77,,-10631,-8595,3012,2401,-2036
NO2,2010,51,132,43,,-11826,-9192,2978,2532,-2635
NO2,2010,52,189,41,,-12977,-9847,2967,2701,-3130
NO2,2011,1,1176,123,,-13631,-10123,2962,3799,-3507
NO2,2011,2,2217,204,,-12324,-10178,2962,5898,-2147
NO2,2011,3,966,209,,-12203,-9991,2985,6679,-2212
NO2,2011,4,142,86,,-13068,-10019,2944,6792,-3050
NO2,2011,5,1850,251,,-12049,-9803,3006,8384,-2246
NO2,2011,6,1360,187,,-11393,-9557,2954,9668,-1836
NO2,2011,7,235,65,,-11961,-9547,2912,9900,-2413
NO2,2011,8,518,60,,-12308,-9707,2920,10377,-2601
NO2,2011,9,240,62,,-12763,-9701,2898,10594,-3062
NO2,2011,10,1136,94,,-12245,-9655,2902,11668,-2590
NO2,2011,11,502,84,,-12229,-9657,2894,12125,-2572
NO2,2011,12,1460,616,,-11199,-9164,3313,12598,-2035
NO2,2011,13,519,344,,-11184,-9093,3491,12599,-2090
NO2,2011,14,1832,1625,,-9696,-7730,4195,12074,-1966
NO2,2011,15,214,1601,,-10093,-6777,4418,10362,-3315
NO2,2011,16,-5,1897,,-10553,-5532,4980,7768,-5020
NO2,2011,17,-54,1920,,-10884,-4352,4655,5993,-6532
NO2,2011,18,-30,1017,,-11214,-4422,4328,5203,-6792
NO2,2011,19,207,1635,,-11252,-4032,4509,3485,-7220
NO2,2011,20,863,1199,,-10568,-4328,4275,3340,-6241
NO2,2011,21,1937,1643,,-8928,-4490,4622,3258,-4438
NO2,2011,22,851,1561,,-8050,-4422,4610,2500,-3629
NO2,2011,23,764,2009,,-7277,-3855,4584,1195,-3421
NO2,2011,24,716,1391,,-6226,-3517,4359,704,-2709
NO2,2011,25,117,1085,,-6133,-3639,3639,418,-2494
NO2,2011,26,2492,2091,,-3545,-2399,4262,165,-1145
NO2,2011,27,813,1270,,-2908,-2099,3917,60,-809
NO2,2011,28,186,870,,-2949,-2104,3275,33,-845
NO2,2011,29,1909,1268,,-1096,-1338,3940,20,242
NO2,2011,30,263,1099,,-1394,-1108,3145,12,-286
NO2,2011,31,302,556,,-1545,-1254,2962,10,-291
NO2,2011,32,214,575,,-2148,-1645,2636,9,-503
NO2,2011,33,417,436,,-2517,-2105,2663,9,-411
NO2,2011,34,1136,633,,-1817,-1978,3228,8,162
NO2,2011,35,515,696,,-1690,-1684,3074,8,-6
NO2,2011,36,2566,1627,,159,-784,4052,8,943
NO2,2011,37,1787,1833,,763,-47,4000,8,810
NO2,2011,38,1720,1421,,1444,493,4257,49,951
NO2,2011,39,152,879,,725,639,3585,8,86
NO2,2011,40,1802,1106,,1772,1079,3950,362,693
NO2,2011,41,1151,932,,1734,1003,3743,801,731
NO2,2011,42,1149,885,,2111,1345,4049,760,766
NO2,2011,43,915,895,,1572,1000,4197,619,572
NO2,2011,44,715,973,,1303,1251,4338,192,53
NO2,2011,45,136,694,,240,1117,3845,109,-877
NO2,2011,46,288,416,,-603,749,3752,75,-1352
NO2,2011,47,2286,781,,1085,1323,4262,1095,-238
NO2,2011,48,3832,1940,,3822,2683,4134,3144,1139
NO2,2011,49,1716,624,,4371,2708,3729,4690,1662
NO2,2011,50,2443,673,,5724,2908,3520,6746,2816
NO2,2011,51,802,293,,5461,2790,3394,7422,2671
NO2,2011,52,3504,1233,,8232,3848,3689,9492,4384
NO2,2012,1,2231,567,,8674,4014,3458,11469,4660
NO2,2012,2,2030,489,,9621,4076,3365,13187,5545
NO2,2012,3,1150,235,,9581,3936,3236,14286,5645
NO2,2012,4,631,131,,9009,3733,3154,14907,5276
NO2,2012,5,324,78,,8082,3385,3105,15228,4697
NO2,2012,6,201,53,,7118,3077,3076,15423,4041
NO2,2012,7,812,122,,6876,2877,3123,16101,3999
NO2,2012,8,2594,500,,8565,3058,3225,18179,5507
NO2,2012,9,1199,588,,9098,3591,3456,18604,5507
NO2,2012,10,979,338,,9325,3763,3451,19271,5562
NO2,2012,11,482,770,,9096,4275,3865,18546,4821
NO2,2012,12,724,906,,9294,5036,4230,17974,4258
NO2,2012,13,278,1412,,8677,5867,4176,16814,2810
NO2,2012,14,185,439,,8312,5835,3744,16968,2477
NO2,2012,15,904,490,,8599,5570,3715,17409,3029
NO2,2012,16,305,291,,8181,4815,3593,17541,3366
NO2,2012,17,1100,704,,8701,4365,3983,17533,4336
NO2,2012,18,125,1253,,7913,3904,4289,16043,4009
NO2,2012,19,732,844,,7888,2918,4252,15932,4971
NO2,2012,20,1384,1316,,8144,1776,4475,15749,6369
NO2,2012,21,-279,2588,,6986,2112,5223,11970,4874
NO2,2012,22,-144,2217,,5776,1837,4142,10535,3939
NO2,2012,23,76,994,,5357,864,4310,9384,4494
NO2,2012,24,511,1912,,5291,880,4539,7644,4410
NO2,2012,25,648,1888,,5681,1390,4672,6170,4291
NO2,2012,26,405,2006,,5528,1977,4517,4607,3552
NO2,2012,27,624,1978,,5884,3006,4498,3168,2878
NO2,2012,28,1413,2429,,6292,3879,4497,2068,2413
NO2,2012,29,13,1322,,5533,4054,3620,1577,1479
NO2,2012,30,415,1265,,5545,4685,3332,971,860
NO2,2012,31,450,899,,5305,4723,3234,611,581
NO2,2012,32,345,831,,4733,4519,2996,366,214
NO2,2012,33,354,568,,4424,4322,3007,178,102
NO2,2012,34,153,591,,3888,4188,2667,108,-300
NO2,2012,35,1351,877,,4705,4504,3223,68,202
NO2,2012,36,457,681,,4681,4716,3027,55,-34
NO2,2012,37,1435,963,,5529,5151,3526,50,378
NO2,2012,38,922,985,,5365,5215,3346,159,150
NO2,2012,39,886,702,,4879,4736,3612,37,143
NO2,2012,40,2058,1617,,5599,5148,4033,37,451
NO2,2012,41,544,751,,4637,4598,3528,324,39
NO2,2012,42,1393,896,,4991,4675,4170,189,316
NO2,2012,43,295,684,,3527,3822,3628,321,-295
NO2,2012,44,1794,699,,3880,3287,3608,1462,593
NO2,2012,45,1407,635,,4293,3276,3724,2123,1017
NO2,2012,46,1447,1115,,4695,3700,3950,2223,995
NO2,2012,47,2337,1538,,5858,4494,4284,2674,1363
NO2,2012,48,121,596,,4537,4214,3682,2780,323
NO2,2012,49,282,272,,3327,3608,3416,3060,-281
NO2,2012,50,908,192,,2954,3182,3273,3948,-229
NO2,2012,51,524,194,,1981,2552,3191,4383,-571
NO2,2012,52,1763,214,,2532,2158,3268,5905,375
NO2,2013,1,2396,715,,3101,2453,3391,7525,648
NO2,2013,2,143,256,,2023,2220,3205,7605,-197
NO2,2013,3,30,103,,676,1811,3107,7634,-1135
NO2,2013,4,170,67,,-467,1463,3052,7803,-1930
NO2,2013,5,1862,255,,317,1420,3067,9466,-1103
NO2,2013,6,753,120,,62,1309,3020,10190,-1248
NO2,2013,7,143,47,,-785,1121,2989,10331,-1906
NO2,2013,8,148,44,,-1660,799,2975,10463,-2460
NO2,2013,9,181,40,,-2321,643,2981,10609,-2964
NO2,2013,10,61,50,,-3048,506,2970,10636,-3554
NO2,2013,11,348,44,,-3500,166,2950,10973,-3666
NO2,2013,12,90,29,,-4232,-279,2932,11061,-3953
NO2,2013,13,5,15,,-5000,-806,2920,11066,-4194
NO2,2013,14,37,15,,-5558,-1333,2917,11093,-4225
NO2,2013,15,110,22,,-5978,-1987,2915,11189,-3991
NO2,2013,16,2082,1106,,-4258,-1561,3637,11434,-2698
NO2,2013,17,1248,665,,-3355,-1842,3475,12192,-1513
NO2,2013,18,1486,482,,-2282,-2664,3410,13294,381
NO2,2013,19,791,1553,,-1642,-2307,4529,11349,665
NO2,2013,20,1776,2593,,165,-940,5459,9501,1105
NO2,2013,21,428,3536,,-406,270,5060,6582,-676
NO2,2013,22,735,3021,,-464,1082,5343,3849,-1547
NO2,2013,23,341,1976,,-1104,650,4390,3057,-1754
NO2,2013,24,387,1499,,-913,608,4308,1945,-1520
NO2,2013,25,824,1421,,-302,638,4545,1067,-940
NO2,2013,26,1096,1689,,499,1092,4362,617,-593
NO2,2013,27,123,1058,,143,910,3679,341,-767
NO2,2013,28,-404,657,,-689,500,2830,133,-1189
NO2,2013,29,13,482,,-936,257,2464,61,-1193
NO2,2013,30,-262,355,,-1712,-248,1958,20,-1465
NO2,2013,31,1000,420,,-1229,-603,2626,12,-625
NO2,2013,32,1672,1226,,-89,-81,3130,9,-8
NO2,2013,33,1428,813,,802,78,3797,9,724
NO2,2013,34,140,1024,,131,277,2920,9,-146
NO2,2013,35,-134,385,,-737,-88,2431,9,-649
NO2,2013,36,1176,632,,-443,-374,3039,8,-70
NO2,2013,37,322,610,,-1237,-838,2791,8,-399
NO2,2013,38,1460,988,,-634,-568,3281,8,-66
NO2,2013,39,-13,430,,-1771,-1112,2839,8,-659
NO2,2013,40,678,338,,-2250,-1836,3194,11,-414
NO2,2013,41,479,564,,-2716,-2049,3138,8,-667
NO2,2013,42,-27,281,,-3726,-2530,2829,18,-1196
NO2,2013,43,3045,1564,,-1603,-1686,4218,109,83
NO2,2013,44,1741,1422,,-1024,-1176,4037,593,153
NO2,2013,45,1659,925,,-555,-1100,3706,1670,546
NO2,2013,46,1120,661,,-195,-871,3858,1996,676
NO2,2013,47,495,599,,-855,-1005,3503,2241,150
NO2,2013,48,662,399,,-1266,-1147,3493,2526,-120
NO2,2013,49,2312,440,,24,-1192,3347,4626,1217
NO2,2013,50,1424,504,,562,-923,3590,5345,1485
NO2,2013,51,2603,730,,2254,-463,3581,7282,2717
NO2,2013,52,4130,1066,,5280,50,3589,10439,5230
NO2,2014,1,2866,1049,,6219,595,3541,12350,5624
NO2,2014,2,1807,826,,6854,944,3389,13528,5910
NO2,2014,3,949,261,,6444,659,3204,14457,5785
NO2,2014,4,304,122,,5494,410,3111,14759,5084
NO2,2014,5,679,96,,5050,201,3061,15424,4849
NO2,2014,6,1048,167,,5199,245,3087,16325,4954
NO2,2014,7,2209,422,,6463,434,3185,18069,6028
NO2,2014,8,1275,340,,6691,361,3102,19126,6330
NO2,2014,9,1498,554,,7276,631,3227,19971,6645
NO2,2014,10,1499,467,,7876,784,3375,20877,7092
NO2,2014,11,1081,510,,8300,1043,3373,21474,7257
NO2,2014,12,2554,912,,10124,1515,3524,23031,8610
NO2,2014,13,275,389,,9554,1284,3454,22996,8270
NO2,2014,14,72,336,,8907,968,3354,22820,7939
NO2,2014,15,1365,930,,9635,1132,3844,22754,8503
NO2,2014,16,643,656,,9617,818,3685,22882,8799
NO2,2014,17,-36,1275,,9042,1048,4370,20804,7994
NO2,2014,18,-30,1569,,8004,869,4142,19315,7135
NO2,2014,19,632,929,,7970,72,4335,18776,7898
NO2,2014,20,307,1747,,7445,-275,4951,16624,7720
NO2,2014,21,556,3504,,7333,1224,5723,12704,6108
NO2,2014,22,-252,3193,,6044,2016,5196,9571,4029
NO2,2014,23,124,2889,,5238,2622,5034,6783,2616
NO2,2014,24,-83,2399,,4788,3386,4414,4761,1402
NO2,2014,25,-223,1747,,4104,3567,3701,3388,537
NO2,2014,26,-48,1085,,3383,3061,3471,2423,321
NO2,2014,27,356,1149,,3216,2948,3514,1541,268
NO2,2014,28,452,1514,,3712,3917,3323,625,-204
NO2,2014,29,263,1016,,3382,3908,2914,277,-527
NO2,2014,30,-179,580,,2712,3671,2394,90,-959
NO2,2014,31,322,454,,2582,3436,2365,45,-854
NO2,2014,32,965,744,,2823,3289,2658,25,-465
NO2,2014,33,1383,1103,,3542,3656,2950,18,-114
NO2,2014,34,651,645,,3395,3474,2980,16,-79
NO2,2014,35,332,483,,3118,3331,2863,13,-213
NO2,2014,36,605,672,,2808,3090,2823,11,-283
NO2,2014,37,1010,1070,,2457,2850,2795,10,-393
NO2,2014,38,-73,326,,1004,1908,2441,9,-904
NO2,2014,39,965,453,,850,1355,2984,17,-505
NO2,2014,40,287,513,,-133,700,2778,8,-833
NO2,2014,41,2622,1464,,1489,1343,3937,23,146
NO2,2014,42,596,807,,1016,1326,3659,74,-310
NO2,2014,43,2456,1783,,2568,2399,4398,15,169
NO2,2014,44,2901,2543,,3944,3679,4716,27,265
NO2,2014,45,1385,1511,,3579,3820,4364,226,-241
NO2,2014,46,667,976,,2912,3831,4132,127,-919
NO2,2014,47,232,458,,1828,3393,3720,310,-1565
NO2,2014,48,1223,535,,1715,3100,3576,1179,-1385
NO2,2014,49,530,251,,961,2668,3456,1593,-1707
NO2,2014,50,2534,399,,2414,2594,3346,3923,-181
NO2,2014,51,2688,378,,3907,2372,3284,6397,1535
NO2,2014,52,1514,352,,3997,1894,3204,7697,2102
NO2,2026,18,74,1548,,,,4487,4210,-7625
NO3,1958,2,185,36,,,,1680,5746,615
NO3,1958,3,1060,76,,,,1678,6717,1140
NO3,1958,4,447,44,,,,1653,7150,1081
NO3,1958,5,293,92,,,,1698,7299,852
NO3,1958,6,1008,102,,,,1655,8240,1320
NO3,1958,7,206,28,,,,1644,8426,1088
NO3,1958,8,802,36,,,,1628,9202,1464
NO3,1958,9,538,19,,,,1619,9723,1613
NO3,1958,10,656,46,,,,1621,10323,1824
NO3,1958,11,1,14,,,,1611,10324,1498
NO3,1958,12,102,11,,,,1604,10423,1286
NO3,1958,13,31,8,,,,1599,10453,1071
NO3,1958,14,14,9,,,,1600,10461,911
NO3,1958,15,364,16,,,,1604,10800,1223
NO3,1958,16,596,198,,,,1669,11111,1669
NO3,1958,17,271,186,,,,1756,11096,1990
NO3,1958,18,670,448,,,,1923,11116,2571
NO3,1958,19,319,340,,,,1994,11005,3090
NO3,1958,20,153,343,,,,2036,10757,3587
NO3,1958,21,345,542,,,,2210,10359,4203
NO3,1958,22,433,1103,,,,2508,9348,4373
NO3,1958,23,-48,1486,,,,2767,7504,3683
NO3,1958,24,33,810,,,,2598,6866,3739
NO3,1958,25,439,1479,,,,2842,5523,3420
NO3,1958,26,160,1582,,,,2974,3915,2593
NO3,1958,27,-198,1931,,,,2680,2037,962
NO3,1958,28,486,1055,,,,2571,1547,807
NO3,1958,29,149,661,,,,2397,1207,617
NO3,1958,30,502,673,,,,2462,971,669
NO3,1958,31,131,509,,,,2303,765,474
NO3,1958,32,553,572,,,,2361,685,580
NO3,1958,33,295,523,,,,2368,492,494
NO3,1958,34,-11,505,,,,2034,364,100
NO3,1958,35,92,390,,,,1910,263,-74
NO3,1958,36,-126,342,,,,1663,168,-401
NO3,1958,37,263,313,,,,1732,128,-360
NO3,1958,38,103,241,,,,1677,115,-460
NO3,1958,39,423,262,,,,1839,43,-432
NO3,1958,40,225,253,,,,1883,12,-485
NO3,1958,41,552,358,,,,2025,69,-388
NO3,1958,42,659,385,,,,2013,338,-287
NO3,1958,43,1453,762,,,,2406,587,208
NO3,1958,44,714,798,,,,2310,563,-74
NO3,1958,45,272,314,,,,2190,627,-359
NO3,1958,46,325,207,,,,2066,858,-514
NO3,1958,47,300,203,,,,2092,916,-728
NO3,1958,48,827,397,,,,2117,1291,-681
NO3,1958,49,1790,257,,,,2020,2893,450
NO3,1958,50,339,103,,,,1928,3223,289
NO3,1958,51,121,56,,,,1875,3338,-26
NO3,1958,52,35,53,,,,1846,3348,-404
NO3,1959,1,527,45,,,,1817,3849,-742
NO3,1959,2,502,36,,,,1793,4336,-684
NO3,1959,3,373,25,,,,1774,4697,-784
NO3,1959,4,492,24,,,,1758,5174,-790
NO3,1959,5,540,49,,,,1770,5645,-730
NO3,1959,6,254,125,,,,1785,5747,-1043
NO3,1959,7,61,30,,,,1756,5806,-1420
NO3,1959,8,1707,244,,,,1836,7156,-375
NO3,1959,9,1424,372,,,,1962,8050,282
NO3,1959,10,261,341,,,,2005,7904,-210
NO3,1959,11,227,109,,,,1910,8112,-415
NO3,1959,12,133,96,,,,1889,8162,-690
NO3,1959,13,274,128,,,,1936,8247,-798
NO3,1959,14,419,169,,,,1972,8445,-732
NO3,1959,15,56,109,,,,1908,8451,-822
NO3,1959,16,207,357,,,,2089,8101,-921
NO3,1959,17,183,208,,,,2117,8036,-709
NO3,1959,18,188,587,,,,2357,7376,-735
NO3,1959,19,189,411,,,,2309,7185,-415
NO3,1959,20,-87,1584,,,,2817,4955,-1433
NO3,1959,21,67,821,,,,2699,4288,-1379
NO3,1959,22,340,895,,,,2766,3625,-1092
NO3,1959,23,270,1033,,,,2896,2694,-999
NO3,1959,24,47,968,,,,2692,1950,-1084
NO3,1959,25,1008,996,,,,2682,1919,-345
NO3,1959,26,-256,862,,,,2504,994,-798
NO3,1959,27,105,725,,,,2296,606,-853
NO3,1959,28,295,625,,,,2251,366,-694
NO3,1959,29,208,529,,,,2104,241,-642
NO3,1959,30,50,439,,,,1956,120,-688
NO3,1959,31,-113,385,,,,1688,57,-849
NO3,1959,32,261,313,,,,1749,41,-676
NO3,1959,33,32,325,,,,1617,25,-724
NO3,1959,34,150,373,,,,1565,14,-718
NO3,1959,35,1061,621,,,,2001,59,-186
NO3,1959,36,-28,330,,,,1798,9,-425
NO3,1959,37,323,339,,,,1859,6,-355
NO3,1959,38,948,678,,,,2115,11,-127
NO3,1959,39,560,515,,,,2069,74,-171
NO3,1959,40,372,390,,,,2114,7,-260
NO3,1959,41,-13,214,,,,1925,1,-557
NO3,1959,42,-1,125,,,,1811,0,-827
NO3,1959,43,683,201,,,,1919,357,-510
NO3,1959,44,527,262,,,,1911,611,-424
NO3,1959,45,300,219,,,,1903,688,-585
NO3,1959,46,268,152,,,,1843,855,-741
NO3,1959,47,204,96,,,,1838,960,-938
NO3,1959,48,457,297,,,,1891,1046,-1152
NO3,1959,49,86,90,,,,1807,1123,-1535
NO3,1959,50,22,52,,,,1754,1144,-1964
NO3,1959,51,150,45,,,,1734,1263,-2243
NO3,1959,52,187,52,,,,1714,1413,-2472
NO3,1959,53,360,63,,,,1711,1702,-2577
NO3,1960,1,417,91,,,,1708,2022,-2678
NO3,1960,2,291,36,,,,1676,2304,-2832
NO3,1960,3,344,28,,,,1667,2624,-2963
NO3,1960,4,209,70,,,,1684,2739,-3300
NO3,1960,5,99,26,,,,1665,2828,-3653
NO3,1960,6,726,184,,,,1695,3317,-3563
NO3,1960,7,33,28,,,,1667,3350,-3965
NO3,1960,8,169,17,,,,1651,3513,-4202
NO3,1960,9,445,28,,,,1656,3915,-4159
NO3,1960,10,15,18,,,,1643,3924,-4553
NO3,1960,11,77,16,,,,1637,3989,-4810
NO3,1960,12,70,34,,,,1647,4011,-5083
NO3,1960,13,76,21,,,,1635,4075,-5272
NO3,1960,14,126,103,,,,1696,4029,-5423
NO3,1960,15,427,228,,,,1795,4106,-5280
NO3,1960,16,746,253,,,,1844,4526,-4740
NO3,1960,17,597,175,,,,1826,4954,-4082
NO3,1960,18,153,191,,,,1940,4797,-3731
NO3,1960,19,-47,916,,,,2484,3259,-4166
NO3,1960,20,-4,1192,,,,2474,2037,-4694
NO3,1960,21,418,788,,,,2665,1452,-4249
NO3,1960,22,77,917,,,,2513,758,-4212
NO3,1960,23,497,913,,,,2536,347,-3706
NO3,1960,24,493,648,,,,2484,256,-2986
NO3,1960,25,80,613,,,,2182,117,-2647
NO3,1960,26,1039,843,,,,2400,123,-1773
NO3,1960,27,-35,391,,,,2108,65,-1583
NO3,1960,28,297,396,,,,2109,44,-1158
NO3,1960,29,371,477,,,,2091,32,-863
NO3,1960,30,164,399,,,,1986,18,-760
NO3,1960,31,-123,371,,,,1691,6,-897
NO3,1960,32,283,348,,,,1749,4,-713
NO3,1960,33,799,531,,,,2064,5,-297
NO3,1960,34,392,533,,,,2020,1,-277
NO3,1960,35,696,510,,,,2168,81,2
NO3,1960,36,205,338,,,,2093,36,-102
NO3,1960,37,9,343,,,,1886,1,-333
NO3,1960,38,380,316,,,,2025,12,-216
NO3,1960,39,710,613,,,,2000,94,-220
NO3,1960,40,291,230,,,,2020,132,-228
NO3,1960,41,410,259,,,,1964,333,-185
NO3,1960,42,-2,123,,,,1840,331,-467
NO3,1960,43,20,81,,,,1758,350,-677
NO3,1960,44,236,73,,,,1756,509,-682
NO3,1960,45,282,85,,,,1710,744,-722
NO3,1960,46,38,48,,,,1670,772,-996
NO3,1960,47,107,37,,,,1659,851,-1227
NO3,1960,48,619,151,,,,1717,1241,-1131
NO3,1960,49,88,60,,,,1660,1324,-1480
NO3,1960,50,234,53,,,,1685,1473,-1704
NO3,1960,51,232,71,,,,1646,1666,-1928
NO3,1960,52,101,37,,,,1634,1738,-2226
NO3,1961,1,62,20,,,,1615,1798,-2995
NO3,1961,2,614,53,,,,1671,2289,-2852
NO3,1961,3,267,181,,,,1645,2388,-3221
NO3,1961,4,159,23,,,,1625,2540,-3557
NO3,1961,5,230,23,,,,1614,2753,-3778
NO3,1961,6,717,31,,,,1623,3415,-3537
NO3,1961,7,646,296,,,,1827,3532,-3622
NO3,1961,8,275,385,,,,1831,3394,-4140
NO3,1961,9,658,251,,,,1895,3713,-4122
NO3,1961,10,1186,888,,,,2272,3577,-4271
NO3,1961,11,1402,421,,,,2125,4672,-3640
NO3,1961,12,1760,263,,,,2057,6208,-2477
NO3,1961,13,1280,227,,,,1939,7359,-1684
NO3,1961,14,187,63,,,,1879,7539,-1730
NO3,1961,15,421,120,,,,1944,7764,-1474
NO3,1961,16,114,229,,,,1998,7580,-1533
NO3,1961,17,-4,678,,,,2248,6618,-1996
NO3,1961,18,151,576,,,,2392,6027,-2050
NO3,1961,19,367,610,,,,2446,5698,-1765
NO3,1961,20,79,576,,,,2472,5154,-1579
NO3,1961,21,406,696,,,,2494,4805,-1068
NO3,1961,22,13,1001,,,,2764,3514,-1205
NO3,1961,23,157,1684,,,,2683,2013,-1892
NO3,1961,24,104,870,,,,2543,1368,-1814
NO3,1961,25,669,855,,,,2503,1179,-1263
NO3,1961,26,259,616,,,,2402,912,-981
NO3,1961,27,470,627,,,,2399,751,-605
NO3,1961,28,376,712,,,,2323,509,-479
NO3,1961,29,195,578,,,,2228,283,-475
NO3,1961,30,527,533,,,,2307,223,-234
NO3,1961,31,979,770,,,,2516,252,174
NO3,1961,32,408,568,,,,2483,150,168
NO3,1961,33,60,434,,,,2190,117,-58
NO3,1961,34,200,318,,,,2121,109,-68
NO3,1961,35,161,393,,,,2013,67,-166
NO3,1961,36,26,262,,,,1842,56,-333
NO3,1961,37,612,361,,,,2122,61,-37
NO3,1961,38,373,487,,,,2091,43,-119
NO3,1961,39,674,427,,,,2323,56,65
NO3,1961,40,-9,334,,,,2070,19,-292
NO3,1961,41,880,525,,,,2364,73,-45
NO3,1961,42,272,365,,,,2252,93,-293
NO3,1961,43,311,282,,,,2229,142,-414
NO3,1961,44,770,338,,,,2160,618,-169
NO3,1961,45,234,226,,,,2092,685,-399
NO3,1961,46,792,244,,,,2049,1253,-136
NO3,1961,47,532,379,,,,2058,1370,-309
NO3,1961,48,231,116,,,,1945,1591,-553
NO3,1961,49,1028,83,,,,1880,2588,3
NO3,1961,50,41,49,,,,1842,2618,-402
NO3,1961,51,424,186,,,,1892,2788,-560
NO3,1961,52,711,66,,,,1838,3478,-282
NO3,1962,1,820,145,,,,1882,4089,-437
NO3,1962,2,528,130,,,,1843,4513,-456
NO3,1962,3,463,52,,,,1809,4948,-498
NO3,1962,4,649,48,,,,1787,5560,-375
NO3,1962,5,603,50,,,,1776,6117,-253
NO3,1962,6,907,73,,,,1801,6905,131
NO3,1962,7,1421,79,,,,1760,8269,1047
NO3,1962,8,944,86,,,,1758,9119,1510
NO3,1962,9,52,21,,,,1738,9169,1177
NO3,1962,10,143,14,,,,1726,9308,913
NO3,1962,11,273,13,,,,1717,9573,853
NO3,1962,12,344,13,,,,1709,9906,874
NO3,1962,13,200,10,,,,1706,10096,820
NO3,1962,14,266,14,,,,1700,10349,901
NO3,1962,15,562,29,,,,1705,10869,1393
NO3,1962,16,19,113,,,,1808,10667,1364
NO3,1962,17,364,437,,,,2031,10337,1506
NO3,1962,18,107,187,,,,1943,10334,1809
NO3,1962,19,26,435,,,,2199,9651,1940
NO3,1962,20,117,605,,,,2343,8986,2124
NO3,1962,21,288,857,,,,2451,8268,2352
NO3,1962,22,338,639,,,,2416,7968,2901
NO3,1962,23,224,1076,,,,2777,6711,2899
NO3,1962,24,170,993,,,,2849,5775,2898
NO3,1962,25,451,1597,,,,3008,4402,2464
NO3,1962,26,342,1062,,,,2810,3839,2352
NO3,1962,27,396,1152,,,,2930,2917,2092
NO3,1962,28,-121,1177,,,,2692,1832,1213
NO3,1962,29,50,769,,,,2544,1253,811
NO3,1962,30,171,615,,,,2372,980,588
NO3,1962,31,187,531,,,,2332,695,433
NO3,1962,32,622,627,,,,2401,621,556
NO3,1962,33,450,570,,,,2308,584,527
NO3,1962,34,168,409,,,,2228,455,385
NO3,1962,35,660,497,,,,2375,465,594
NO3,1962,36,687,602,,,,2498,428,695
NO3,1962,37,671,576,,,,2461,532,773
NO3,1962,38,525,401,,,,2432,673,852
NO3,1962,39,15,293,,,,2262,80,28
NO3,1962,40,281,319,,,,2296,23,-62
NO3,1962,41,266,287,,,,2250,58,-175
NO3,1962,42,1351,771,,,,2509,327,198
NO3,1962,43,668,655,,,,2515,301,31
NO3,1962,44,290,292,,,,2320,480,-147
NO3,1962,45,61,200,,,,2218,436,-522
NO3,1962,46,410,127,,,,2105,822,-511
NO3,1962,47,71,83,,,,2021,891,-824
NO3,1962,48,686,159,,,,2009,1415,-665
NO3,1962,49,709,598,,,,2181,1306,-977
NO3,1962,50,578,188,,,,2056,1806,-1001
NO3,1962,51,115,70,,,,1987,1915,-1338
NO3,1962,52,261,73,,,,1951,2131,-1516
NO3,1963,1,157,38,,,,1914,2284,-2210
NO3,1963,2,805,38,,,,1888,3065,-1859
NO3,1963,3,493,29,,,,1872,3538,-1845
NO3,1963,4,706,44,,,,1864,4193,-1666
NO3,1963,5,177,41,,,,1850,4339,-1956
NO3,1963,6,84,19,,,,1832,4421,-2323
NO3,1963,7,106,13,,,,1820,4524,-2639
NO3,1963,8,303,13,,,,1810,4817,-2739
NO3,1963,9,377,20,,,,1803,5178,-2748
NO3,1963,10,272,45,,,,1819,5380,-2921
NO3,1963,11,18,21,,,,1803,5393,-3241
NO3,1963,12,315,22,,,,1796,5685,-3260
NO3,1963,13,527,69,,,,1810,6117,-3055
NO3,1963,14,153,56,,,,1813,6204,-3132
NO3,1963,15,101,68,,,,1848,6196,-3137
NO3,1963,16,158,144,,,,1936,6109,-3065
NO3,1963,17,14,372,,,,2135,5532,-3195
NO3,1963,18,244,666,,,,2291,4919,-3258
NO3,1963,19,339,912,,,,2635,3963,-3311
NO3,1963,20,188,1034,,,,2639,3070,-3496
NO3,1963,21,254,784,,,,2740,2407,-3219
NO3,1963,22,14,1447,,,,2696,979,-3808
NO3,1963,23,-240,847,,,,2290,328,-3971
NO3,1963,24,-2,498,,,,2028,149,-3549
NO3,1963,25,304,372,,,,2090,78,-2778
NO3,1963,26,729,677,,,,2234,42,-2019
NO3,1963,27,-220,422,,,,1837,9,-1909
NO3,1963,28,517,379,,,,2015,19,-1277
NO3,1963,29,623,449,,,,2240,12,-734
NO3,1963,30,314,506,,,,2122,5,-637
NO3,1963,31,-40,363,,,,1892,1,-702
NO3,1963,32,115,368,,,,1799,0,-666
NO3,1963,33,345,382,,,,1866,0,-499
NO3,1963,34,121,314,,,,1768,0,-529
NO3,1963,35,262,293,,,,1792,2,-453
NO3,1963,36,138,257,,,,1752,0,-479
NO3,1963,37,507,323,,,,1909,38,-273
NO3,1963,38,523,548,,,,1911,15,-326
NO3,1963,39,1060,485,,,,2196,290,171
NO3,1963,40,731,669,,,,2089,422,130
NO3,1963,41,1130,545,,,,2287,769,574
NO3,1963,42,345,352,,,,2143,891,397
NO3,1963,43,501,508,,,,2326,678,218
NO3,1963,44,135,326,,,,2179,621,-146
NO3,1963,45,354,173,,,,2115,855,-206
NO3,1963,46,227,135,,,,1997,1059,-382
NO3,1963,47,729,95,,,,1918,1762,-57
NO3,1963,48,31,69,,,,1878,1761,-449
NO3,1963,49,406,104,,,,1872,2057,-535
NO3,1963,50,345,97,,,,1835,2329,-698
NO3,1963,51,658,67,,,,1789,2958,-492
NO3,1963,52,722,86,,,,1819,3551,-229
NO3,1964,1,569,240,,,,1894,3782,-731
NO3,1964,2,209,157,,,,1871,3845,-1096
NO3,1964,3,309,96,,,,1817,4098,-1339
NO3,1964,4,1617,213,,,,1836,5451,-436
NO3,1964,5,704,120,,,,1814,6043,-288
NO3,1964,6,1368,128,,,,1859,7213,496
NO3,1964,7,736,152,,,,1798,7840,656
NO3,1964,8,207,34,,,,1770,8038,441
NO3,1964,9,189,34,,,,1764,8193,227
NO3,1964,10,139,45,,,,1786,8259,-75
NO3,1964,11,379,228,,,,1793,8381,-263
NO3,1964,12,0,32,,,,1759,8380,-602
NO3,1964,13,0,18,,,,1741,8380,-861
NO3,1964,14,43,15,,,,1734,8413,-1002
NO3,1964,15,272,62,,,,1779,8568,-834
NO3,1964,16,253,263,,,,1960,8358,-793
NO3,1964,17,34,546,,,,2098,7682,-1082
NO3,1964,18,486,779,,,,2382,7069,-1017
NO3,1964,19,386,796,,,,2584,6412,-913
NO3,1964,20,316,966,,,,2557,5742,-906
NO3,1964,21,-46,916,,,,2900,4411,-1056
NO3,1964,22,-17,1490,,,,2742,3008,-1732
NO3,1964,23,457,590,,,,2828,2762,-999
NO3,1964,24,540,1106,,,,2917,2064,-744
NO3,1964,25,1009,1336,,,,2983,1615,-347
NO3,1964,26,487,1035,,,,2854,1168,-274
NO3,1964,27,883,925,,,,2825,1113,182
NO3,1964,28,476,592,,,,2769,1037,496
NO3,1964,29,-51,598,,,,2454,721,188
NO3,1964,30,304,709,,,,2369,442,47
NO3,1964,31,701,649,,,,2441,411,258
NO3,1964,32,54,431,,,,2194,323,51
NO3,1964,33,-147,420,,,,1885,175,-306
NO3,1964,34,698,434,,,,2157,174,34
NO3,1964,35,852,608,,,,2434,171,358
NO3,1964,36,1135,1014,,,,2521,194,484
NO3,1964,37,441,521,,,,2436,196,413
NO3,1964,38,616,580,,,,2489,167,403
NO3,1964,39,571,551,,,,2540,28,254
NO3,1964,40,802,697,,,,2529,113,261
NO3,1964,41,356,344,,,,2485,160,163
NO3,1964,42,324,286,,,,2349,324,35
NO3,1964,43,605,351,,,,2369,537,121
NO3,1964,44,130,230,,,,2239,559,-148
NO3,1964,45,1062,219,,,,2177,1440,440
NO3,1964,46,591,242,,,,2148,1803,513
NO3,1964,47,1025,209,,,,2089,2650,1002
NO3,1964,48,1100,298,,,,2042,3472,1426
NO3,1964,49,404,78,,,,1970,3862,1367
NO3,1964,50,585,155,,,,1986,4256,1380
NO3,1964,51,543,88,,,,1929,4756,1445
NO3,1964,52,784,100,,,,1910,5442,1754
NO3,1964,53,789,58,,,,1886,6182,2077
NO3,1965,1,911,52,,,,1859,7058,2509
NO3,1965,2,616,53,,,,1855,7610,2653
NO3,1965,3,205,28,,,,1831,7807,2384
NO3,1965,4,118,17,,,,1816,7922,2015
NO3,1965,5,1199,146,,,,1906,8856,2616
NO3,1965,6,967,146,,,,1864,9696,2984
NO3,1965,7,566,71,,,,1841,10203,3063
NO3,1965,8,783,44,,,,1813,10957,3404
NO3,1965,9,252,21,,,,1797,11202,3269
NO3,1965,10,359,18,,,,1789,11546,3216
NO3,1965,11,666,75,,,,1812,12099,3475
NO3,1965,12,467,31,,,,1789,12552,3600
NO3,1965,13,1076,235,,,,1893,13256,4167
NO3,1965,14,164,188,,,,1854,13257,3962
NO3,1965,15,228,167,,,,1921,13235,3975
NO3,1965,16,59,261,,,,2043,12895,3827
NO3,1965,17,21,402,,,,2120,12415,3673
NO3,1965,18,-11,525,,,,2270,11706,3508
NO3,1965,19,82,499,,,,2271,11263,3625
NO3,1965,20,596,322,,,,2213,11570,4578
NO3,1965,21,36,698,,,,2413,10684,4731
NO3,1965,22,88,938,,,,2741,9473,4731
NO3,1965,23,55,2025,,,,2955,7221,3587
NO3,1965,24,156,1821,,,,3031,5415,2721
NO3,1965,25,315,1509,,,,3047,4151,2251
NO3,1965,26,847,1407,,,,2922,3648,2275
NO3,1965,27,111,749,,,,2818,3092,2155
NO3,1965,28,-20,783,,,,2794,2306,1789
NO3,1965,29,-216,1134,,,,2549,1224,786
NO3,1965,30,633,813,,,,2575,1014,826
NO3,1965,31,322,580,,,,2557,791,753
NO3,1965,32,-45,426,,,,2294,618,446
NO3,1965,33,2,489,,,,2115,384,133
NO3,1965,34,404,452,,,,2171,322,195
NO3,1965,35,128,340,,,,2063,258,74
NO3,1965,36,373,389,,,,2127,218,114
NO3,1965,37,1006,583,,,,2481,261,522
NO3,1965,38,592,693,,,,2419,223,390
NO3,1965,39,-87,311,,,,2133,2,-179
NO3,1965,40,309,294,,,,2155,11,-215
NO3,1965,41,668,441,,,,2324,55,-103
NO3,1965,42,692,643,,,,2281,114,-243
NO3,1965,43,829,518,,,,2366,306,-114
NO3,1965,44,545,355,,,,2280,561,-105
NO3,1965,45,84,199,,,,2107,613,-455
NO3,1965,46,330,122,,,,2009,908,-521
NO3,1965,47,174,71,,,,1938,1077,-722
NO3,1965,48,40,49,,,,1889,1115,-1084
NO3,1965,49,201,39,,,,1852,1310,-1302
NO3,1965,50,329,31,,,,1824,1628,-1410
NO3,1965,51,574,50,,,,1806,2162,-1272
NO3,1965,52,366,28,,,,1784,2517,-1297
NO3,1966,1,199,21,,,,1771,2705,-1932
NO3,1966,2,2,16,,,,1755,2706,-2350
NO3,1966,3,319,18,,,,1743,3016,-2496
NO3,1966,4,232,13,,,,1732,3241,-2749
NO3,1966,5,589,25,,,,1726,3800,-2620
NO3,1966,6,396,15,,,,1717,4184,-2675
NO3,1966,7,112,10,,,,1708,4292,-2981
NO3,1966,8,253,15,,,,1707,4528,-3131
NO3,1966,9,221,28,,,,1715,4707,-3308
NO3,1966,10,462,181,,,,1754,4930,-3436
NO3,1966,11,1020,147,,,,1794,5738,-2904
NO3,1966,12,883,146,,,,1763,6492,-2486
NO3,1966,13,208,31,,,,1735,6693,-2554
NO3,1966,14,139,19,,,,1721,6824,-2604
NO3,1966,15,0,12,,,,1709,6823,-2648
NO3,1966,16,45,11,,,,1706,6860,-2545
NO3,1966,17,252,373,,,,2106,6315,-2441
NO3,1966,18,421,785,,,,2164,5844,-2460
NO3,1966,19,107,600,,,,2445,5044,-2420
NO3,1966,20,549,1373,,,,2719,3881,-2605
NO3,1966,21,231,708,,,,2517,3579,-2271
NO3,1966,22,455,735,,,,2678,3097,-1708
NO3,1966,23,-25,1139,,,,2787,1787,-2015
NO3,1966,24,-278,1275,,,,2389,626,-2711
NO3,1966,25,178,717,,,,2216,301,-2428
NO3,1966,26,62,435,,,,2017,182,-2098
NO3,1966,27,453,421,,,,2140,130,-1485
NO3,1966,28,563,561,,,,2220,95,-996
NO3,1966,29,-163,394,,,,1882,38,-1066
NO3,1966,30,535,507,,,,1994,24,-745
NO3,1966,31,391,401,,,,2070,17,-507
NO3,1966,32,486,493,,,,2156,10,-300
NO3,1966,33,334,406,,,,2135,8,-223
NO3,1966,34,-37,307,,,,1875,5,-418
NO3,1966,35,82,287,,,,1797,3,-447
NO3,1966,36,978,655,,,,2109,27,-96
NO3,1966,37,1014,573,,,,2420,144,344
NO3,1966,38,1130,926,,,,2608,121,476
NO3,1966,39,743,572,,,,2570,240,495
NO3,1966,40,306,540,,,,2467,93,179
NO3,1966,41,124,272,,,,2296,106,-80
NO3,1966,42,181,248,,,,2243,92,-303
NO3,1966,43,389,190,,,,2143,380,-263
NO3,1966,44,213,168,,,,2056,501,-389
NO3,1966,45,417,238,,,,2094,622,-460
NO3,1966,46,142,154,,,,2015,680,-743
NO3,1966,47,134,75,,,,1942,806,-988
NO3,1966,48,247,66,,,,1902,1020,-1167
NO3,1966,49,262,62,,,,1871,1245,-1348
NO3,1966,50,352,43,,,,1852,1566,-1445
NO3,1966,51,1111,110,,,,1826,2581,-833
NO3,1966,52,355,32,,,,1802,2924,-873
NO3,1967,1,428,28,,,,1784,3338,-1286
NO3,1967,2,1255,40,,,,1777,4543,-492
NO3,1967,3,337,74,,,,1780,4796,-679
NO3,1967,4,170,22,,,,1759,4960,-1003
NO3,1967,5,348,19,,,,1753,5287,-1106
NO3,1967,6,1877,191,,,,1786,6913,124
NO3,1967,7,11,31,,,,1763,6915,-303
NO3,1967,8,183,34,,,,1758,7065,-543
NO3,1967,9,656,65,,,,1775,7623,-332
NO3,1967,10,528,306,,,,1868,7727,-526
NO3,1967,11,1457,149,,,,1822,9052,437
NO3,1967,12,1222,127,,,,1810,10140,1209
NO3,1967,13,389,82,,,,1803,10443,1264
NO3,1967,14,197,70,,,,1804,10564,1219
NO3,1967,15,149,151,,,,1917,10436,1172
NO3,1967,16,989,302,,,,1865,11147,1902
NO3,1967,17,455,232,,,,2017,11199,2354
NO3,1967,18,90,152,,,,1949,11200,2681
NO3,1967,19,264,488,,,,2266,10633,2990
NO3,1967,20,780,720,,,,2300,10614,3709
NO3,1967,21,193,876,,,,2557,9642,3832
NO3,1967,22,53,1680,,,,2925,7584,3027
NO3,1967,23,535,1299,,,,2735,6951,3098
NO3,1967,24,-111,1417,,,,2964,5148,2386
NO3,1967,25,203,1380,,,,2775,4105,1934
NO3,1967,26,455,940,,,,2854,3497,2055
NO3,1967,27,412,1129,,,,2883,2706,1834
NO3,1967,28,355,1090,,,,2730,2091,1510
NO3,1967,29,300,1062,,,,2630,1417,1061
NO3,1967,30,166,698,,,,2430,1087,754
NO3,1967,31,544,835,,,,2498,749,652
NO3,1967,32,165,531,,,,2368,552,455
NO3,1967,33,523,655,,,,2369,442,445
NO3,1967,34,-54,421,,,,2102,309,113
NO3,1967,35,302,423,,,,2117,233,104
NO3,1967,36,292,419,,,,2044,205,18
NO3,1967,37,-94,257,,,,1816,159,-246
NO3,1967,38,-36,205,,,,1653,134,-465
NO3,1967,39,76,177,,,,1618,21,-676
NO3,1967,40,1009,453,,,,1964,215,-202
NO3,1967,41,525,331,,,,2038,321,-123
NO3,1967,42,925,391,,,,1999,866,227
NO3,1967,43,558,409,,,,2068,917,200
NO3,1967,44,237,216,,,,1976,1021,50
NO3,1967,45,276,161,,,,1926,1175,-74
NO3,1967,46,1396,230,,,,1925,2313,800
NO3,1967,47,527,415,,,,1992,2337,593
NO3,1967,48,649,261,,,,2107,2587,605
NO3,1967,49,1379,371,,,,1951,3725,1212
NO3,1967,50,1624,309,,,,1969,4981,2088
NO3,1967,51,1131,118,,,,1877,6075,2712
NO3,1967,52,560,54,,,,1831,6617,2850
NO3,1968,1,128,33,,,,1799,6741,2133
NO3,1968,2,805,41,,,,1776,7522,2486
NO3,1968,3,337,28,,,,1769,7831,2346
NO3,1968,4,1219,194,,,,1790,8809,2876
NO3,1968,5,973,90,,,,1771,9696,3321
NO3,1968,6,69,29,,,,1746,9759,2930
NO3,1968,7,1121,38,,,,1730,10845,3594
NO3,1968,8,531,26,,,,1718,11360,3712
NO3,1968,9,193,28,,,,1717,11521,3509
NO3,1968,10,1266,70,,,,1723,12688,4291
NO3,1968,11,1065,46,,,,1705,13713,4981
NO3,1968,12,441,17,,,,1693,14138,5090
NO3,1968,13,766,209,,,,1796,14570,5383
NO3,1968,14,520,86,,,,1733,15057,5641
NO3,1968,15,318,43,,,,1745,15316,5880
NO3,1968,16,32,151,,,,1880,15054,5823
NO3,1968,17,374,720,,,,2200,14341,5680
NO3,1968,18,236,848,,,,2275,13613,5420
NO3,1968,19,213,356,,,,2258,13466,5816
NO3,1968,20,366,510,,,,2287,13267,6349
NO3,1968,21,18,369,,,,2325,12861,6820
NO3,1968,22,-33,1088,,,,2806,11219,6542
NO3,1968,23,320,2344,,,,2997,8917,5325
NO3,1968,24,-54,1760,,,,3183,6855,4313
NO3,1968,25,62,2247,,,,3019,4753,2826
NO3,1968,26,527,1382,,,,2919,3943,2566
NO3,1968,27,-82,1330,,,,2745,2671,1661
NO3,1968,28,31,678,,,,2461,2295,1445
NO3,1968,29,163,638,,,,2476,1803,1292
NO3,1968,30,-131,644,,,,2223,1305,764
NO3,1968,31,-85,592,,,,2036,870,312
NO3,1968,32,-145,501,,,,1801,554,-111
NO3,1968,33,184,324,,,,1777,475,-114
NO3,1968,34,-76,274,,,,1619,361,-317
NO3,1968,35,-120,331,,,,1440,234,-573
NO3,1968,36,336,383,,,,1571,166,-493
NO3,1968,37,-64,267,,,,1386,127,-707
NO3,1968,38,231,178,,,,1453,124,-675
NO3,1968,39,154,146,,,,1444,68,-802
NO3,1968,40,569,239,,,,1663,172,-546
NO3,1968,41,495,190,,,,1655,472,-355
NO3,1968,42,266,235,,,,1654,493,-492
NO3,1968,43,1390,701,,,,1979,795,-12
NO3,1968,44,634,269,,,,1828,1295,176
NO3,1968,45,145,96,,,,1732,1436,-8
NO3,1968,46,1,58,,,,1672,1437,-328
NO3,1968,47,197,59,,,,1676,1565,-496
NO3,1968,48,330,150,,,,1689,1717,-683
NO3,1968,49,122,86,,,,1702,1734,-1028
NO3,1968,50,67,62,,,,1652,1785,-1426
NO3,1968,51,168,33,,,,1623,1943,-1674
NO3,1968,52,228,32,,,,1604,2152,-1841
NO3,1969,1,1040,45,,,,1605,3132,-1671
NO3,1969,2,84,33,,,,1584,3202,-2025
NO3,1969,3,129,18,,,,1578,3316,-2360
NO3,1969,4,120,15,,,,1567,3428,-2728
NO3,1969,5,494,41,,,,1574,3862,-2709
NO3,1969,6,392,38,,,,1569,4215,-2792
NO3,1969,7,181,17,,,,1554,4390,-3038
NO3,1969,8,31,10,,,,1545,4420,-3401
NO3,1969,9,2,7,,,,1538,4422,-3770
NO3,1969,10,818,24,,,,1539,5204,-3377
NO3,1969,11,193,10,,,,1533,5391,-3513
NO3,1969,12,0,6,,,,1527,5391,-3823
NO3,1969,13,151,6,,,,1524,5536,-3923
NO3,1969,14,859,116,,,,1620,6162,-3367
NO3,1969,15,321,408,,,,1815,5851,-3515
NO3,1969,16,303,104,,,,1726,6130,-3254
NO3,1969,17,65,203,,,,1867,5839,-3156
NO3,1969,18,167,347,,,,1896,5608,-2965
NO3,1969,19,179,591,,,,2275,4792,-2842
NO3,1969,20,357,787,,,,2393,4206,-2607
NO3,1969,21,-23,516,,,,2528,3514,-2324
NO3,1969,22,118,1399,,,,2741,1971,-2771
NO3,1969,23,82,657,,,,2493,1623,-2473
NO3,1969,24,-152,750,,,,2334,875,-2517
NO3,1969,25,-270,654,,,,1947,388,-2611
NO3,1969,26,-47,497,,,,1722,173,-2401
NO3,1969,27,622,480,,,,1939,135,-1682
NO3,1969,28,357,418,,,,1947,107,-1257
NO3,1969,29,497,478,,,,2069,74,-843
NO3,1969,30,82,449,,,,1857,41,-865
NO3,1969,31,65,459,,,,1682,15,-897
NO3,1969,32,-202,349,,,,1378,7,-1081
NO3,1969,33,-142,298,,,,1170,4,-1191
NO3,1969,34,658,329,,,,1643,3,-652
NO3,1969,35,174,352,,,,1572,2,-672
NO3,1969,36,501,351,,,,1768,2,-461
NO3,1969,37,977,627,,,,2182,2,-36
NO3,1969,38,5,348,,,,1890,7,-355
NO3,1969,39,992,556,,,,2126,159,-30
NO3,1969,40,1089,461,,,,2100,782,501
NO3,1969,41,386,657,,,,2359,227,103
NO3,1969,42,315,494,,,,2321,73,-244
NO3,1969,43,340,314,,,,2237,174,-375
NO3,1969,44,2474,556,,,,2154,2123,1331
NO3,1969,45,538,177,,,,2001,2630,1455
NO3,1969,46,350,120,,,,1913,2937,1412
NO3,1969,47,634,93,,,,1847,3533,1643
NO3,1969,48,334,59,,,,1792,3857,1560
NO3,1969,49,590,50,,,,1754,4427,1716
NO3,1969,50,308,54,,,,1742,4688,1568
NO3,1969,51,8,31,,,,1713,4694,1167
NO3,1969,52,190,28,,,,1705,4858,964
NO3,1970,1,615,76,,,,1699,5389,681
NO3,1970,2,192,29,,,,1676,5575,439
NO3,1970,3,124,21,,,,1665,5686,96
NO3,1970,4,60,14,,,,1654,5741,-328
NO3,1970,5,152,12,,,,1643,5889,-614
NO3,1970,6,285,14,,,,1635,6163,-777
NO3,1970,7,221,11,,,,1628,6377,-977
NO3,1970,8,337,12,,,,1621,6704,-1041
NO3,1970,9,212,9,,,,1617,6907,-1206
NO3,1970,10,577,20,,,,1611,7464,-1045
NO3,1970,11,80,7,,,,1606,7541,-1289
NO3,1970,12,445,38,,,,1613,7933,-1195
NO3,1970,13,223,18,,,,1608,8138,-1236
NO3,1970,14,33,9,,,,1600,8171,-1379
NO3,1970,15,58,7,,,,1596,8225,-1361
NO3,1970,16,123,65,,,,1678,8194,-1239
NO3,1970,17,197,136,,,,1706,8215,-941
NO3,1970,18,184,115,,,,1772,8212,-485
NO3,1970,19,-7,689,,,,2234,7022,-654
NO3,1970,20,-29,1377,,,,2583,5212,-1410
NO3,1970,21,383,1027,,,,2532,4567,-1268
NO3,1970,22,234,1182,,,,2877,3225,-1381
NO3,1970,23,55,1344,,,,2857,1910,-1822
NO3,1970,24,-3,1267,,,,2494,981,-2251
NO3,1970,25,-272,740,,,,2130,412,-2404
NO3,1970,26,105,575,,,,1934,222,-2139
NO3,1970,27,236,420,,,,1889,148,-1719
NO3,1970,28,528,444,,,,2074,102,-1135
NO3,1970,29,517,490,,,,2159,78,-750
NO3,1970,30,766,679,,,,2301,60,-402
NO3,1970,31,397,594,,,,2211,39,-344
NO3,1970,32,-102,385,,,,1900,22,-544
NO3,1970,33,210,323,,,,1879,16,-471
NO3,1970,34,-22,282,,,,1669,12,-617
NO3,1970,35,48,259,,,,1598,8,-641
NO3,1970,36,1398,655,,,,2201,160,130
NO3,1970,37,357,558,,,,2104,50,-66
NO3,1970,38,230,328,,,,2057,22,-174
NO3,1970,39,347,346,,,,2001,62,-251
NO3,1970,40,146,251,,,,1952,14,-415
NO3,1970,41,218,217,,,,1939,25,-518
NO3,1970,42,232,248,,,,1946,11,-681
NO3,1970,43,1475,552,,,,2061,774,50
NO3,1970,44,745,259,,,,1913,1388,354
NO3,1970,45,595,105,,,,1817,1964,605
NO3,1970,46,258,65,,,,1758,2212,532
NO3,1970,47,183,78,,,,1785,2283,331
NO3,1970,48,468,186,,,,1802,2532,244
NO3,1970,49,383,81,,,,1752,2873,161
NO3,1970,50,620,337,,,,1900,2980,18
NO3,1970,51,472,207,,,,1913,3212,-115
NO3,1970,52,779,164,,,,1826,3898,126
NO3,1970,53,372,60,,,,1775,4255,38
NO3,1971,1,871,100,,,,1872,4908,372
NO3,1971,2,468,572,,,,1954,4689,-169
NO3,1971,3,284,115,,,,1891,4911,-453
NO3,1971,4,216,65,,,,1842,5103,-777
NO3,1971,5,1166,179,,,,1929,5978,-238
NO3,1971,6,648,195,,,,1871,6474,-231
NO3,1971,7,104,74,,,,1817,6553,-612
NO3,1971,8,546,61,,,,1792,7052,-522
NO3,1971,9,140,37,,,,1792,7150,-788
NO3,1971,10,1202,129,,,,1769,8223,-128
NO3,1971,11,199,29,,,,1754,8405,-277
NO3,1971,12,325,34,,,,1744,8700,-297
NO3,1971,13,69,29,,,,1757,8724,-501
NO3,1971,14,57,52,,,,1781,8702,-666
NO3,1971,15,267,173,,,,1874,8687,-620
NO3,1971,16,481,263,,,,1881,8875,-354
NO3,1971,17,217,87,,,,1861,9018,17
NO3,1971,18,248,647,,,,2228,8219,-22
NO3,1971,19,207,1204,,,,2524,6869,-515
NO3,1971,20,352,1207,,,,2609,5873,-723
NO3,1971,21,58,602,,,,2736,5177,-454
NO3,1971,22,-54,1868,,,,2746,3180,-1558
NO3,1971,23,-29,837,,,,2535,2495,-1559
NO3,1971,24,1069,945,,,,2647,2456,-622
NO3,1971,25,54,707,,,,2563,1867,-516
NO3,1971,26,616,1154,,,,2573,1293,-431
NO3,1971,27,86,890,,,,2309,771,-676
NO3,1971,28,677,641,,,,2400,704,-206
NO3,1971,29,670,568,,,,2518,681,212
NO3,1971,30,48,620,,,,2272,413,-78
NO3,1971,31,6,472,,,,2027,277,-291
NO3,1971,32,358,450,,,,2007,236,-223
NO3,1971,33,83,351,,,,1866,178,-322
NO3,1971,34,-70,297,,,,1653,125,-520
NO3,1971,35,486,304,,,,1843,124,-280
NO3,1971,36,91,344,,,,1723,87,-421
NO3,1971,37,429,282,,,,1886,81,-254
NO3,1971,38,1394,814,,,,2374,147,269
NO3,1971,39,738,561,,,,2488,110,284
NO3,1971,40,1375,1107,,,,2643,171,433
NO3,1971,41,808,553,,,,2406,636,560
NO3,1971,42,1227,665,,,,2460,1094,915
NO3,1971,43,275,418,,,,2315,1077,606
NO3,1971,44,1394,893,,,,2427,1403,883
NO3,1971,45,971,265,,,,2259,2253,1337
NO3,1971,46,895,246,,,,2157,2985,1705
NO3,1971,47,644,216,,,,2229,3320,1813
NO3,1971,48,476,353,,,,2188,3460,1559
NO3,1971,49,1908,584,,,,2195,4727,2457
NO3,1971,50,840,413,,,,2222,5095,2454
NO3,1971,51,1551,462,,,,2237,6126,3123
NO3,1971,52,339,328,,,,2122,6234,2758
NO3,1972,1,2,82,,,,2038,6235,1865
NO3,1972,2,14,49,,,,1988,6249,1425
NO3,1972,3,55,35,,,,1955,6299,1000
NO3,1972,4,151,66,,,,1939,6394,610
NO3,1972,5,25,25,,,,1914,6418,186
NO3,1972,6,105,21,,,,1896,6519,-161
NO3,1972,7,104,20,,,,1882,6614,-486
NO3,1972,8,26,16,,,,1871,6633,-862
NO3,1972,9,13,14,,,,1858,6646,-1226
NO3,1972,10,52,13,,,,1850,6690,-1579
NO3,1972,11,137,89,,,,1913,6670,-1854
NO3,1972,12,1107,177,,,,1935,7554,-1252
NO3,1972,13,347,62,,,,1896,7875,-1212
NO3,1972,14,298,82,,,,1924,8053,-1172
NO3,1972,15,41,137,,,,2001,7872,-1308
NO3,1972,16,163,139,,,,1994,7892,-1225
NO3,1972,17,796,246,,,,1988,8420,-454
NO3,1972,18,94,510,,,,2285,7689,-495
NO3,1972,19,-40,761,,,,2434,6709,-765
NO3,1972,20,12,559,,,,2517,6059,-630
NO3,1972,21,350,1067,,,,2731,5084,-551
NO3,1972,22,166,802,,,,2726,4421,-336
NO3,1972,23,402,1288,,,,2757,3453,-379
NO3,1972,24,288,952,,,,2712,2797,-217
NO3,1972,25,878,1042,,,,2790,2507,351
NO3,1972,26,113,1098,,,,2668,1622,-6
NO3,1972,27,414,1032,,,,2643,1027,-85
NO3,1972,28,68,769,,,,2290,705,-315
NO3,1972,29,-88,605,,,,2002,388,-597
NO3,1972,30,-126,429,,,,1717,226,-820
NO3,1972,31,188,366,,,,1688,161,-746
NO3,1972,32,513,496,,,,1808,123,-535
NO3,1972,33,267,343,,,,1832,95,-438
NO3,1972,34,225,300,,,,1824,80,-394
NO3,1972,35,4,276,,,,1696,51,-500
NO3,1972,36,646,449,,,,1862,96,-273
NO3,1972,37,197,247,,,,1782,120,-318
NO3,1972,38,469,315,,,,1930,138,-184
NO3,1972,39,201,263,,,,1846,96,-372
NO3,1972,40,391,360,,,,1971,5,-405
NO3,1972,41,462,389,,,,2001,55,-426
NO3,1972,42,1126,351,,,,1979,825,165
NO3,1972,43,785,281,,,,1943,1342,499
NO3,1972,44,662,392,,,,2060,1465,578
NO3,1972,45,1339,518,,,,2021,2284,1129
NO3,1972,46,631,155,,,,1890,2876,1328
NO3,1972,47,385,81,,,,1846,3216,1325
NO3,1972,48,723,261,,,,1873,3621,1405
NO3,1972,49,367,168,,,,1841,3835,1212
NO3,1972,50,537,225,,,,1945,4023,1106
NO3,1972,51,68,168,,,,1881,3980,621
NO3,1972,52,192,94,,,,1893,4058,352
NO3,1973,1,999,583,,,,2189,4133,-86
NO3,1973,2,596,652,,,,2123,4103,-585
NO3,1973,3,84,129,,,,1993,4182,-1079
NO3,1973,4,488,188,,,,1996,4460,-1266
NO3,1973,5,534,130,,,,1967,4876,-1302
NO3,1973,6,1237,286,,,,1930,5834,-812
NO3,1973,7,247,56,,,,1877,6073,-1031
NO3,1973,8,803,182,,,,1885,6666,-815
NO3,1973,9,446,61,,,,1859,7069,-802
NO3,1973,10,542,69,,,,1858,7531,-731
NO3,1973,11,518,156,,,,1904,7829,-704
NO3,1973,12,1261,364,,,,2035,8558,-148
NO3,1973,13,202,352,,,,2067,8354,-561
NO3,1973,14,850,166,,,,1968,9115,-65
NO3,1973,15,486,104,,,,1928,9525,272
NO3,1973,16,548,190,,,,1935,9858,683
NO3,1973,17,159,96,,,,1907,9941,987
NO3,1973,18,335,158,,,,1969,10044,1545
NO3,1973,19,451,548,,,,2198,9687,1977
NO3,1973,20,612,487,,,,2264,9718,2777
NO3,1973,21,195,805,,,,2612,8732,2978
NO3,1973,22,503,1864,,,,3004,6903,2425
NO3,1973,23,278,1553,,,,2978,5594,1983
NO3,1973,24,625,1053,,,,2885,5207,2366
NO3,1973,25,-271,1605,,,,2915,3252,1221
NO3,1973,26,-64,1361,,,,2598,2114,416
NO3,1973,27,134,1067,,,,2445,1343,33
NO3,1973,28,882,1111,,,,2541,1022,253
NO3,1973,29,703,840,,,,2721,755,490
NO3,1973,30,-60,653,,,,2266,581,83
NO3,1973,31,216,507,,,,2185,459,49
NO3,1973,32,529,551,,,,2218,416,169
NO3,1973,33,-26,411,,,,1981,326,-59
NO3,1973,34,445,414,,,,2016,314,32
NO3,1973,35,252,322,,,,2052,268,73
NO3,1973,36,1389,832,,,,2587,270,625
NO3,1973,37,1291,1078,,,,2740,287,807
NO3,1973,38,-11,475,,,,2340,225,312
NO3,1973,39,77,217,,,,2131,95,-88
NO3,1973,40,588,529,,,,2283,12,-85
NO3,1973,41,510,312,,,,2182,292,-8
NO3,1973,42,273,168,,,,2037,533,-68
NO3,1973,43,713,357,,,,2166,733,113
NO3,1973,44,477,345,,,,2066,943,62
NO3,1973,45,1646,596,,,,2235,1765,824
NO3,1973,46,541,181,,,,2061,2288,911
NO3,1973,47,1302,171,,,,2014,3440,1718
NO3,1973,48,383,79,,,,1942,3812,1665
NO3,1973,49,1370,89,,,,1902,5118,2556
NO3,1973,50,1181,120,,,,1884,6177,3199
NO3,1973,51,388,40,,,,1851,6552,3163
NO3,1973,52,809,146,,,,1924,7122,3447
NO3,1974,1,549,178,,,,1873,7528,2993
NO3,1974,2,112,67,,,,1850,7590,2629
NO3,1974,3,777,106,,,,1860,8230,2836
NO3,1974,4,615,156,,,,1860,8672,2810
NO3,1974,5,203,90,,,,1841,8795,2491
NO3,1974,6,184,48,,,,1804,8964,2192
NO3,1974,7,306,54,,,,1803,9207,2029
NO3,1974,8,539,139,,,,1856,9538,2027
NO3,1974,9,99,95,,,,1815,9576,1661
NO3,1974,10,5,30,,,,1789,9575,1244
NO3,1974,11,113,20,,,,1771,9683,1018
NO3,1974,12,72,17,,,,1763,9744,767
NO3,1974,13,1,15,,,,1763,9730,511
NO3,1974,14,15,170,,,,1953,9377,181
NO3,1974,15,302,274,,,,1958,9380,157
NO3,1974,16,525,289,,,,2137,9412,438
NO3,1974,17,234,452,,,,2214,9090,442
NO3,1974,18,-14,622,,,,2384,8264,179
NO3,1974,19,-17,461,,,,2582,7570,243
NO3,1974,20,-70,1400,,,,2968,5663,-574
NO3,1974,21,251,1689,,,,2894,4237,-1236
NO3,1974,22,424,737,,,,2723,4064,-696
NO3,1974,23,678,825,,,,2798,3796,6
NO3,1974,24,-56,872,,,,2840,2800,-85
NO3,1974,25,-90,1310,,,,2585,1624,-737
NO3,1974,26,101,762,,,,2336,1202,-757
NO3,1974,27,165,608,,,,2245,857,-654
NO3,1974,28,282,533,,,,2304,573,-434
NO3,1974,29,652,742,,,,2371,429,-187
NO3,1974,30,681,653,,,,2473,360,69
NO3,1974,31,383,563,,,,2351,313,70
NO3,1974,32,124,421,,,,2184,234,-47
NO3,1974,33,500,526,,,,2285,167,86
NO3,1974,34,234,471,,,,2122,135,-40
NO3,1974,35,204,484,,,,1974,94,-178
NO3,1974,36,133,336,,,,1856,78,-297
NO3,1974,37,522,416,,,,1978,77,-165
NO3,1974,38,568,543,,,,1982,104,-166
NO3,1974,39,365,288,,,,1936,141,-238
NO3,1974,40,245,224,,,,1893,195,-292
NO3,1974,41,47,133,,,,1784,217,-481
NO3,1974,42,260,161,,,,1863,230,-545
NO3,1974,43,589,183,,,,1872,613,-301
NO3,1974,44,118,129,,,,1756,715,-476
NO3,1974,45,448,82,,,,1729,1099,-348
NO3,1974,46,475,197,,,,1748,1338,-352
NO3,1974,47,73,69,,,,1689,1397,-651
NO3,1974,48,100,38,,,,1653,1492,-944
NO3,1974,49,1332,171,,,,1688,2590,-187
NO3,1974,50,622,110,,,,1653,3122,-87
NO3,1974,51,713,65,,,,1662,3748,170
NO3,1974,52,539,235,,,,1712,3982,95
NO3,1975,1,1469,241,,,,1771,5117,480
NO3,1975,2,1956,143,,,,1705,6972,1865
NO3,1975,3,728,224,,,,1733,7425,1903
NO3,1975,4,381,62,,,,1690,7776,1743
NO3,1975,5,414,52,,,,1698,8119,1671
NO3,1975,6,188,177,,,,1711,8101,1237
NO3,1975,7,374,60,,,,1678,8439,1135
NO3,1975,8,426,62,,,,1682,8792,1108
NO3,1975,9,450,175,,,,1743,8984,997
NO3,1975,10,124,111,,,,1692,9038,610
NO3,1975,11,209,44,,,,1659,9230,453
NO3,1975,12,266,29,,,,1644,9480,383
NO3,1975,13,64,16,,,,1631,9539,188
NO3,1975,14,203,14,,,,1621,9735,207
NO3,1975,15,173,15,,,,1618,9893,330
NO3,1975,16,101,24,,,,1633,9953,476
NO3,1975,17,447,273,,,,1801,9937,876
NO3,1975,18,397,287,,,,1877,9950,1359
NO3,1975,19,17,649,,,,2406,8766,1263
NO3,1975,20,263,1070,,,,2596,7723,1114
NO3,1975,21,572,1222,,,,2671,6939,1244
NO3,1975,22,234,820,,,,2647,6342,1506
NO3,1975,23,93,535,,,,2806,5725,1943
NO3,1975,24,127,1774,,,,2852,3969,1095
NO3,1975,25,82,849,,,,2821,3202,1077
NO3,1975,26,244,1004,,,,2654,2571,928
NO3,1975,27,-92,803,,,,2534,1782,561
NO3,1975,28,-53,967,,,,2375,943,7
NO3,1975,29,15,659,,,,2111,607,-269
NO3,1975,30,525,656,,,,2239,400,-124
NO3,1975,31,84,484,,,,2077,254,-264
NO3,1975,32,-176,475,,,,1746,128,-591
NO3,1975,33,-16,385,,,,1577,75,-713
NO3,1975,34,205,290,,,,1614,55,-629
NO3,1975,35,412,354,,,,1750,42,-455
NO3,1975,36,538,427,,,,1922,36,-273
NO3,1975,37,663,515,,,,2076,43,-101
NO3,1975,38,926,734,,,,2295,32,75
NO3,1975,39,1059,846,,,,2388,51,124
NO3,1975,40,764,677,,,,2418,74,112
NO3,1975,41,1359,899,,,,2434,469,421
NO3,1975,42,255,288,,,,2297,563,222
NO3,1975,43,170,228,,,,2296,497,7
NO3,1975,44,944,918,,,,2528,239,-179
NO3,1975,45,333,452,,,,2381,249,-546
NO3,1975,46,82,206,,,,2231,268,-940
NO3,1975,47,653,159,,,,2098,881,-758
NO3,1975,48,388,224,,,,2083,1044,-961
NO3,1975,49,1221,151,,,,2026,2144,-294
NO3,1975,50,2072,168,,,,1974,4069,1181
NO3,1975,51,1332,180,,,,1982,5188,1930
NO3,1975,52,3431,451,,,,2077,8008,4486
NO3,1976,1,1468,337,,,,1975,9215,4782
NO3,1976,2,1336,107,,,,1928,10474,5590
NO3,1976,3,1340,74,,,,1891,11764,6400
NO3,1976,4,1290,90,,,,1866,12974,7118
NO3,1976,5,357,35,,,,1844,13317,7016
NO3,1976,6,257,44,,,,1829,13538,6791
NO3,1976,7,164,24,,,,1815,13688,6521
NO3,1976,8,94,19,,,,1804,13771,6210
NO3,1976,9,2053,237,,,,1860,15487,7617
NO3,1976,10,679,136,,,,1838,16042,7760
NO3,1976,11,68,31,,,,1808,16107,7479
NO3,1976,12,159,18,,,,1791,16262,7312
NO3,1976,13,226,22,,,,1802,16449,7269
NO3,1976,14,821,140,,,,1797,17115,7764
NO3,1976,15,604,82,,,,1854,17567,8240
NO3,1976,16,479,312,,,,1964,17597,8451
NO3,1976,17,385,201,,,,1925,17807,8871
NO3,1976,18,303,100,,,,1867,18060,9459
NO3,1976,19,200,259,,,,2079,17776,9946
NO3,1976,20,328,1096,,,,2449,16582,9827
NO3,1976,21,-7,1973,,,,3074,13896,8604
NO3,1976,22,-20,2477,,,,3038,11342,6897
NO3,1976,23,15,1387,,,,3069,9885,6365
NO3,1976,24,413,1815,,,,3343,8139,5756
NO3,1976,25,213,1938,,,,3281,6405,4740
NO3,1976,26,304,1638,,,,3305,4991,4000
NO3,1976,27,348,1609,,,,3095,3886,3225
NO3,1976,28,-166,1408,,,,2885,2515,2089
NO3,1976,29,346,1308,,,,2830,1623,1467
NO3,1976,30,-71,779,,,,2418,1212,866
NO3,1976,31,949,899,,,,2603,1063,1071
NO3,1976,32,225,530,,,,2450,920,904
NO3,1976,33,-207,544,,,,2142,585,362
NO3,1976,34,-11,485,,,,1967,381,50
NO3,1976,35,14,398,,,,1821,261,-165
NO3,1976,36,820,505,,,,2090,318,177
NO3,1976,37,1005,643,,,,2209,526,515
NO3,1976,38,169,345,,,,2198,364,309
NO3,1976,39,-29,248,,,,2042,161,-111
NO3,1976,40,9,162,,,,1899,55,-427
NO3,1976,41,269,192,,,,1941,82,-459
NO3,1976,42,376,190,,,,1901,299,-438
NO3,1976,43,109,110,,,,1835,360,-591
NO3,1976,44,34,89,,,,1776,362,-809
NO3,1976,45,200,68,,,,1737,527,-912
NO3,1976,46,217,89,,,,1751,634,-1054
NO3,1976,47,388,91,,,,1792,879,-1066
NO3,1976,48,1221,182,,,,1773,1918,-398
NO3,1976,49,343,113,,,,1732,2178,-555
NO3,1976,50,185,48,,,,1707,2334,-822
NO3,1976,51,8,28,,,,1678,2342,-1220
NO3,1976,52,663,31,,,,1659,2982,-957
NO3,1976,53,381,24,,,,1644,3351,-996
NO3,1977,1,825,58,,,,1654,4091,-663
NO3,1977,2,54,23,,,,1633,4143,-1036
NO3,1977,3,29,13,,,,1620,4171,-1464
NO3,1977,4,258,13,,,,1611,4420,-1692
NO3,1977,5,141,11,,,,1605,4552,-1988
NO3,1977,6,67,10,,,,1597,4617,-2362
NO3,1977,7,16,7,,,,1590,4633,-2759
NO3,1977,8,87,7,,,,1584,4717,-3065
NO3,1977,9,443,15,,,,1583,5138,-3009
NO3,1977,10,254,119,,,,1711,5134,-3275
NO3,1977,11,172,123,,,,1714,5169,-3554
NO3,1977,12,255,68,,,,1685,5377,-3679
NO3,1977,13,150,38,,,,1657,5513,-3812
NO3,1977,14,212,25,,,,1637,5716,-3796
NO3,1977,15,131,19,,,,1628,5834,-3718
NO3,1977,16,480,115,,,,1694,6118,-3299
NO3,1977,17,307,177,,,,1794,6135,-2933
NO3,1977,18,109,666,,,,2337,5005,-3127
NO3,1977,19,449,600,,,,2310,4843,-2756
NO3,1977,20,-11,500,,,,2514,4114,-2577
NO3,1977,21,-19,1245,,,,2781,2536,-3050
NO3,1977,22,469,807,,,,2793,2148,-2542
NO3,1977,23,258,717,,,,2760,1695,-2134
NO3,1977,24,-242,1146,,,,2535,549,-2642
NO3,1977,25,-37,582,,,,2238,279,-2428
NO3,1977,26,713,534,,,,2451,249,-1596
NO3,1977,27,-313,529,,,,1980,65,-1710
NO3,1977,28,164,390,,,,1879,38,-1394
NO3,1977,29,637,428,,,,2127,32,-827
NO3,1977,30,315,443,,,,2108,19,-637
NO3,1977,31,368,464,,,,2129,14,-452
NO3,1977,32,-142,339,,,,1777,9,-680
NO3,1977,33,-13,286,,,,1636,7,-722
NO3,1977,34,389,270,,,,1821,7,-470
NO3,1977,35,260,336,,,,1813,6,-427
NO3,1977,36,597,441,,,,1877,90,-265
NO3,1977,37,1011,488,,,,2023,434,237
NO3,1977,38,12,335,,,,2016,118,-119
NO3,1977,39,474,300,,,,2023,226,-65
NO3,1977,40,139,173,,,,1883,327,-170
NO3,1977,41,352,269,,,,2035,246,-201
NO3,1977,42,397,338,,,,2198,131,-309
NO3,1977,43,509,480,,,,2229,123,-434
NO3,1977,44,349,339,,,,2105,241,-600
NO3,1977,45,801,476,,,,2165,469,-542
NO3,1977,46,317,202,,,,1995,745,-698
NO3,1977,47,101,100,,,,1895,844,-998
NO3,1977,48,292,160,,,,1888,970,-1231
NO3,1977,49,101,73,,,,1826,1054,-1584
NO3,1977,50,934,261,,,,1972,1551,-1340
NO3,1977,51,491,173,,,,1856,1971,-1414
NO3,1977,52,408,102,,,,1815,2304,-1479
NO3,1978,1,1241,115,,,,1868,3354,-1186
NO3,1978,2,827,237,,,,1837,3950,-1024
NO3,1978,3,185,122,,,,1812,4030,-1412
NO3,1978,4,113,36,,,,1776,4139,-1807
NO3,1978,5,141,24,,,,1754,4276,-2116
NO3,1978,6,2,16,,,,1737,4278,-2560
NO3,1978,7,534,22,,,,1724,4796,-2462
NO3,1978,8,562,23,,,,1715,5339,-2313
NO3,1978,9,219,72,,,,1763,5429,-2538
NO3,1978,10,438,83,,,,1780,5753,-2587
NO3,1978,11,205,53,,,,1739,5941,-2757
NO3,1978,12,82,21,,,,1720,6018,-3002
NO3,1978,13,304,109,,,,1781,6141,-3060
NO3,1978,14,105,101,,,,1821,6098,-3230
NO3,1978,15,534,89,,,,1775,6575,-2832
NO3,1978,16,101,109,,,,1883,6452,-2777
NO3,1978,17,189,182,,,,1841,6487,-2534
NO3,1978,18,3,77,,,,1871,6383,-2215
NO3,1978,19,6,355,,,,2049,5839,-2021
NO3,1978,20,-4,581,,,,2440,4837,-1928
NO3,1978,21,122,1575,,,,2800,2963,-2603
NO3,1978,22,-218,1607,,,,2652,1244,-3586
NO3,1978,23,644,1164,,,,2630,726,-3232
NO3,1978,24,-36,603,,,,2297,444,-2984
NO3,1978,25,-75,449,,,,1994,272,-2679
NO3,1978,26,464,480,,,,2116,181,-1998
NO3,1978,27,578,536,,,,2250,136,-1370
NO3,1978,28,46,413,,,,2024,83,-1203
NO3,1978,29,165,329,,,,1929,64,-993
NO3,1978,30,8,334,,,,1735,41,-987
NO3,1978,31,-63,340,,,,1570,16,-1009
NO3,1978,32,-19,285,,,,1423,10,-1033
NO3,1978,33,221,274,,,,1488,7,-871
NO3,1978,34,789,461,,,,1870,24,-404
NO3,1978,35,455,379,,,,1914,54,-278
NO3,1978,36,305,317,,,,1918,56,-257
NO3,1978,37,824,494,,,,2212,80,72
NO3,1978,38,1491,843,,,,2292,599,638
NO3,1978,39,336,402,,,,2145,205,37
NO3,1978,40,817,420,,,,2254,459,332
NO3,1978,41,287,544,,,,2363,76,-43
NO3,1978,42,755,386,,,,2308,475,145
NO3,1978,43,1259,416,,,,2337,1260,811
NO3,1978,44,1073,722,,,,2452,1450,955
NO3,1978,45,1146,821,,,,2565,1612,1001
NO3,1978,46,1320,522,,,,2390,2544,1496
NO3,1978,47,1438,362,,,,2237,3740,2241
NO3,1978,48,55,125,,,,2113,3794,1818
NO3,1978,49,3,76,,,,2035,3796,1366
NO3,1978,50,107,56,,,,1982,3895,1015
NO3,1978,51,440,68,,,,1951,4288,999
NO3,1978,52,8,37,,,,1913,4296,611
NO3,1979,1,144,28,,,,1887,4434,-87
NO3,1979,2,507,35,,,,1866,4919,-27
NO3,1979,3,99,20,,,,1848,5016,-391
NO3,1979,4,118,17,,,,1833,5129,-760
NO3,1979,5,134,14,,,,1820,5260,-1066
NO3,1979,6,1201,32,,,,1810,6425,-341
NO3,1979,7,121,14,,,,1800,6543,-639
NO3,1979,8,153,10,,,,1793,6690,-883
NO3,1979,9,522,58,,,,1820,7114,-796
NO3,1979,10,984,124,,,,1817,7956,-347
NO3,1979,11,106,29,,,,1792,8056,-589
NO3,1979,12,206,16,,,,1781,8252,-708
NO3,1979,13,136,57,,,,1813,8292,-876
NO3,1979,14,25,53,,,,1813,8262,-1075
NO3,1979,15,112,75,,,,1852,8252,-1077
NO3,1979,16,169,104,,,,1922,8238,-951
NO3,1979,17,194,227,,,,2000,8110,-752
NO3,1979,18,300,143,,,,1938,8318,-213
NO3,1979,19,118,99,,,,1946,8323,360
NO3,1979,20,415,827,,,,2338,7475,608
NO3,1979,21,421,1068,,,,2651,6467,752
NO3,1979,22,237,1321,,,,2894,5091,502
NO3,1979,23,-88,1814,,,,2711,3307,-570
NO3,1979,24,162,1072,,,,2639,2428,-658
NO3,1979,25,153,993,,,,2523,1673,-751
NO3,1979,26,524,815,,,,2478,1396,-422
NO3,1979,27,260,581,,,,2368,1169,-218
NO3,1979,28,427,717,,,,2474,781,-56
NO3,1979,29,1000,1030,,,,2638,584,236
NO3,1979,30,170,639,,,,2355,426,18
NO3,1979,31,57,455,,,,2124,310,-161
NO3,1979,32,502,472,,,,2255,247,36
NO3,1979,33,388,585,,,,2171,183,-12
NO3,1979,34,422,505,,,,2177,147,26
NO3,1979,35,297,400,,,,2100,136,-10
NO3,1979,36,377,423,,,,2160,100,29
NO3,1979,37,1032,657,,,,2293,315,387
NO3,1979,38,809,634,,,,2347,401,496
NO3,1979,39,824,576,,,,2373,301,360
NO3,1979,40,74,291,,,,2130,318,68
NO3,1979,41,721,659,,,,2435,49,1
NO3,1979,42,361,324,,,,2347,159,-132
NO3,1979,43,140,278,,,,2148,210,-427
NO3,1979,44,155,127,,,,2048,331,-567
NO3,1979,45,455,169,,,,1976,672,-528
NO3,1979,46,95,70,,,,1906,765,-767
NO3,1979,47,489,121,,,,1921,1103,-712
NO3,1979,48,1015,159,,,,1930,1927,-231
NO3,1979,49,1096,345,,,,1914,2662,112
NO3,1979,50,25,62,,,,1852,2687,-323
NO3,1979,51,491,45,,,,1817,3162,-261
NO3,1979,52,158,35,,,,1798,3301,-500
NO3,1980,1,24,21,,,,1777,3325,-1306
NO3,1980,2,43,16,,,,1762,3366,-1685
NO3,1980,3,682,90,,,,1783,3920,-1552
NO3,1980,4,144,29,,,,1757,4057,-1908
NO3,1980,5,338,21,,,,1741,4386,-2019
NO3,1980,6,181,15,,,,1729,4561,-2285
NO3,1980,7,499,42,,,,1755,4978,-2248
NO3,1980,8,3,38,,,,1732,4965,-2669
NO3,1980,9,656,62,,,,1747,5529,-2454
NO3,1980,10,479,44,,,,1723,5984,-2413
NO3,1980,11,30,19,,,,1711,6007,-2719
NO3,1980,12,33,11,,,,1700,6039,-3003
NO3,1980,13,84,9,,,,1693,6118,-3171
NO3,1980,14,448,68,,,,1734,6445,-2970
NO3,1980,15,597,164,,,,1793,6797,-2591
NO3,1980,16,377,307,,,,1902,6734,-2475
NO3,1980,17,228,156,,,,1923,6774,-2165
NO3,1980,18,-11,513,,,,2282,5874,-2313
NO3,1980,19,333,585,,,,2301,5566,-2042
NO3,1980,20,-39,972,,,,2786,4040,-2380
NO3,1980,21,200,1189,,,,2684,3102,-2580
NO3,1980,22,358,938,,,,2831,2337,-2315
NO3,1980,23,76,1349,,,,2734,1121,-2734
NO3,1980,24,-109,905,,,,2291,557,-2878
NO3,1980,25,5,532,,,,2053,309,-2584
NO3,1980,26,580,534,,,,2193,233,-1869
NO3,1980,27,155,460,,,,2066,134,-1556
NO3,1980,28,35,400,,,,1880,68,-1362
NO3,1980,29,431,441,,,,1991,41,-955
NO3,1980,30,257,489,,,,1892,24,-848
NO3,1980,31,-160,360,,,,1598,11,-986
NO3,1980,32,395,400,,,,1708,7,-750
NO3,1980,33,-161,248,,,,1445,5,-916
NO3,1980,34,809,409,,,,1908,21,-369
NO3,1980,35,339,379,,,,1898,18,-331
NO3,1980,36,595,497,,,,2076,4,-152
NO3,1980,37,511,529,,,,2080,11,-129
NO3,1980,38,707,494,,,,2263,41,51
NO3,1980,39,207,414,,,,2125,12,-177
NO3,1980,40,802,510,,,,2162,233,15
NO3,1980,41,349,327,,,,2070,332,-80
NO3,1980,42,403,203,,,,1947,643,-47
NO3,1980,43,527,185,,,,1867,1056,137
NO3,1980,44,343,108,,,,1789,1361,204
NO3,1980,45,299,91,,,,1776,1574,174
NO3,1980,46,452,81,,,,1714,1998,274
NO3,1980,47,896,84,,,,1737,2768,768
NO3,1980,48,459,147,,,,1689,3121,721
NO3,1980,49,920,80,,,,1669,3970,1175
NO3,1980,50,1195,89,,,,1695,5030,1863
NO3,1980,51,338,82,,,,1653,5322,1735
NO3,1980,52,713,37,,,,1632,6007,2041
NO3,1981,1,1805,110,,,,1629,7684,2905
NO3,1981,2,1267,50,,,,1617,8899,3705
NO3,1981,3,1395,59,,,,1606,10234,4585
NO3,1981,4,525,46,,,,1640,10672,4589
NO3,1981,5,986,268,,,,1816,11185,4855
NO3,1981,6,1185,403,,,,1753,11989,5166
NO3,1981,7,593,61,,,,1705,12563,5287
NO3,1981,8,66,29,,,,1680,12626,4939
NO3,1981,9,18,18,,,,1662,12643,4576
NO3,1981,10,177,15,,,,1650,12815,4344
NO3,1981,11,597,26,,,,1645,13381,4589
NO3,1981,12,115,14,,,,1635,13490,4384
NO3,1981,13,257,18,,,,1634,13726,4378
NO3,1981,14,154,105,,,,1702,13699,4252
NO3,1981,15,264,231,,,,1879,13537,4235
NO3,1981,16,459,319,,,,1873,13657,4420
NO3,1981,17,512,106,,,,1800,14124,5062
NO3,1981,18,189,50,,,,1759,14300,5590
NO3,1981,19,96,164,,,,1994,13994,6078
NO3,1981,20,-8,1749,,,,2739,11415,4948
NO3,1981,21,-18,2638,,,,3138,8256,3029
NO3,1981,22,410,2166,,,,2996,6554,2067
NO3,1981,23,273,1557,,,,3051,5149,1612
NO3,1981,24,565,1201,,,,2853,4657,1784
NO3,1981,25,201,838,,,,2741,4098,1893
NO3,1981,26,160,829,,,,2700,3439,1843
NO3,1981,27,588,903,,,,2839,2946,2029
NO3,1981,28,-95,990,,,,2610,2072,1371
NO3,1981,29,365,915,,,,2480,1637,1130
NO3,1981,30,0,618,,,,2287,1227,751
NO3,1981,31,427,719,,,,2297,939,641
NO3,1981,32,182,566,,,,2143,738,416
NO3,1981,33,430,622,,,,2236,518,389
NO3,1981,34,482,520,,,,2263,465,429
NO3,1981,35,218,432,,,,2134,405,292
NO3,1981,36,49,318,,,,1997,328,93
NO3,1981,37,84,331,,,,1832,284,-104
NO3,1981,38,-37,186,,,,1659,264,-329
NO3,1981,39,346,277,,,,1724,163,-427
NO3,1981,40,593,540,,,,1861,14,-506
NO3,1981,41,456,309,,,,1912,101,-469
NO3,1981,42,240,210,,,,1820,213,-605
NO3,1981,43,203,167,,,,1732,328,-726
NO3,1981,44,109,89,,,,1661,415,-870
NO3,1981,45,852,175,,,,1677,1059,-441
NO3,1981,46,446,97,,,,1642,1433,-363
NO3,1981,47,626,77,,,,1615,1996,-126
NO3,1981,48,1110,69,,,,1579,3059,549
NO3,1981,49,1198,130,,,,1638,4050,1224
NO3,1981,50,195,61,,,,1589,4240,966
NO3,1981,51,194,28,,,,1563,4428,752
NO3,1981,52,23,17,,,,1546,4450,398
NO3,1981,53,145,14,,,,1533,4590,132
NO3,1982,1,256,13,,,,1522,4839,-46
NO3,1982,2,950,42,,,,1526,5734,448
NO3,1982,3,108,44,,,,1537,5783,65
NO3,1982,4,694,27,,,,1522,6455,254
NO3,1982,5,174,18,,,,1518,6612,-16
NO3,1982,6,280,49,,,,1542,6811,-222
NO3,1982,7,99,68,,,,1528,6852,-602
NO3,1982,8,292,58,,,,1525,7080,-762
NO3,1982,9,451,37,,,,1517,7492,-720
NO3,1982,10,171,28,,,,1515,7633,-972
NO3,1982,11,88,28,,,,1516,7688,-1233
NO3,1982,12,651,353,,,,1761,7708,-1271
NO3,1982,13,283,272,,,,1779,7684,-1520
NO3,1982,14,974,198,,,,1721,8494,-934
NO3,1982,15,913,169,,,,1758,9187,-236
NO3,1982,16,240,352,,,,1909,8903,-299
NO3,1982,17,540,389,,,,1909,9024,71
NO3,1982,18,121,225,,,,1978,8844,354
NO3,1982,19,333,501,,,,2147,8480,718
NO3,1982,20,48,812,,,,2400,7432,627
NO3,1982,21,232,1036,,,,2693,6293,619
NO3,1982,22,-74,1963,,,,2954,3928,-600
NO3,1982,23,86,916,,,,2547,3470,-571
NO3,1982,24,39,405,,,,2460,3178,-87
NO3,1982,25,-60,478,,,,2469,2617,140
NO3,1982,26,169,768,,,,2532,1931,167
NO3,1982,27,438,921,,,,2493,1459,197
NO3,1982,28,-189,884,,,,2188,720,-402
NO3,1982,29,74,537,,,,2032,453,-502
NO3,1982,30,-132,468,,,,1790,210,-764
NO3,1982,31,-98,471,,,,1584,77,-934
NO3,1982,32,684,508,,,,1832,66,-568
NO3,1982,33,214,326,,,,1775,54,-537
NO3,1982,34,315,309,,,,1813,50,-435
NO3,1982,35,795,527,,,,2022,95,-130
NO3,1982,36,674,523,,,,2158,85,12
NO3,1982,37,1170,877,,,,2471,55,306
NO3,1982,38,600,767,,,,2291,63,102
NO3,1982,39,537,408,,,,2289,172,147
NO3,1982,40,10,282,,,,2125,76,-179
NO3,1982,41,43,157,,,,1970,115,-398
NO3,1982,42,466,210,,,,1948,375,-315
NO3,1982,43,335,254,,,,1991,398,-397
NO3,1982,44,673,348,,,,1977,712,-257
NO3,1982,45,747,357,,,,2088,962,-126
NO3,1982,46,543,188,,,,1939,1450,-50
NO3,1982,47,534,152,,,,1885,1873,21
NO3,1982,48,156,130,,,,1872,1902,-314
NO3,1982,49,397,83,,,,1822,2259,-383
NO3,1982,50,966,54,,,,1781,3195,114
NO3,1982,51,404,49,,,,1782,3544,85
NO3,1982,52,566,137,,,,1788,3950,139
NO3,1983,1,1005,134,,,,1785,4804,181
NO3,1983,2,1168,260,,,,1789,5681,659
NO3,1983,3,2342,122,,,,1778,7881,2405
NO3,1983,4,1481,281,,,,1789,9042,3109
NO3,1983,5,816,65,,,,1743,9833,3431
NO3,1983,6,112,26,,,,1721,9942,3087
NO3,1983,7,169,18,,,,1709,10102,2829
NO3,1983,8,294,22,,,,1702,10378,2713
NO3,1983,9,296,24,,,,1698,10648,2616
NO3,1983,10,2112,95,,,,1692,12648,4220
NO3,1983,11,302,93,,,,1734,12807,4104
NO3,1983,12,119,42,,,,1702,12911,3872
NO3,1983,13,32,19,,,,1687,12937,3642
NO3,1983,14,327,35,,,,1716,13192,3759
NO3,1983,15,185,77,,,,1756,13252,3828
NO3,1983,16,700,426,,,,2001,13246,4136
NO3,1983,17,16,510,,,,2151,12580,3868
NO3,1983,18,7,543,,,,2341,11832,3705
NO3,1983,19,106,983,,,,2519,10734,3344
NO3,1983,20,335,1241,,,,2714,9583,3092
NO3,1983,21,461,1146,,,,2876,8688,3197
NO3,1983,22,235,1160,,,,2763,7832,3112
NO3,1983,23,106,808,,,,2815,7044,3271
NO3,1983,24,72,943,,,,2768,6185,3227
NO3,1983,25,93,1297,,,,2750,4947,2751
NO3,1983,26,361,929,,,,2773,4317,2794
NO3,1983,27,-49,1098,,,,2672,3236,2153
NO3,1983,28,83,1161,,,,2456,2346,1491
NO3,1983,29,635,795,,,,2540,2071,1624
NO3,1983,30,170,882,,,,2447,1456,1139
NO3,1983,31,747,967,,,,2470,1198,1074
NO3,1983,32,47,620,,,,2245,883,662
NO3,1983,33,495,627,,,,2255,744,633
NO3,1983,34,127,555,,,,2085,543,330
NO3,1983,35,179,452,,,,1977,427,157
NO3,1983,36,533,476,,,,2063,399,231
NO3,1983,37,205,333,,,,2031,338,149
NO3,1983,38,882,551,,,,2177,493,418
NO3,1983,39,1174,781,,,,2208,431,325
NO3,1983,40,971,837,,,,2437,294,350
NO3,1983,41,448,369,,,,2364,427,308
NO3,1983,42,1405,629,,,,2468,1051,881
NO3,1983,43,1864,1035,,,,2502,1766,1483
NO3,1983,44,1831,900,,,,2416,2715,2184
NO3,1983,45,791,566,,,,2373,2949,2147
NO3,1983,46,768,286,,,,2280,3501,2343
NO3,1983,47,1666,301,,,,2202,4916,3382
NO3,1983,48,258,134,,,,2128,5106,3145
NO3,1983,49,900,274,,,,2082,5748,3366
NO3,1983,50,330,151,,,,2060,5938,3136
NO3,1983,51,218,63,,,,2000,6148,2908
NO3,1983,52,1756,166,,,,2000,7708,4110
NO3,1984,1,1506,112,,,,1947,9145,4684
NO3,1984,2,635,53,,,,1923,9742,4853
NO3,1984,3,198,27,,,,1899,9934,4579
NO3,1984,4,2,18,,,,1881,9936,4094
NO3,1984,5,75,17,,,,1870,10003,3728
NO3,1984,6,489,25,,,,1863,10465,3752
NO3,1984,7,110,30,,,,1854,10550,3422
NO3,1984,8,134,16,,,,1840,10679,3152
NO3,1984,9,387,31,,,,1837,11032,3139
NO3,1984,10,1074,61,,,,1837,12030,3747
NO3,1984,11,18,18,,,,1820,12048,3432
NO3,1984,12,15,10,,,,1810,12062,3131
NO3,1984,13,140,9,,,,1803,12197,3018
NO3,1984,14,81,31,,,,1838,12211,2901
NO3,1984,15,312,233,,,,1994,12113,2926
NO3,1984,16,329,234,,,,2050,12133,3072
NO3,1984,17,208,592,,,,2316,11448,2902
NO3,1984,18,103,1181,,,,2563,10074,2169
NO3,1984,19,265,421,,,,2364,10092,2547
NO3,1984,20,16,1185,,,,2844,8399,2038
NO3,1984,21,-30,1829,,,,2986,6333,952
NO3,1984,22,194,1849,,,,2916,4678,111
NO3,1984,23,-38,1419,,,,2590,3497,-501
NO3,1984,24,252,618,,,,2574,3124,-28
NO3,1984,25,539,943,,,,2658,2596,309
NO3,1984,26,286,596,,,,2527,2397,628
NO3,1984,27,6,503,,,,2431,1990,666
NO3,1984,28,320,926,,,,2471,1343,503
NO3,1984,29,257,803,,,,2294,992,299
NO3,1984,30,326,518,,,,2298,808,342
NO3,1984,31,346,627,,,,2308,562,276
NO3,1984,32,341,649,,,,2212,408,154
NO3,1984,33,83,417,,,,2040,306,-20
NO3,1984,34,71,439,,,,1851,221,-225
NO3,1984,35,616,466,,,,2034,216,3
NO3,1984,36,241,325,,,,2003,179,-48
NO3,1984,37,714,494,,,,2137,256,173
NO3,1984,38,34,222,,,,1988,220,-45
NO3,1984,39,110,224,,,,1903,64,-347
NO3,1984,40,386,230,,,,2039,76,-265
NO3,1984,41,1207,471,,,,2180,638,335
NO3,1984,42,1165,674,,,,2376,888,625
NO3,1984,43,550,401,,,,2234,1157,606
NO3,1984,44,788,515,,,,2506,1118,678
NO3,1984,45,556,360,,,,2246,1556,627
NO3,1984,46,18,156,,,,2127,1534,222
NO3,1984,47,65,98,,,,2032,1592,-113
NO3,1984,48,501,164,,,,2065,1878,-146
NO3,1984,49,437,179,,,,2072,2113,-279
NO3,1984,50,675,218,,,,1987,2640,-235
NO3,1984,51,292,67,,,,1929,2915,-395
NO3,1984,52,295,137,,,,1930,3061,-608
NO3,1985,1,306,48,,,,1886,3357,-1165
NO3,1985,2,486,36,,,,1858,3828,-1126
NO3,1985,3,219,27,,,,1839,4035,-1380
NO3,1985,4,160,19,,,,1821,4190,-1711
NO3,1985,5,832,28,,,,1807,4996,-1342
NO3,1985,6,329,18,,,,1795,5315,-1465
NO3,1985,7,864,25,,,,1785,6153,-1043
NO3,1985,8,379,17,,,,1779,6517,-1070
NO3,1985,9,375,34,,,,1779,6853,-1098
NO3,1985,10,224,21,,,,1776,7054,-1291
NO3,1985,11,653,125,,,,1801,7538,-1097
NO3,1985,12,49,29,,,,1786,7572,-1383
NO3,1985,13,379,38,,,,1778,7913,-1291
NO3,1985,14,143,25,,,,1773,8033,-1343
NO3,1985,15,16,28,,,,1774,8020,-1388
NO3,1985,16,360,131,,,,1842,8165,-1103
NO3,1985,17,479,108,,,,1811,8556,-495
NO3,1985,18,45,71,,,,1833,8507,-128
NO3,1985,19,-3,462,,,,2155,7699,-55
NO3,1985,20,-21,1033,,,,2573,6183,-449
NO3,1985,21,298,1012,,,,2601,5394,-371
NO3,1985,22,67,1427,,,,2878,3706,-899
NO3,1985,23,135,995,,,,2710,2974,-904
NO3,1985,24,184,709,,,,2718,2416,-591
NO3,1985,25,-96,798,,,,2583,1638,-724
NO3,1985,26,171,975,,,,2427,986,-883
NO3,1985,27,202,727,,,,2281,626,-849
NO3,1985,28,446,742,,,,2266,391,-654
NO3,1985,29,854,647,,,,2562,321,-103
NO3,1985,30,486,767,,,,2380,256,-128
NO3,1985,31,414,586,,,,2370,173,-52
NO3,1985,32,293,493,,,,2265,138,-63
NO3,1985,33,551,616,,,,2299,105,38
NO3,1985,34,403,498,,,,2317,81,101
NO3,1985,35,792,652,,,,2480,78,310
NO3,1985,36,781,567,,,,2487,281,537
NO3,1985,37,341,427,,,,2463,219,461
NO3,1985,38,880,643,,,,2461,417,625
NO3,1985,39,603,473,,,,2437,254,377
NO3,1985,40,1398,1260,,,,2749,42,411
NO3,1985,41,620,638,,,,2562,192,272
NO3,1985,42,961,849,,,,2701,118,181
NO3,1985,43,380,517,,,,2527,131,-128
NO3,1985,44,822,496,,,,2455,498,6
NO3,1985,45,1236,356,,,,2320,1481,625
NO3,1985,46,679,204,,,,2183,2078,823
NO3,1985,47,31,93,,,,2087,2109,459
NO3,1985,48,196,71,,,,2024,2292,226
NO3,1985,49,599,60,,,,1979,2864,378
NO3,1985,50,360,76,,,,1969,3147,254
NO3,1985,51,521,55,,,,1930,3641,331
NO3,1985,52,520,70,,,,1904,4107,413
NO3,1986,1,206,29,,,,1878,4307,-222
NO3,1986,2,135,20,,,,1859,4438,-515
NO3,1986,3,556,26,,,,1844,4976,-435
NO3,1986,4,762,26,,,,1831,5714,-178
NO3,1986,5,41,14,,,,1820,5753,-572
NO3,1986,6,36,10,,,,1810,5788,-977
NO3,1986,7,50,10,,,,1802,5836,-1344
NO3,1986,8,74,8,,,,1794,5908,-1665
NO3,1986,9,386,13,,,,1786,6282,-1661
NO3,1986,10,532,29,,,,1794,6768,-1558
NO3,1986,11,13,29,,,,1793,6751,-1892
NO3,1986,12,192,68,,,,1829,6831,-2081
NO3,1986,13,208,68,,,,1807,6984,-2191
NO3,1986,14,344,41,,,,1799,7286,-2064
NO3,1986,15,158,27,,,,1785,7427,-1968
NO3,1986,16,40,15,,,,1773,7464,-1874
NO3,1986,17,70,87,,,,1861,7352,-1649
NO3,1986,18,195,584,,,,2375,6425,-1668
NO3,1986,19,338,2020,,,,2793,4234,-2882
NO3,1986,20,326,1090,,,,2685,3525,-2995
NO3,1986,21,364,933,,,,2701,2898,-2767
NO3,1986,22,460,716,,,,2638,2667,-2178
NO3,1986,23,220,897,,,,2751,1840,-1997
NO3,1986,24,311,1001,,,,2460,1407,-1858
NO3,1986,25,-53,862,,,,2211,749,-1986
NO3,1986,26,-107,552,,,,1948,416,-1932
NO3,1986,27,481,614,,,,2110,227,-1418
NO3,1986,28,462,522,,,,2091,198,-1021
NO3,1986,29,48,349,,,,1933,139,-915
NO3,1986,30,260,359,,,,1936,106,-722
NO3,1986,31,316,442,,,,1935,78,-582
NO3,1986,32,409,408,,,,2009,62,-395
NO3,1986,33,121,349,,,,1887,48,-431
NO3,1986,34,661,382,,,,2081,153,-64
NO3,1986,35,55,253,,,,1917,134,-196
NO3,1986,36,582,390,,,,2087,142,-2
NO3,1986,37,554,351,,,,2079,337,196
NO3,1986,38,748,431,,,,2256,449,453
NO3,1986,39,871,570,,,,2197,340,223
NO3,1986,40,1496,1113,,,,2490,366,475
NO3,1986,41,341,444,,,,2410,323,251
NO3,1986,42,323,381,,,,2368,290,20
NO3,1986,43,347,277,,,,2260,452,-73
NO3,1986,44,783,451,,,,2374,636,63
NO3,1986,45,1021,320,,,,2236,1449,509
NO3,1986,46,709,495,,,,2269,1586,417
NO3,1986,47,170,212,,,,2153,1649,65
NO3,1986,48,901,394,,,,2306,1967,184
NO3,1986,49,1969,445,,,,2155,3601,1292
NO3,1986,50,363,261,,,,2126,3716,980
NO3,1986,51,93,90,,,,2036,3804,601
NO3,1986,52,177,55,,,,1981,3976,359
NO3,1987,1,544,47,,,,1943,4503,38
NO3,1987,2,475,37,,,,1914,4964,66
NO3,1987,3,3,23,,,,1892,4966,-396
NO3,1987,4,607,35,,,,1894,5527,-302
NO3,1987,5,1678,79,,,,1876,7126,857
NO3,1987,6,935,223,,,,1915,7772,1111
NO3,1987,7,432,51,,,,1872,8190,1081
NO3,1987,8,967,57,,,,1881,9075,1590
NO3,1987,9,844,54,,,,1847,9894,2011
NO3,1987,10,88,17,,,,1833,9979,1692
NO3,1987,11,45,11,,,,1823,10022,1408
NO3,1987,12,128,10,,,,1814,10147,1220
NO3,1987,13,143,10,,,,1810,10280,1108
NO3,1987,14,222,73,,,,1855,10378,1084
NO3,1987,15,36,58,,,,1848,10357,1024
NO3,1987,16,811,278,,,,1921,10788,1598
NO3,1987,17,610,500,,,,2164,10615,1917
NO3,1987,18,508,1077,,,,2463,9691,1685
NO3,1987,19,254,539,,,,2418,9423,1932
NO3,1987,20,195,415,,,,2377,9224,2395
NO3,1987,21,197,690,,,,2595,8483,2713
NO3,1987,22,-15,861,,,,2660,7511,2689
NO3,1987,23,72,961,,,,2835,6410,2656
NO3,1987,24,673,1369,,,,2907,5584,2766
NO3,1987,25,597,1123,,,,2907,5010,2971
NO3,1987,26,439,1094,,,,2932,4290,2925
NO3,1987,27,353,1078,,,,2913,3540,2698
NO3,1987,28,617,1212,,,,2888,2921,2498
NO3,1987,29,-175,785,,,,2627,2206,1847
NO3,1987,30,144,986,,,,2550,1437,1223
NO3,1987,31,402,650,,,,2509,1226,1140
NO3,1987,32,694,688,,,,2579,1151,1265
NO3,1987,33,-49,424,,,,2315,961,910
NO3,1987,34,404,579,,,,2397,725,824
NO3,1987,35,630,574,,,,2505,678,937
NO3,1987,36,177,441,,,,2298,629,696
NO3,1987,37,866,556,,,,2537,679,996
NO3,1987,38,874,635,,,,2583,835,1166
NO3,1987,39,810,717,,,,2590,507,783
NO3,1987,40,81,316,,,,2344,133,96
NO3,1987,41,593,363,,,,2416,268,201
NO3,1987,42,516,364,,,,2453,367,182
NO3,1987,43,16,250,,,,2217,367,-202
NO3,1987,44,177,164,,,,2140,449,-358
NO3,1987,45,609,308,,,,2281,587,-308
NO3,1987,46,128,180,,,,2111,699,-628
NO3,1987,47,356,134,,,,2054,965,-717
NO3,1987,48,31,77,,,,1976,995,-1118
NO3,1987,49,339,103,,,,1976,1221,-1267
NO3,1987,50,1578,249,,,,1998,2493,-371
NO3,1987,51,566,130,,,,1932,2982,-326
NO3,1987,52,701,205,,,,1954,3435,-210
NO3,1987,53,821,154,,,,1959,4077,45
NO3,1988,1,146,66,,,,1914,4197,-297
NO3,1988,2,443,116,,,,1917,4507,-388
NO3,1988,3,177,49,,,,1889,4658,-707
NO3,1988,4,219,33,,,,1861,4869,-993
NO3,1988,5,133,27,,,,1853,4979,-1313
NO3,1988,6,189,22,,,,1834,5160,-1581
NO3,1988,7,427,31,,,,1828,5554,-1600
NO3,1988,8,477,23,,,,1814,6014,-1538
NO3,1988,9,753,29,,,,1803,6742,-1184
NO3,1988,10,337,16,,,,1794,7069,-1257
NO3,1988,11,129,11,,,,1786,7194,-1456
NO3,1988,12,26,16,,,,1786,7204,-1751
NO3,1988,13,38,26,,,,1796,7205,-1981
NO3,1988,14,785,224,,,,1873,7661,-1615
NO3,1988,15,1049,97,,,,1904,8563,-714
NO3,1988,16,326,124,,,,1858,8802,-450
NO3,1988,17,73,47,,,,1866,8820,-176
NO3,1988,18,306,406,,,,2198,8367,96
NO3,1988,19,-21,1262,,,,2678,6550,-681
NO3,1988,20,243,999,,,,2516,5908,-781
NO3,1988,21,-35,1078,,,,2999,4272,-1095
NO3,1988,22,317,1869,,,,2897,2751,-1834
NO3,1988,23,-88,1178,,,,2668,1685,-2236
NO3,1988,24,-106,846,,,,2458,944,-2324
NO3,1988,25,-124,729,,,,2149,449,-2348
NO3,1988,26,171,668,,,,2050,176,-2070
NO3,1988,27,434,564,,,,2091,106,-1559
NO3,1988,28,331,459,,,,2098,69,-1143
NO3,1988,29,983,874,,,,2351,44,-592
NO3,1988,30,265,529,,,,2173,34,-557
NO3,1988,31,334,442,,,,2123,29,-442
NO3,1988,32,106,397,,,,1994,22,-449
NO3,1988,33,776,569,,,,2291,19,-55
NO3,1988,34,94,469,,,,1998,17,-283
NO3,1988,35,484,380,,,,2177,15,-54
NO3,1988,36,279,511,,,,2030,14,-187
NO3,1988,37,1046,661,,,,2410,21,211
NO3,1988,38,1029,913,,,,2527,25,300
NO3,1988,39,1041,789,,,,2535,216,437
NO3,1988,40,315,463,,,,2437,152,208
NO3,1988,41,257,303,,,,2314,217,48
NO3,1988,42,46,205,,,,2165,202,-271
NO3,1988,43,739,224,,,,2087,776,77
NO3,1988,44,738,162,,,,2016,1409,479
NO3,1988,45,434,226,,,,2099,1517,439
NO3,1988,46,1024,443,,,,2058,2099,719
NO3,1988,47,953,301,,,,2065,2720,1048
NO3,1988,48,411,109,,,,1961,3119,990
NO3,1988,49,968,112,,,,1925,3993,1454
NO3,1988,50,988,111,,,,1904,4878,1920
NO3,1988,51,1219,119,,,,1876,5987,2623
NO3,1988,52,1729,307,,,,1953,7294,3648
NO3,1989,1,686,313,,,,1968,7624,3184
NO3,1989,2,1363,267,,,,1953,8699,3840
NO3,1989,3,2097,577,,,,2045,10067,4859
NO3,1989,4,875,344,,,,2135,10468,4881
NO3,1989,5,1824,648,,,,2166,11556,5577
NO3,1989,6,1133,336,,,,2054,12442,5920
NO3,1989,7,1250,136,,,,1976,13617,6611
NO3,1989,8,523,83,,,,1933,14092,6658
NO3,1989,9,202,49,,,,1902,14271,6444
NO3,1989,10,294,162,,,,1961,14328,6169
NO3,1989,11,404,119,,,,1935,14626,6124
NO3,1989,12,307,84,,,,1911,14862,6032
NO3,1989,13,589,172,,,,1941,15230,6190
NO3,1989,14,18,59,,,,1915,15213,5980
NO3,1989,15,148,382,,,,2245,14628,5692
NO3,1989,16,63,458,,,,2186,14270,5345
NO3,1989,17,162,138,,,,2095,14377,5610
NO3,1989,18,274,528,,,,2330,13864,5725
NO3,1989,19,579,638,,,,2386,13711,6188
NO3,1989,20,488,894,,,,2592,13062,6448
NO3,1989,21,115,1494,,,,2785,11437,5856
NO3,1989,22,348,734,,,,2667,11137,6321
NO3,1989,23,744,1364,,,,2994,10130,6535
NO3,1989,24,-150,1761,,,,3056,8099,5429
NO3,1989,25,-124,1959,,,,2869,6137,4060
NO3,1989,26,599,1506,,,,2751,5278,3733
NO3,1989,27,-140,1249,,,,2680,3927,2851
NO3,1989,28,215,1045,,,,2542,3205,2437
NO3,1989,29,267,693,,,,2512,2795,2320
NO3,1989,30,188,1043,,,,2482,1976,1694
NO3,1989,31,1773,1471,,,,2945,1766,2117
NO3,1989,32,243,933,,,,2675,1369,1579
NO3,1989,33,458,803,,,,2532,1172,1338
NO3,1989,34,633,748,,,,2520,1059,1280
NO3,1989,35,136,402,,,,2328,986,1067
NO3,1989,36,452,517,,,,2308,932,1009
NO3,1989,37,200,307,,,,2206,929,914
NO3,1989,38,544,607,,,,2298,788,833
NO3,1989,39,346,466,,,,2253,87,26
NO3,1989,40,504,429,,,,2252,146,17
NO3,1989,41,461,296,,,,2176,367,61
NO3,1989,42,494,362,,,,2247,408,17
NO3,1989,43,1119,721,,,,2257,748,220
NO3,1989,44,64,193,,,,2102,769,-75
NO3,1989,45,152,132,,,,2057,827,-292
NO3,1989,46,489,259,,,,2031,1066,-342
NO3,1989,47,741,106,,,,1952,1769,-16
NO3,1989,48,565,171,,,,2013,2085,9
NO3,1989,49,1503,280,,,,1947,3340,823
NO3,1989,50,532,74,,,,1884,3857,878
NO3,1989,51,464,55,,,,1853,4288,901
NO3,1989,52,218,123,,,,1853,4374,628
NO3,1990,1,138,38,,,,1823,4498,-86
NO3,1990,2,1042,184,,,,1860,5296,344
NO3,1990,3,1466,259,,,,1855,6474,1075
NO3,1990,4,387,103,,,,1822,6783,882
NO3,1990,5,414,139,,,,1881,6983,719
NO3,1990,6,1035,551,,,,2008,7293,725
NO3,1990,7,196,111,,,,1911,7470,399
NO3,1990,8,1284,519,,,,2168,7924,726
NO3,1990,9,895,238,,,,1993,8736,999
NO3,1990,10,1993,211,,,,1941,10549,2370
NO3,1990,11,1413,329,,,,2175,11355,3093
NO3,1990,12,1357,874,,,,2207,11743,3209
NO3,1990,13,1130,403,,,,2298,12352,3668
NO3,1990,14,913,414,,,,2103,13020,3974
NO3,1990,15,307,237,,,,2172,13005,3996
NO3,1990,16,210,290,,,,2216,12865,3971
NO3,1990,17,217,643,,,,2407,12218,3763
NO3,1990,18,511,1661,,,,2951,10459,2941
NO3,1990,19,-75,1535,,,,2910,8836,1837
NO3,1990,20,1,859,,,,2676,8178,1649
NO3,1990,21,528,500,,,,2650,8201,2485
NO3,1990,22,139,748,,,,2875,7345,2737
NO3,1990,23,-189,1278,,,,2793,5916,2120
NO3,1990,24,-147,1136,,,,2568,4818,1661
NO3,1990,25,220,983,,,,2538,4048,1640
NO3,1990,26,274,907,,,,2486,3434,1623
NO3,1990,27,576,833,,,,2617,3014,1875
NO3,1990,28,986,1172,,,,2719,2682,2090
NO3,1990,29,-79,781,,,,2480,2066,1559
NO3,1990,30,-45,746,,,,2235,1550,1022
NO3,1990,31,602,903,,,,2348,1172,925
NO3,1990,32,339,657,,,,2218,1004,757
NO3,1990,33,358,603,,,,2209,817,661
NO3,1990,34,277,452,,,,2165,720,587
NO3,1990,35,295,476,,,,2153,609,516
NO3,1990,36,191,376,,,,2026,571,366
NO3,1990,37,630,440,,,,2207,578,565
NO3,1990,38,463,457,,,,2130,640,518
NO3,1990,39,314,299,,,,2060,257,3
NO3,1990,40,454,368,,,,2077,306,2
NO3,1990,41,935,555,,,,2171,556,245
NO3,1990,42,268,386,,,,2181,413,-44
NO3,1990,43,21,175,,,,2023,413,-349
NO3,1990,44,132,112,,,,1925,526,-495
NO3,1990,45,437,296,,,,1995,575,-607
NO3,1990,46,655,195,,,,1973,1035,-430
NO3,1990,47,163,141,,,,1870,1151,-716
NO3,1990,48,613,153,,,,1928,1534,-627
NO3,1990,49,1578,640,,,,1988,2361,-116
NO3,1990,50,303,121,,,,1958,2563,-341
NO3,1990,51,369,135,,,,1911,2832,-497
NO3,1990,52,440,188,,,,1931,3046,-621
NO3,1991,1,399,77,,,,1876,3413,-1119
NO3,1991,2,197,42,,,,1836,3602,-1373
NO3,1991,3,184,31,,,,1818,3770,-1667
NO3,1991,4,587,209,,,,1940,4002,-1780
NO3,1991,5,282,152,,,,1865,4197,-2084
NO3,1991,6,2,39,,,,1825,4199,-2551
NO3,1991,7,149,25,,,,1801,4343,-2837
NO3,1991,8,587,51,,,,1814,4855,-2697
NO3,1991,9,246,97,,,,1806,5005,-2919
NO3,1991,10,44,30,,,,1803,5020,-3297
NO3,1991,11,488,153,,,,1855,5287,-3295
NO3,1991,12,269,170,,,,1900,5327,-3515
NO3,1991,13,315,155,,,,1965,5410,-3608
NO3,1991,14,591,320,,,,2053,5567,-3529
NO3,1991,15,120,358,,,,2207,5157,-3817
NO3,1991,16,889,289,,,,2069,5877,-3165
NO3,1991,17,4,122,,,,2035,5790,-3037
NO3,1991,18,13,156,,,,2053,5625,-2790
NO3,1991,19,64,221,,,,2167,5343,-2399
NO3,1991,20,267,451,,,,2264,5038,-1903
NO3,1991,21,886,730,,,,2390,5022,-954
NO3,1991,22,241,733,,,,2571,4319,-593
NO3,1991,23,493,523,,,,2589,4244,244
NO3,1991,24,296,839,,,,2768,3490,532
NO3,1991,25,863,1407,,,,2849,2804,707
NO3,1991,26,384,1063,,,,2843,2090,637
NO3,1991,27,-97,1042,,,,2575,1205,25
NO3,1991,28,234,1014,,,,2381,650,-279
NO3,1991,29,456,634,,,,2424,468,-94
NO3,1991,30,103,589,,,,2172,322,-269
NO3,1991,31,-212,437,,,,1819,202,-573
NO3,1991,32,486,449,,,,2032,153,-281
NO3,1991,33,631,601,,,,2145,129,-92
NO3,1991,34,-66,367,,,,1849,105,-344
NO3,1991,35,7,259,,,,1702,90,-454
NO3,1991,36,496,362,,,,1876,123,-232
NO3,1991,37,1124,668,,,,2323,119,222
NO3,1991,38,605,693,,,,2235,109,92
NO3,1991,39,747,544,,,,2236,150,72
NO3,1991,40,640,342,,,,2204,457,280
NO3,1991,41,51,287,,,,2074,345,-64
NO3,1991,42,415,214,,,,2087,520,-31
NO3,1991,43,286,249,,,,2065,567,-154
NO3,1991,44,108,132,,,,1966,635,-346
NO3,1991,45,714,167,,,,1941,1192,-43
NO3,1991,46,650,161,,,,1896,1710,168
NO3,1991,47,464,225,,,,2111,1712,87
NO3,1991,48,286,610,,,,2123,1346,-620
NO3,1991,49,408,219,,,,2047,1593,-825
NO3,1991,50,1301,324,,,,2115,2465,-282
NO3,1991,51,838,230,,,,1968,3203,-68
NO3,1991,52,1027,116,,,,1973,4093,468
NO3,1992,1,2025,331,,,,1966,5754,1313
NO3,1992,2,1781,197,,,,1967,7313,2469
NO3,1992,3,2173,638,,,,2011,8738,3494
NO3,1992,4,263,115,,,,1934,8959,3171
NO3,1992,5,690,518,,,,2109,8912,2875
NO3,1992,6,964,267,,,,2128,9563,3115
NO3,1992,7,532,211,,,,2026,9968,3012
NO3,1992,8,507,109,,,,2002,10371,3006
NO3,1992,9,712,189,,,,1997,10879,3147
NO3,1992,10,497,242,,,,2080,11031,2991
NO3,1992,11,795,259,,,,2034,11588,3186
NO3,1992,12,608,203,,,,2059,11953,3270
NO3,1992,13,163,135,,,,2017,12013,3049
NO3,1992,14,74,62,,,,1955,12085,2891
NO3,1992,15,174,128,,,,2067,12009,2895
NO3,1992,16,280,165,,,,1997,12182,3068
NO3,1992,17,257,77,,,,1959,12394,3491
NO3,1992,18,390,326,,,,2191,12207,3930
NO3,1992,19,682,771,,,,2315,11948,4354
NO3,1992,20,204,588,,,,2587,11268,4650
NO3,1992,21,207,1804,,,,3032,9157,3822
NO3,1992,22,-147,2434,,,,3081,6444,2042
NO3,1992,23,-267,2136,,,,2839,4215,465
NO3,1992,24,-271,1522,,,,2456,2769,-501
NO3,1992,25,421,825,,,,2446,2347,-153
NO3,1992,26,170,725,,,,2316,1910,-70
NO3,1992,27,197,529,,,,2167,1714,126
NO3,1992,28,94,515,,,,2151,1327,167
NO3,1992,29,316,541,,,,2175,1092,280
NO3,1992,30,503,698,,,,2270,834,340
NO3,1992,31,777,814,,,,2372,705,483
NO3,1992,32,805,796,,,,2513,590,638
NO3,1992,33,427,572,,,,2502,495,631
NO3,1992,34,597,762,,,,2432,425,559
NO3,1992,35,781,645,,,,2555,434,743
NO3,1992,36,158,413,,,,2336,399,504
NO3,1992,37,76,319,,,,2132,369,281
NO3,1992,38,188,272,,,,2070,354,171
NO3,1992,39,439,390,,,,2197,88,-29
NO3,1992,40,-3,253,,,,1981,67,-333
NO3,1992,41,1564,737,,,,2418,415,351
NO3,1992,42,324,347,,,,2159,640,160
NO3,1992,43,3,138,,,,2016,644,-125
NO3,1992,44,51,91,,,,1924,692,-331
NO3,1992,45,1107,225,,,,2004,1461,289
NO3,1992,46,435,165,,,,1891,1831,284
NO3,1992,47,162,63,,,,1832,1986,81
NO3,1992,48,427,78,,,,1811,2345,67
NO3,1992,49,822,227,,,,1850,2873,258
NO3,1992,50,687,150,,,,1861,3379,378
NO3,1992,51,1428,268,,,,1909,4461,1131
NO3,1992,52,387,131,,,,1859,4758,1018
NO3,1992,53,221,112,,,,1847,4870,726
NO3,1993,1,850,150,,,,1845,5550,987
NO3,1993,2,1339,129,,,,1834,6752,1774
NO3,1993,3,1548,225,,,,1818,8068,2632
NO3,1993,4,709,63,,,,1776,8756,2809
NO3,1993,5,1998,320,,,,1841,10323,4018
NO3,1993,6,286,187,,,,1872,10379,3676
NO3,1993,7,1031,118,,,,1833,11311,4162
NO3,1993,8,401,56,,,,1802,11684,4119
NO3,1993,9,308,32,,,,1784,11971,4025
NO3,1993,10,292,68,,,,1802,12170,3852
NO3,1993,11,1103,275,,,,1878,12892,4333
NO3,1993,12,708,139,,,,1820,13508,4587
NO3,1993,13,53,40,,,,1801,13540,4358
NO3,1993,14,15,40,,,,1786,13527,4164
NO3,1993,15,112,50,,,,1824,13547,4190
NO3,1993,16,475,234,,,,2003,13590,4481
NO3,1993,17,29,1178,,,,2648,11755,3540
NO3,1993,18,812,1340,,,,2665,11141,3338
NO3,1993,19,340,1102,,,,2874,10129,3094
NO3,1993,20,108,1892,,,,3257,7893,1945
NO3,1993,21,15,1374,,,,2862,6879,1375
NO3,1993,22,235,754,,,,2898,6293,1708
NO3,1993,23,33,1085,,,,2875,5223,1509
NO3,1993,24,156,598,,,,2665,4966,1906
NO3,1993,25,382,684,,,,2720,4578,2353
NO3,1993,26,-108,974,,,,2626,3559,1889
NO3,1993,27,639,900,,,,2668,3212,2125
NO3,1993,28,253,1050,,,,2521,2533,1744
NO3,1993,29,518,1046,,,,2598,1914,1526
NO3,1993,30,839,1087,,,,2665,1577,1478
NO3,1993,31,242,774,,,,2447,1271,1124
NO3,1993,32,922,880,,,,2626,1126,1287
NO3,1993,33,469,627,,,,2585,1005,1225
NO3,1993,34,342,494,,,,2477,954,1133
NO3,1993,35,576,614,,,,2541,845,1139
NO3,1993,36,182,417,,,,2342,807,917
NO3,1993,37,-18,222,,,,2105,800,685
NO3,1993,38,511,362,,,,2212,829,789
NO3,1993,39,-22,179,,,,2029,166,-120
NO3,1993,40,403,205,,,,2106,274,-1
NO3,1993,41,489,190,,,,2035,635,187
NO3,1993,42,467,259,,,,2059,801,222
NO3,1993,43,653,522,,,,2185,773,172
NO3,1993,44,37,150,,,,2056,784,-107
NO3,1993,45,84,92,,,,1987,838,-350
NO3,1993,46,44,69,,,,1929,868,-641
NO3,1993,47,47,46,,,,1883,912,-941
NO3,1993,48,348,45,,,,1865,1225,-999
NO3,1993,49,753,98,,,,1840,1893,-731
NO3,1993,50,421,45,,,,1837,2265,-759
NO3,1993,51,627,89,,,,1808,2821,-610
NO3,1993,52,218,25,,,,1789,3031,-779
NO3,1994,1,223,20,,,,1773,3247,-1388
NO3,1994,2,339,33,,,,1774,3545,-1494
NO3,1994,3,1363,80,,,,1790,4789,-676
NO3,1994,4,1247,63,,,,1760,5998,35
NO3,1994,5,445,23,,,,1748,6425,28
NO3,1994,6,4,11,,,,1738,6429,-408
NO3,1994,7,17,8,,,,1730,6446,-806
NO3,1994,8,111,8,,,,1723,6553,-1091
NO3,1994,9,215,14,,,,1728,6743,-1259
NO3,1994,10,1038,98,,,,1744,7644,-732
NO3,1994,11,582,38,,,,1723,8202,-512
NO3,1994,12,441,25,,,,1716,8618,-407
NO3,1994,13,352,81,,,,1777,8818,-387
NO3,1994,14,100,101,,,,1773,8813,-563
NO3,1994,15,148,125,,,,1838,8761,-582
NO3,1994,16,205,107,,,,1853,8836,-422
NO3,1994,17,547,796,,,,2224,8164,-474
NO3,1994,18,103,671,,,,2455,7340,-673
NO3,1994,19,99,1123,,,,2689,6036,-1184
NO3,1994,20,110,474,,,,2423,5916,-867
NO3,1994,21,86,387,,,,2411,5606,-349
NO3,1994,22,356,694,,,,2720,4926,163
NO3,1994,23,571,1140,,,,2657,4367,435
NO3,1994,24,379,781,,,,2582,4000,857
NO3,1994,25,631,818,,,,2796,3558,1408
NO3,1994,26,738,1399,,,,2824,2803,1331
NO3,1994,27,-284,1206,,,,2414,1700,359
NO3,1994,28,399,1049,,,,2363,1099,152
NO3,1994,29,-142,615,,,,1989,760,-238
NO3,1994,30,97,566,,,,1885,485,-394
NO3,1994,31,423,584,,,,2025,316,-253
NO3,1994,32,616,496,,,,2214,333,81
NO3,1994,33,176,512,,,,2018,226,-121
NO3,1994,34,385,397,,,,2108,185,-4
NO3,1994,35,247,386,,,,2001,172,-73
NO3,1994,36,184,268,,,,1931,186,-114
NO3,1994,37,286,234,,,,1898,283,-39
NO3,1994,38,186,258,,,,1988,147,-117
NO3,1994,39,1081,484,,,,2079,549,314
NO3,1994,40,1007,560,,,,2353,690,663
NO3,1994,41,1045,844,,,,2518,681,717
NO3,1994,42,276,323,,,,2213,930,504
NO3,1994,43,67,265,,,,2186,748,149
NO3,1994,44,203,154,,,,2128,848,29
NO3,1994,45,169,196,,,,2093,848,-236
NO3,1994,46,427,148,,,,2009,1197,-233
NO3,1994,47,1842,802,,,,2223,1954,440
NO3,1994,48,772,355,,,,2140,2433,484
NO3,1994,49,410,153,,,,2074,2740,350
NO3,1994,50,552,151,,,,1997,3200,335
NO3,1994,51,835,182,,,,2047,3775,582
NO3,1994,52,914,203,,,,1963,4548,913
NO3,1995,1,180,59,,102,-119,1929,4701,222
NO3,1995,2,749,96,,292,-164,1929,5338,455
NO3,1995,3,356,184,,19,-146,1928,5492,165
NO3,1995,4,827,69,,270,-174,1885,6281,444
NO3,1995,5,1339,75,,1067,-197,1894,7515,1264
NO3,1995,6,1747,212,,2185,-160,1867,9053,2345
NO3,1995,7,421,74,,2082,-193,1866,9392,2276
NO3,1995,8,329,43,,1920,-250,1838,9698,2169
NO3,1995,9,578,39,,1993,-345,1823,10244,2338
NO3,1995,10,15,21,,1581,-360,1816,10244,1941
NO3,1995,11,310,82,,1413,-429,1834,10444,1841
NO3,1995,12,1014,224,,1807,-491,1891,11149,2299
NO3,1995,13,886,84,,2251,-596,1868,11961,2847
NO3,1995,14,1544,85,,3449,-675,1837,13436,4124
NO3,1995,15,341,149,,3536,-737,1943,13511,4273
NO3,1995,16,128,109,,3426,-928,1898,13566,4354
NO3,1995,17,57,180,,3330,-1140,1940,13391,4469
NO3,1995,18,493,684,,3497,-1136,2346,12755,4633
NO3,1995,19,104,534,,3452,-1281,2212,12430,4733
NO3,1995,20,392,192,,3834,-1788,2178,12648,5621
NO3,1995,21,77,912,,3582,-2012,2789,11172,5594
NO3,1995,22,668,2611,,3615,-816,3116,8798,4430
NO3,1995,23,595,2174,,3340,-322,3102,7148,3662
NO3,1995,24,159,1441,,3101,-89,3084,5831,3190
NO3,1995,25,136,1269,,2945,158,2976,4757,2787
NO3,1995,26,-58,1268,,2368,301,2655,3709,2067
NO3,1995,27,360,683,,2529,273,2651,3360,2256
NO3,1995,28,-116,929,,2068,429,2533,2418,1639
NO3,1995,29,773,1135,,2328,765,2680,1869,1563
NO3,1995,30,-85,767,,1891,945,2338,1372,946
NO3,1995,31,28,795,,1523,1112,2120,885,411
NO3,1995,32,191,521,,1321,1065,2038,683,256
NO3,1995,33,188,532,,1144,1050,1962,497,94
NO3,1995,34,471,468,,1319,1090,2092,435,229
NO3,1995,35,279,439,,1246,1107,2023,363,140
NO3,1995,36,-48,293,,898,1012,1816,300,-114
NO3,1995,37,-59,201,,467,784,1634,270,-316
NO3,1995,38,310,197,,436,656,1758,275,-220
NO3,1995,39,724,388,,289,560,1780,264,-271
NO3,1995,40,532,427,,396,642,1989,146,-246
NO3,1995,41,469,422,,386,668,2030,170,-283
NO3,1995,42,1557,786,,1181,885,2244,689,296
NO3,1995,43,1154,897,,1482,1144,2519,604,338
NO3,1995,44,432,410,,1227,1047,2198,928,180
NO3,1995,45,324,226,,1077,1042,2057,1154,35
NO3,1995,46,465,168,,983,928,1960,1533,55
NO3,1995,47,1029,281,,1491,1017,2046,2165,474
NO3,1995,48,162,194,,1068,989,1922,2246,80
NO3,1995,49,125,70,,649,895,1861,2358,-246
NO3,1995,50,602,280,,560,904,1992,2526,-344
NO3,1995,51,776,122,,687,766,1897,3264,-79
NO3,1995,52,518,60,,575,564,1844,3766,11
NO3,1996,1,32,37,,-312,490,1809,3797,-802
NO3,1996,2,84,55,,-805,375,1818,3813,-1180
NO3,1996,3,57,53,,-1338,284,1797,3835,-1622
NO3,1996,4,12,26,,-1943,163,1770,3846,-2106
NO3,1996,5,217,21,,-2280,57,1752,4057,-2337
NO3,1996,6,65,16,,-2765,-48,1738,4120,-2718
NO3,1996,7,855,32,,-2387,-70,1732,4933,-2317
NO3,1996,8,113,17,,-2781,-176,1721,5041,-2605
NO3,1996,9,992,35,,-2229,-203,1714,5990,-2026
NO3,1996,10,202,36,,-2522,-268,1720,6146,-2254
NO3,1996,11,0,19,,-2943,-353,1706,6141,-2590
NO3,1996,12,26,11,,-3339,-459,1695,6166,-2880
NO3,1996,13,604,21,,-3087,-544,1688,6751,-2543
NO3,1996,14,71,27,,-3241,-573,1714,6767,-2668
NO3,1996,15,7,109,,-3436,-628,1759,6614,-2808
NO3,1996,16,77,362,,-3723,-680,2116,5951,-3043
NO3,1996,17,390,628,,-3640,-571,2302,5491,-3069
NO3,1996,18,392,319,,-3387,-767,2178,5670,-2620
NO3,1996,19,180,229,,-3289,-1171,2146,5644,-2119
NO3,1996,20,282,807,,-3296,-1319,2303,4925,-1977
NO3,1996,21,101,649,,-3274,-1563,2554,4102,-1711
NO3,1996,22,195,666,,-3028,-1703,2645,3513,-1325
NO3,1996,23,320,1133,,-2846,-1553,2864,2432,-1293
NO3,1996,24,287,1245,,-2862,-1427,2664,1626,-1435
NO3,1996,25,596,914,,-2274,-1265,2692,1245,-1008
NO3,1996,26,-80,689,,-2466,-1346,2446,730,-1120
NO3,1996,27,978,951,,-1722,-1160,2635,558,-562
NO3,1996,28,137,578,,-1641,-1114,2388,395,-527
NO3,1996,29,308,539,,-1325,-920,2275,307,-405
NO3,1996,30,63,456,,-1288,-824,2118,181,-465
NO3,1996,31,399,449,,-1010,-717,2146,154,-294
NO3,1996,32,-145,393,,-1345,-770,1778,112,-576
NO3,1996,33,-166,283,,-1626,-868,1523,84,-758
NO3,1996,34,-12,291,,-1713,-920,1437,68,-793
NO3,1996,35,759,444,,-1165,-858,1877,63,-306
NO3,1996,36,119,332,,-1308,-895,1757,60,-414
NO3,1996,37,320,235,,-1266,-958,1755,158,-308
NO3,1996,38,-62,182,,-1586,-1056,1665,57,-530
NO3,1996,39,111,135,,-1763,-1152,1600,103,-610
NO3,1996,40,714,324,,-1377,-1063,1852,215,-314
NO3,1996,41,688,492,,-1157,-913,2028,211,-244
NO3,1996,42,276,271,,-1259,-854,1950,283,-405
NO3,1996,43,39,152,,-1545,-879,1847,272,-666
NO3,1996,44,877,214,,-978,-789,1952,805,-189
NO3,1996,45,850,331,,-648,-727,1847,1408,79
NO3,1996,46,333,148,,-758,-747,1869,1559,-10
NO3,1996,47,294,133,,-929,-770,1766,1812,-159
NO3,1996,48,29,50,,-1336,-802,1715,1840,-534
NO3,1996,49,139,45,,-1653,-832,1700,1944,-821
NO3,1996,50,602,326,,-1646,-676,1825,2067,-971
NO3,1996,51,533,79,,-1651,-749,1754,2584,-902
NO3,1996,52,331,48,,-1859,-877,1724,2893,-982
NO3,1997,1,170,37,,-2450,-787,1700,3046,-1663
NO3,1997,2,291,47,,-2641,-810,1683,3298,-1831
NO3,1997,3,1090,316,,-2193,-659,1809,3911,-1535
NO3,1997,4,262,164,,-2496,-579,1786,4020,-1917
NO3,1997,5,1089,245,,-1980,-454,1811,4808,-1526
NO3,1997,6,1023,120,,-1421,-347,1804,5698,-1074
NO3,1997,7,710,129,,-1196,-283,1758,6310,-914
NO3,1997,8,595,62,,-1091,-308,1766,6817,-783
NO3,1997,9,1030,188,,-592,-260,1797,7600,-332
NO3,1997,10,1281,318,,10,-198,1851,8477,208
NO3,1997,11,628,298,,11,-187,1859,8775,198
NO3,1997,12,151,69,,-298,-272,1793,8922,-26
NO3,1997,13,928,140,,199,-299,1806,9675,499
NO3,1997,14,2794,779,,2134,-141,1883,11541,2275
NO3,1997,15,1003,207,,2799,-224,1894,12310,3023
NO3,1997,16,623,188,,3086,-425,1884,12738,3511
NO3,1997,17,408,79,,3343,-737,1836,13106,4080
NO3,1997,18,441,396,,3515,-977,2034,12926,4492
NO3,1997,19,640,299,,4019,-1352,2103,13177,5371
NO3,1997,20,198,758,,3966,-1516,2367,12320,5482
NO3,1997,21,11,449,,3843,-2020,2269,11960,5862
NO3,1997,22,213,667,,3987,-2276,2562,11184,6263
NO3,1997,23,-78,1574,,3490,-1958,3038,8999,5448
NO3,1997,24,-36,2453,,2851,-887,3139,6323,3737
NO3,1997,25,345,1530,,2741,-534,2946,5275,3275
NO3,1997,26,201,1157,,2839,-85,2901,4319,2925
NO3,1997,27,325,1799,,2575,642,2837,2851,1933
NO3,1997,28,-132,1024,,2009,803,2556,1961,1206
NO3,1997,29,-72,884,,1564,972,2317,1261,592
NO3,1997,30,201,769,,1321,1023,2254,808,298
NO3,1997,31,282,669,,1177,1043,2142,586,134
NO3,1997,32,-100,483,,748,948,1872,393,-200
NO3,1997,33,-97,421,,388,846,1636,271,-459
NO3,1997,34,168,389,,314,766,1645,201,-452
NO3,1997,35,451,436,,543,810,1819,161,-267
NO3,1997,36,448,515,,629,851,1871,138,-222
NO3,1997,37,1678,858,,1775,1198,2405,392,577
NO3,1997,38,1674,1037,,2551,1427,2600,776,1124
NO3,1997,39,542,882,,1778,1411,2549,132,367
NO3,1997,40,696,531,,1801,1357,2554,271,444
NO3,1997,41,431,468,,1571,1284,2449,321,287
NO3,1997,42,611,360,,1630,1269,2444,555,361
NO3,1997,43,1687,406,,2626,1163,2246,2003,1463
NO3,1997,44,464,357,,2533,1146,2368,1965,1387
NO3,1997,45,209,253,,2239,1137,2151,2126,1102
NO3,1997,46,118,160,,1838,1049,2113,2115,789
NO3,1997,47,18,130,,1367,994,2059,2051,373
NO3,1997,48,103,73,,967,920,1985,2151,47
NO3,1997,49,353,56,,784,823,1939,2487,-38
NO3,1997,50,277,150,,493,818,1974,2563,-325
NO3,1997,51,67,64,,-4,698,1929,2608,-703
NO3,1997,52,136,45,,-415,559,1894,2731,-974
NO3,1998,1,189,42,,-1090,551,1881,2886,-1641
NO3,1998,2,592,50,,-1015,504,1881,3412,-1519
NO3,1998,3,538,210,,-1122,531,1929,3673,-1653
NO3,1998,4,359,81,,-1377,475,1900,3972,-1851
NO3,1998,5,983,200,,-1091,424,1891,4739,-1516
NO3,1998,6,559,45,,-1043,398,1862,5273,-1441
NO3,1998,7,1161,209,,-452,474,1894,6162,-926
NO3,1998,8,1050,549,,-17,848,2185,6315,-866
NO3,1998,9,1840,636,,1032,1113,2121,7528,-81
NO3,1998,10,445,128,,936,1092,2004,7960,-156
NO3,1998,11,729,74,,1191,1016,1945,8666,175
NO3,1998,12,1110,147,,1738,922,1955,9603,816
NO3,1998,13,189,114,,1428,786,1976,9649,642
NO3,1998,14,347,307,,1261,768,2029,9612,493
NO3,1998,15,60,74,,977,534,1962,9661,442
NO3,1998,16,79,56,,791,260,1951,9691,532
NO3,1998,17,28,290,,717,212,2216,9151,505
NO3,1998,18,537,873,,937,415,2394,8595,521
NO3,1998,19,309,525,,1157,320,2499,8248,838
NO3,1998,20,66,1048,,917,395,2839,6889,522
NO3,1998,21,405,1116,,756,158,2596,6368,598
NO3,1998,22,-25,538,,669,-237,2744,5645,906
NO3,1998,23,166,744,,520,-672,2644,5136,1191
NO3,1998,24,663,1200,,1103,-361,2868,4322,1464
NO3,1998,25,562,1029,,1494,-241,2864,3818,1736
NO3,1998,26,38,1178,,1408,205,2760,2739,1203
NO3,1998,27,114,929,,1348,449,2600,2054,899
NO3,1998,28,269,751,,1434,593,2512,1639,841
NO3,1998,29,185,650,,1401,712,2369,1306,689
NO3,1998,30,650,720,,1787,950,2608,993,837
NO3,1998,31,284,721,,1619,1034,2423,757,586
NO3,1998,32,472,655,,1672,1130,2415,593,542
NO3,1998,33,128,486,,1414,1082,2252,445,332
NO3,1998,34,868,742,,1774,1251,2425,396,523
NO3,1998,35,287,483,,1666,1280,2269,364,386
NO3,1998,36,-99,301,,1114,1064,1978,303,50
NO3,1998,37,182,312,,913,911,1983,240,2
NO3,1998,38,376,395,,910,904,2055,203,6
NO3,1998,39,198,330,,716,879,2007,143,-164
NO3,1998,40,43,202,,329,757,1866,87,-427
NO3,1998,41,323,190,,192,601,1942,131,-409
NO3,1998,42,672,259,,390,559,1916,553,-169
NO3,1998,43,691,336,,596,582,2085,715,14
NO3,1998,44,694,339,,768,582,1989,1144,186
NO3,1998,45,147,120,,486,506,1870,1287,-20
NO3,1998,46,137,79,,183,410,1803,1408,-227
NO3,1998,47,278,61,,31,348,1779,1642,-317
NO3,1998,48,305,184,,-252,311,1785,1741,-563
NO3,1998,49,440,302,,-462,360,1912,1730,-822
NO3,1998,50,39,86,,-1002,269,1826,1766,-1271
NO3,1998,51,1592,420,,-193,332,1994,2721,-525
NO3,1998,52,747,150,,-82,217,1874,3426,-298
NO3,1998,53,233,80,,-430,116,1832,3614,-545
NO3,1999,1,138,54,,-923,-40,1798,3727,-883
NO3,1999,2,229,31,,-1242,-147,1771,3946,-1095
NO3,1999,3,715,143,,-1145,-159,1811,4456,-986
NO3,1999,4,540,76,,-1173,-170,1783,4937,-1003
NO3,1999,5,2107,472,,221,65,1908,6393,156
NO3,1999,6,378,86,,104,89,1838,6753,15
NO3,1999,7,1255,141,,807,111,1813,7865,696
NO3,1999,8,473,38,,817,80,1781,8323,737
NO3,1999,9,231,27,,589,15,1762,8542,574
NO3,1999,10,48,21,,164,-45,1752,8577,209
NO3,1999,11,485,89,,198,-76,1796,8914,274
NO3,1999,12,437,57,,203,-136,1773,9307,339
NO3,1999,13,329,348,,-41,-95,1957,9079,54
NO3,1999,14,929,686,,298,244,2343,8860,54
NO3,1999,15,142,357,,84,293,2075,8898,-209
NO3,1999,16,138,251,,-33,230,2172,8675,-263
NO3,1999,17,347,652,,-30,322,2297,8213,-352
NO3,1999,18,46,280,,-86,112,2278,7992,-199
NO3,1999,19,-2,201,,-110,-259,2168,7890,149
NO3,1999,20,64,818,,-109,-174,2621,6649,65
NO3,1999,21,696,1070,,129,-341,2727,6109,470
NO3,1999,22,412,1037,,439,-242,2856,5308,681
NO3,1999,23,296,1245,,485,-92,2819,4347,577
NO3,1999,24,335,1201,,656,136,2726,3520,520
NO3,1999,25,458,1021,,796,103,2669,2971,693
NO3,1999,26,353,912,,975,228,2627,2416,747
NO3,1999,27,122,886,,684,179,2455,1806,505
NO3,1999,28,460,993,,697,280,2424,1303,416
NO3,1999,29,556,814,,999,507,2467,1012,493
NO3,1999,30,155,676,,769,537,2235,761,232
NO3,1999,31,-199,512,,264,472,1859,527,-208
NO3,1999,32,79,330,,7,293,1733,446,-286
NO3,1999,33,-31,235,,-221,177,1586,382,-398
NO3,1999,34,254,277,,-162,136,1678,321,-299
NO3,1999,35,279,381,,4,263,1729,258,-259
NO3,1999,36,217,375,,-72,241,1704,215,-313
NO3,1999,37,174,283,,-191,137,1713,180,-327
NO3,1999,38,-5,225,,-451,61,1583,157,-512
NO3,1999,39,467,247,,-387,25,1762,140,-412
NO3,1999,40,360,226,,-362,-6,1781,244,-356
NO3,1999,41,903,445,,37,62,1881,577,-25
NO3,1999,42,78,152,,-264,-6,1766,614,-258
NO3,1999,43,783,350,,81,79,2016,771,2
NO3,1999,44,737,711,,168,341,2094,680,-173
NO3,1999,45,592,442,,295,577,2231,663,-282
NO3,1999,46,204,238,,15,602,2019,832,-588
NO3,1999,47,889,368,,340,738,2115,1224,-398
NO3,1999,48,1885,384,,1499,795,2020,2772,704
NO3,1999,49,667,116,,1576,708,1920,3413,868
NO3,1999,50,810,72,,1820,627,1857,4198,1193
NO3,1999,51,768,89,,2032,546,1855,4871,1486
NO3,1999,52,329,95,,1710,360,1814,5136,1351
NO3,2000,1,1424,243,,2103,415,1912,6183,1687
NO3,2000,2,872,264,,2227,357,1854,6828,1870
NO3,2000,3,1520,238,,3067,388,1840,8093,2679
NO3,2000,4,874,111,,3309,352,1824,8856,2957
NO3,2000,5,1372,92,,4183,386,1833,10108,3796
NO3,2000,6,809,224,,4377,446,1836,10671,3931
NO3,2000,7,588,73,,4474,442,1781,11232,4032
NO3,2000,8,391,39,,4347,356,1767,11590,3991
NO3,2000,9,1369,128,,5148,304,1758,12816,4844
NO3,2000,10,1351,60,,5979,246,1740,14113,5733
NO3,2000,11,1091,62,,6624,191,1747,15124,6434
NO3,2000,12,635,153,,6733,136,1761,15578,6597
NO3,2000,13,152,81,,6409,-12,1790,15612,6420
NO3,2000,14,432,62,,6459,-157,1779,15986,6617
NO3,2000,15,200,147,,6268,-357,1839,15966,6625
NO3,2000,16,283,442,,6091,-415,2128,15489,6506
NO3,2000,17,112,641,,5945,-249,2346,14710,6195
NO3,2000,18,234,1304,,5786,318,2698,13238,5468
NO3,2000,19,50,1519,,5121,620,2971,11439,4501
NO3,2000,20,81,2192,,4335,1321,3107,9113,3014
NO3,2000,21,143,1150,,4007,1205,3011,8157,2802
NO3,2000,22,569,887,,4263,940,2952,7854,3323
NO3,2000,23,27,790,,3986,559,3013,7002,3426
NO3,2000,24,1129,1506,,4313,479,2957,6602,3833
NO3,2000,25,698,1635,,4329,721,3209,5345,3608
NO3,2000,26,502,1209,,4340,833,3131,4672,3507
NO3,2000,27,505,1505,,3960,963,2961,3791,2997
NO3,2000,28,345,895,,3939,1075,2925,3251,2865
NO3,2000,29,-33,939,,3319,1107,2711,2487,2212
NO3,2000,30,-142,911,,2611,1204,2393,1778,1407
NO3,2000,31,117,698,,2197,1166,2281,1345,1031
NO3,2000,32,935,910,,2422,1244,2498,1146,1178
NO3,2000,33,596,744,,2405,1247,2586,938,1158
NO3,2000,34,227,520,,2128,1175,2418,833,953
NO3,2000,35,274,502,,1968,1145,2382,688,823
NO3,2000,36,517,495,,1990,1124,2444,654,867
NO3,2000,37,259,513,,1607,988,2213,625,618
NO3,2000,38,11,304,,1146,825,2008,565,321
NO3,2000,39,14,256,,353,677,1918,72,-324
NO3,2000,40,30,236,,43,556,1798,69,-513
NO3,2000,41,115,155,,-269,374,1740,99,-642
NO3,2000,42,225,173,,-365,355,1808,110,-720
NO3,2000,43,361,238,,-495,259,1825,206,-755
NO3,2000,44,223,180,,-755,126,1774,292,-881
NO3,2000,45,60,97,,-1102,46,1697,331,-1148
NO3,2000,46,93,76,,-1451,-55,1647,396,-1396
NO3,2000,47,136,60,,-1720,-98,1621,494,-1621
NO3,2000,48,257,90,,-1895,-81,1678,597,-1814
NO3,2000,49,208,185,,-2191,-13,1716,571,-2178
NO3,2000,50,273,120,,-2447,-15,1686,744,-2432
NO3,2000,51,166,62,,-2886,-175,1631,899,-2711
NO3,2000,52,210,41,,-3262,-359,1592,1103,-2904
NO3,2001,1,52,31,,-4070,-376,1584,1131,-3693
NO3,2001,2,746,46,,-3868,-462,1573,1833,-3406
NO3,2001,3,13,27,,-4430,-568,1557,1835,-3862
NO3,2001,4,89,29,,-4889,-615,1565,1884,-4274
NO3,2001,5,137,25,,-5295,-708,1545,2013,-4587
NO3,2001,6,166,15,,-5583,-713,1531,2174,-4870
NO3,2001,7,940,168,,-5144,-613,1619,2832,-4531
NO3,2001,8,1251,146,,-4380,-550,1614,3922,-3830
NO3,2001,9,76,33,,-4734,-582,1582,3996,-4152
NO3,2001,10,385,38,,-4715,-513,1579,4339,-4202
NO3,2001,11,214,34,,-4836,-494,1571,4523,-4342
NO3,2001,12,138,16,,-5052,-525,1557,4657,-4527
NO3,2001,13,90,13,,-5257,-565,1555,4735,-4692
NO3,2001,14,743,272,,-4935,-517,1692,5040,-4418
NO3,2001,15,199,83,,-4881,-540,1644,5196,-4341
NO3,2001,16,169,54,,-4834,-674,1629,5321,-4160
NO3,2001,17,53,197,,-4859,-794,1843,4954,-4066
NO3,2001,18,217,430,,-4775,-871,1967,4597,-3904
NO3,2001,19,-47,856,,-5136,-859,2555,3077,-4277
NO3,2001,20,146,880,,-5095,-750,2521,2340,-4344
NO3,2001,21,493,632,,-4631,-954,2590,2099,-3678
NO3,2001,22,400,730,,-4184,-1028,2604,1724,-3155
NO3,2001,23,592,658,,-3606,-1245,2653,1576,-2360
NO3,2001,24,304,533,,-3344,-1595,2530,1446,-1749
NO3,2001,25,-146,584,,-3253,-1550,2346,897,-1703
NO3,2001,26,14,701,,-3148,-1438,2165,421,-1709
NO3,2001,27,387,763,,-2650,-1182,2090,198,-1468
NO3,2001,28,641,664,,-1962,-1014,2240,123,-948
NO3,2001,29,631,605,,-1386,-849,2347,103,-537
NO3,2001,30,41,490,,-1438,-796,2040,81,-642
NO3,2001,31,528,476,,-1002,-654,2174,72,-348
NO3,2001,32,764,719,,-669,-543,2271,68,-126
NO3,2001,33,449,602,,-394,-332,2243,60,-62
NO3,2001,34,143,476,,-491,-311,2062,56,-180
NO3,2001,35,628,574,,-148,-149,2193,55,1
NO3,2001,36,233,387,,-206,-110,2080,56,-96
NO3,2001,37,341,354,,-94,-47,2120,52,-47
NO3,2001,38,-88,256,,-453,-122,1871,51,-331
NO3,2001,39,126,200,,-676,-241,1788,91,-435
NO3,2001,40,713,487,,-349,-75,2042,65,-274
NO3,2001,41,572,412,,-222,-16,2180,97,-206
NO3,2001,42,73,277,,-558,-16,2026,70,-543
NO3,2001,43,343,208,,-666,-103,2067,155,-563
NO3,2001,44,1551,508,,372,97,2312,909,275
NO3,2001,45,1196,454,,949,193,2134,1798,756
NO3,2001,46,2075,390,,2479,338,2141,3439,2142
NO3,2001,47,847,412,,2639,388,2042,3945,2250
NO3,2001,48,440,185,,2533,396,2020,4207,2138
NO3,2001,49,321,129,,2259,315,1931,4477,1944
NO3,2001,50,312,190,,2015,361,1970,4546,1654
NO3,2001,51,1025,256,,2362,340,1966,5295,2022
NO3,2001,52,255,76,,2030,192,1893,5543,1838
NO3,2002,1,816,58,,1939,161,1854,6333,1778
NO3,2002,2,311,152,,1651,132,1954,6376,1519
NO3,2002,3,336,303,,1248,163,1951,6388,1085
NO3,2002,4,684,76,,1323,112,1888,7045,1211
NO3,2002,5,807,57,,1584,62,1879,7789,1522
NO3,2002,6,506,157,,1459,34,1895,8106,1425
NO3,2002,7,840,162,,1691,16,1980,8677,1675
NO3,2002,8,828,203,,1864,-32,1881,9381,1896
NO3,2002,9,523,50,,1878,-122,1841,9888,2000
NO3,2002,10,1549,77,,2890,-169,1831,11347,3058
NO3,2002,11,352,40,,2757,-296,1808,11682,3053
NO3,2002,12,365,37,,2639,-432,1801,12011,3071
NO3,2002,13,296,259,,2364,-481,1934,11893,2845
NO3,2002,14,41,333,,1986,-380,2087,11428,2366
NO3,2002,15,93,298,,1708,-403,2118,11174,2110
NO3,2002,16,1,278,,1454,-437,2195,10807,1891
NO3,2002,17,337,846,,1576,-16,2491,9963,1592
NO3,2002,18,318,581,,1810,110,2460,9707,1699
NO3,2002,19,-23,839,,1605,238,2793,8483,1366
NO3,2002,20,237,1299,,1473,515,2741,7422,958
NO3,2002,21,-30,1301,,1278,857,2937,5851,422
NO3,2002,22,104,1053,,1346,1029,2839,4961,317
NO3,2002,23,-272,1489,,477,1074,2733,3258,-598
NO3,2002,24,276,1192,,356,1049,2565,2467,-693
NO3,2002,25,172,779,,311,856,2429,1972,-545
NO3,2002,26,511,728,,577,712,2466,1694,-135
NO3,2002,27,433,679,,759,613,2495,1406,146
NO3,2002,28,383,812,,871,706,2440,1035,164
NO3,2002,29,60,665,,595,660,2257,664,-65
NO3,2002,30,288,656,,531,686,2135,474,-155
NO3,2002,31,-129,511,,185,660,1846,272,-476
NO3,2002,32,60,484,,-106,502,1685,173,-608
NO3,2002,33,82,380,,-257,379,1610,119,-637
NO3,2002,34,-159,347,,-606,249,1359,84,-855
NO3,2002,35,369,338,,-443,185,1549,71,-627
NO3,2002,36,393,407,,-351,166,1652,62,-518
NO3,2002,37,39,300,,-569,39,1557,55,-608
NO3,2002,38,504,332,,-366,80,1725,81,-446
NO3,2002,39,430,286,,-253,123,1853,85,-376
NO3,2002,40,669,507,,0,261,2058,63,-260
NO3,2002,41,27,211,,-509,39,1851,82,-549
NO3,2002,42,76,119,,-923,-173,1729,159,-750
NO3,2002,43,537,136,,-943,-432,1747,528,-511
NO3,2002,44,656,205,,-803,-566,1697,1013,-237
NO3,2002,45,174,91,,-1069,-680,1647,1140,-389
NO3,2002,46,78,50,,-1440,-813,1599,1212,-627
NO3,2002,47,125,38,,-1704,-863,1566,1330,-840
NO3,2002,48,42,27,,-2090,-911,1546,1363,-1179
NO3,2002,49,13,21,,-2523,-958,1526,1374,-1565
NO3,2002,50,57,21,,-2919,-991,1517,1417,-1929
NO3,2002,51,936,137,,-2546,-1017,1554,2157,-1529
NO3,2002,52,70,40,,-2981,-1124,1527,2214,-1857
NO3,2003,1,392,26,,-3426,-1120,1508,2593,-2307
NO3,2003,2,1066,62,,-2882,-1159,1517,3572,-1723
NO3,2003,3,1766,284,,-1740,-1020,1605,4929,-720
NO3,2003,4,706,127,,-1587,-964,1571,5529,-623
NO3,2003,5,400,105,,-1725,-962,1548,5834,-763
NO3,2003,6,226,33,,-1960,-954,1539,6031,-1006
NO3,2003,7,156,109,,-2309,-934,1559,6048,-1375
NO3,2003,8,1,30,,-2739,-950,1530,6048,-1789
NO3,2003,9,3,16,,-3123,-957,1514,6049,-2166
NO3,2003,10,114,26,,-3402,-928,1532,6115,-2473
NO3,2003,11,406,196,,-3464,-865,1589,6249,-2599
NO3,2003,12,233,162,,-3652,-806,1659,6236,-2846
NO3,2003,13,295,321,,-3885,-751,1821,6027,-3135
NO3,2003,14,800,220,,-3471,-725,1753,6649,-2746
NO3,2003,15,36,77,,-3675,-853,1697,6663,-2822
NO3,2003,16,-4,363,,-3999,-868,2176,5804,-3130
NO3,2003,17,1,745,,-4493,-840,2297,4912,-3653
NO3,2003,18,288,293,,-4261,-978,2199,4986,-3283
NO3,2003,19,419,487,,-3913,-1098,2338,4757,-2814
NO3,2003,20,363,550,,-3561,-1240,2369,4514,-2322
NO3,2003,21,359,838,,-3231,-1239,2597,3777,-1992
NO3,2003,22,323,981,,-3009,-1203,2665,3011,-1806
NO3,2003,23,196,1300,,-3065,-1000,2737,1787,-2064
NO3,2003,24,120,882,,-2988,-998,2491,1244,-1990
NO3,2003,25,269,663,,-2719,-1099,2432,893,-1620
NO3,2003,26,78,649,,-2685,-1165,2249,526,-1520
NO3,2003,27,-148,499,,-2821,-1264,1903,296,-1556
NO3,2003,28,412,468,,-2391,-1302,2035,187,-1089
NO3,2003,29,-126,445,,-2428,-1297,1757,98,-1131
NO3,2003,30,141,421,,-2311,-1282,1665,70,-1029
NO3,2003,31,172,381,,-2184,-1270,1625,56,-914
NO3,2003,32,61,348,,-2277,-1370,1512,47,-906
NO3,2003,33,1558,974,,-985,-894,2233,42,-91
NO3,2003,34,510,637,,-726,-689,2223,39,-37
NO3,2003,35,379,494,,-444,-393,2153,43,-50
NO3,2003,36,136,342,,-579,-411,2027,37,-168
NO3,2003,37,42,309,,-849,-514,1850,36,-335
NO3,2003,38,613,477,,-684,-508,2013,63,-176
NO3,2003,39,1207,787,,-72,-201,2333,110,129
NO3,2003,40,254,390,,-348,-261,2170,124,-87
NO3,2003,41,349,291,,-520,-376,2121,217,-144
NO3,2003,42,179,239,,-862,-493,2009,260,-369
NO3,2003,43,254,137,,-1141,-733,1889,488,-408
NO3,2003,44,639,317,,-1012,-744,1962,716,-269
NO3,2003,45,117,238,,-1361,-731,2064,482,-630
NO3,2003,46,32,139,,-1815,-811,1947,488,-1004
NO3,2003,47,405,130,,-1882,-840,1892,803,-1041
NO3,2003,48,119,95,,-2246,-870,1863,850,-1376
NO3,2003,49,825,176,,-1957,-835,1904,1439,-1122
NO3,2003,50,1083,312,,-1506,-726,1952,2131,-780
NO3,2003,51,2137,561,,-70,-435,2079,3526,365
NO3,2003,52,841,216,,226,-385,1972,4237,611
NO3,2004,1,276,84,,-386,-374,1892,4504,-12
NO3,2004,2,208,52,,-710,-447,1854,4694,-264
NO3,2004,3,150,46,,-1137,-530,1823,4824,-607
NO3,2004,4,217,28,,-1498,-607,1802,5029,-891
NO3,2004,5,241,28,,-1756,-652,1782,5258,-1105
NO3,2004,6,685,184,,-1602,-544,1834,5684,-1058
NO3,2004,7,813,73,,-1222,-487,1842,6405,-735
NO3,2004,8,500,189,,-1253,-425,1882,6657,-828
NO3,2004,9,659,79,,-1080,-460,1820,7290,-620
NO3,2004,10,384,49,,-1210,-528,1805,7634,-682
NO3,2004,11,53,34,,-1579,-597,1791,7663,-982
NO3,2004,12,452,312,,-1711,-537,1940,7627,-1174
NO3,2004,13,235,93,,-1898,-616,1867,7833,-1283
NO3,2004,14,152,181,,-2102,-613,1946,7713,-1490
NO3,2004,15,342,215,,-2032,-617,1993,7774,-1414
NO3,2004,16,349,425,,-2018,-572,2212,7453,-1446
NO3,2004,17,165,834,,-2072,-170,2417,6543,-1902
NO3,2004,18,290,790,,-1899,138,2566,5866,-2036
NO3,2004,19,42,1134,,-1558,1054,2868,4429,-2612
NO3,2004,20,161,979,,-1765,1001,2620,3819,-2766
NO3,2004,21,1026,839,,-1083,716,2634,3934,-1799
NO3,2004,22,19,477,,-1182,202,2613,3486,-1384
NO3,2004,23,-176,907,,-1770,-169,2610,2378,-1601
NO3,2004,24,315,864,,-1631,-312,2580,1827,-1319
NO3,2004,25,620,845,,-1141,-343,2528,1620,-798
NO3,2004,26,409,571,,-777,-449,2602,1366,-328
NO3,2004,27,451,778,,-461,-334,2633,996,-127
NO3,2004,28,233,692,,-455,-319,2431,744,-136
NO3,2004,29,104,490,,-461,-285,2241,569,-176
NO3,2004,30,258,511,,-294,-132,2212,389,-162
NO3,2004,31,-77,454,,-563,-130,1916,245,-433
NO3,2004,32,-37,428,,-718,-114,1725,137,-604
NO3,2004,33,-151,382,,-1003,-185,1464,84,-818
NO3,2004,34,407,317,,-824,-273,1677,70,-551
NO3,2004,35,173,293,,-919,-351,1616,63,-568
NO3,2004,36,315,331,,-844,-360,1693,54,-484
NO3,2004,37,528,414,,-549,-267,1888,49,-283
NO3,2004,38,1088,667,,122,11,2299,65,111
NO3,2004,39,1251,931,,851,534,2534,97,317
NO3,2004,40,582,703,,739,656,2373,91,83
NO3,2004,41,285,342,,431,517,2267,128,-86
NO3,2004,42,17,198,,-31,394,2085,128,-425
NO3,2004,43,101,147,,-389,232,2004,160,-621
NO3,2004,44,147,145,,-689,98,1952,209,-786
NO3,2004,45,750,327,,-489,129,2090,468,-618
NO3,2004,46,1358,463,,280,304,2146,1268,-24
NO3,2004,47,1999,404,,1630,391,2025,2951,1238
NO3,2004,48,815,166,,1945,426,1976,3632,1519
NO3,2004,49,497,180,,1891,453,2002,3900,1438
NO3,2004,50,1133,608,,2131,618,2119,4256,1513
NO3,2004,51,952,565,,2181,710,2099,4612,1471
NO3,2004,52,1037,135,,2587,584,1990,5611,2003
NO3,2004,53,749,132,,2688,477,1979,6224,2211
NO3,2005,1,1867,238,,3754,370,1989,7803,3384
NO3,2005,2,1395,313,,4361,331,1974,8867,4029
NO3,2005,3,1029,213,,4661,282,1959,9675,4379
NO3,2005,4,838,90,,4876,224,1940,10435,4652
NO3,2005,5,1548,297,,5724,281,1978,11611,5443
NO3,2005,6,687,140,,5788,246,1916,12202,5542
NO3,2005,7,362,60,,5575,143,1887,12526,5432
NO3,2005,8,74,39,,5088,6,1852,12595,5081
NO3,2005,9,246,23,,4805,-132,1832,12834,4937
NO3,2005,10,319,31,,4572,-255,1830,13117,4826
NO3,2005,11,306,25,,4422,-362,1812,13409,4785
NO3,2005,12,90,117,,4002,-445,1893,13295,4447
NO3,2005,13,27,121,,3555,-549,1934,13152,4104
NO3,2005,14,427,361,,3411,-566,2009,13118,3977
NO3,2005,15,559,348,,3553,-580,2061,13252,4133
NO3,2005,16,55,184,,3359,-705,2032,13143,4064
NO3,2005,17,15,357,,3188,-772,2250,12572,3960
NO3,2005,18,392,649,,3348,-716,2313,12219,4064
NO3,2005,19,152,333,,3418,-1009,2326,12010,4427
NO3,2005,20,277,337,,3694,-1360,2372,11887,5054
NO3,2005,21,266,1114,,3631,-1365,2666,10697,4996
NO3,2005,22,122,750,,3692,-1532,2770,9937,5224
NO3,2005,23,352,959,,3757,-1712,2888,9170,5469
NO3,2005,24,542,1616,,4057,-1140,3122,7800,5197
NO3,2005,25,237,1992,,3632,-515,3040,6053,4147
NO3,2005,26,122,1305,,3303,-262,3050,4811,3565
NO3,2005,27,-205,1707,,2407,263,2797,3102,2144
NO3,2005,28,2,1243,,1750,426,2491,2144,1325
NO3,2005,29,227,990,,1544,653,2430,1447,891
NO3,2005,30,106,713,,1171,631,2257,1047,540
NO3,2005,31,526,636,,1308,681,2393,828,626
NO3,2005,32,901,1047,,1465,829,2460,642,637
NO3,2005,33,45,493,,1119,762,2237,485,356
NO3,2005,34,537,597,,1207,794,2311,400,413
NO3,2005,35,764,754,,1335,828,2419,334,506
NO3,2005,36,798,811,,1434,893,2478,295,542
NO3,2005,37,1052,819,,1789,1031,2565,412,758
NO3,2005,38,428,710,,1492,1032,2468,245,461
NO3,2005,39,269,440,,924,858,2315,65,66
NO3,2005,40,253,412,,578,695,2218,46,-116
NO3,2005,41,400,381,,385,541,2252,74,-156
NO3,2005,42,115,216,,-31,384,2084,139,-415
NO3,2005,43,354,255,,-184,288,2224,90,-472
NO3,2005,44,423,467,,-313,341,2229,63,-654
NO3,2005,45,638,487,,-331,431,2220,194,-762
NO3,2005,46,1915,597,,768,525,2173,1508,243
NO3,2005,47,436,340,,621,600,2130,1628,22
NO3,2005,48,388,133,,427,509,2006,2000,-82
NO3,2005,49,281,118,,214,519,2007,2153,-304
NO3,2005,50,1827,595,,1199,726,2015,3321,474
NO3,2005,51,661,121,,1255,630,1957,3907,625
NO3,2005,52,259,81,,831,392,1886,4152,439
NO3,2006,1,34,42,,-90,290,1846,4182,-380
NO3,2006,2,429,148,,-343,174,1896,4398,-517
NO3,2006,3,382,87,,-651,24,1840,4740,-675
NO3,2006,4,354,88,,-967,-78,1860,4974,-889
NO3,2006,5,1103,767,,-1013,37,1966,5129,-1050
NO3,2006,6,1208,133,,-403,23,1891,6259,-425
NO3,2006,7,52,50,,-880,-50,1853,6299,-831
NO3,2006,8,180,48,,-1229,-140,1847,6430,-1089
NO3,2006,9,207,37,,-1574,-288,1813,6631,-1286
NO3,2006,10,78,21,,-2063,-442,1793,6706,-1621
NO3,2006,11,123,22,,-2428,-587,1791,6805,-1841
NO3,2006,12,350,31,,-2543,-712,1772,7138,-1831
NO3,2006,13,293,42,,-2603,-776,1776,7379,-1827
NO3,2006,14,156,23,,-2662,-798,1768,7517,-1864
NO3,2006,15,212,78,,-2621,-849,1827,7583,-1771
NO3,2006,16,262,175,,-2579,-946,1846,7633,-1633
NO3,2006,17,182,325,,-2480,-932,1989,7325,-1548
NO3,2006,18,-29,700,,-2492,-587,2440,6124,-1904
NO3,2006,19,58,1494,,-3264,-427,2532,4539,-2838
NO3,2006,20,203,436,,-3012,-628,2513,4309,-2384
NO3,2006,21,655,785,,-2641,-926,2553,4099,-1714
NO3,2006,22,200,557,,-2449,-1236,2671,3598,-1213
NO3,2006,23,8,896,,-2760,-1522,2831,2520,-1238
NO3,2006,24,-188,1427,,-3360,-1336,2536,1166,-2024
NO3,2006,25,251,882,,-3123,-1240,2366,697,-1883
NO3,2006,26,12,581,,-3185,-1431,2162,379,-1755
NO3,2006,27,106,534,,-2947,-1432,2055,186,-1514
NO3,2006,28,459,554,,-2515,-1406,2064,138,-1108
NO3,2006,29,-162,374,,-2658,-1513,1751,90,-1146
NO3,2006,30,286,419,,-2422,-1583,1867,59,-838
NO3,2006,31,111,481,,-2413,-1575,1711,46,-837
NO3,2006,32,180,380,,-2443,-1706,1689,40,-737
NO3,2006,33,188,364,,-2404,-1756,1681,36,-649
NO3,2006,34,16,322,,-2511,-1796,1548,34,-716
NO3,2006,35,159,279,,-2439,-1778,1553,33,-661
NO3,2006,36,947,525,,-1566,-1382,2012,35,-184
NO3,2006,37,-55,347,,-1807,-1390,1772,31,-417
NO3,2006,38,330,443,,-1773,-1346,1795,31,-427
NO3,2006,39,273,347,,-1793,-1351,1842,31,-442
NO3,2006,40,441,316,,-1670,-1318,1977,52,-352
NO3,2006,41,262,343,,-1861,-1354,1932,43,-507
NO3,2006,42,272,220,,-1969,-1362,1911,120,-607
NO3,2006,43,623,213,,-1773,-1422,1868,566,-351
NO3,2006,44,926,207,,-1248,-1436,1835,1299,188
NO3,2006,45,1209,571,,-710,-1265,1877,1854,555
NO3,2006,46,579,208,,-520,-1167,1870,2214,646
NO3,2006,47,273,193,,-632,-1047,1911,2241,415
NO3,2006,48,757,532,,-506,-759,2112,2230,253
NO3,2006,49,470,335,,-633,-623,2030,2424,-10
NO3,2006,50,1325,438,,-21,-460,2049,3253,439
NO3,2006,51,884,428,,240,-245,2173,3552,485
NO3,2006,52,564,559,,115,19,2147,3548,97
NO3,2007,1,957,282,,149,217,2075,4265,-68
NO3,2007,2,1074,227,,645,298,2004,5155,347
NO3,2007,3,1048,174,,1083,326,1944,6068,757
NO3,2007,4,1047,77,,1532,286,1886,7083,1246
NO3,2007,5,1554,180,,2505,331,1955,8365,2174
NO3,2007,6,414,145,,2332,328,1869,8711,2005
NO3,2007,7,104,48,,1918,267,1847,8785,1651
NO3,2007,8,303,52,,1676,167,1817,9058,1509
NO3,2007,9,144,32,,1347,94,1803,9181,1253
NO3,2007,10,247,73,,1069,42,1836,9311,1027
NO3,2007,11,1180,582,,1362,109,1981,9709,1253
NO3,2007,12,495,135,,1368,67,1928,10115,1301
NO3,2007,13,11,245,,807,-8,2008,9789,815
NO3,2007,14,701,244,,1102,20,2035,10196,1082
NO3,2007,15,479,301,,1224,17,2195,10194,1208
NO3,2007,16,531,564,,1264,50,2178,10147,1214
NO3,2007,17,252,781,,1412,512,2521,9242,901
NO3,2007,18,-11,710,,1228,676,2684,8336,552
NO3,2007,19,156,541,,1216,515,2545,8065,701
NO3,2007,20,510,528,,1698,342,2642,7919,1356
NO3,2007,21,431,977,,1707,103,2691,7278,1603
NO3,2007,22,358,1161,,2140,500,2905,6218,1641
NO3,2007,23,-306,1943,,1027,804,2772,4040,223
NO3,2007,24,163,1117,,763,668,2495,3326,95
NO3,2007,25,-11,880,,528,566,2432,2476,-38
NO3,2007,26,95,855,,343,502,2230,1907,-159
NO3,2007,27,-99,648,,293,641,1996,1412,-347
NO3,2007,28,748,826,,744,711,2227,1117,33
NO3,2007,29,643,830,,1034,840,2285,895,194
NO3,2007,30,119,520,,898,830,2111,721,68
NO3,2007,31,581,610,,1135,900,2206,623,234
NO3,2007,32,-29,516,,732,792,1947,459,-59
NO3,2007,33,634,616,,943,817,2111,381,126
NO3,2007,34,-16,429,,567,714,1846,306,-147
NO3,2007,35,738,487,,945,810,2038,344,135
NO3,2007,36,1129,707,,1670,1117,2475,309,553
NO3,2007,37,925,743,,1955,1229,2513,433,726
NO3,2007,38,756,620,,1979,1176,2452,603,803
NO3,2007,39,193,531,,1229,1118,2326,100,111
NO3,2007,40,97,270,,889,1003,2215,53,-113
NO3,2007,41,792,399,,1132,977,2264,373,155
NO3,2007,42,806,641,,1292,1158,2450,321,133
NO3,2007,43,156,379,,921,1166,2415,126,-245
NO3,2007,44,1608,722,,1733,1301,2462,917,432
NO3,2007,45,1289,355,,2408,1300,2271,2013,1108
NO3,2007,46,732,260,,2574,1272,2241,2500,1303
NO3,2007,47,382,191,,2409,1226,2103,2816,1182
NO3,2007,48,1254,136,,3140,1212,2027,3990,1928
NO3,2007,49,577,177,,3145,1210,2012,4388,1935
NO3,2007,50,18,71,,2602,1119,1943,4402,1483
NO3,2007,51,97,100,,2091,995,1952,4384,1096
NO3,2007,52,726,275,,2113,952,1993,4767,1161
NO3,2008,1,335,90,,1531,940,1917,5082,591
NO3,2008,2,283,61,,1244,843,1891,5322,401
NO3,2008,3,765,103,,1399,795,1905,5953,603
NO3,2008,4,1463,113,,2238,774,1886,7300,1464
NO3,2008,5,792,178,,2460,823,1874,7908,1637
NO3,2008,6,387,75,,2382,871,1890,8196,1510
NO3,2008,7,407,90,,2259,849,1880,8512,1409
NO3,2008,8,1785,427,,3301,962,1973,9732,2338
NO3,2008,9,876,173,,3648,986,1902,10489,2661
NO3,2008,10,936,80,,4096,982,1868,11366,3114
NO3,2008,11,168,120,,3758,922,1891,11382,2836
NO3,2008,12,665,64,,3943,818,1845,12022,3126
NO3,2008,13,42,27,,3552,654,1826,12054,2898
NO3,2008,14,253,167,,3355,552,1914,12038,2803
NO3,2008,15,233,83,,3326,412,1880,12215,2914
NO3,2008,16,67,73,,3187,214,1890,12194,2973
NO3,2008,17,30,248,,3063,73,2083,11769,2990
NO3,2008,18,195,978,,3046,484,2455,10576,2562
NO3,2008,19,66,1237,,2874,968,2873,8943,1906
NO3,2008,20,273,944,,2742,846,2598,8503,1897
NO3,2008,21,247,444,,2814,294,2583,8304,2521
NO3,2008,22,-88,1353,,2202,286,3107,6291,1916
NO3,2008,23,-261,2359,,862,751,2909,3790,111
NO3,2008,24,680,1299,,1106,804,2674,3354,302
NO3,2008,25,233,751,,1250,716,2670,2809,533
NO3,2008,26,259,654,,1313,549,2637,2422,763
NO3,2008,27,107,1027,,1066,695,2542,1585,371
NO3,2008,28,35,727,,739,607,2297,1145,132
NO3,2008,29,456,674,,857,618,2307,917,238
NO3,2008,30,-204,539,,400,596,2011,557,-196
NO3,2008,31,71,626,,165,585,1866,308,-420
NO3,2008,32,558,563,,217,444,2002,237,-226
NO3,2008,33,430,461,,272,371,2073,195,-98
NO3,2008,34,-53,329,,-78,236,1829,155,-314
NO3,2008,35,361,365,,25,228,1913,131,-203
NO3,2008,36,547,443,,195,216,2080,131,-20
NO3,2008,37,-83,260,,-305,-10,1827,98,-295
NO3,2008,38,32,181,,-653,-203,1708,94,-450
NO3,2008,39,147,195,,-880,-351,1723,61,-530
NO3,2008,40,713,287,,-620,-430,1816,375,-190
NO3,2008,41,857,445,,-229,-327,2192,388,97
NO3,2008,42,662,608,,-203,-166,2165,437,-37
NO3,2008,43,1038,588,,141,-83,2260,750,224
NO3,2008,44,321,308,,-103,-165,2058,951,62
NO3,2008,45,220,250,,-394,-183,2033,931,-211
NO3,2008,46,617,203,,-243,-164,2039,1319,-79
NO3,2008,47,1671,263,,874,-129,1947,2793,1003
NO3,2008,48,1120,264,,1416,-67,1933,3639,1484
NO3,2008,49,92,79,,980,-139,1854,3728,1118
NO3,2008,50,223,50,,649,-240,1810,3941,889
NO3,2008,51,583,153,,620,-302,1833,4328,922
NO3,2008,52,674,104,,758,-366,1817,4905,1124
NO3,2009,1,581,76,,480,-325,1783,5431,806
NO3,2009,2,1220,169,,1155,-272,1834,6404,1427
NO3,2009,3,703,408,,1029,-215,1854,6644,1244
NO3,2009,4,152,63,,617,-241,1811,6770,859
NO3,2009,5,32,36,,149,-280,1777,6798,429
NO3,2009,6,151,25,,-209,-331,1753,6944,122
NO3,2009,7,420,22,,-259,-365,1735,7352,106
NO3,2009,8,638,34,,-90,-403,1743,7936,313
NO3,2009,9,673,75,,111,-424,1728,8537,534
NO3,2009,10,345,47,,-41,-472,1735,8817,432
NO3,2009,11,220,50,,-267,-544,1737,8977,277
NO3,2009,12,783,131,,-7,-613,1775,9573,606
NO3,2009,13,161,56,,-248,-712,1732,9715,465
NO3,2009,14,529,241,,-132,-694,1871,9840,562
NO3,2009,15,237,434,,-180,-486,2127,9359,306
NO3,2009,16,89,484,,-433,-388,2140,8926,-45
NO3,2009,17,7,424,,-590,-361,2436,8197,-229
NO3,2009,18,120,1192,,-861,88,2817,6702,-949
NO3,2009,19,528,954,,-792,73,2640,6404,-865
NO3,2009,20,120,644,,-884,-175,2675,5821,-709
NO3,2009,21,24,875,,-1111,-359,2755,4859,-752
NO3,2009,22,777,1274,,-718,-298,2918,4144,-420
NO3,2009,23,212,969,,-940,-620,2666,3603,-320
NO3,2009,24,425,650,,-612,-902,2806,3209,290
NO3,2009,25,358,695,,-386,-1088,2736,2913,703
NO3,2009,26,-231,971,,-855,-987,2531,1896,132
NO3,2009,27,-200,1124,,-1383,-755,2176,951,-628
NO3,2009,28,274,686,,-1230,-669,2104,646,-560
NO3,2009,29,135,518,,-1116,-562,1999,434,-554
NO3,2009,30,1263,1057,,-221,-133,2353,323,-88
NO3,2009,31,265,545,,-148,-11,2208,250,-137
NO3,2009,32,-96,434,,-484,-88,1900,170,-396
NO3,2009,33,609,476,,-124,-26,2127,141,-98
NO3,2009,34,589,602,,102,76,2209,115,25
NO3,2009,35,267,453,,121,138,2136,94,-17
NO3,2009,36,1097,848,,618,332,2430,87,286
NO3,2009,37,784,726,,916,538,2519,80,378
NO3,2009,38,381,599,,821,643,2360,70,178
NO3,2009,39,843,743,,1012,797,2468,61,215
NO3,2009,40,1102,762,,1229,790,2339,481,439
NO3,2009,41,752,376,,1277,585,2202,971,691
NO3,2009,42,409,300,,1124,494,2199,1069,630
NO3,2009,43,25,190,,519,205,2069,1030,314
NO3,2009,44,130,155,,163,43,2030,1037,120
NO3,2009,45,107,117,,-250,-125,1958,1094,-125
NO3,2009,46,75,72,,-683,-296,1891,1160,-387
NO3,2009,47,464,167,,-649,-243,2024,1307,-406
NO3,2009,48,674,292,,-633,-232,2005,1682,-401
NO3,2009,49,116,100,,-1095,-330,1910,1789,-765
NO3,2009,50,82,72,,-1553,-396,1886,1819,-1157
NO3,2009,51,455,92,,-1767,-584,1842,2215,-1183
NO3,2009,52,147,38,,-2180,-743,1805,2357,-1436
NO3,2009,53,316,29,,-2458,-910,1780,2664,-1548
NO3,2010,1,209,24,,-2901,-1120,1761,2866,-1781
NO3,2010,2,7,16,,-3430,-1237,1746,2873,-2194
NO3,2010,3,44,14,,-3909,-1302,1733,2915,-2607
NO3,2010,4,745,38,,-3699,-1321,1727,3617,-2378
NO3,2010,5,94,15,,-4038,-1314,1714,3708,-2724
NO3,2010,6,422,19,,-4041,-1285,1705,4115,-2756
NO3,2010,7,26,11,,-4414,-1267,1696,4139,-3147
NO3,2010,8,68,9,,-4720,-1246,1688,4205,-3473
NO3,2010,9,223,10,,-4841,-1213,1681,4421,-3628
NO3,2010,10,808,112,,-4422,-1081,1723,5057,-3340
NO3,2010,11,1064,168,,-3729,-950,1827,5830,-2779
NO3,2010,12,310,201,,-3889,-901,1870,5883,-2988
NO3,2010,13,257,157,,-4006,-866,1870,5972,-3140
NO3,2010,14,106,249,,-4323,-856,1957,5725,-3467
NO3,2010,15,496,322,,-4193,-839,2038,5790,-3353
NO3,2010,16,218,136,,-4137,-930,1931,5973,-3207
NO3,2010,17,476,445,,-3798,-845,2180,5729,-2953
NO3,2010,18,119,227,,-3701,-1025,2087,5705,-2676
NO3,2010,19,211,283,,-3451,-1248,2287,5419,-2203
NO3,2010,20,129,1302,,-3379,-661,2793,3694,-2718
NO3,2010,21,199,796,,-3315,-806,2600,3258,-2508
NO3,2010,22,127,955,,-3306,-818,2718,2277,-2488
NO3,2010,23,469,1087,,-3088,-834,2942,1393,-2254
NO3,2010,24,645,938,,-2541,-821,2814,1191,-1720
NO3,2010,25,491,946,,-2180,-766,2805,727,-1414
NO3,2010,26,255,847,,-1996,-665,2619,345,-1331
NO3,2010,27,-12,581,,-2026,-706,2249,186,-1320
NO3,2010,28,460,633,,-1596,-654,2269,99,-943
NO3,2010,29,856,819,,-1020,-520,2417,69,-500
NO3,2010,30,129,476,,-1031,-562,2247,47,-469
NO3,2010,31,324,485,,-874,-532,2212,40,-342
NO3,2010,32,-122,396,,-1200,-654,1885,35,-546
NO3,2010,33,52,352,,-1322,-751,1762,33,-571
NO3,2010,34,447,352,,-1155,-812,1892,63,-342
NO3,2010,35,301,317,,-1091,-813,1921,46,-279
NO3,2010,36,-31,258,,-1369,-929,1761,31,-440
NO3,2010,37,824,493,,-1015,-928,2070,63,-87
NO3,2010,38,770,542,,-734,-832,2220,130,98
NO3,2010,39,-26,254,,-1197,-953,2012,58,-244
NO3,2010,40,471,456,,-1193,-932,2077,43,-261
NO3,2010,41,365,264,,-1326,-1058,2032,181,-268
NO3,2010,42,409,265,,-1428,-1131,1984,357,-297
NO3,2010,43,672,440,,-1355,-1111,2163,378,-244
NO3,2010,44,718,461,,-1296,-1115,2074,692,-181
NO3,2010,45,110,147,,-1677,-1226,1930,796,-451
NO3,2010,46,85,83,,-2098,-1383,1848,876,-714
NO3,2010,47,13,54,,-2595,-1540,1793,889,-1055
NO3,2010,48,16,38,,-3149,-1718,1754,904,-1431
NO3,2010,49,612,40,,-3070,-1827,1725,1496,-1243
NO3,2010,50,512,38,,-3060,-1890,1703,1989,-1171
NO3,2010,51,108,22,,-3446,-1984,1683,2094,-1463
NO3,2010,52,942,35,,-3004,-2047,1673,2969,-956
NO3,2011,1,516,32,,-3246,-1963,1657,3468,-1282
NO3,2011,2,572,24,,-3074,-1926,1648,4015,-1149
NO3,2011,3,888,92,,-2587,-1771,1701,4737,-816
NO3,2011,4,770,181,,-2429,-1714,1742,5265,-715
NO3,2011,5,906,183,,-2070,-1630,1746,5959,-441
NO3,2011,6,759,82,,-1755,-1550,1704,6667,-205
NO3,2011,7,34,25,,-2162,-1560,1679,6700,-602
NO3,2011,8,201,30,,-2410,-1589,1691,6855,-821
NO3,2011,9,751,116,,-2096,-1529,1727,7436,-567
NO3,2011,10,566,105,,-1955,-1446,1704,7907,-509
NO3,2011,11,262,40,,-2042,-1433,1686,8141,-609
NO3,2011,12,2178,493,,-595,-1308,1770,9685,713
NO3,2011,13,495,90,,-398,-1267,1830,10021,868
NO3,2011,14,1060,596,,108,-1010,2038,10230,1118
NO3,2011,15,478,782,,5,-737,2358,9565,742
NO3,2011,16,203,1022,,-337,-285,2772,8288,-52
NO3,2011,17,18,1193,,-819,201,2855,6987,-1020
NO3,2011,18,64,572,,-928,229,2721,6590,-1157
NO3,2011,19,240,1659,,-1273,807,2997,4833,-2079
NO3,2011,20,428,834,,-1095,723,2845,4542,-1818
NO3,2011,21,523,857,,-873,485,2809,4200,-1358
NO3,2011,22,427,874,,-529,432,2905,3617,-960
NO3,2011,23,922,1910,,-181,947,3132,2329,-1127
NO3,2011,24,411,1340,,-286,948,2772,1719,-1234
NO3,2011,25,445,844,,-134,742,2714,1355,-876
NO3,2011,26,456,1026,,7,807,2624,872,-800
NO3,2011,27,254,831,,-64,712,2496,483,-776
NO3,2011,28,166,629,,-149,587,2249,326,-735
NO3,2011,29,636,597,,265,561,2472,217,-297
NO3,2011,30,635,926,,409,654,2383,135,-245
NO3,2011,31,160,545,,299,592,2218,82,-294
NO3,2011,32,339,506,,320,577,2144,65,-257
NO3,2011,33,836,744,,601,599,2319,50,2
NO3,2011,34,221,445,,462,504,2221,35,-41
NO3,2011,35,614,654,,630,582,2269,27,49
NO3,2011,36,527,581,,683,602,2291,21,81
NO3,2011,37,640,606,,983,822,2363,19,162
NO3,2011,38,327,419,,899,851,2268,32,48
NO3,2011,39,632,655,,1003,969,2348,0,34
NO3,2011,40,1251,796,,1492,1082,2452,338,410
NO3,2011,41,967,537,,1694,982,2270,923,712
NO3,2011,42,670,425,,1787,1011,2315,1099,776
NO3,2011,43,203,348,,1436,966,2325,931,470
NO3,2011,44,374,558,,1134,1034,2452,594,100
NO3,2011,45,135,396,,545,948,2377,396,-403
NO3,2011,46,461,328,,346,899,2362,523,-553
NO3,2011,47,1103,462,,697,944,2344,1146,-247
NO3,2011,48,1511,518,,1430,1080,2259,2180,350
NO3,2011,49,699,189,,1495,1022,2112,2826,474
NO3,2011,50,380,141,,1279,977,2038,3126,302
NO3,2011,51,622,112,,1353,931,2003,3659,422
NO3,2011,52,1638,366,,2308,1013,1996,4898,1296
NO3,2012,1,715,86,,2139,1037,1938,5572,1102
NO3,2012,2,1993,125,,3482,942,1920,7431,2540
NO3,2012,3,406,83,,3250,837,1884,7784,2414
NO3,2012,4,40,32,,2662,710,1855,7820,1953
NO3,2012,5,194,25,,2235,539,1834,8008,1696
NO3,2012,6,260,22,,1924,424,1820,8255,1500
NO3,2012,7,1234,73,,2643,409,1822,9393,2234
NO3,2012,8,1311,150,,3369,386,1851,10498,2983
NO3,2012,9,803,313,,3503,421,1912,10899,3081
NO3,2012,10,631,200,,3508,413,1969,11246,3095
NO3,2012,11,919,589,,3664,597,2088,11415,3067
NO3,2012,12,1251,707,,4114,862,2277,11717,3253
NO3,2012,13,1076,787,,4501,1250,2306,11926,3251
NO3,2012,14,695,184,,4829,1244,2143,12591,3585
NO3,2012,15,273,164,,4763,1114,2102,12727,3648
NO3,2012,16,138,121,,4586,859,2083,12756,3727
NO3,2012,17,294,311,,4620,682,2214,12586,3938
NO3,2012,18,258,378,,4604,415,2240,12417,4189
NO3,2012,19,362,396,,4678,-13,2370,12230,4692
NO3,2012,20,385,697,,4694,-355,2474,11779,5048
NO3,2012,21,-23,1696,,3947,-166,3094,9385,4113
NO3,2012,22,204,1246,,3617,-286,2711,8675,3903
NO3,2012,23,212,918,,3515,-544,2994,7654,4059
NO3,2012,24,124,1214,,3282,-505,2945,6567,3787
NO3,2012,25,338,1422,,3244,-185,3072,5303,3428
NO3,2012,26,64,1234,,3070,204,2973,4189,2866
NO3,2012,27,187,1466,,2625,540,2917,2923,2085
NO3,2012,28,623,1469,,2501,854,2879,2078,1647
NO3,2012,29,345,783,,2444,927,2699,1804,1517
NO3,2012,30,282,806,,2332,1114,2638,1344,1218
NO3,2012,31,339,792,,2046,1091,2550,999,955
NO3,2012,32,312,626,,1833,1036,2474,788,797
NO3,2012,33,19,586,,1319,899,2263,522,419
NO3,2012,34,492,632,,1258,856,2289,411,402
NO3,2012,35,135,412,,1072,856,2113,350,216
NO3,2012,36,932,669,,1530,1044,2350,367,486
NO3,2012,37,676,653,,1662,1150,2397,335,512
NO3,2012,38,565,615,,1448,1044,2268,389,404
NO3,2012,39,51,246,,674,807,2103,78,-133
NO3,2012,40,268,283,,497,718,2079,81,-221
NO3,2012,41,590,359,,506,616,2068,305,-109
NO3,2012,42,228,171,,239,454,2026,397,-215
NO3,2012,43,1437,241,,1131,322,2019,1576,810
NO3,2012,44,122,157,,773,163,1983,1574,610
NO3,2012,45,473,138,,813,111,1941,1937,702
NO3,2012,46,616,388,,810,171,2077,2000,639
NO3,2012,47,475,352,,720,280,2143,2033,439
NO3,2012,48,14,135,,128,166,2005,2046,-37
NO3,2012,49,27,75,,-456,7,1929,2072,-463
NO3,2012,50,80,51,,-969,-136,1880,2149,-834
NO3,2012,51,77,40,,-1485,-308,1847,2216,-1177
NO3,2012,52,667,46,,-1307,-382,1836,2838,-925
NO3,2013,1,1010,196,,-1227,-284,1916,3548,-944
NO3,2013,2,175,142,,-1668,-346,1861,3628,-1323
NO3,2013,3,8,41,,-2240,-441,1820,3636,-1799
NO3,2013,4,35,25,,-2789,-530,1794,3670,-2259
NO3,2013,5,823,52,,-2409,-483,1786,4434,-1926
NO3,2013,6,227,27,,-2641,-485,1767,4652,-2156
NO3,2013,7,71,15,,-3029,-521,1754,4720,-2507
NO3,2013,8,438,29,,-3066,-578,1752,5126,-2488
NO3,2013,9,1055,114,,-2509,-574,1792,6003,-1934
NO3,2013,10,682,111,,-2339,-573,1768,6586,-1766
NO3,2013,11,237,28,,-2546,-669,1745,6815,-1877
NO3,2013,12,8,15,,-2963,-774,1732,6819,-2189
NO3,2013,13,67,11,,-3194,-818,1723,6883,-2376
NO3,2013,14,200,16,,-3258,-895,1721,7066,-2363
NO3,2013,15,73,13,,-3305,-969,1717,7128,-2336
NO3,2013,16,580,470,,-3011,-818,1955,6962,-2194
NO3,2013,17,511,382,,-2660,-815,1998,7020,-1844
NO3,2013,18,443,186,,-2225,-1017,1972,7288,-1209
NO3,2013,19,262,944,,-2193,-828,2499,6045,-1366
NO3,2013,20,188,1030,,-1856,-314,2825,4838,-1542
NO3,2013,21,632,1936,,-1840,242,2825,3460,-2082
NO3,2013,22,-11,1465,,-2274,451,2823,1936,-2724
NO3,2013,23,845,1124,,-1795,362,2709,1722,-2157
NO3,2013,24,353,807,,-1471,302,2718,1235,-1773
NO3,2013,25,332,787,,-1269,190,2694,794,-1459
NO3,2013,26,331,880,,-1188,162,2429,517,-1350
NO3,2013,27,84,518,,-1185,24,2204,343,-1208
NO3,2013,28,30,445,,-1148,-47,2011,200,-1100
NO3,2013,29,581,603,,-656,92,2105,134,-748
NO3,2013,30,13,468,,-793,-4,1919,55,-789
NO3,2013,31,590,601,,-381,109,2074,30,-490
NO3,2013,32,367,520,,-367,39,2039,20,-406
NO3,2013,33,847,698,,133,232,2251,15,-99
NO3,2013,34,171,513,,-62,214,2011,10,-276
NO3,2013,35,68,331,,-296,82,1858,11,-378
NO3,2013,36,134,355,,-481,-13,1758,5,-468
NO3,2013,37,-45,276,,-871,-244,1590,4,-627
NO3,2013,38,298,287,,-1016,-391,1617,11,-624
NO3,2013,39,279,227,,-1155,-516,1650,25,-639
NO3,2013,40,125,170,,-1395,-671,1647,9,-725
NO3,2013,41,901,685,,-1110,-530,1899,3,-580
NO3,2013,42,173,203,,-1410,-672,1768,133,-737
NO3,2013,43,654,472,,-1338,-616,2000,63,-722
NO3,2013,44,477,348,,-1353,-579,1959,213,-774
NO3,2013,45,269,179,,-1544,-622,1830,423,-922
NO3,2013,46,1247,440,,-846,-415,2172,835,-431
NO3,2013,47,471,398,,-1021,-345,1908,1153,-676
NO3,2013,48,1557,403,,-70,-161,2007,2172,91
NO3,2013,49,1801,313,,1163,-12,1927,3712,1175
NO3,2013,50,748,380,,1323,203,2070,3912,1120
NO3,2013,51,582,285,,1255,240,2027,4229,1016
NO3,2013,52,686,278,,1254,215,2049,4589,1039
NO3,2014,1,404,257,,684,328,2013,4751,356
NO3,2014,2,266,177,,478,453,1976,4862,26
NO3,2014,3,76,73,,-89,327,1903,4935,-416
NO3,2014,4,5,45,,-661,265,1858,4939,-926
NO3,2014,5,70,33,,-1080,234,1827,5005,-1314
NO3,2014,6,157,50,,-1365,277,1822,5112,-1642
NO3,2014,7,186,57,,-1551,373,1829,5229,-1924
NO3,2014,8,349,71,,-1670,370,1823,5504,-2039
NO3,2014,9,350,282,,-1968,393,1888,5481,-2361
NO3,2014,10,428,137,,-2000,475,1963,5682,-2475
NO3,2014,11,979,333,,-1597,579,2022,6239,-2176
NO3,2014,12,1601,220,,-449,679,1992,7622,-1128
NO3,2014,13,109,173,,-779,662,2025,7516,-1441
NO3,2014,14,45,153,,-1147,576,1980,7445,-1724
NO3,2014,15,571,374,,-952,637,2151,7442,-1588
NO3,2014,16,607,394,,-672,658,2177,7603,-1330
NO3,2014,17,-9,433,,-788,749,2400,6925,-1537
NO3,2014,18,271,440,,-698,637,2355,6778,-1336
NO3,2014,19,160,263,,-690,197,2295,6726,-888
NO3,2014,20,201,440,,-479,-36,2494,6267,-444
NO3,2014,21,253,1492,,-258,640,2854,4615,-898
NO3,2014,22,59,1300,,-604,699,2628,3553,-1303
NO3,2014,23,-108,1069,,-1108,512,2457,2512,-1619
NO3,2014,24,410,1047,,-906,520,2431,1868,-1426
NO3,2014,25,407,637,,-585,312,2416,1634,-897
NO3,2014,26,122,537,,-653,15,2223,1405,-668
NO3,2014,27,86,549,,-726,-147,2135,1042,-579
NO3,2014,28,56,781,,-854,-78,1971,563,-776
NO3,2014,29,487,752,,-729,-110,2018,349,-619
NO3,2014,30,-130,542,,-1106,-241,1722,178,-864
NO3,2014,31,442,549,,-954,-293,1817,117,-661
NO3,2014,32,543,559,,-753,-362,2000,75,-391
NO3,2014,33,74,376,,-999,-508,1820,54,-491
NO3,2014,34,928,624,,-363,-278,2166,46,-86
NO3,2014,35,36,369,,-617,-340,1934,35,-278
NO3,2014,36,-82,281,,-999,-498,1706,25,-501
NO3,2014,37,-9,258,,-1331,-708,1579,18,-623
NO3,2014,38,-50,229,,-1703,-909,1445,14,-794
NO3,2014,39,1098,357,,-1019,-816,2022,89,-203
NO3,2014,40,534,665,,-1104,-709,1965,22,-394
NO3,2014,41,269,258,,-1292,-822,1919,94,-469
NO3,2014,42,247,198,,-1503,-925,1886,174,-578
NO3,2014,43,763,501,,-1248,-767,2103,202,-480
NO3,2014,44,1269,926,,-829,-477,2254,340,-352
NO3,2014,45,249,335,,-1163,-484,2091,405,-679
NO3,2014,46,97,214,,-1588,-526,1999,377,-1062
NO3,2014,47,7,116,,-2068,-597,1881,386,-1470
NO3,2014,48,394,144,,-2209,-626,1854,652,-1583
NO3,2014,49,543,264,,-2341,-639,1916,846,-1702
NO3,2014,50,752,145,,-2142,-634,1830,1524,-1508
NO3,2014,51,885,97,,-1782,-669,1777,2350,-1113
NO3,2014,52,908,70,,-1385,-744,1737,3219,-642
NO3,2026,18,56,440,,,,2390,3553,-4525
NO4,1958,2,63,34,,,,1688,5914,541
NO4,1958,3,1029,58,,,,1673,6851,1065
NO4,1958,4,166,35,,,,1646,7006,753
NO4,1958,5,1631,164,,,,1824,8214,1708
NO4,1958,6,396,211,,,,1703,8493,1435
NO4,1958,7,573,53,,,,1685,9003,1508
NO4,1958,8,288,44,,,,1648,9271,1327
NO4,1958,9,104,22,,,,1629,9369,978
NO4,1958,10,322,23,,,,1616,9669,832
NO4,1958,11,35,14,,,,1604,9702,429
NO4,1958,12,168,12,,,,1597,9858,178
NO4,1958,13,475,22,,,,1589,10300,236
NO4,1958,14,71,19,,,,1594,10345,-7
NO4,1958,15,520,32,,,,1610,10793,266
NO4,1958,16,238,98,,,,1621,10906,303
NO4,1958,17,5,81,,,,1666,10779,268
NO4,1958,18,319,219,,,,1818,10699,536
NO4,1958,19,81,198,,,,1882,10502,790
NO4,1958,20,104,275,,,,2007,10188,1170
NO4,1958,21,93,246,,,,2096,9928,1766
NO4,1958,22,436,825,,,,2706,8881,2231
NO4,1958,23,225,970,,,,2850,7934,2381
NO4,1958,24,216,470,,,,2863,7641,3077
NO4,1958,25,188,1444,,,,3248,5933,2684
NO4,1958,26,11,1723,,,,3237,4172,1729
NO4,1958,27,-148,2028,,,,2807,2407,252
NO4,1958,28,1301,1075,,,,3071,2282,1029
NO4,1958,29,406,677,,,,2874,2175,1227
NO4,1958,30,340,627,,,,2883,1862,1312
NO4,1958,31,242,764,,,,2805,1440,1099
NO4,1958,32,592,836,,,,2820,1191,1069
NO4,1958,33,-48,565,,,,2566,913,674
NO4,1958,34,-33,562,,,,2315,685,261
NO4,1958,35,-17,449,,,,2144,516,-48
NO4,1958,36,150,468,,,,2095,386,-222
NO4,1958,37,1134,516,,,,2643,427,347
NO4,1958,38,259,561,,,,2389,391,7
NO4,1958,39,205,298,,,,2295,92,-459
NO4,1958,40,512,427,,,,2330,118,-503
NO4,1958,41,484,334,,,,2490,113,-468
NO4,1958,42,433,362,,,,2395,253,-577
NO4,1958,43,1044,306,,,,2505,825,-63
NO4,1958,44,1497,736,,,,2638,1360,421
NO4,1958,45,110,295,,,,2492,1308,22
NO4,1958,46,292,197,,,,2421,1454,-137
NO4,1958,47,1346,486,,,,2660,1995,374
NO4,1958,48,1643,772,,,,2660,2758,841
NO4,1958,49,950,338,,,,2422,3554,1064
NO4,1958,50,269,150,,,,2275,3807,783
NO4,1958,51,125,99,,,,2176,3924,443
NO4,1958,52,99,87,,,,2107,4001,124
NO4,1959,1,74,63,,,,2045,4068,-582
NO4,1959,2,183,53,,,,1996,4239,-826
NO4,1959,3,383,49,,,,1956,4598,-906
NO4,1959,4,217,41,,,,1922,4801,-1176
NO4,1959,5,1244,166,,,,1990,5749,-591
NO4,1959,6,783,256,,,,2108,6113,-539
NO4,1959,7,308,173,,,,2062,6272,-846
NO4,1959,8,2206,311,,,,2102,8012,522
NO4,1959,9,1397,201,,,,2120,9121,1222
NO4,1959,10,491,382,,,,2179,9131,857
NO4,1959,11,424,154,,,,2083,9474,679
NO4,1959,12,904,244,,,,2203,9961,886
NO4,1959,13,278,221,,,,2171,10030,547
NO4,1959,14,166,124,,,,2146,10084,284
NO4,1959,15,33,109,,,,2063,10084,10
NO4,1959,16,277,132,,,,2098,10176,50
NO4,1959,17,294,121,,,,2110,10317,250
NO4,1959,18,174,613,,,,2610,9353,-17
NO4,1959,19,711,679,,,,2761,9172,338
NO4,1959,20,61,979,,,,3048,7928,-49
NO4,1959,21,253,389,,,,2769,8043,555
NO4,1959,22,366,524,,,,2967,7655,1266
NO4,1959,23,146,845,,,,3137,6748,1481
NO4,1959,24,228,1469,,,,3098,5489,1159
NO4,1959,25,754,918,,,,3182,5178,1864
NO4,1959,26,-107,1078,,,,2942,4218,1480
NO4,1959,27,64,826,,,,2803,3581,1421
NO4,1959,28,573,1056,,,,2943,2918,1537
NO4,1959,29,214,905,,,,2893,2275,1347
NO4,1959,30,445,1219,,,,2931,1488,987
NO4,1959,31,367,721,,,,2788,1288,930
NO4,1959,32,282,630,,,,2769,998,825
NO4,1959,33,9,603,,,,2562,717,474
NO4,1959,34,431,714,,,,2603,496,359
NO4,1959,35,759,631,,,,2752,482,526
NO4,1959,36,352,479,,,,2744,398,438
NO4,1959,37,1388,926,,,,3200,373,851
NO4,1959,38,598,654,,,,3015,466,707
NO4,1959,39,277,444,,,,2833,296,283
NO4,1959,40,398,343,,,,2803,189,42
NO4,1959,41,1403,1300,,,,2946,102,-22
NO4,1959,42,612,524,,,,3002,101,-121
NO4,1959,43,26,330,,,,2677,115,-602
NO4,1959,44,178,186,,,,2538,232,-807
NO4,1959,45,215,187,,,,2453,329,-996
NO4,1959,46,43,142,,,,2350,327,-1335
NO4,1959,47,61,108,,,,2242,383,-1656
NO4,1959,48,277,108,,,,2207,573,-1797
NO4,1959,49,17,95,,,,2113,585,-2215
NO4,1959,50,258,68,,,,2047,825,-2427
NO4,1959,51,138,69,,,,2002,929,-2726
NO4,1959,52,124,75,,,,1969,1005,-3009
NO4,1959,53,260,60,,,,1953,1208,-3178
NO4,1960,1,422,69,,,,1905,1588,-3202
NO4,1960,2,724,52,,,,1868,2267,-2927
NO4,1960,3,436,42,,,,1839,2674,-2945
NO4,1960,4,238,47,,,,1826,2866,-3207
NO4,1960,5,260,39,,,,1823,3078,-3429
NO4,1960,6,1087,195,,,,1857,3882,-3022
NO4,1960,7,15,47,,,,1810,3895,-3474
NO4,1960,8,90,27,,,,1784,3980,-3828
NO4,1960,9,134,26,,,,1778,4087,-4154
NO4,1960,10,5,42,,,,1771,4054,-4629
NO4,1960,11,159,28,,,,1762,4185,-4930
NO4,1960,12,252,125,,,,1869,4186,-5222
NO4,1960,13,121,73,,,,1818,4274,-5560
NO4,1960,14,127,105,,,,1936,4167,-5843
NO4,1960,15,206,170,,,,2011,4109,-6017
NO4,1960,16,363,287,,,,2205,3958,-6061
NO4,1960,17,185,157,,,,2155,4022,-6000
NO4,1960,18,187,182,,,,2362,3815,-5803
NO4,1960,19,13,686,,,,2754,2724,-6117
NO4,1960,20,304,582,,,,2624,2533,-5868
NO4,1960,21,65,680,,,,2823,1706,-5728
NO4,1960,22,583,1010,,,,2875,1183,-5298
NO4,1960,23,69,604,,,,2632,896,-4876
NO4,1960,24,286,584,,,,2658,586,-4184
NO4,1960,25,-39,490,,,,2414,368,-3715
NO4,1960,26,538,619,,,,2587,208,-2886
NO4,1960,27,-24,484,,,,2339,122,-2502
NO4,1960,28,161,468,,,,2272,78,-1975
NO4,1960,29,159,438,,,,2191,55,-1575
NO4,1960,30,413,575,,,,2265,34,-1133
NO4,1960,31,-199,493,,,,1913,21,-1212
NO4,1960,32,117,372,,,,1878,15,-1049
NO4,1960,33,413,404,,,,2052,11,-741
NO4,1960,34,494,495,,,,2166,9,-564
NO4,1960,35,387,324,,,,2221,26,-461
NO4,1960,36,69,226,,,,2108,16,-580
NO4,1960,37,73,327,,,,2000,7,-715
NO4,1960,38,217,293,,,,2044,6,-723
NO4,1960,39,217,255,,,,1975,35,-836
NO4,1960,40,266,160,,,,1908,193,-849
NO4,1960,41,37,112,,,,1808,217,-1046
NO4,1960,42,239,158,,,,1819,274,-1131
NO4,1960,43,308,93,,,,1735,557,-1101
NO4,1960,44,215,74,,,,1684,740,-1153
NO4,1960,45,54,65,,,,1636,773,-1369
NO4,1960,46,2,52,,,,1590,768,-1655
NO4,1960,47,74,40,,,,1551,835,-1894
NO4,1960,48,582,60,,,,1585,1294,-1697
NO4,1960,49,311,69,,,,1528,1580,-1804
NO4,1960,50,239,39,,,,1530,1767,-2002
NO4,1960,51,201,48,,,,1499,1942,-2217
NO4,1960,52,184,34,,,,1485,2098,-2400
NO4,1961,1,41,21,,,,1465,2136,-3094
NO4,1961,2,503,24,,,,1457,2600,-3004
NO4,1961,3,345,71,,,,1472,2846,-3141
NO4,1961,4,449,34,,,,1458,3254,-3187
NO4,1961,5,228,33,,,,1440,3458,-3432
NO4,1961,6,250,18,,,,1428,3692,-3640
NO4,1961,7,1826,196,,,,1647,5006,-2526
NO4,1961,8,1320,396,,,,1706,5800,-2086
NO4,1961,9,828,223,,,,1803,6258,-1959
NO4,1961,10,2137,508,,,,2001,7571,-881
NO4,1961,11,894,240,,,,1798,8386,-694
NO4,1961,12,899,86,,,,1733,9224,-320
NO4,1961,13,225,53,,,,1693,9429,-530
NO4,1961,14,205,33,,,,1665,9621,-660
NO4,1961,15,212,30,,,,1669,9790,-678
NO4,1961,16,358,129,,,,1696,9965,-562
NO4,1961,17,307,176,,,,1774,9997,-406
NO4,1961,18,29,181,,,,1890,9723,-368
NO4,1961,19,30,253,,,,2056,9321,-218
NO4,1961,20,183,491,,,,2460,8576,11
NO4,1961,21,376,572,,,,2699,8096,538
NO4,1961,22,-68,1426,,,,3376,5881,-99
NO4,1961,23,80,2311,,,,3150,3794,-1460
NO4,1961,24,608,1402,,,,3141,2945,-1342
NO4,1961,25,1086,1461,,,,3184,2438,-875
NO4,1961,26,809,971,,,,3274,2130,-276
NO4,1961,27,120,772,,,,3082,1663,-217
NO4,1961,28,6,924,,,,2905,969,-450
NO4,1961,29,153,888,,,,2730,516,-575
NO4,1961,30,667,748,,,,2855,361,-216
NO4,1961,31,413,604,,,,2886,238,-22
NO4,1961,32,347,625,,,,2773,169,1
NO4,1961,33,35,457,,,,2532,121,-151
NO4,1961,34,35,315,,,,2363,96,-280
NO4,1961,35,820,550,,,,2725,80,97
NO4,1961,36,333,445,,,,2591,106,-7
NO4,1961,37,282,324,,,,2576,96,-50
NO4,1961,38,914,786,,,,2778,60,66
NO4,1961,39,365,469,,,,2732,11,-104
NO4,1961,40,-29,321,,,,2463,10,-477
NO4,1961,41,1204,512,,,,2960,165,55
NO4,1961,42,351,503,,,,2784,180,-260
NO4,1961,43,244,296,,,,2705,205,-483
NO4,1961,44,285,232,,,,2551,396,-630
NO4,1961,45,81,174,,,,2428,420,-929
NO4,1961,46,1605,344,,,,2468,1554,9
NO4,1961,47,1791,648,,,,2554,2499,773
NO4,1961,48,287,195,,,,2367,2762,551
NO4,1961,49,155,111,,,,2258,2907,253
NO4,1961,50,317,93,,,,2211,3161,73
NO4,1961,51,910,230,,,,2211,3791,344
NO4,1961,52,434,89,,,,2131,4198,346
NO4,1962,1,812,113,,,,2132,4859,295
NO4,1962,2,415,120,,,,2069,5196,204
NO4,1962,3,148,63,,,,2010,5334,-115
NO4,1962,4,38,38,,,,1973,5370,-557
NO4,1962,5,862,106,,,,1993,6062,-275
NO4,1962,6,711,68,,,,1972,6692,-97
NO4,1962,7,305,60,,,,1926,6971,-282
NO4,1962,8,293,43,,,,1912,7224,-456
NO4,1962,9,426,39,,,,1883,7622,-514
NO4,1962,10,297,27,,,,1864,7900,-689
NO4,1962,11,297,23,,,,1849,8179,-850
NO4,1962,12,396,23,,,,1835,8549,-892
NO4,1962,13,133,17,,,,1824,8673,-1156
NO4,1962,14,129,22,,,,1824,8774,-1348
NO4,1962,15,532,54,,,,1839,9209,-1089
NO4,1962,16,348,188,,,,2003,9181,-1039
NO4,1962,17,291,415,,,,2317,8707,-1153
NO4,1962,18,112,180,,,,2191,8753,-1037
NO4,1962,19,24,250,,,,2367,8341,-886
NO4,1962,20,15,497,,,,2816,7393,-815
NO4,1962,21,230,957,,,,3048,6381,-829
NO4,1962,22,391,649,,,,3024,6091,-240
NO4,1962,23,506,652,,,,3316,5612,524
NO4,1962,24,218,902,,,,3427,4776,775
NO4,1962,25,490,1558,,,,3458,3605,566
NO4,1962,26,94,1101,,,,3117,2907,344
NO4,1962,27,-83,969,,,,3032,1933,2
NO4,1962,28,-175,880,,,,2718,1219,-387
NO4,1962,29,97,509,,,,2576,968,-277
NO4,1962,30,356,524,,,,2617,771,-44
NO4,1962,31,-92,386,,,,2400,574,-172
NO4,1962,32,74,402,,,,2336,390,-215
NO4,1962,33,642,611,,,,2524,281,0
NO4,1962,34,-41,332,,,,2310,209,-221
NO4,1962,35,159,295,,,,2284,167,-256
NO4,1962,36,282,255,,,,2315,172,-217
NO4,1962,37,1250,583,,,,2770,332,381
NO4,1962,38,39,307,,,,2550,299,76
NO4,1962,39,330,371,,,,2492,55,-300
NO4,1962,40,553,391,,,,2670,48,-232
NO4,1962,41,1630,829,,,,2839,611,380
NO4,1962,42,1276,497,,,,2905,1249,931
NO4,1962,43,1965,1214,,,,2883,1883,1372
NO4,1962,44,212,305,,,,2633,2025,1081
NO4,1962,45,113,198,,,,2497,2066,785
NO4,1962,46,478,154,,,,2375,2485,847
NO4,1962,47,130,113,,,,2263,2607,590
NO4,1962,48,1501,180,,,,2242,3877,1543
NO4,1962,49,1667,400,,,,2315,4985,2387
NO4,1962,50,434,172,,,,2162,5376,2239
NO4,1962,51,88,76,,,,2086,5458,1886
NO4,1962,52,883,166,,,,2079,6134,2230
NO4,1963,1,1002,79,,,,2020,7072,2397
NO4,1963,2,502,54,,,,1978,7543,2460
NO4,1963,3,355,44,,,,1946,7873,2360
NO4,1963,4,1268,65,,,,1926,9042,3068
NO4,1963,5,689,140,,,,1930,9553,3154
NO4,1963,6,202,42,,,,1892,9743,2874
NO4,1963,7,499,33,,,,1869,10210,2900
NO4,1963,8,640,33,,,,1851,10810,3069
NO4,1963,9,544,80,,,,1932,11170,3082
NO4,1963,10,262,148,,,,1899,11298,2744
NO4,1963,11,170,41,,,,1861,11458,2441
NO4,1963,12,239,25,,,,1839,11681,2244
NO4,1963,13,125,20,,,,1824,11798,1969
NO4,1963,14,274,35,,,,1848,11998,1901
NO4,1963,15,374,120,,,,1925,12151,1939
NO4,1963,16,312,168,,,,1978,12218,1973
NO4,1963,17,54,184,,,,2087,11968,1878
NO4,1963,18,147,473,,,,2334,11366,1719
NO4,1963,19,187,1029,,,,3167,9636,1208
NO4,1963,20,128,1792,,,,3305,7748,28
NO4,1963,21,167,1223,,,,3334,6612,-312
NO4,1963,22,-21,2061,,,,3257,4545,-1554
NO4,1963,23,-71,1043,,,,2948,3721,-1735
NO4,1963,24,380,547,,,,2824,3646,-958
NO4,1963,25,-64,503,,,,2798,3113,-586
NO4,1963,26,-161,828,,,,2666,2272,-742
NO4,1963,27,-52,602,,,,2439,1867,-657
NO4,1963,28,483,542,,,,2703,1541,-81
NO4,1963,29,787,937,,,,2941,1149,269
NO4,1963,30,843,985,,,,3021,926,514
NO4,1963,31,-161,698,,,,2697,533,84
NO4,1963,32,-15,585,,,,2459,328,-154
NO4,1963,33,17,397,,,,2282,244,-278
NO4,1963,34,308,434,,,,2374,161,-204
NO4,1963,35,293,436,,,,2363,127,-218
NO4,1963,36,87,351,,,,2260,96,-348
NO4,1963,37,609,395,,,,2501,118,-102
NO4,1963,38,1488,936,,,,2806,292,325
NO4,1963,39,1029,1081,,,,2860,68,81
NO4,1963,40,307,373,,,,2694,146,-110
NO4,1963,41,422,309,,,,2656,268,-146
NO4,1963,42,346,264,,,,2515,468,-241
NO4,1963,43,1498,839,,,,2976,572,155
NO4,1963,44,636,508,,,,2712,920,55
NO4,1963,45,349,223,,,,2519,1217,-42
NO4,1963,46,75,145,,,,2373,1287,-352
NO4,1963,47,247,113,,,,2263,1519,-498
NO4,1963,48,153,113,,,,2221,1594,-762
NO4,1963,49,597,131,,,,2193,2057,-662
NO4,1963,50,679,114,,,,2125,2658,-515
NO4,1963,51,449,86,,,,2051,3076,-531
NO4,1963,52,1560,205,,,,2088,4315,419
NO4,1964,1,1768,363,,,,2140,5561,1006
NO4,1964,2,2337,870,,,,2448,6557,1944
NO4,1964,3,995,423,,,,2284,7236,2061
NO4,1964,4,1564,387,,,,2264,8345,2709
NO4,1964,5,973,192,,,,2175,9169,3014
NO4,1964,6,950,122,,,,2104,10023,3367
NO4,1964,7,278,97,,,,2032,10261,3114
NO4,1964,8,452,59,,,,1982,10684,3074
NO4,1964,9,190,44,,,,1951,10855,2786
NO4,1964,10,442,87,,,,2010,11125,2682
NO4,1964,11,642,201,,,,1959,11577,2659
NO4,1964,12,11,48,,,,1911,11586,2220
NO4,1964,13,6,29,,,,1887,11586,1820
NO4,1964,14,77,27,,,,1870,11647,1572
NO4,1964,15,56,35,,,,1873,11661,1397
NO4,1964,16,236,111,,,,1968,11674,1418
NO4,1964,17,402,215,,,,1975,11824,1622
NO4,1964,18,120,184,,,,2089,11636,1744
NO4,1964,19,27,300,,,,2276,11166,1847
NO4,1964,20,657,768,,,,2734,10529,2237
NO4,1964,21,114,760,,,,3100,9487,2329
NO4,1964,22,344,1441,,,,3144,8265,2054
NO4,1964,23,122,528,,,,3041,7946,2583
NO4,1964,24,415,752,,,,3274,7332,3178
NO4,1964,25,540,1568,,,,3296,6209,3007
NO4,1964,26,178,1383,,,,3229,5024,2573
NO4,1964,27,726,1088,,,,3301,4528,2866
NO4,1964,28,214,951,,,,3279,3788,2742
NO4,1964,29,256,1200,,,,3182,2921,2282
NO4,1964,30,24,1071,,,,3016,2057,1641
NO4,1964,31,1076,1286,,,,3086,1719,1659
NO4,1964,32,272,719,,,,3020,1369,1447
NO4,1964,33,-18,679,,,,2732,1030,958
NO4,1964,34,878,586,,,,3052,980,1292
NO4,1964,35,662,617,,,,3172,902,1366
NO4,1964,36,947,825,,,,3288,873,1456
NO4,1964,37,952,744,,,,3349,969,1597
NO4,1964,38,344,450,,,,3153,1039,1420
NO4,1964,39,571,443,,,,3119,374,647
NO4,1964,40,1214,598,,,,3275,755,1080
NO4,1964,41,566,808,,,,3208,548,686
NO4,1964,42,25,287,,,,2939,552,266
NO4,1964,43,830,428,,,,3046,789,441
NO4,1964,44,1113,793,,,,3227,847,497
NO4,1964,45,1825,605,,,,3001,2188,1411
NO4,1964,46,1318,417,,,,2873,3142,2003
NO4,1964,47,230,226,,,,2690,3310,1720
NO4,1964,48,664,200,,,,2573,3853,1849
NO4,1964,49,71,127,,,,2445,3919,1452
NO4,1964,50,842,204,,,,2483,4469,1653
NO4,1964,51,543,172,,,,2341,4950,1633
NO4,1964,52,1487,203,,,,2323,6176,2515
NO4,1964,53,440,100,,,,2233,6587,2481
NO4,1965,1,352,70,,,,2172,6916,2394
NO4,1965,2,344,75,,,,2154,7187,2280
NO4,1965,3,197,65,,,,2094,7368,2004
NO4,1965,4,104,39,,,,2056,7466,1623
NO4,1965,5,893,68,,,,2071,8235,1976
NO4,1965,6,882,88,,,,2037,9021,2298
NO4,1965,7,614,75,,,,2038,9530,2388
NO4,1965,8,789,82,,,,1988,10251,2647
NO4,1965,9,372,36,,,,1960,10600,2541
NO4,1965,10,978,60,,,,1990,11443,2980
NO4,1965,11,496,105,,,,1963,11834,2919
NO4,1965,12,243,40,,,,1929,12062,2714
NO4,1965,13,623,46,,,,1935,12606,2888
NO4,1965,14,356,76,,,,1921,12884,2859
NO4,1965,15,178,118,,,,2011,12839,2713
NO4,1965,16,132,243,,,,2179,12540,2495
NO4,1965,17,-2,378,,,,2306,12013,2142
NO4,1965,18,66,360,,,,2464,11540,2023
NO4,1965,19,72,344,,,,2366,11343,2115
NO4,1965,20,136,145,,,,2269,11418,2662
NO4,1965,21,231,326,,,,2435,11135,3312
NO4,1965,22,137,539,,,,2817,10327,3788
NO4,1965,23,-104,1613,,,,3221,8143,2961
NO4,1965,24,65,1387,,,,3318,6674,2565
NO4,1965,25,136,1353,,,,3284,5449,2236
NO4,1965,26,1030,1555,,,,3354,4764,2439
NO4,1965,27,343,925,,,,3303,4200,2541
NO4,1965,28,377,896,,,,3307,3650,2633
NO4,1965,29,-118,1015,,,,3113,2729,2020
NO4,1965,30,279,967,,,,3030,2132,1730
NO4,1965,31,280,643,,,,2992,1820,1666
NO4,1965,32,163,536,,,,2878,1586,1523
NO4,1965,33,130,592,,,,2826,1243,1265
NO4,1965,34,93,586,,,,2688,977,926
NO4,1965,35,9,486,,,,2527,771,590
NO4,1965,36,24,384,,,,2393,642,331
NO4,1965,37,780,362,,,,2763,672,713
NO4,1965,38,724,672,,,,2828,649,704
NO4,1965,39,26,347,,,,2599,409,161
NO4,1965,40,731,347,,,,2693,660,403
NO4,1965,41,1263,500,,,,2774,1263,967
NO4,1965,42,707,635,,,,2947,1117,840
NO4,1965,43,672,684,,,,2955,1044,606
NO4,1965,44,873,337,,,,2879,1606,909
NO4,1965,45,444,297,,,,2663,1945,830
NO4,1965,46,169,166,,,,2497,2104,588
NO4,1965,47,119,124,,,,2373,2215,308
NO4,1965,48,125,98,,,,2275,2333,31
NO4,1965,49,74,80,,,,2196,2402,-315
NO4,1965,50,57,66,,,,2131,2455,-713
NO4,1965,51,273,61,,,,2076,2711,-870
NO4,1965,52,247,52,,,,2031,2943,-1010
NO4,1966,1,201,53,,,,2014,3100,-1581
NO4,1966,2,189,52,,,,1970,3270,-1820
NO4,1966,3,648,47,,,,1938,3877,-1644
NO4,1966,4,227,32,,,,1912,4089,-1898
NO4,1966,5,83,26,,,,1888,4167,-2275
NO4,1966,6,131,24,,,,1868,4290,-2603
NO4,1966,7,211,22,,,,1850,4487,-2842
NO4,1966,8,127,20,,,,1835,4607,-3150
NO4,1966,9,323,22,,,,1831,4898,-3291
NO4,1966,10,435,73,,,,1839,5228,-3385
NO4,1966,11,735,43,,,,1853,5872,-3153
NO4,1966,12,575,109,,,,1822,6344,-3110
NO4,1966,13,64,26,,,,1801,6401,-3451
NO4,1966,14,97,28,,,,1794,6473,-3679
NO4,1966,15,11,16,,,,1779,6484,-3875
NO4,1966,16,94,12,,,,1771,6570,-3883
NO4,1966,17,539,223,,,,2195,6425,-3557
NO4,1966,18,479,576,,,,2144,6329,-3508
NO4,1966,19,67,274,,,,2491,5771,-3333
NO4,1966,20,478,1183,,,,3070,4410,-3545
NO4,1966,21,267,594,,,,2900,4217,-3141
NO4,1966,22,231,520,,,,3111,3682,-2562
NO4,1966,23,-98,937,,,,3210,2523,-2670
NO4,1966,24,-218,1486,,,,2813,1237,-3377
NO4,1966,25,155,912,,,,2630,756,-3111
NO4,1966,26,54,420,,,,2477,619,-2584
NO4,1966,27,491,564,,,,2588,506,-1868
NO4,1966,28,355,608,,,,2578,397,-1350
NO4,1966,29,434,561,,,,2647,325,-850
NO4,1966,30,717,896,,,,2671,262,-500
NO4,1966,31,149,544,,,,2504,219,-423
NO4,1966,32,343,418,,,,2561,193,-187
NO4,1966,33,978,758,,,,2811,178,184
NO4,1966,34,237,445,,,,2664,168,93
NO4,1966,35,16,343,,,,2432,170,-105
NO4,1966,36,232,311,,,,2401,176,-127
NO4,1966,37,712,297,,,,2629,325,232
NO4,1966,38,1347,696,,,,2822,703,752
NO4,1966,39,613,344,,,,2617,699,469
NO4,1966,40,736,300,,,,2578,1129,758
NO4,1966,41,303,237,,,,2468,1286,684
NO4,1966,42,175,199,,,,2385,1332,493
NO4,1966,43,602,171,,,,2305,1812,724
NO4,1966,44,894,249,,,,2305,2407,1135
NO4,1966,45,445,184,,,,2242,2704,1168
NO4,1966,46,214,160,,,,2182,2804,973
NO4,1966,47,63,93,,,,2107,2844,671
NO4,1966,48,85,72,,,,2058,2899,380
NO4,1966,49,96,84,,,,2042,2919,49
NO4,1966,50,33,53,,,,1988,2950,-361
NO4,1966,51,394,49,,,,1948,3316,-394
NO4,1966,52,100,39,,,,1919,3402,-663
NO4,1967,1,141,36,,,,1886,3533,-1276
NO4,1967,2,477,36,,,,1860,3980,-1220
NO4,1967,3,1472,124,,,,1890,5230,-340
NO4,1967,4,239,47,,,,1850,5454,-595
NO4,1967,5,44,26,,,,1827,5495,-1008
NO4,1967,6,954,43,,,,1832,6360,-569
NO4,1967,7,331,111,,,,1849,6544,-787
NO4,1967,8,79,38,,,,1816,6613,-1162
NO4,1967,9,391,49,,,,1822,6930,-1267
NO4,1967,10,839,216,,,,1922,7400,-1131
NO4,1967,11,526,104,,,,1852,7865,-1160
NO4,1967,12,721,64,,,,1822,8522,-933
NO4,1967,13,212,60,,,,1834,8653,-1166
NO4,1967,14,30,49,,,,1821,8644,-1482
NO4,1967,15,531,212,,,,2093,8650,-1394
NO4,1967,16,351,218,,,,1924,8926,-1373
NO4,1967,17,518,242,,,,2155,8934,-1088
NO4,1967,18,50,158,,,,2047,8928,-1006
NO4,1967,19,14,294,,,,2314,8372,-909
NO4,1967,20,346,465,,,,2644,7879,-502
NO4,1967,21,43,570,,,,2804,7168,-286
NO4,1967,22,-107,1620,,,,3396,4783,-1177
NO4,1967,23,235,1141,,,,3070,4147,-1186
NO4,1967,24,119,886,,,,3133,3286,-1009
NO4,1967,25,635,1394,,,,3190,2399,-908
NO4,1967,26,338,807,,,,3108,1988,-584
NO4,1967,27,424,1045,,,,3057,1415,-490
NO4,1967,28,455,878,,,,2995,1065,-264
NO4,1967,29,408,791,,,,3003,738,-81
NO4,1967,30,459,697,,,,2958,587,113
NO4,1967,31,343,672,,,,2919,413,186
NO4,1967,32,568,626,,,,2992,340,390
NO4,1967,33,311,605,,,,2936,248,380
NO4,1967,34,-76,441,,,,2617,195,72
NO4,1967,35,-96,375,,,,2352,157,-198
NO4,1967,36,255,350,,,,2399,136,-168
NO4,1967,37,180,379,,,,2341,118,-262
NO4,1967,38,-82,256,,,,2108,109,-556
NO4,1967,39,371,227,,,,2210,145,-491
NO4,1967,40,942,421,,,,2601,244,-104
NO4,1967,41,618,369,,,,2608,450,-12
NO4,1967,42,625,337,,,,2511,798,85
NO4,1967,43,433,211,,,,2473,1031,111
NO4,1967,44,323,201,,,,2334,1274,31
NO4,1967,45,249,206,,,,2392,1245,-142
NO4,1967,46,465,164,,,,2305,1609,-99
NO4,1967,47,683,241,,,,2382,1937,38
NO4,1967,48,773,214,,,,2327,2507,257
NO4,1967,49,335,150,,,,2205,2799,91
NO4,1967,50,526,93,,,,2123,3290,114
NO4,1967,51,163,69,,,,2060,3443,-155
NO4,1967,52,125,54,,,,2009,3561,-414
NO4,1968,1,85,43,,,,1967,3640,-1088
NO4,1968,2,256,41,,,,1931,3880,-1250
NO4,1968,3,443,43,,,,1931,4260,-1268
NO4,1968,4,750,114,,,,1913,4880,-1106
NO4,1968,5,389,46,,,,1876,5244,-1210
NO4,1968,6,206,30,,,,1850,5437,-1473
NO4,1968,7,1105,44,,,,1829,6471,-879
NO4,1968,8,412,30,,,,1811,6857,-924
NO4,1968,9,942,166,,,,1945,7453,-622
NO4,1968,10,892,111,,,,1877,8259,-318
NO4,1968,11,837,62,,,,1835,9043,1
NO4,1968,12,243,33,,,,1813,9270,-194
NO4,1968,13,714,118,,,,1877,9763,-13
NO4,1968,14,275,71,,,,1823,10006,-118
NO4,1968,15,338,57,,,,1870,10225,-42
NO4,1968,16,444,238,,,,2000,10266,42
NO4,1968,17,878,481,,,,2179,10412,413
NO4,1968,18,209,356,,,,2139,10283,442
NO4,1968,19,272,166,,,,2132,10373,911
NO4,1968,20,38,207,,,,2146,10181,1303
NO4,1968,21,30,146,,,,2176,10029,1947
NO4,1968,22,228,841,,,,2808,8742,2194
NO4,1968,23,427,1929,,,,3504,6446,1546
NO4,1968,24,389,1379,,,,3527,5368,1468
NO4,1968,25,302,1469,,,,3454,4215,1171
NO4,1968,26,244,1619,,,,3298,2938,556
NO4,1968,27,8,1127,,,,3041,2067,145
NO4,1968,28,228,692,,,,2917,1718,311
NO4,1968,29,-99,678,,,,2709,1201,89
NO4,1968,30,36,527,,,,2583,892,42
NO4,1968,31,616,743,,,,2709,676,238
NO4,1968,32,287,527,,,,2642,550,251
NO4,1968,33,244,377,,,,2590,497,283
NO4,1968,34,61,465,,,,2409,383,53
NO4,1968,35,39,343,,,,2250,319,-139
NO4,1968,36,-5,378,,,,2137,228,-339
NO4,1968,37,17,276,,,,1992,196,-533
NO4,1968,38,332,168,,,,1976,355,-442
NO4,1968,39,82,130,,,,1912,226,-709
NO4,1968,40,617,251,,,,2171,306,-472
NO4,1968,41,502,177,,,,2048,733,-290
NO4,1968,42,149,124,,,,1946,854,-424
NO4,1968,43,775,205,,,,1998,1335,-61
NO4,1968,44,146,105,,,,1895,1472,-210
NO4,1968,45,286,81,,,,1838,1721,-220
NO4,1968,46,491,129,,,,2017,1880,-116
NO4,1968,47,364,288,,,,1977,1968,-336
NO4,1968,48,648,197,,,,1977,2375,-225
NO4,1968,49,1092,370,,,,2178,2828,94
NO4,1968,50,822,306,,,,2200,3273,174
NO4,1968,51,143,194,,,,2042,3368,-248
NO4,1968,52,224,98,,,,1964,3559,-460
NO4,1969,1,561,71,,,,1909,4079,-708
NO4,1969,2,232,60,,,,1862,4288,-911
NO4,1969,3,81,43,,,,1827,4359,-1274
NO4,1969,4,48,35,,,,1794,4402,-1703
NO4,1969,5,375,37,,,,1776,4741,-1812
NO4,1969,6,318,45,,,,1765,5011,-1985
NO4,1969,7,19,29,,,,1736,5028,-2415
NO4,1969,8,31,18,,,,1719,5057,-2816
NO4,1969,9,190,18,,,,1709,5230,-3080
NO4,1969,10,793,34,,,,1698,5966,-2789
NO4,1969,11,388,23,,,,1686,6330,-2861
NO4,1969,12,88,13,,,,1677,6413,-3188
NO4,1969,13,504,39,,,,1686,6843,-3125
NO4,1969,14,896,53,,,,1723,7607,-2615
NO4,1969,15,449,179,,,,1807,7767,-2562
NO4,1969,16,37,76,,,,1745,7784,-2695
NO4,1969,17,-1,96,,,,1844,7582,-2751
NO4,1969,18,54,170,,,,1849,7449,-2683
NO4,1969,19,138,158,,,,2007,7256,-2331
NO4,1969,20,207,288,,,,2099,7062,-1864
NO4,1969,21,-30,283,,,,2294,6549,-1415
NO4,1969,22,85,605,,,,2602,5691,-1062
NO4,1969,23,178,551,,,,2890,5002,-512
NO4,1969,24,414,1200,,,,3189,3858,-381
NO4,1969,25,-128,1492,,,,3067,2328,-1102
NO4,1969,26,-302,1591,,,,2606,939,-2136
NO4,1969,27,190,665,,,,2482,630,-1850
NO4,1969,28,574,615,,,,2654,458,-1212
NO4,1969,29,510,692,,,,2676,329,-816
NO4,1969,30,137,594,,,,2439,232,-761
NO4,1969,31,29,500,,,,2260,147,-739
NO4,1969,32,-220,511,,,,1939,88,-914
NO4,1969,33,-108,441,,,,1732,67,-1005
NO4,1969,34,389,406,,,,1902,61,-777
NO4,1969,35,79,273,,,,1855,58,-795
NO4,1969,36,524,328,,,,2104,56,-544
NO4,1969,37,969,707,,,,2368,61,-294
NO4,1969,38,-3,250,,,,2136,59,-577
NO4,1969,39,739,308,,,,2351,150,-345
NO4,1969,40,508,319,,,,2325,330,-294
NO4,1969,41,980,491,,,,2595,495,20
NO4,1969,42,1559,852,,,,2763,941,480
NO4,1969,43,658,569,,,,2723,1030,358
NO4,1969,44,901,391,,,,2588,1626,637
NO4,1969,45,481,188,,,,2425,2052,699
NO4,1969,46,260,148,,,,2310,2263,560
NO4,1969,47,263,124,,,,2213,2484,416
NO4,1969,48,263,87,,,,2130,2730,283
NO4,1969,49,370,77,,,,2067,3069,223
NO4,1969,50,684,153,,,,2081,3547,329
NO4,1969,51,9,73,,,,2006,3555,-98
NO4,1969,52,226,51,,,,1965,3758,-260
NO4,1970,1,675,96,,,,1949,4318,-428
NO4,1970,2,303,51,,,,1905,4601,-554
NO4,1970,3,58,35,,,,1874,4656,-929
NO4,1970,4,214,43,,,,1854,4838,-1208
NO4,1970,5,370,32,,,,1838,5173,-1318
NO4,1970,6,539,52,,,,1816,5659,-1285
NO4,1970,7,337,28,,,,1797,5975,-1407
NO4,1970,8,134,20,,,,1782,6101,-1710
NO4,1970,9,282,19,,,,1771,6362,-1887
NO4,1970,10,207,24,,,,1759,6550,-2144
NO4,1970,11,212,19,,,,1748,6744,-2386
NO4,1970,12,350,26,,,,1742,7060,-2474
NO4,1970,13,103,27,,,,1742,7131,-2780
NO4,1970,14,13,14,,,,1728,7143,-3075
NO4,1970,15,47,19,,,,1730,7166,-3242
NO4,1970,16,375,64,,,,1804,7381,-3039
NO4,1970,17,97,91,,,,1760,7421,-2996
NO4,1970,18,79,56,,,,1788,7411,-2782
NO4,1970,19,-23,482,,,,2472,6206,-2917
NO4,1970,20,0,965,,,,2533,5131,-3360
NO4,1970,21,522,461,,,,2538,5133,-2588
NO4,1970,22,68,744,,,,3056,3909,-2390
NO4,1970,23,13,1261,,,,3005,2660,-2739
NO4,1970,24,118,1475,,,,2783,1488,-3156
NO4,1970,25,-85,585,,,,2567,1048,-2882
NO4,1970,26,-176,662,,,,2300,559,-2821
NO4,1970,27,99,606,,,,2164,315,-2483
NO4,1970,28,663,557,,,,2457,221,-1647
NO4,1970,29,333,587,,,,2319,177,-1325
NO4,1970,30,710,621,,,,2599,122,-712
NO4,1970,31,198,533,,,,2468,90,-589
NO4,1970,32,113,489,,,,2326,65,-551
NO4,1970,33,183,372,,,,2277,56,-471
NO4,1970,34,76,399,,,,2172,46,-522
NO4,1970,35,428,365,,,,2319,42,-346
NO4,1970,36,619,484,,,,2518,41,-145
NO4,1970,37,363,372,,,,2537,40,-145
NO4,1970,38,204,318,,,,2488,44,-241
NO4,1970,39,401,349,,,,2427,116,-303
NO4,1970,40,79,210,,,,2324,77,-548
NO4,1970,41,789,308,,,,2598,235,-237
NO4,1970,42,785,572,,,,2713,285,-226
NO4,1970,43,789,393,,,,2677,670,-47
NO4,1970,44,376,276,,,,2478,944,-155
NO4,1970,45,517,151,,,,2332,1430,-17
NO4,1970,46,226,115,,,,2221,1641,-150
NO4,1970,47,97,114,,,,2225,1612,-443
NO4,1970,48,699,179,,,,2235,2081,-261
NO4,1970,49,312,129,,,,2114,2372,-426
NO4,1970,50,1775,327,,,,2328,3512,541
NO4,1970,51,654,300,,,,2282,3872,495
NO4,1970,52,459,211,,,,2157,4215,389
NO4,1970,53,414,92,,,,2073,4600,334
NO4,1971,1,1831,122,,,,2193,6110,1608
NO4,1971,2,1197,741,,,,2280,6400,1619
NO4,1971,3,271,135,,,,2157,6646,1344
NO4,1971,4,438,97,,,,2085,7037,1223
NO4,1971,5,1833,111,,,,2042,8720,2432
NO4,1971,6,439,88,,,,2011,9093,2343
NO4,1971,7,44,72,,,,1964,9109,1893
NO4,1971,8,198,40,,,,1929,9294,1631
NO4,1971,9,222,30,,,,1904,9500,1385
NO4,1971,10,697,40,,,,1882,10151,1581
NO4,1971,11,183,23,,,,1864,10322,1309
NO4,1971,12,96,19,,,,1849,10412,985
NO4,1971,13,252,53,,,,1874,10570,791
NO4,1971,14,246,72,,,,1894,10708,656
NO4,1971,15,629,133,,,,1892,11170,925
NO4,1971,16,201,92,,,,1882,11276,935
NO4,1971,17,74,38,,,,1854,11337,1013
NO4,1971,18,259,183,,,,2053,11202,1274
NO4,1971,19,835,891,,,,2458,10650,1513
NO4,1971,20,207,415,,,,2454,10420,1850
NO4,1971,21,-8,398,,,,2862,9591,2196
NO4,1971,22,13,2142,,,,3290,6953,886
NO4,1971,23,194,914,,,,3239,6238,1074
NO4,1971,24,107,1491,,,,3295,4741,609
NO4,1971,25,-13,1399,,,,3077,3504,85
NO4,1971,26,-162,1226,,,,2906,2279,-495
NO4,1971,27,650,1253,,,,3011,1551,-401
NO4,1971,28,689,1050,,,,2896,1276,-152
NO4,1971,29,452,630,,,,2924,1070,172
NO4,1971,30,14,659,,,,2687,746,1
NO4,1971,31,384,718,,,,2763,463,79
NO4,1971,32,443,579,,,,2776,378,212
NO4,1971,33,1198,981,,,,3047,321,563
NO4,1971,34,951,1135,,,,2984,249,494
NO4,1971,35,485,549,,,,2959,230,482
NO4,1971,36,40,466,,,,2674,191,161
NO4,1971,37,598,387,,,,2826,221,325
NO4,1971,38,955,685,,,,2861,395,483
NO4,1971,39,685,411,,,,2891,331,376
NO4,1971,40,1345,860,,,,3087,532,669
NO4,1971,41,618,430,,,,2794,978,701
NO4,1971,42,146,262,,,,2662,981,418
NO4,1971,43,1347,637,,,,3052,1214,872
NO4,1971,44,1404,908,,,,2992,1671,1086
NO4,1971,45,1010,292,,,,2728,2604,1554
NO4,1971,46,412,188,,,,2555,2983,1526
NO4,1971,47,584,149,,,,2455,3490,1664
NO4,1971,48,486,188,,,,2381,3832,1635
NO4,1971,49,1092,257,,,,2327,4657,2072
NO4,1971,50,700,157,,,,2272,5218,2192
NO4,1971,51,820,121,,,,2198,5952,2492
NO4,1971,52,984,225,,,,2342,6518,2876
NO4,1972,1,141,216,,,,2204,6566,2075
NO4,1972,2,4,78,,,,2126,6567,1632
NO4,1972,3,46,54,,,,2072,6609,1222
NO4,1972,4,57,50,,,,2035,6648,784
NO4,1972,5,7,36,,,,1999,6655,323
NO4,1972,6,89,30,,,,1969,6738,-54
NO4,1972,7,548,44,,,,1966,7221,8
NO4,1972,8,289,76,,,,1977,7408,-206
NO4,1972,9,46,43,,,,1935,7450,-635
NO4,1972,10,413,32,,,,1924,7821,-709
NO4,1972,11,1650,191,,,,1981,9148,251
NO4,1972,12,1103,262,,,,2046,9862,631
NO4,1972,13,151,74,,,,1978,10003,328
NO4,1972,14,65,63,,,,1999,9979,32
NO4,1972,15,199,130,,,,2095,9935,-107
NO4,1972,16,381,215,,,,2124,10044,-55
NO4,1972,17,340,113,,,,2038,10340,201
NO4,1972,18,116,190,,,,2193,10105,317
NO4,1972,19,-11,286,,,,2249,9739,393
NO4,1972,20,-15,449,,,,2679,8829,484
NO4,1972,21,113,936,,,,3050,7590,383
NO4,1972,22,37,713,,,,3083,6853,580
NO4,1972,23,144,1720,,,,3178,5111,-115
NO4,1972,24,535,1543,,,,3208,4003,-217
NO4,1972,25,186,1426,,,,3088,2844,-565
NO4,1972,26,-316,1424,,,,2767,1481,-1432
NO4,1972,27,347,1230,,,,2680,805,-1478
NO4,1972,28,571,846,,,,2740,554,-1030
NO4,1972,29,844,911,,,,2856,423,-543
NO4,1972,30,-12,496,,,,2532,332,-568
NO4,1972,31,547,700,,,,2665,214,-268
NO4,1972,32,571,701,,,,2744,150,-48
NO4,1972,33,200,490,,,,2618,113,-74
NO4,1972,34,225,450,,,,2481,101,-158
NO4,1972,35,594,436,,,,2700,89,82
NO4,1972,36,1199,879,,,,2965,104,365
NO4,1972,37,648,711,,,,2877,118,273
NO4,1972,38,814,538,,,,3058,179,465
NO4,1972,39,301,406,,,,2860,142,155
NO4,1972,40,1007,685,,,,3062,207,319
NO4,1972,41,638,648,,,,3022,214,166
NO4,1972,42,1167,590,,,,2939,803,518
NO4,1972,43,182,260,,,,2706,943,256
NO4,1972,44,479,244,,,,2615,1239,276
NO4,1972,45,979,320,,,,2500,1954,676
NO4,1972,46,631,166,,,,2343,2542,873
NO4,1972,47,628,123,,,,2243,3123,1085
NO4,1972,48,709,190,,,,2233,3612,1268
NO4,1972,49,256,154,,,,2150,3779,1017
NO4,1972,50,950,194,,,,2218,4410,1328
NO4,1972,51,1067,503,,,,2437,4678,1457
NO4,1972,52,845,336,,,,2389,5180,1586
NO4,1973,1,2138,666,,,,2460,6464,2229
NO4,1973,2,1070,403,,,,2408,7125,2472
NO4,1973,3,31,162,,,,2245,7151,1937
NO4,1973,4,876,169,,,,2237,7820,2157
NO4,1973,5,661,128,,,,2128,8427,2226
NO4,1973,6,840,97,,,,2061,9205,2505
NO4,1973,7,319,58,,,,2012,9502,2334
NO4,1973,8,606,54,,,,1974,10064,2447
NO4,1973,9,214,36,,,,1948,10260,2188
NO4,1973,10,887,81,,,,1976,10994,2517
NO4,1973,11,829,200,,,,1995,11560,2678
NO4,1973,12,1467,178,,,,2108,12667,3498
NO4,1973,13,427,385,,,,2165,12614,3125
NO4,1973,14,308,166,,,,2046,12853,2952
NO4,1973,15,185,68,,,,1987,13018,2868
NO4,1973,16,221,72,,,,1981,13162,2919
NO4,1973,17,494,73,,,,1948,13591,3362
NO4,1973,18,424,125,,,,2033,13783,3836
NO4,1973,19,58,248,,,,2222,13397,4024
NO4,1973,20,373,406,,,,2396,13152,4523
NO4,1973,21,61,555,,,,2581,12448,4771
NO4,1973,22,168,903,,,,3235,11014,4894
NO4,1973,23,720,1663,,,,3483,9722,4801
NO4,1973,24,783,1474,,,,3480,8933,4985
NO4,1973,25,-197,2050,,,,3558,6547,3608
NO4,1973,26,131,2002,,,,3374,4790,2483
NO4,1973,27,137,1773,,,,3234,3247,1518
NO4,1973,28,27,1437,,,,2940,2134,751
NO4,1973,29,620,1284,,,,2970,1457,606
NO4,1973,30,-129,830,,,,2551,1020,139
NO4,1973,31,367,581,,,,2552,851,256
NO4,1973,32,698,711,,,,2705,713,477
NO4,1973,33,598,778,,,,2720,573,489
NO4,1973,34,1048,744,,,,2940,613,814
NO4,1973,35,118,543,,,,2681,499,473
NO4,1973,36,467,465,,,,2720,478,494
NO4,1973,37,640,368,,,,2679,753,710
NO4,1973,38,38,362,,,,2590,525,342
NO4,1973,39,2,201,,,,2380,99,-367
NO4,1973,40,1023,543,,,,2698,197,-54
NO4,1973,41,363,268,,,,2448,520,-102
NO4,1973,42,270,164,,,,2292,765,-166
NO4,1973,43,831,267,,,,2453,1122,181
NO4,1973,44,779,468,,,,2516,1316,255
NO4,1973,45,1546,440,,,,2472,2376,1070
NO4,1973,46,409,191,,,,2290,2760,1037
NO4,1973,47,576,122,,,,2185,3293,1197
NO4,1973,48,370,94,,,,2100,3639,1163
NO4,1973,49,358,74,,,,2035,3975,1097
NO4,1973,50,841,75,,,,1983,4760,1444
NO4,1973,51,326,53,,,,1940,5065,1347
NO4,1973,52,1309,105,,,,2003,6146,2165
NO4,1974,1,1276,273,,,,1951,7132,2388
NO4,1974,2,5,75,,,,1902,7109,1950
NO4,1974,3,653,112,,,,1910,7602,2052
NO4,1974,4,1006,139,,,,1885,8440,2426
NO4,1974,5,249,52,,,,1851,8658,2180
NO4,1974,6,202,33,,,,1823,8848,1910
NO4,1974,7,239,32,,,,1810,9059,1690
NO4,1974,8,1028,75,,,,1826,9948,2182
NO4,1974,9,404,138,,,,1868,10149,1998
NO4,1974,10,8,54,,,,1842,10127,1516
NO4,1974,11,192,40,,,,1819,10289,1230
NO4,1974,12,63,24,,,,1800,10346,868
NO4,1974,13,133,79,,,,1852,10338,536
NO4,1974,14,440,275,,,,2111,10205,370
NO4,1974,15,747,341,,,,2035,10638,536
NO4,1974,16,579,182,,,,2108,10929,813
NO4,1974,17,245,291,,,,2230,10735,789
NO4,1974,18,45,249,,,,2213,10538,770
NO4,1974,19,54,185,,,,2299,10314,1018
NO4,1974,20,0,982,,,,3062,8528,566
NO4,1974,21,81,1583,,,,3318,6699,-240
NO4,1974,22,258,816,,,,3190,6227,62
NO4,1974,23,174,729,,,,3300,5528,424
NO4,1974,24,82,1438,,,,3539,3879,-10
NO4,1974,25,-301,2095,,,,3043,1966,-1489
NO4,1974,26,252,730,,,,2823,1690,-1168
NO4,1974,27,460,788,,,,2924,1258,-781
NO4,1974,28,184,718,,,,2835,871,-618
NO4,1974,29,263,713,,,,2697,629,-496
NO4,1974,30,689,654,,,,2927,487,-18
NO4,1974,31,370,658,,,,2865,367,85
NO4,1974,32,466,597,,,,2856,304,218
NO4,1974,33,506,587,,,,2965,229,390
NO4,1974,34,389,604,,,,2873,191,324
NO4,1974,35,119,530,,,,2636,147,75
NO4,1974,36,117,405,,,,2523,114,-67
NO4,1974,37,438,453,,,,2566,105,-50
NO4,1974,38,1223,741,,,,2954,185,365
NO4,1974,39,401,500,,,,2895,63,112
NO4,1974,40,449,433,,,,2890,74,14
NO4,1974,41,98,244,,,,2696,120,-254
NO4,1974,42,143,240,,,,2608,108,-508
NO4,1974,43,89,166,,,,2465,167,-762
NO4,1974,44,9,131,,,,2332,175,-1070
NO4,1974,45,21,102,,,,2232,189,-1357
NO4,1974,46,81,86,,,,2148,261,-1603
NO4,1974,47,147,78,,,,2097,373,-1810
NO4,1974,48,119,67,,,,2035,480,-2062
NO4,1974,49,339,73,,,,2000,767,-2145
NO4,1974,50,249,86,,,,1962,953,-2384
NO4,1974,51,518,67,,,,1957,1381,-2320
NO4,1974,52,692,147,,,,1941,1904,-2139
NO4,1975,1,1860,215,,,,2050,3349,-1296
NO4,1975,2,287,117,,,,1944,3617,-1500
NO4,1975,3,1163,145,,,,1965,4556,-938
NO4,1975,4,424,95,,,,1915,4912,-1072
NO4,1975,5,89,65,,,,1892,4954,-1484
NO4,1975,6,1078,248,,,,2031,5585,-1144
NO4,1975,7,405,108,,,,1951,5946,-1283
NO4,1975,8,1203,192,,,,2180,6664,-747
NO4,1975,9,1444,658,,,,2208,7332,-480
NO4,1975,10,301,175,,,,2097,7550,-805
NO4,1975,11,425,130,,,,2094,7824,-960
NO4,1975,12,477,106,,,,2055,8211,-1011
NO4,1975,13,11,68,,,,1991,8215,-1447
NO4,1975,14,211,46,,,,1949,8411,-1586
NO4,1975,15,180,38,,,,1917,8577,-1643
NO4,1975,16,42,32,,,,1905,8597,-1722
NO4,1975,17,212,180,,,,2086,8427,-1664
NO4,1975,18,617,251,,,,2210,8627,-1144
NO4,1975,19,62,416,,,,2618,7858,-1119
NO4,1975,20,387,799,,,,2983,7022,-1020
NO4,1975,21,675,1189,,,,3306,6108,-843
NO4,1975,22,349,590,,,,3008,6126,-222
NO4,1975,23,219,455,,,,3177,5700,473
NO4,1975,24,354,985,,,,3286,4911,769
NO4,1975,25,372,1046,,,,3446,4026,974
NO4,1975,26,460,1113,,,,3217,3545,1082
NO4,1975,27,442,949,,,,3236,2970,1243
NO4,1975,28,193,1035,,,,3122,2211,1008
NO4,1975,29,333,717,,,,2975,1946,1099
NO4,1975,30,267,764,,,,3020,1402,989
NO4,1975,31,202,815,,,,2902,933,688
NO4,1975,32,194,691,,,,2769,628,455
NO4,1975,33,177,514,,,,2653,470,318
NO4,1975,34,332,431,,,,2686,383,329
NO4,1975,35,346,430,,,,2660,345,298
NO4,1975,36,1009,739,,,,2913,336,545
NO4,1975,37,971,832,,,,3039,324,641
NO4,1975,38,803,747,,,,3110,305,642
NO4,1975,39,1206,727,,,,3400,143,697
NO4,1975,40,525,638,,,,3252,148,450
NO4,1975,41,558,475,,,,3249,199,378
NO4,1975,42,1104,989,,,,3168,323,267
NO4,1975,43,852,503,,,,3253,535,394
NO4,1975,44,890,718,,,,3076,825,324
NO4,1975,45,927,534,,,,3205,1025,452
NO4,1975,46,830,684,,,,3125,1187,299
NO4,1975,47,481,327,,,,2837,1597,154
NO4,1975,48,276,230,,,,2699,1761,-117
NO4,1975,49,678,172,,,,2560,2368,16
NO4,1975,50,1697,163,,,,2446,3944,1090
NO4,1975,51,1865,171,,,,2378,5632,2351
NO4,1975,52,1722,154,,,,2296,7213,3526
NO4,1976,1,1675,118,,,,2227,8772,4305
NO4,1976,2,609,75,,,,2170,9343,4452
NO4,1976,3,604,61,,,,2124,9909,4574
NO4,1976,4,707,56,,,,2087,10568,4756
NO4,1976,5,460,46,,,,2057,10995,4722
NO4,1976,6,646,49,,,,2031,11591,4862
NO4,1976,7,197,42,,,,2006,11765,4591
NO4,1976,8,1324,201,,,,2063,12763,5234
NO4,1976,9,924,121,,,,2040,13541,5561
NO4,1976,10,636,84,,,,2036,14066,5650
NO4,1976,11,15,53,,,,1985,14078,5185
NO4,1976,12,244,32,,,,1958,14307,4987
NO4,1976,13,76,23,,,,1943,14370,4660
NO4,1976,14,462,56,,,,1930,14767,4751
NO4,1976,15,515,60,,,,2008,15116,4987
NO4,1976,16,739,313,,,,2113,15377,5267
NO4,1976,17,645,167,,,,2077,15854,5754
NO4,1976,18,111,77,,,,2004,15953,5976
NO4,1976,19,190,146,,,,2136,15850,6391
NO4,1976,20,228,753,,,,2796,14619,6390
NO4,1976,21,50,1778,,,,3580,12024,5346
NO4,1976,22,-16,1872,,,,3458,10180,4283
NO4,1976,23,204,923,,,,3264,9600,4461
NO4,1976,24,-73,908,,,,3524,8338,4434
NO4,1976,25,-87,1848,,,,3463,6402,3368
NO4,1976,26,112,1328,,,,3363,5235,2917
NO4,1976,27,443,1285,,,,3277,4419,2733
NO4,1976,28,-170,1078,,,,3115,3321,2111
NO4,1976,29,11,1085,,,,2957,2407,1542
NO4,1976,30,594,1177,,,,2906,1863,1337
NO4,1976,31,698,774,,,,3032,1643,1529
NO4,1976,32,269,604,,,,2928,1434,1420
NO4,1976,33,-192,638,,,,2598,1045,839
NO4,1976,34,387,595,,,,2590,887,737
NO4,1976,35,130,431,,,,2493,751,536
NO4,1976,36,856,566,,,,2680,830,805
NO4,1976,37,1106,631,,,,2808,1109,1195
NO4,1976,38,105,347,,,,2664,1008,898
NO4,1976,39,116,345,,,,2600,486,240
NO4,1976,40,460,271,,,,2524,372,-54
NO4,1976,41,211,223,,,,2483,388,-199
NO4,1976,42,196,224,,,,2332,497,-395
NO4,1976,43,62,143,,,,2231,512,-651
NO4,1976,44,206,142,,,,2154,639,-784
NO4,1976,45,50,104,,,,2056,677,-1045
NO4,1976,46,507,140,,,,2045,1028,-940
NO4,1976,47,1295,306,,,,2287,1704,-290
NO4,1976,48,932,331,,,,2132,2413,-33
NO4,1976,49,138,112,,,,2043,2520,-350
NO4,1976,50,28,87,,,,1989,2512,-798
NO4,1976,51,4,58,,,,1929,2516,-1213
NO4,1976,52,403,59,,,,1889,2882,-1213
NO4,1976,53,119,42,,,,1850,2992,-1496
NO4,1977,1,1278,133,,,,1888,4037,-770
NO4,1977,2,123,60,,,,1833,4152,-1076
NO4,1977,3,209,34,,,,1803,4348,-1308
NO4,1977,4,252,29,,,,1781,4583,-1535
NO4,1977,5,105,23,,,,1763,4681,-1886
NO4,1977,6,196,23,,,,1747,4863,-2151
NO4,1977,7,52,16,,,,1733,4911,-2535
NO4,1977,8,198,15,,,,1722,5096,-2774
NO4,1977,9,500,22,,,,1712,5565,-2743
NO4,1977,10,1468,237,,,,1873,6557,-2023
NO4,1977,11,403,215,,,,1867,6721,-2290
NO4,1977,12,458,130,,,,1820,7069,-2388
NO4,1977,13,467,62,,,,1782,7490,-2382
NO4,1977,14,85,33,,,,1751,7569,-2626
NO4,1977,15,122,32,,,,1750,7654,-2733
NO4,1977,16,186,37,,,,1756,7787,-2681
NO4,1977,17,179,73,,,,1822,7818,-2538
NO4,1977,18,1,199,,,,2032,7409,-2540
NO4,1977,19,425,172,,,,2114,7545,-1936
NO4,1977,20,260,375,,,,2446,7075,-1504
NO4,1977,21,220,486,,,,2691,6532,-1035
NO4,1977,22,510,477,,,,3017,6196,-142
NO4,1977,23,369,1104,,,,3381,5036,13
NO4,1977,24,165,1716,,,,3339,3459,-630
NO4,1977,25,532,854,,,,3149,3273,-75
NO4,1977,26,64,752,,,,3167,2550,37
NO4,1977,27,-220,1461,,,,2903,1140,-920
NO4,1977,28,266,640,,,,2727,931,-666
NO4,1977,29,493,615,,,,2894,654,-274
NO4,1977,30,3,618,,,,2627,392,-414
NO4,1977,31,359,542,,,,2710,238,-199
NO4,1977,32,4,598,,,,2371,152,-419
NO4,1977,33,-99,368,,,,2108,113,-584
NO4,1977,34,630,389,,,,2401,103,-236
NO4,1977,35,651,532,,,,2578,92,-37
NO4,1977,36,923,699,,,,2698,174,168
NO4,1977,37,385,351,,,,2580,299,158
NO4,1977,38,329,434,,,,2542,211,-20
NO4,1977,39,267,291,,,,2511,162,-173
NO4,1977,40,16,188,,,,2318,179,-453
NO4,1977,41,320,175,,,,2290,335,-446
NO4,1977,42,1400,738,,,,2545,658,-21
NO4,1977,43,807,564,,,,2630,773,9
NO4,1977,44,139,335,,,,2501,693,-382
NO4,1977,45,664,306,,,,2491,1018,-270
NO4,1977,46,187,194,,,,2303,1185,-525
NO4,1977,47,235,117,,,,2189,1406,-686
NO4,1977,48,577,198,,,,2240,1700,-637
NO4,1977,49,54,151,,,,2147,1688,-1077
NO4,1977,50,1181,205,,,,2208,2540,-550
NO4,1977,51,855,171,,,,2082,3315,-261
NO4,1977,52,274,77,,,,2012,3570,-401
NO4,1978,1,969,86,,,,2030,4392,-273
NO4,1978,2,1362,203,,,,1986,5527,453
NO4,1978,3,677,136,,,,1944,6081,566
NO4,1978,4,51,48,,,,1897,6128,126
NO4,1978,5,98,33,,,,1867,6220,-243
NO4,1978,6,207,28,,,,1843,6414,-503
NO4,1978,7,686,33,,,,1823,7057,-299
NO4,1978,8,494,34,,,,1807,7520,-265
NO4,1978,9,233,72,,,,1829,7650,-540
NO4,1978,10,373,84,,,,1832,7915,-706
NO4,1978,11,178,52,,,,1791,8074,-1012
NO4,1978,12,31,18,,,,1774,8103,-1400
NO4,1978,13,282,49,,,,1807,8287,-1559
NO4,1978,14,363,70,,,,1833,8537,-1576
NO4,1978,15,267,76,,,,1795,8753,-1589
NO4,1978,16,35,40,,,,1820,8722,-1682
NO4,1978,17,139,62,,,,1794,8815,-1568
NO4,1978,18,259,40,,,,1778,9038,-1165
NO4,1978,19,3,52,,,,1840,8932,-823
NO4,1978,20,-18,527,,,,2563,7645,-817
NO4,1978,21,350,1616,,,,3161,5691,-1405
NO4,1978,22,473,1433,,,,3294,4521,-1541
NO4,1978,23,167,1255,,,,3203,3472,-1729
NO4,1978,24,-89,966,,,,3038,2557,-1833
NO4,1978,25,209,1060,,,,3042,1672,-1783
NO4,1978,26,-87,1035,,,,2723,906,-2052
NO4,1978,27,60,728,,,,2556,502,-1904
NO4,1978,28,206,519,,,,2474,354,-1496
NO4,1978,29,83,364,,,,2337,286,-1199
NO4,1978,30,-97,441,,,,2102,185,-1146
NO4,1978,31,87,396,,,,2016,133,-997
NO4,1978,32,19,290,,,,1893,111,-938
NO4,1978,33,214,233,,,,1959,102,-743
NO4,1978,34,328,358,,,,2080,86,-574
NO4,1978,35,343,316,,,,2182,79,-446
NO4,1978,36,67,317,,,,2092,67,-545
NO4,1978,37,628,353,,,,2370,82,-270
NO4,1978,38,894,529,,,,2501,272,0
NO4,1978,39,158,237,,,,2355,214,-278
NO4,1978,40,329,236,,,,2328,311,-310
NO4,1978,41,991,501,,,,2807,263,-1
NO4,1978,42,1361,558,,,,2669,1122,567
NO4,1978,43,1316,342,,,,2633,2061,1300
NO4,1978,44,1136,440,,,,2644,2684,1750
NO4,1978,45,1785,845,,,,2929,3226,2376
NO4,1978,46,905,593,,,,2672,3734,2393
NO4,1978,47,941,225,,,,2493,4581,2794
NO4,1978,48,170,137,,,,2360,4741,2524
NO4,1978,49,245,101,,,,2267,4965,2320
NO4,1978,50,118,79,,,,2190,5075,1966
NO4,1978,51,717,78,,,,2128,5746,2217
NO4,1978,52,141,55,,,,2078,5879,1973
NO4,1979,1,296,49,,,,2036,6156,1497
NO4,1979,2,507,45,,,,2001,6631,1572
NO4,1979,3,89,32,,,,1973,6714,1228
NO4,1979,4,139,28,,,,1948,6844,893
NO4,1979,5,121,24,,,,1926,6958,554
NO4,1979,6,524,29,,,,1907,7449,595
NO4,1979,7,321,28,,,,1895,7744,460
NO4,1979,8,346,25,,,,1887,8057,353
NO4,1979,9,1251,168,,,,1926,9040,946
NO4,1979,10,639,96,,,,1909,9567,1023
NO4,1979,11,66,49,,,,1873,9615,611
NO4,1979,12,145,23,,,,1854,9751,328
NO4,1979,13,43,77,,,,1920,9643,-90
NO4,1979,14,68,114,,,,1910,9594,-442
NO4,1979,15,191,51,,,,1876,9754,-506
NO4,1979,16,184,54,,,,1925,9826,-472
NO4,1979,17,52,228,,,,2046,9511,-620
NO4,1979,18,212,196,,,,2110,9448,-423
NO4,1979,19,193,199,,,,2162,9364,-69
NO4,1979,20,1250,467,,,,2367,9860,1203
NO4,1979,21,274,689,,,,2972,8801,1515
NO4,1979,22,680,1596,,,,3437,7327,1408
NO4,1979,23,50,1691,,,,3345,5715,656
NO4,1979,24,351,1299,,,,3454,4595,621
NO4,1979,25,105,1382,,,,3364,3358,225
NO4,1979,26,398,1614,,,,3236,2216,-228
NO4,1979,27,107,817,,,,2958,1776,-229
NO4,1979,28,39,887,,,,2790,1139,-395
NO4,1979,29,278,887,,,,2652,743,-426
NO4,1979,30,82,613,,,,2423,539,-470
NO4,1979,31,49,443,,,,2272,397,-478
NO4,1979,32,-41,351,,,,2094,306,-542
NO4,1979,33,128,415,,,,2047,224,-533
NO4,1979,34,664,571,,,,2315,174,-250
NO4,1979,35,604,434,,,,2488,183,-36
NO4,1979,36,297,433,,,,2440,156,-108
NO4,1979,37,810,495,,,,2661,226,166
NO4,1979,38,600,452,,,,2773,234,234
NO4,1979,39,986,565,,,,2938,259,350
NO4,1979,40,428,416,,,,2764,413,227
NO4,1979,41,607,377,,,,2716,655,301
NO4,1979,42,391,251,,,,2654,833,263
NO4,1979,43,376,301,,,,2508,1029,144
NO4,1979,44,19,148,,,,2358,1046,-173
NO4,1979,45,119,119,,,,2256,1139,-384
NO4,1979,46,69,90,,,,2167,1202,-644
NO4,1979,47,757,134,,,,2170,1781,-330
NO4,1979,48,534,104,,,,2084,2272,-221
NO4,1979,49,1042,180,,,,2079,3088,254
NO4,1979,50,248,79,,,,2005,3321,27
NO4,1979,51,539,100,,,,2089,3648,79
NO4,1979,52,136,127,,,,2012,3721,-250
NO4,1980,1,154,61,,,,1953,3865,-876
NO4,1980,2,263,40,,,,1920,4108,-1032
NO4,1980,3,1200,81,,,,1906,5190,-364
NO4,1980,4,177,37,,,,1873,5356,-670
NO4,1980,5,487,35,,,,1851,5812,-667
NO4,1980,6,130,23,,,,1832,5934,-995
NO4,1980,7,189,20,,,,1818,6108,-1253
NO4,1980,8,157,41,,,,1840,6194,-1558
NO4,1980,9,679,121,,,,1872,6681,-1467
NO4,1980,10,445,56,,,,1843,7076,-1534
NO4,1980,11,1,31,,,,1813,7074,-1990
NO4,1980,12,39,17,,,,1796,7111,-2370
NO4,1980,13,60,14,,,,1782,7167,-2704
NO4,1980,14,359,51,,,,1839,7400,-2707
NO4,1980,15,507,166,,,,1869,7678,-2590
NO4,1980,16,193,230,,,,1977,7511,-2736
NO4,1980,17,159,156,,,,2014,7462,-2701
NO4,1980,18,103,308,,,,2293,6968,-2720
NO4,1980,19,301,292,,,,2318,6917,-2360
NO4,1980,20,127,426,,,,2793,6132,-2099
NO4,1980,21,82,509,,,,2698,5776,-1784
NO4,1980,22,64,830,,,,3315,4354,-1686
NO4,1980,23,431,1948,,,,3352,2710,-2342
NO4,1980,24,118,1130,,,,2973,2038,-2416
NO4,1980,25,-199,1063,,,,2742,1022,-2733
NO4,1980,26,7,699,,,,2500,623,-2558
NO4,1980,27,-196,547,,,,2169,346,-2447
NO4,1980,28,-44,421,,,,1977,218,-2129
NO4,1980,29,46,309,,,,1897,161,-1763
NO4,1980,30,47,370,,,,1817,109,-1506
NO4,1980,31,-139,446,,,,1618,69,-1459
NO4,1980,32,335,378,,,,1740,61,-1141
NO4,1980,33,-122,252,,,,1565,55,-1185
NO4,1980,34,145,327,,,,1588,50,-1102
NO4,1980,35,232,282,,,,1641,48,-1018
NO4,1980,36,419,273,,,,1846,47,-811
NO4,1980,37,699,517,,,,2090,46,-586
NO4,1980,38,219,302,,,,2056,45,-671
NO4,1980,39,32,237,,,,1921,45,-880
NO4,1980,40,435,348,,,,1997,58,-894
NO4,1980,41,191,218,,,,1980,61,-1029
NO4,1980,42,334,156,,,,1901,307,-1016
NO4,1980,43,536,140,,,,1829,752,-813
NO4,1980,44,190,92,,,,1750,920,-907
NO4,1980,45,559,246,,,,1924,1021,-834
NO4,1980,46,128,116,,,,1810,1139,-1063
NO4,1980,47,629,81,,,,1742,1728,-810
NO4,1980,48,659,67,,,,1690,2345,-542
NO4,1980,49,978,113,,,,1664,3190,-59
NO4,1980,50,477,53,,,,1625,3637,-37
NO4,1980,51,205,38,,,,1598,3823,-237
NO4,1980,52,287,34,,,,1572,4092,-320
NO4,1981,1,1002,47,,,,1551,5030,-115
NO4,1981,2,994,41,,,,1532,5961,433
NO4,1981,3,760,43,,,,1518,6669,729
NO4,1981,4,670,43,,,,1558,7226,885
NO4,1981,5,2525,535,,,,1786,8857,2314
NO4,1981,6,652,142,,,,1680,9447,2366
NO4,1981,7,430,55,,,,1637,9848,2306
NO4,1981,8,167,31,,,,1611,10002,2021
NO4,1981,9,45,21,,,,1592,10044,1616
NO4,1981,10,163,19,,,,1577,10197,1321
NO4,1981,11,280,19,,,,1565,10460,1147
NO4,1981,12,188,15,,,,1555,10636,913
NO4,1981,13,514,22,,,,1546,11117,1011
NO4,1981,14,226,87,,,,1650,11139,843
NO4,1981,15,853,374,,,,1914,11289,1067
NO4,1981,16,437,258,,,,1820,11529,1125
NO4,1981,17,366,118,,,,1748,11829,1400
NO4,1981,18,39,50,,,,1709,11856,1584
NO4,1981,19,169,78,,,,1822,11826,2054
NO4,1981,20,25,954,,,,2659,10017,1651
NO4,1981,21,22,2208,,,,3460,6936,138
NO4,1981,22,85,2067,,,,3348,4978,-1030
NO4,1981,23,277,962,,,,3154,4434,-816
NO4,1981,24,322,677,,,,3148,4047,-233
NO4,1981,25,-25,578,,,,3062,3516,81
NO4,1981,26,211,798,,,,3162,2792,274
NO4,1981,27,384,794,,,,3258,2251,547
NO4,1981,28,475,1138,,,,3348,1472,497
NO4,1981,29,205,910,,,,3096,1034,309
NO4,1981,30,706,977,,,,3191,682,440
NO4,1981,31,532,900,,,,3150,429,432
NO4,1981,32,910,986,,,,3223,314,595
NO4,1981,33,164,635,,,,3001,205,402
NO4,1981,34,286,568,,,,2831,169,260
NO4,1981,35,186,441,,,,2665,146,103
NO4,1981,36,105,329,,,,2541,123,-40
NO4,1981,37,782,691,,,,2622,134,35
NO4,1981,38,-40,272,,,,2367,120,-286
NO4,1981,39,143,223,,,,2321,87,-438
NO4,1981,40,843,475,,,,2742,54,-154
NO4,1981,41,688,490,,,,2822,158,-90
NO4,1981,42,419,319,,,,2740,317,-167
NO4,1981,43,28,212,,,,2546,324,-524
NO4,1981,44,18,145,,,,2399,340,-837
NO4,1981,45,246,121,,,,2300,550,-928
NO4,1981,46,425,136,,,,2242,874,-897
NO4,1981,47,284,105,,,,2171,1106,-1003
NO4,1981,48,205,78,,,,2098,1297,-1182
NO4,1981,49,703,137,,,,2104,1819,-989
NO4,1981,50,89,75,,,,2031,1903,-1366
NO4,1981,51,280,54,,,,1983,2165,-1511
NO4,1981,52,14,40,,,,1943,2179,-1862
NO4,1981,53,77,35,,,,1909,2251,-2179
NO4,1982,1,275,33,,,,1880,2508,-2307
NO4,1982,2,1746,88,,,,1900,4071,-1090
NO4,1982,3,331,180,,,,1945,4156,-1358
NO4,1982,4,573,68,,,,1889,4693,-1318
NO4,1982,5,560,78,,,,1889,5148,-1293
NO4,1982,6,333,64,,,,1883,5404,-1473
NO4,1982,7,540,127,,,,1923,5745,-1511
NO4,1982,8,499,140,,,,1925,6072,-1595
NO4,1982,9,226,61,,,,1881,6267,-1870
NO4,1982,10,181,52,,,,1858,6411,-2185
NO4,1982,11,66,41,,,,1843,6446,-2588
NO4,1982,12,1494,313,,,,2131,7253,-1893
NO4,1982,13,908,247,,,,2031,7967,-1655
NO4,1982,14,510,125,,,,1941,8418,-1587
NO4,1982,15,503,109,,,,1999,8726,-1412
NO4,1982,16,300,281,,,,2191,8525,-1508
NO4,1982,17,419,301,,,,2148,8654,-1375
NO4,1982,18,233,203,,,,2361,8456,-1163
NO4,1982,19,458,454,,,,2599,8178,-817
NO4,1982,20,17,320,,,,2714,7754,-557
NO4,1982,21,472,759,,,,3049,7074,-135
NO4,1982,22,523,1440,,,,3440,5691,-225
NO4,1982,23,98,624,,,,2963,5612,171
NO4,1982,24,140,428,,,,3014,5253,840
NO4,1982,25,255,440,,,,3066,4992,1561
NO4,1982,26,-176,1447,,,,3160,3230,710
NO4,1982,27,448,1356,,,,3042,2377,456
NO4,1982,28,193,1110,,,,3008,1474,158
NO4,1982,29,1293,1406,,,,3138,1147,464
NO4,1982,30,55,717,,,,2839,813,220
NO4,1982,31,-56,557,,,,2589,530,-27
NO4,1982,32,780,661,,,,2888,388,334
NO4,1982,33,230,550,,,,2763,285,243
NO4,1982,34,350,525,,,,2731,220,212
NO4,1982,35,889,586,,,,3063,197,553
NO4,1982,36,871,546,,,,3298,256,850
NO4,1982,37,1354,1005,,,,3541,297,1115
NO4,1982,38,616,678,,,,3372,369,968
NO4,1982,39,8,407,,,,3122,70,346
NO4,1982,40,97,328,,,,2935,64,50
NO4,1982,41,106,220,,,,2742,132,-197
NO4,1982,42,301,203,,,,2690,262,-272
NO4,1982,43,1143,495,,,,2894,632,133
NO4,1982,44,792,405,,,,2712,1153,289
NO4,1982,45,666,321,,,,2778,1392,392
NO4,1982,46,343,236,,,,2582,1674,243
NO4,1982,47,651,174,,,,2457,2242,418
NO4,1982,48,760,292,,,,2604,2519,546
NO4,1982,49,459,286,,,,2410,2857,355
NO4,1982,50,382,109,,,,2306,3216,223
NO4,1982,51,412,107,,,,2260,3547,149
NO4,1982,52,731,158,,,,2226,4117,359
NO4,1983,1,780,119,,,,2167,4795,267
NO4,1983,2,1034,118,,,,2117,5713,770
NO4,1983,3,714,68,,,,2064,6382,987
NO4,1983,4,618,83,,,,2044,6914,1058
NO4,1983,5,315,45,,,,2006,7209,885
NO4,1983,6,374,41,,,,1984,7547,770
NO4,1983,7,764,94,,,,2071,8097,988
NO4,1983,8,826,189,,,,2108,8654,1170
NO4,1983,9,228,93,,,,2021,8862,864
NO4,1983,10,516,57,,,,1984,9338,869
NO4,1983,11,524,131,,,,2025,9660,807
NO4,1983,12,91,63,,,,1965,9740,428
NO4,1983,13,97,33,,,,1934,9830,111
NO4,1983,14,79,80,,,,2014,9742,-190
NO4,1983,15,77,82,,,,1994,9748,-396
NO4,1983,16,231,310,,,,2307,9328,-589
NO4,1983,17,65,422,,,,2418,8839,-920
NO4,1983,18,112,274,,,,2476,8608,-898
NO4,1983,19,40,856,,,,3012,7216,-1367
NO4,1983,20,151,1052,,,,3261,6019,-1745
NO4,1983,21,435,1145,,,,3409,5099,-1750
NO4,1983,22,135,1032,,,,3297,4271,-1788
NO4,1983,23,551,876,,,,3383,3806,-1214
NO4,1983,24,10,1165,,,,3221,2782,-1424
NO4,1983,25,104,743,,,,3073,2273,-1151
NO4,1983,26,333,996,,,,3069,1591,-1020
NO4,1983,27,69,871,,,,2868,1014,-1081
NO4,1983,28,336,675,,,,2806,750,-768
NO4,1983,29,1049,966,,,,2974,638,-209
NO4,1983,30,283,760,,,,2839,392,-201
NO4,1983,31,339,571,,,,2783,291,-73
NO4,1983,32,748,696,,,,2874,270,202
NO4,1983,33,432,546,,,,2819,227,241
NO4,1983,34,790,621,,,,2991,232,483
NO4,1983,35,1081,1111,,,,2982,197,472
NO4,1983,36,364,586,,,,2879,158,333
NO4,1983,37,160,382,,,,2762,134,174
NO4,1983,38,679,578,,,,2873,146,246
NO4,1983,39,1237,529,,,,2819,667,640
NO4,1983,40,514,306,,,,2692,974,716
NO4,1983,41,306,227,,,,2599,1130,659
NO4,1983,42,999,425,,,,2852,1393,1021
NO4,1983,43,1495,595,,,,2677,2386,1669
NO4,1983,44,1322,430,,,,2610,3271,2304
NO4,1983,45,1942,640,,,,2594,4474,3289
NO4,1983,46,781,219,,,,2438,5155,3580
NO4,1983,47,902,148,,,,2313,6000,4032
NO4,1983,48,761,143,,,,2355,6540,4318
NO4,1983,49,770,269,,,,2219,7132,4439
NO4,1983,50,659,128,,,,2177,7672,4550
NO4,1983,51,45,87,,,,2089,7713,4144
NO4,1983,52,1087,81,,,,2048,8713,4777
NO4,1984,1,795,65,,,,2002,9457,4764
NO4,1984,2,553,48,,,,1970,9970,4879
NO4,1984,3,457,45,,,,1941,10393,4875
NO4,1984,4,31,27,,,,1917,10422,4439
NO4,1984,5,29,21,,,,1896,10449,4015
NO4,1984,6,514,34,,,,1892,10908,4040
NO4,1984,7,484,132,,,,1941,11183,3945
NO4,1984,8,212,61,,,,1934,11329,3671
NO4,1984,9,1009,211,,,,1979,12025,3984
NO4,1984,10,633,67,,,,1932,12612,4091
NO4,1984,11,141,38,,,,1900,12742,3765
NO4,1984,12,157,31,,,,1879,12883,3485
NO4,1984,13,118,22,,,,1859,12993,3199
NO4,1984,14,39,32,,,,1878,12980,2912
NO4,1984,15,197,136,,,,1958,12942,2763
NO4,1984,16,435,167,,,,2035,13101,2913
NO4,1984,17,499,358,,,,2165,13069,3057
NO4,1984,18,134,850,,,,2789,11688,2497
NO4,1984,19,351,471,,,,2611,11704,2720
NO4,1984,20,212,1231,,,,3455,9778,2209
NO4,1984,21,114,1811,,,,3652,7807,1201
NO4,1984,22,-227,2713,,,,3609,4835,-911
NO4,1984,23,-12,1760,,,,3067,3547,-1789
NO4,1984,24,301,706,,,,3101,3082,-1245
NO4,1984,25,509,1063,,,,3143,2439,-915
NO4,1984,26,361,900,,,,3121,1901,-658
NO4,1984,27,320,548,,,,3110,1670,-182
NO4,1984,28,401,1086,,,,2973,1136,-216
NO4,1984,29,144,624,,,,2858,817,-147
NO4,1984,30,300,579,,,,2799,640,7
NO4,1984,31,64,606,,,,2621,407,-118
NO4,1984,32,428,634,,,,2652,290,0
NO4,1984,33,419,489,,,,2702,237,135
NO4,1984,34,813,730,,,,2784,231,276
NO4,1984,35,302,397,,,,2718,215,225
NO4,1984,36,583,423,,,,2818,261,375
NO4,1984,37,213,483,,,,2704,171,153
NO4,1984,38,-75,281,,,,2428,154,-192
NO4,1984,39,71,186,,,,2272,119,-455
NO4,1984,40,254,232,,,,2369,67,-514
NO4,1984,41,623,352,,,,2426,269,-375
NO4,1984,42,432,288,,,,2391,425,-409
NO4,1984,43,217,176,,,,2246,598,-550
NO4,1984,44,1133,423,,,,2570,916,-91
NO4,1984,45,100,285,,,,2298,990,-490
NO4,1984,46,23,127,,,,2185,996,-832
NO4,1984,47,98,93,,,,2093,1086,-1101
NO4,1984,48,243,91,,,,2063,1254,-1260
NO4,1984,49,544,131,,,,2062,1636,-1214
NO4,1984,50,482,154,,,,1993,2007,-1299
NO4,1984,51,98,61,,,,1936,2095,-1627
NO4,1984,52,109,78,,,,1927,2127,-1930
NO4,1985,1,363,52,,,,1882,2466,-2348
NO4,1985,2,336,41,,,,1848,2780,-2432
NO4,1985,3,419,76,,,,1886,3066,-2507
NO4,1985,4,249,47,,,,1845,3299,-2755
NO4,1985,5,437,38,,,,1818,3709,-2803
NO4,1985,6,85,25,,,,1796,3788,-3176
NO4,1985,7,280,26,,,,1777,4051,-3352
NO4,1985,8,122,19,,,,1761,4165,-3665
NO4,1985,9,312,29,,,,1756,4441,-3822
NO4,1985,10,171,22,,,,1751,4586,-4116
NO4,1985,11,840,105,,,,1756,5277,-3845
NO4,1985,12,104,29,,,,1743,5362,-4172
NO4,1985,13,223,54,,,,1740,5520,-4393
NO4,1985,14,276,28,,,,1722,5777,-4448
NO4,1985,15,152,18,,,,1714,5914,-4509
NO4,1985,16,320,55,,,,1751,6125,-4348
NO4,1985,17,569,60,,,,1718,6638,-3821
NO4,1985,18,83,42,,,,1746,6650,-3585
NO4,1985,19,25,318,,,,2164,5931,-3499
NO4,1985,20,137,450,,,,2293,5456,-3275
NO4,1985,21,152,260,,,,2274,5345,-2639
NO4,1985,22,406,662,,,,2909,4414,-2032
NO4,1985,23,262,788,,,,2993,3761,-1649
NO4,1985,24,115,1057,,,,3368,2398,-1662
NO4,1985,25,20,1260,,,,3212,1283,-2002
NO4,1985,26,-187,1118,,,,2751,498,-2431
NO4,1985,27,18,538,,,,2506,297,-2160
NO4,1985,28,-15,548,,,,2291,143,-1891
NO4,1985,29,621,612,,,,2448,104,-1269
NO4,1985,30,496,567,,,,2537,82,-813
NO4,1985,31,53,436,,,,2358,67,-720
NO4,1985,32,399,472,,,,2482,60,-400
NO4,1985,33,510,602,,,,2559,57,-189
NO4,1985,34,291,455,,,,2529,55,-155
NO4,1985,35,664,559,,,,2699,56,47
NO4,1985,36,624,463,,,,2868,62,227
NO4,1985,37,382,480,,,,2865,53,196
NO4,1985,38,1105,588,,,,3155,252,634
NO4,1985,39,1007,598,,,,3141,377,672
NO4,1985,40,884,625,,,,3243,476,769
NO4,1985,41,466,653,,,,3114,391,434
NO4,1985,42,1549,783,,,,3326,845,947
NO4,1985,43,1696,1021,,,,3533,1208,1347
NO4,1985,44,1011,596,,,,3155,1939,1517
NO4,1985,45,866,325,,,,2981,2606,1809
NO4,1985,46,167,227,,,,2767,2751,1505
NO4,1985,47,488,278,,,,2716,2976,1411
NO4,1985,48,280,160,,,,2561,3235,1219
NO4,1985,49,231,112,,,,2451,3451,990
NO4,1985,50,702,119,,,,2392,4062,1154
NO4,1985,51,456,97,,,,2302,4489,1133
NO4,1985,52,263,71,,,,2239,4735,990
NO4,1986,1,156,56,,,,2186,4881,372
NO4,1986,2,136,47,,,,2143,5009,90
NO4,1986,3,162,41,,,,2105,5161,-193
NO4,1986,4,170,36,,,,2072,5320,-507
NO4,1986,5,24,30,,,,2044,5343,-943
NO4,1986,6,147,28,,,,2019,5480,-1262
NO4,1986,7,712,70,,,,2022,6087,-1070
NO4,1986,8,290,43,,,,1988,6356,-1248
NO4,1986,9,900,40,,,,1966,7199,-853
NO4,1986,10,1138,48,,,,1959,8252,-242
NO4,1986,11,44,73,,,,1983,8195,-700
NO4,1986,12,107,100,,,,2043,8128,-1106
NO4,1986,13,97,108,,,,2008,8138,-1507
NO4,1986,14,170,59,,,,1989,8257,-1701
NO4,1986,15,497,84,,,,1995,8637,-1504
NO4,1986,16,145,41,,,,1958,8773,-1492
NO4,1986,17,139,102,,,,2120,8637,-1420
NO4,1986,18,485,523,,,,2438,8237,-1306
NO4,1986,19,7,890,,,,2732,7027,-1835
NO4,1986,20,188,934,,,,3152,5814,-2058
NO4,1986,21,490,1257,,,,3401,4723,-2133
NO4,1986,22,518,1044,,,,3359,4176,-1820
NO4,1986,23,-112,1241,,,,3272,2876,-2256
NO4,1986,24,131,1310,,,,3053,1885,-2490
NO4,1986,25,72,879,,,,2792,1343,-2363
NO4,1986,26,17,626,,,,2611,951,-2118
NO4,1986,27,284,519,,,,2611,740,-1612
NO4,1986,28,566,675,,,,2752,524,-1048
NO4,1986,29,181,550,,,,2651,351,-819
NO4,1986,30,161,504,,,,2579,225,-628
NO4,1986,31,-57,499,,,,2327,139,-680
NO4,1986,32,380,434,,,,2419,110,-413
NO4,1986,33,-101,323,,,,2156,93,-555
NO4,1986,34,-14,239,,,,2005,85,-649
NO4,1986,35,-54,185,,,,1828,81,-798
NO4,1986,36,67,178,,,,1795,75,-834
NO4,1986,37,162,171,,,,1816,74,-831
NO4,1986,38,335,158,,,,1920,138,-715
NO4,1986,39,564,200,,,,1890,312,-644
NO4,1986,40,1095,519,,,,2358,352,-239
NO4,1986,41,719,347,,,,2398,639,-33
NO4,1986,42,1692,1000,,,,2753,861,390
NO4,1986,43,513,428,,,,2561,1101,268
NO4,1986,44,604,384,,,,2653,1191,267
NO4,1986,45,540,264,,,,2458,1631,311
NO4,1986,46,511,198,,,,2355,2020,363
NO4,1986,47,199,193,,,,2287,2078,85
NO4,1986,48,938,259,,,,2439,2551,414
NO4,1986,49,946,255,,,,2251,3388,727
NO4,1986,50,270,146,,,,2191,3559,451
NO4,1986,51,20,90,,,,2099,3577,18
NO4,1986,52,15,61,,,,2036,3592,-356
NO4,1987,1,136,50,,,,1987,3719,-989
NO4,1987,2,73,40,,,,1948,3788,-1325
NO4,1987,3,134,47,,,,1954,3862,-1643
NO4,1987,4,1076,75,,,,1936,4831,-1132
NO4,1987,5,847,60,,,,1902,5619,-809
NO4,1987,6,1234,93,,,,1898,6715,-147
NO4,1987,7,130,43,,,,1862,6836,-481
NO4,1987,8,549,37,,,,1839,7351,-402
NO4,1987,9,582,35,,,,1822,7896,-302
NO4,1987,10,45,19,,,,1807,7938,-708
NO4,1987,11,52,15,,,,1795,7986,-1096
NO4,1987,12,33,12,,,,1784,8017,-1475
NO4,1987,13,125,12,,,,1776,8134,-1744
NO4,1987,14,130,82,,,,1846,8103,-1997
NO4,1987,15,99,65,,,,1801,8173,-2163
NO4,1987,16,484,132,,,,1847,8448,-1929
NO4,1987,17,361,109,,,,1904,8624,-1649
NO4,1987,18,877,431,,,,2186,8729,-1066
NO4,1987,19,163,280,,,,2150,8629,-815
NO4,1987,20,97,272,,,,2288,8302,-435
NO4,1987,21,555,653,,,,2630,7813,185
NO4,1987,22,-26,448,,,,2878,7079,601
NO4,1987,23,136,1228,,,,3310,5498,404
NO4,1987,24,44,968,,,,3145,4702,419
NO4,1987,25,218,1371,,,,3298,3339,140
NO4,1987,26,150,1253,,,,3189,2312,-180
NO4,1987,27,138,707,,,,2940,1976,-47
NO4,1987,28,462,917,,,,2974,1464,113
NO4,1987,29,-188,677,,,,2709,926,-186
NO4,1987,30,17,697,,,,2486,567,-379
NO4,1987,31,157,391,,,,2425,454,-267
NO4,1987,32,375,567,,,,2463,318,-161
NO4,1987,33,-40,325,,,,2238,263,-303
NO4,1987,34,583,348,,,,2553,224,38
NO4,1987,35,321,389,,,,2531,211,34
NO4,1987,36,197,323,,,,2483,181,-40
NO4,1987,37,196,345,,,,2446,148,-129
NO4,1987,38,194,263,,,,2378,156,-239
NO4,1987,39,184,227,,,,2335,121,-390
NO4,1987,40,380,242,,,,2438,106,-406
NO4,1987,41,563,425,,,,2542,127,-401
NO4,1987,42,585,437,,,,2682,132,-410
NO4,1987,43,84,310,,,,2485,115,-794
NO4,1987,44,449,242,,,,2501,279,-797
NO4,1987,45,1581,481,,,,2650,1141,13
NO4,1987,46,755,304,,,,2461,1738,186
NO4,1987,47,60,166,,,,2324,1762,-194
NO4,1987,48,25,111,,,,2212,1784,-580
NO4,1987,49,1594,234,,,,2268,3011,367
NO4,1987,50,819,154,,,,2141,3769,611
NO4,1987,51,918,101,,,,2065,4628,1034
NO4,1987,52,836,149,,,,2104,5232,1352
NO4,1987,53,397,109,,,,2003,5604,1268
NO4,1988,1,230,52,,,,1960,5816,1081
NO4,1988,2,919,151,,,,1969,6528,1436
NO4,1988,3,104,69,,,,1939,6586,1066
NO4,1988,4,258,51,,,,1893,6825,819
NO4,1988,5,74,31,,,,1879,6879,428
NO4,1988,6,76,43,,,,1861,6925,25
NO4,1988,7,150,33,,,,1838,7056,-285
NO4,1988,8,111,22,,,,1819,7160,-613
NO4,1988,9,162,20,,,,1803,7312,-904
NO4,1988,10,53,15,,,,1791,7362,-1300
NO4,1988,11,23,12,,,,1780,7383,-1715
NO4,1988,12,107,26,,,,1778,7459,-2040
NO4,1988,13,65,29,,,,1798,7470,-2385
NO4,1988,14,810,223,,,,1858,7949,-2139
NO4,1988,15,373,55,,,,1814,8294,-2029
NO4,1988,16,628,42,,,,1791,8878,-1555
NO4,1988,17,87,50,,,,1874,8829,-1474
NO4,1988,18,149,143,,,,1988,8711,-1282
NO4,1988,19,-15,688,,,,2650,7320,-1625
NO4,1988,20,430,560,,,,2683,7107,-1235
NO4,1988,21,62,804,,,,3192,5823,-1243
NO4,1988,22,9,1145,,,,3058,4776,-1522
NO4,1988,23,-30,1053,,,,3066,3652,-1686
NO4,1988,24,64,829,,,,3068,2853,-1506
NO4,1988,25,-201,1196,,,,2844,1666,-1987
NO4,1988,26,263,1089,,,,2826,875,-1980
NO4,1988,27,385,852,,,,2810,490,-1663
NO4,1988,28,68,708,,,,2584,239,-1502
NO4,1988,29,243,644,,,,2519,126,-1177
NO4,1988,30,604,662,,,,2635,93,-704
NO4,1988,31,257,533,,,,2518,75,-554
NO4,1988,32,-106,384,,,,2225,64,-653
NO4,1988,33,370,401,,,,2326,59,-420
NO4,1988,34,178,433,,,,2212,56,-472
NO4,1988,35,188,359,,,,2187,53,-468
NO4,1988,36,298,404,,,,2250,50,-404
NO4,1988,37,1768,1016,,,,2839,148,265
NO4,1988,38,792,734,,,,2741,263,231
NO4,1988,39,871,526,,,,2981,229,364
NO4,1988,40,734,663,,,,3076,168,294
NO4,1988,41,709,504,,,,3018,386,334
NO4,1988,42,561,577,,,,2955,395,126
NO4,1988,43,692,282,,,,2729,993,328
NO4,1988,44,726,238,,,,2691,1481,596
NO4,1988,45,651,299,,,,2696,1789,707
NO4,1988,46,1619,515,,,,2620,2875,1483
NO4,1988,47,1477,227,,,,2475,4204,2398
NO4,1988,48,376,148,,,,2358,4538,2319
NO4,1988,49,728,133,,,,2270,5185,2543
NO4,1988,50,950,149,,,,2293,5920,2914
NO4,1988,51,354,122,,,,2177,6252,2771
NO4,1988,52,1112,126,,,,2161,7205,3383
NO4,1989,1,1451,329,,,,2217,8189,3711
NO4,1989,2,710,165,,,,2125,8789,3853
NO4,1989,3,1465,186,,,,2109,10013,4662
NO4,1989,4,1956,334,,,,2289,11348,5738
NO4,1989,5,2866,540,,,,2261,13557,7488
NO4,1989,6,1049,228,,,,2118,14473,7830
NO4,1989,7,1330,109,,,,2048,15707,8575
NO4,1989,8,431,73,,,,2007,16093,8508
NO4,1989,9,214,54,,,,1981,16269,8231
NO4,1989,10,319,133,,,,2057,16356,7960
NO4,1989,11,316,148,,,,2013,16544,7679
NO4,1989,12,259,74,,,,1973,16753,7449
NO4,1989,13,421,50,,,,1941,17138,7426
NO4,1989,14,22,40,,,,1945,17116,7115
NO4,1989,15,103,249,,,,2199,16701,6762
NO4,1989,16,48,390,,,,2233,16298,6307
NO4,1989,17,691,243,,,,2409,16526,6758
NO4,1989,18,513,580,,,,2715,16110,6845
NO4,1989,19,270,523,,,,2793,15744,6942
NO4,1989,20,1249,1185,,,,3271,15217,7463
NO4,1989,21,399,1310,,,,3458,14044,7244
NO4,1989,22,361,856,,,,3342,13614,7601
NO4,1989,23,183,1329,,,,3682,12071,7349
NO4,1989,24,-40,1699,,,,3728,10227,6528
NO4,1989,25,257,1815,,,,3650,8676,5829
NO4,1989,26,97,1893,,,,3537,6929,4786
NO4,1989,27,322,1285,,,,3440,6009,4486
NO4,1989,28,493,1431,,,,3476,4973,4125
NO4,1989,29,153,919,,,,3422,4240,3841
NO4,1989,30,158,1344,,,,3389,3066,3022
NO4,1989,31,285,1253,,,,3239,2243,2336
NO4,1989,32,-20,957,,,,2987,1569,1614
NO4,1989,33,708,908,,,,3177,1191,1564
NO4,1989,34,273,720,,,,2935,1012,1207
NO4,1989,35,281,457,,,,2879,910,1081
NO4,1989,36,1384,1018,,,,3202,884,1382
NO4,1989,37,313,623,,,,2961,818,1057
NO4,1989,38,1390,998,,,,3409,723,1359
NO4,1989,39,564,700,,,,3186,246,586
NO4,1989,40,648,577,,,,3084,375,510
NO4,1989,41,367,339,,,,2861,596,387
NO4,1989,42,245,247,,,,2751,686,213
NO4,1989,43,1297,713,,,,2878,1055,539
NO4,1989,44,38,264,,,,2638,1062,122
NO4,1989,45,190,186,,,,2579,1110,-89
NO4,1989,46,652,323,,,,2639,1341,-33
NO4,1989,47,590,253,,,,2475,1808,2
NO4,1989,48,1928,449,,,,2907,2748,1078
NO4,1989,49,1469,669,,,,2528,3839,1455
NO4,1989,50,115,150,,,,2382,3947,1029
NO4,1989,51,585,112,,,,2280,4494,1117
NO4,1989,52,679,276,,,,2381,4751,1149
NO4,1990,1,294,177,,,,2254,4975,534
NO4,1990,2,817,145,,,,2188,5671,798
NO4,1990,3,328,82,,,,2123,5968,632
NO4,1990,4,400,72,,,,2076,6325,502
NO4,1990,5,188,69,,,,2089,6421,181
NO4,1990,6,1845,644,,,,2288,7306,833
NO4,1990,7,194,156,,,,2144,7476,441
NO4,1990,8,2002,437,,,,2422,8656,1486
NO4,1990,9,475,261,,,,2176,9092,1249
NO4,1990,10,1117,110,,,,2099,10131,1777
NO4,1990,11,848,161,,,,2225,10652,2000
NO4,1990,12,593,387,,,,2200,10836,1759
NO4,1990,13,1075,338,,,,2203,11502,2052
NO4,1990,14,162,111,,,,2095,11654,1803
NO4,1990,15,716,275,,,,2285,11857,2006
NO4,1990,16,115,391,,,,2410,11434,1620
NO4,1990,17,276,441,,,,2661,10985,1469
NO4,1990,18,804,750,,,,2986,10654,1659
NO4,1990,19,194,533,,,,2794,10472,1672
NO4,1990,20,171,373,,,,2771,10271,2017
NO4,1990,21,70,341,,,,2915,9846,2504
NO4,1990,22,150,760,,,,3247,8870,2761
NO4,1990,23,-118,1345,,,,3446,7165,2207
NO4,1990,24,-52,1525,,,,3223,5765,1561
NO4,1990,25,-126,1081,,,,3159,4601,1264
NO4,1990,26,672,1729,,,,3181,3455,956
NO4,1990,27,336,1171,,,,3150,2621,809
NO4,1990,28,483,1150,,,,3126,1959,761
NO4,1990,29,34,855,,,,2990,1320,488
NO4,1990,30,88,909,,,,2721,849,138
NO4,1990,31,310,710,,,,2732,551,137
NO4,1990,32,219,582,,,,2581,420,60
NO4,1990,33,212,558,,,,2527,286,8
NO4,1990,34,457,569,,,,2588,218,67
NO4,1990,35,79,428,,,,2392,179,-136
NO4,1990,36,-49,294,,,,2155,161,-387
NO4,1990,37,400,321,,,,2270,166,-286
NO4,1990,38,223,311,,,,2203,162,-408
NO4,1990,39,115,185,,,,2097,127,-623
NO4,1990,40,201,178,,,,2086,147,-717
NO4,1990,41,1429,479,,,,2346,755,31
NO4,1990,42,719,697,,,,2520,549,-155
NO4,1990,43,640,477,,,,2539,654,-200
NO4,1990,44,87,195,,,,2348,729,-500
NO4,1990,45,763,258,,,,2440,1100,-238
NO4,1990,46,196,197,,,,2266,1262,-484
NO4,1990,47,285,125,,,,2147,1527,-606
NO4,1990,48,902,129,,,,2166,2241,-170
NO4,1990,49,1966,415,,,,2154,3710,952
NO4,1990,50,511,138,,,,2108,4107,915
NO4,1990,51,661,331,,,,2159,4340,841
NO4,1990,52,315,153,,,,2102,4540,658
NO4,1991,1,283,91,,,,2022,4797,124
NO4,1991,2,97,60,,,,1965,4888,-208
NO4,1991,3,723,146,,,,2038,5355,-66
NO4,1991,4,2372,413,,,,2217,7006,1323
NO4,1991,5,301,212,,,,2057,7240,968
NO4,1991,6,11,74,,,,1984,7248,472
NO4,1991,7,66,48,,,,1936,7310,66
NO4,1991,8,492,68,,,,1930,7717,55
NO4,1991,9,112,61,,,,1884,7807,-329
NO4,1991,10,129,31,,,,1857,7925,-671
NO4,1991,11,473,57,,,,1849,8327,-701
NO4,1991,12,210,55,,,,1851,8472,-954
NO4,1991,13,822,152,,,,1971,8976,-706
NO4,1991,14,486,172,,,,1974,9261,-711
NO4,1991,15,172,379,,,,2305,8700,-1133
NO4,1991,16,563,287,,,,2140,9103,-981
NO4,1991,17,23,99,,,,2096,9067,-1014
NO4,1991,18,53,151,,,,2201,8859,-921
NO4,1991,19,494,204,,,,2323,8995,-277
NO4,1991,20,70,401,,,,2408,8565,-52
NO4,1991,21,400,490,,,,2696,8142,579
NO4,1991,22,326,587,,,,2987,7548,1180
NO4,1991,23,30,748,,,,3248,6544,1388
NO4,1991,24,-33,1191,,,,3221,5303,1096
NO4,1991,25,231,1478,,,,3292,3927,722
NO4,1991,26,374,1537,,,,3262,2743,325
NO4,1991,27,91,1040,,,,3051,1994,83
NO4,1991,28,124,1009,,,,2905,1282,-138
NO4,1991,29,122,867,,,,2717,795,-309
NO4,1991,30,7,575,,,,2514,528,-390
NO4,1991,31,-16,589,,,,2303,314,-529
NO4,1991,32,349,557,,,,2399,198,-345
NO4,1991,33,604,534,,,,2629,155,-20
NO4,1991,34,105,504,,,,2461,112,-166
NO4,1991,35,216,411,,,,2392,102,-214
NO4,1991,36,1438,978,,,,2776,157,230
NO4,1991,37,420,412,,,,2767,166,211
NO4,1991,38,779,639,,,,2849,180,256
NO4,1991,39,592,468,,,,2886,147,187
NO4,1991,40,287,332,,,,2716,249,16
NO4,1991,41,291,307,,,,2759,179,-133
NO4,1991,42,819,414,,,,2808,491,75
NO4,1991,43,726,346,,,,2804,840,249
NO4,1991,44,70,254,,,,2616,836,-125
NO4,1991,45,383,181,,,,2490,1144,-145
NO4,1991,46,374,151,,,,2379,1461,-173
NO4,1991,47,759,134,,,,2341,2087,147
NO4,1991,48,1831,696,,,,2529,2917,869
NO4,1991,49,864,359,,,,2455,3445,988
NO4,1991,50,1248,397,,,,2483,4192,1375
NO4,1991,51,613,193,,,,2340,4720,1402
NO4,1991,52,852,126,,,,2275,5473,1765
NO4,1992,1,1295,202,,,,2233,6546,2084
NO4,1992,2,1208,113,,,,2149,7674,2763
NO4,1992,3,1711,149,,,,2124,9191,3856
NO4,1992,4,429,211,,,,2257,9252,3610
NO4,1992,5,1765,756,,,,2459,9942,4071
NO4,1992,6,1337,340,,,,2353,10974,4567
NO4,1992,7,369,190,,,,2211,11275,4307
NO4,1992,8,557,98,,,,2153,11766,4327
NO4,1992,9,1103,164,,,,2193,12607,4780
NO4,1992,10,731,328,,,,2224,12924,4696
NO4,1992,11,377,218,,,,2156,13121,4400
NO4,1992,12,1118,235,,,,2190,13911,4824
NO4,1992,13,174,113,,,,2093,14058,4497
NO4,1992,14,40,57,,,,2036,14095,4185
NO4,1992,15,144,51,,,,2020,14195,4078
NO4,1992,16,220,52,,,,1976,14396,4149
NO4,1992,17,133,35,,,,1956,14507,4286
NO4,1992,18,388,224,,,,2230,14375,4624
NO4,1992,19,605,462,,,,2394,14303,5102
NO4,1992,20,313,384,,,,2676,13926,5578
NO4,1992,21,444,922,,,,3039,13028,5810
NO4,1992,22,-58,1653,,,,3770,10522,4936
NO4,1992,23,-123,2460,,,,3745,7872,3214
NO4,1992,24,-225,2418,,,,3572,5332,1476
NO4,1992,25,388,1578,,,,3329,4320,1152
NO4,1992,26,340,1111,,,,3311,3520,1151
NO4,1992,27,364,1074,,,,3121,2961,1119
NO4,1992,28,200,739,,,,3074,2454,1204
NO4,1992,29,827,1131,,,,3273,1911,1363
NO4,1992,30,306,894,,,,3201,1413,1182
NO4,1992,31,1123,1135,,,,3504,1073,1431
NO4,1992,32,713,945,,,,3541,828,1428
NO4,1992,33,323,726,,,,3266,721,1183
NO4,1992,34,-85,499,,,,2934,559,753
NO4,1992,35,117,389,,,,2784,482,558
NO4,1992,36,335,403,,,,2814,423,532
NO4,1992,37,115,327,,,,2696,382,357
NO4,1992,38,313,376,,,,2706,345,278
NO4,1992,39,24,293,,,,2546,108,-192
NO4,1992,40,39,237,,,,2379,99,-472
NO4,1992,41,1788,728,,,,2820,624,374
NO4,1992,42,209,286,,,,2550,805,131
NO4,1992,43,88,157,,,,2390,889,-114
NO4,1992,44,38,118,,,,2270,925,-381
NO4,1992,45,230,99,,,,2174,1141,-463
NO4,1992,46,197,108,,,,2134,1259,-620
NO4,1992,47,45,75,,,,2059,1300,-922
NO4,1992,48,212,68,,,,2010,1483,-1085
NO4,1992,49,689,121,,,,2011,2012,-889
NO4,1992,50,1544,384,,,,2198,2894,-207
NO4,1992,51,954,214,,,,2110,3673,125
NO4,1992,52,1848,322,,,,2199,5013,1229
NO4,1992,53,1465,288,,,,2197,6120,1979
NO4,1993,1,918,224,,,,2122,6843,2270
NO4,1993,2,918,118,,,,2048,7673,2660
NO4,1993,3,606,86,,,,1991,8225,2757
NO4,1993,4,547,63,,,,1965,8713,2778
NO4,1993,5,2401,322,,,,2028,10609,4307
NO4,1993,6,1275,201,,,,2075,11578,4893
NO4,1993,7,808,221,,,,2013,12182,5016
NO4,1993,8,253,71,,,,1961,12403,4771
NO4,1993,9,340,59,,,,1930,12698,4609
NO4,1993,10,1942,137,,,,1970,14374,5891
NO4,1993,11,1048,388,,,,2012,14926,6061
NO4,1993,12,425,103,,,,1943,15297,5964
NO4,1993,13,50,46,,,,1901,15342,5590
NO4,1993,14,32,33,,,,1874,15366,5295
NO4,1993,15,121,33,,,,1886,15436,5184
NO4,1993,16,355,95,,,,1981,15584,5341
NO4,1993,17,226,540,,,,2405,14819,5048
NO4,1993,18,709,978,,,,2910,13971,4901
NO4,1993,19,272,746,,,,2827,13535,4767
NO4,1993,20,364,1452,,,,3534,11677,4186
NO4,1993,21,201,1032,,,,3164,11162,4069
NO4,1993,22,214,701,,,,3394,10412,4450
NO4,1993,23,188,760,,,,3408,9795,4799
NO4,1993,24,561,1036,,,,3793,8874,5238
NO4,1993,25,258,1397,,,,3800,7674,4977
NO4,1993,26,48,1718,,,,3712,6037,4068
NO4,1993,27,458,1565,,,,3593,4989,3619
NO4,1993,28,4,1710,,,,3440,3401,2517
NO4,1993,29,17,1438,,,,3193,2225,1596
NO4,1993,30,340,1016,,,,3133,1615,1316
NO4,1993,31,253,896,,,,3016,1127,997
NO4,1993,32,408,763,,,,3014,823,896
NO4,1993,33,487,796,,,,2932,635,763
NO4,1993,34,78,404,,,,2726,555,542
NO4,1993,35,264,372,,,,2704,495,491
NO4,1993,36,202,341,,,,2600,481,377
NO4,1993,37,35,234,,,,2399,488,165
NO4,1993,38,147,208,,,,2344,494,64
NO4,1993,39,65,200,,,,2254,125,-467
NO4,1993,40,527,212,,,,2255,411,-284
NO4,1993,41,605,142,,,,2137,965,32
NO4,1993,42,863,206,,,,2195,1527,497
NO4,1993,43,1411,360,,,,2389,2310,1305
NO4,1993,44,573,446,,,,2364,2421,1208
NO4,1993,45,25,159,,,,2247,2398,866
NO4,1993,46,170,138,,,,2194,2469,650
NO4,1993,47,42,92,,,,2101,2506,326
NO4,1993,48,91,70,,,,2037,2584,44
NO4,1993,49,664,80,,,,1985,3190,262
NO4,1993,50,153,52,,,,1936,3333,-30
NO4,1993,51,485,59,,,,1900,3774,17
NO4,1993,52,104,37,,,,1867,3872,-245
NO4,1994,1,374,36,,,,1839,4222,-634
NO4,1994,2,340,33,,,,1816,4541,-704
NO4,1994,3,915,42,,,,1802,5390,-268
NO4,1994,4,159,32,,,,1780,5539,-581
NO4,1994,5,60,19,,,,1764,5595,-971
NO4,1994,6,38,15,,,,1750,5630,-1380
NO4,1994,7,431,48,,,,1768,5976,-1436
NO4,1994,8,434,39,,,,1753,6367,-1471
NO4,1994,9,88,20,,,,1744,6444,-1831
NO4,1994,10,564,59,,,,1766,6896,-1791
NO4,1994,11,472,45,,,,1734,7330,-1814
NO4,1994,12,189,21,,,,1720,7505,-2051
NO4,1994,13,191,63,,,,1795,7546,-2312
NO4,1994,14,136,155,,,,1837,7464,-2645
NO4,1994,15,222,116,,,,1902,7487,-2748
NO4,1994,16,209,94,,,,1870,7619,-2734
NO4,1994,17,322,373,,,,2180,7226,-2771
NO4,1994,18,91,354,,,,2457,6679,-2845
NO4,1994,19,110,740,,,,2690,5775,-3129
NO4,1994,20,84,310,,,,2532,5692,-2801
NO4,1994,21,262,316,,,,2625,5515,-2118
NO4,1994,22,300,564,,,,3076,4769,-1511
NO4,1994,23,283,1026,,,,3243,3808,-1354
NO4,1994,24,326,964,,,,3188,3175,-1065
NO4,1994,25,477,1124,,,,3259,2401,-837
NO4,1994,26,459,1126,,,,3196,1751,-733
NO4,1994,27,-176,906,,,,2819,1065,-1079
NO4,1994,28,393,842,,,,2896,579,-849
NO4,1994,29,38,647,,,,2636,335,-850
NO4,1994,30,369,703,,,,2602,199,-632
NO4,1994,31,-55,556,,,,2342,124,-680
NO4,1994,32,38,368,,,,2192,105,-645
NO4,1994,33,21,308,,,,2032,97,-676
NO4,1994,34,24,294,,,,1929,89,-721
NO4,1994,35,550,336,,,,2194,88,-426
NO4,1994,36,-30,240,,,,2000,86,-618
NO4,1994,37,135,197,,,,1949,99,-673
NO4,1994,38,766,338,,,,2321,122,-330
NO4,1994,39,882,468,,,,2398,380,-68
NO4,1994,40,1511,657,,,,2889,655,595
NO4,1994,41,1027,734,,,,2622,1148,700
NO4,1994,42,571,267,,,,2436,1610,822
NO4,1994,43,260,258,,,,2425,1602,634
NO4,1994,44,341,177,,,,2360,1813,596
NO4,1994,45,194,192,,,,2251,1913,386
NO4,1994,46,391,112,,,,2147,2277,411
NO4,1994,47,1307,365,,,,2305,2989,1013
NO4,1994,48,959,420,,,,2369,3408,1200
NO4,1994,49,137,185,,,,2223,3495,805
NO4,1994,50,866,150,,,,2136,4257,1093
NO4,1994,51,1008,154,,,,2168,5027,1538
NO4,1994,52,691,242,,,,2074,5526,1617
NO4,1995,1,506,98,,-805,-2094,2041,5943,1289
NO4,1995,2,1033,149,,-323,-2074,2034,6778,1751
NO4,1995,3,497,192,,-455,-2082,2030,7056,1627
NO4,1995,4,100,74,,-949,-2155,1958,7147,1206
NO4,1995,5,805,56,,-688,-2175,1919,7898,1487
NO4,1995,6,1745,78,,512,-2139,1889,9523,2652
NO4,1995,7,202,50,,213,-2165,1894,9664,2378
NO4,1995,8,446,59,,108,-2219,1856,10063,2327
NO4,1995,9,758,56,,298,-2271,1836,10752,2569
NO4,1995,10,108,26,,-149,-2363,1819,10848,2214
NO4,1995,11,1043,355,,19,-2389,1933,11353,2408
NO4,1995,12,1021,162,,454,-2359,1943,12148,2814
NO4,1995,13,619,96,,523,-2410,1894,12693,2933
NO4,1995,14,438,63,,522,-2476,1846,13097,2997
NO4,1995,15,288,106,,448,-2523,1931,13176,2971
NO4,1995,16,228,117,,359,-2618,1927,13275,2977
NO4,1995,17,56,80,,201,-2794,1874,13298,2995
NO4,1995,18,733,322,,744,-2812,2130,13407,3556
NO4,1995,19,8,270,,618,-3049,2009,13252,3666
NO4,1995,20,235,178,,623,-3651,2195,13104,4274
NO4,1995,21,84,765,,396,-3933,2950,11637,4329
NO4,1995,22,237,1542,,1169,-2677,3408,9792,3845
NO4,1995,23,393,2115,,1771,-1204,3609,7770,2975
NO4,1995,24,129,1583,,1695,-741,3482,6382,2436
NO4,1995,25,226,1748,,1600,-174,3407,4863,1774
NO4,1995,26,626,1298,,2197,349,3362,4166,1848
NO4,1995,27,529,1144,,2630,729,3431,3433,1901
NO4,1995,28,155,933,,2484,743,3197,2868,1741
NO4,1995,29,463,1201,,2828,1346,3326,1978,1482
NO4,1995,30,422,1093,,3063,1873,3108,1515,1190
NO4,1995,31,150,965,,3008,2279,2921,953,729
NO4,1995,32,522,743,,3251,2524,2885,784,728
NO4,1995,33,543,874,,3651,3048,2854,553,603
NO4,1995,34,809,727,,4046,3276,3057,452,770
NO4,1995,35,739,779,,4137,3361,3070,412,775
NO4,1995,36,45,478,,3775,3328,2813,338,447
NO4,1995,37,-27,267,,3126,2964,2558,325,162
NO4,1995,38,539,381,,2994,2733,2701,333,261
NO4,1995,39,609,504,,2449,2451,2629,216,-2
NO4,1995,40,658,359,,2507,2342,2850,265,165
NO4,1995,41,1505,1009,,3516,3055,3154,378,462
NO4,1995,42,1331,919,,4038,3409,3096,756,628
NO4,1995,43,1285,511,,4703,3541,2981,1575,1162
NO4,1995,44,633,301,,4746,3465,2716,2142,1281
NO4,1995,45,962,339,,4997,3346,2625,2805,1652
NO4,1995,46,857,287,,5201,3259,2529,3426,1942
NO4,1995,47,639,194,,5288,3198,2438,3932,2089
NO4,1995,48,268,150,,4976,3079,2352,4123,1898
NO4,1995,49,97,106,,4446,2902,2254,4203,1544
NO4,1995,50,1063,228,,4811,2874,2388,4848,1937
NO4,1995,51,589,164,,4667,2689,2244,5391,1978
NO4,1995,52,708,92,,4641,2403,2166,6055,2238
NO4,1996,1,615,79,,4393,2355,2110,6623,2038
NO4,1996,2,11,70,,3772,2160,2090,6582,1612
NO4,1996,3,130,109,,3169,1949,2064,6614,1219
NO4,1996,4,110,53,,2512,1685,2019,6707,827
NO4,1996,5,969,81,,2803,1561,2004,7568,1242
NO4,1996,6,120,40,,2256,1367,1970,7680,889
NO4,1996,7,390,34,,1939,1129,1944,8045,810
NO4,1996,8,316,36,,1556,892,1925,8331,664
NO4,1996,9,641,38,,1420,607,1908,8925,813
NO4,1996,10,238,52,,979,424,1930,9077,555
NO4,1996,11,0,43,,239,155,1898,9063,84
NO4,1996,12,148,23,,-322,-123,1878,9200,-199
NO4,1996,13,322,22,,-675,-385,1862,9501,-290
NO4,1996,14,816,99,,-482,-574,1969,10070,92
NO4,1996,15,201,163,,-865,-785,1909,10148,-80
NO4,1996,16,720,221,,-615,-902,2065,10446,287
NO4,1996,17,328,307,,-686,-1013,2028,10476,327
NO4,1996,18,261,98,,-629,-1301,1970,10682,672
NO4,1996,19,157,108,,-694,-1795,2032,10664,1101
NO4,1996,20,45,316,,-1077,-2464,2135,10277,1387
NO4,1996,21,31,436,,-1444,-3173,2553,9434,1729
NO4,1996,22,374,980,,-1571,-3536,2988,8333,1965
NO4,1996,23,790,1823,,-1351,-3120,3697,6476,1769
NO4,1996,24,707,2078,,-1113,-2377,3683,5008,1264
NO4,1996,25,155,1271,,-1046,-2078,3584,3945,1032
NO4,1996,26,169,1328,,-1242,-1891,3374,2955,649
NO4,1996,27,30,1095,,-1217,-1507,3205,2048,290
NO4,1996,28,-23,915,,-1354,-1369,2981,1359,15
NO4,1996,29,175,717,,-1158,-1170,2855,978,11
NO4,1996,30,41,716,,-1144,-978,2684,582,-166
NO4,1996,31,433,664,,-723,-704,2734,393,-19
NO4,1996,32,-119,565,,-856,-568,2407,246,-288
NO4,1996,33,143,512,,-763,-463,2335,169,-300
NO4,1996,34,918,938,,132,278,2458,135,-146
NO4,1996,35,363,572,,419,549,2470,108,-129
NO4,1996,36,422,454,,608,700,2508,104,-92
NO4,1996,37,240,314,,294,481,2413,123,-187
NO4,1996,38,36,227,,-200,180,2292,101,-380
NO4,1996,39,270,307,,-505,-35,2277,99,-470
NO4,1996,40,792,332,,-166,-12,2606,190,-154
NO4,1996,41,2151,1133,,1026,419,3031,646,607
NO4,1996,42,384,521,,600,314,2689,821,286
NO4,1996,43,264,295,,373,305,2690,772,68
NO4,1996,44,421,266,,238,226,2560,1029,12
NO4,1996,45,733,189,,371,54,2423,1672,317
NO4,1996,46,858,197,,678,-27,2375,2343,705
NO4,1996,47,451,162,,660,-44,2230,2755,704
NO4,1996,48,245,100,,405,-139,2139,2982,544
NO4,1996,49,158,103,,146,-108,2106,3060,254
NO4,1996,50,531,158,,157,-55,2072,3439,212
NO4,1996,51,607,83,,140,-210,2001,4007,350
NO4,1996,52,642,70,,199,-372,1961,4593,570
NO4,1997,1,661,64,,-1554,-1984,1922,5203,430
NO4,1997,2,1136,71,,-894,-1976,1890,6253,1082
NO4,1997,3,1853,158,,449,-1852,1927,7833,2301
NO4,1997,4,1725,306,,1651,-1546,2008,9088,3197
NO4,1997,5,2142,322,,3262,-1219,2018,10794,4482
NO4,1997,6,1206,164,,4003,-1036,1943,11856,5039
NO4,1997,7,257,59,,3830,-981,1893,12097,4811
NO4,1997,8,231,40,,3558,-1022,1868,12304,4581
NO4,1997,9,851,88,,3854,-1022,1878,13017,4876
NO4,1997,10,901,144,,4235,-916,1952,13653,5152
NO4,1997,11,2026,426,,5469,-751,1978,15119,6220
NO4,1997,12,116,85,,5053,-797,1899,15228,5849
NO4,1997,13,182,44,,4783,-821,1867,15390,5605
NO4,1997,14,911,110,,5230,-840,1865,16152,6071
NO4,1997,15,373,51,,5291,-894,1846,16477,6185
NO4,1997,16,919,84,,5891,-1002,1840,17277,6893
NO4,1997,17,423,58,,6049,-1239,1820,17645,7287
NO4,1997,18,830,146,,6657,-1468,1967,18139,8125
NO4,1997,19,168,337,,6499,-1832,2169,17757,8331
NO4,1997,20,196,740,,6148,-2160,2515,16818,8308
NO4,1997,21,69,346,,5913,-2859,2406,16624,8773
NO4,1997,22,182,542,,5679,-3604,2767,15872,9283
NO4,1997,23,38,958,,5228,-4038,3329,14340,9266
NO4,1997,24,-99,2708,,4181,-3145,3921,10832,7326
NO4,1997,25,59,2436,,3621,-2164,3637,8645,5785
NO4,1997,26,-98,1696,,3099,-1653,3477,6955,4752
NO4,1997,27,34,2067,,2803,-570,3441,4895,3373
NO4,1997,28,238,1699,,2504,-5,3270,3564,2509
NO4,1997,29,-206,1566,,1875,596,2992,2108,1278
NO4,1997,30,-166,1044,,1410,844,2683,1316,567
NO4,1997,31,139,802,,1577,1272,2565,886,305
NO4,1997,32,88,697,,1676,1609,2425,584,67
NO4,1997,33,209,525,,1631,1647,2312,477,-16
NO4,1997,34,371,543,,1899,1836,2471,331,62
NO4,1997,35,208,575,,2056,2211,2275,277,-155
NO4,1997,36,257,537,,2320,2563,2243,218,-243
NO4,1997,37,437,433,,2455,2644,2335,197,-189
NO4,1997,38,1222,706,,3103,2881,2694,301,222
NO4,1997,39,1076,785,,3255,3114,2848,138,141
NO4,1997,40,268,442,,2891,3034,2665,142,-143
NO4,1997,41,271,274,,2568,2852,2517,269,-284
NO4,1997,42,269,195,,2263,2643,2442,402,-379
NO4,1997,43,1076,258,,2655,2436,2317,1295,219
NO4,1997,44,1101,518,,2997,2449,2616,1508,547
NO4,1997,45,435,254,,2767,2263,2369,1913,504
NO4,1997,46,77,139,,2346,2145,2248,1965,200
NO4,1997,47,61,130,,1929,2073,2186,1951,-144
NO4,1997,48,180,91,,1646,2010,2099,2115,-363
NO4,1997,49,335,79,,1559,2019,2031,2422,-460
NO4,1997,50,746,183,,1701,2027,2066,2907,-326
NO4,1997,51,524,265,,1618,2077,2144,3055,-459
NO4,1997,52,97,106,,1142,1942,2055,3128,-800
NO4,1998,1,71,66,,462,1973,1995,3189,-1511
NO4,1998,2,147,52,,131,1921,1947,3323,-1790
NO4,1998,3,537,77,,151,1904,1935,3770,-1753
NO4,1998,4,829,100,,393,1895,1928,4469,-1502
NO4,1998,5,1214,257,,915,1948,1985,5311,-1033
NO4,1998,6,150,73,,551,1943,1916,5452,-1392
NO4,1998,7,1056,76,,1083,1959,1888,6415,-876
NO4,1998,8,1699,161,,2354,2179,2014,7753,175
NO4,1998,9,2106,316,,3228,1793,1983,9472,1435
NO4,1998,10,154,97,,2910,1853,1894,9616,1058
NO4,1998,11,263,46,,2616,1776,1856,9862,840
NO4,1998,12,972,82,,3074,1788,1863,10699,1285
NO4,1998,13,140,128,,2646,1738,1937,10624,908
NO4,1998,14,207,158,,2399,1753,1924,10667,645
NO4,1998,15,258,56,,2394,1749,1874,10908,644
NO4,1998,16,21,37,,2230,1690,1862,10903,541
NO4,1998,17,13,115,,2098,1618,2030,10627,480
NO4,1998,18,338,546,,2213,1782,2349,10063,431
NO4,1998,19,253,475,,2265,1706,2502,9652,559
NO4,1998,20,299,683,,2309,1600,3033,8701,709
NO4,1998,21,693,1072,,2515,1505,2967,8301,1010
NO4,1998,22,122,330,,2444,753,2878,8168,1691
NO4,1998,23,274,527,,2321,-38,3155,7608,2359
NO4,1998,24,567,1040,,2623,-177,3558,6670,2800
NO4,1998,25,302,1487,,2644,163,3515,5463,2481
NO4,1998,26,-200,1441,,2223,607,3337,3960,1617
NO4,1998,27,-46,1480,,1786,1009,3075,2664,777
NO4,1998,28,127,1106,,1692,1264,3014,1738,428
NO4,1998,29,166,989,,1968,1830,2839,1121,139
NO4,1998,30,371,925,,2292,2246,2782,696,46
NO4,1998,31,229,720,,2304,2343,2667,440,-39
NO4,1998,32,301,565,,2400,2380,2639,322,20
NO4,1998,33,198,486,,2372,2410,2502,264,-39
NO4,1998,34,337,470,,2530,2562,2490,218,-32
NO4,1998,35,506,495,,2723,2626,2618,188,98
NO4,1998,36,-113,318,,2223,2419,2346,161,-196
NO4,1998,37,237,365,,2181,2379,2391,133,-198
NO4,1998,38,510,371,,2381,2474,2512,169,-93
NO4,1998,39,1019,675,,2759,2623,2770,212,136
NO4,1998,40,313,304,,2485,2494,2751,190,-9
NO4,1998,41,780,462,,2572,2428,2877,337,144
NO4,1998,42,496,360,,2392,2299,2678,640,94
NO4,1998,43,465,249,,2289,2175,2607,900,114
NO4,1998,44,315,256,,2131,2159,2509,1040,-28
NO4,1998,45,32,144,,1634,1977,2364,1072,-343
NO4,1998,46,104,109,,1281,1870,2256,1167,-589
NO4,1998,47,481,102,,1382,1885,2212,1566,-503
NO4,1998,48,578,325,,1401,1989,2262,1727,-588
NO4,1998,49,1142,499,,1927,2277,2473,2090,-350
NO4,1998,50,133,189,,1466,2269,2312,2184,-803
NO4,1998,51,1333,311,,2244,2457,2402,3043,-213
NO4,1998,52,278,184,,1964,2424,2221,3303,-460
NO4,1998,53,242,94,,1640,2319,2143,3517,-678
NO4,1999,1,257,74,,1280,2147,2081,3747,-866
NO4,1999,2,132,54,,907,2066,2031,3871,-1160
NO4,1999,3,299,61,,725,2059,2004,4120,-1334
NO4,1999,4,280,46,,386,1939,1967,4380,-1553
NO4,1999,5,748,191,,619,2085,2025,4838,-1466
NO4,1999,6,342,81,,445,2098,2022,5086,-1652
NO4,1999,7,800,218,,602,2144,2003,5635,-1541
NO4,1999,8,93,53,,244,2161,1953,5722,-1917
NO4,1999,9,35,33,,-152,2192,1922,5754,-2343
NO4,1999,10,7,30,,-550,2250,1902,5750,-2801
NO4,1999,11,313,50,,-683,2296,1920,5978,-2979
NO4,1999,12,302,50,,-799,2340,1884,6253,-3139
NO4,1999,13,519,159,,-695,2489,2011,6458,-3184
NO4,1999,14,639,187,,-412,2648,2056,6830,-3060
NO4,1999,15,105,120,,-572,2702,2022,6840,-3275
NO4,1999,16,225,218,,-574,2798,2195,6657,-3372
NO4,1999,17,316,333,,-421,2952,2313,6492,-3372
NO4,1999,18,99,152,,-302,2932,2238,6508,-3234
NO4,1999,19,-5,111,,-283,2682,2205,6426,-2964
NO4,1999,20,406,621,,20,2674,2789,5582,-2654
NO4,1999,21,400,982,,415,2946,3053,4673,-2531
NO4,1999,22,413,860,,665,2791,3143,4087,-2126
NO4,1999,23,-50,1212,,399,2871,3258,2673,-2472
NO4,1999,24,328,1471,,614,3303,3072,1666,-2690
NO4,1999,25,671,1067,,1218,3411,3123,1181,-2193
NO4,1999,26,58,919,,1302,3467,2905,610,-2165
NO4,1999,27,194,567,,1479,3247,2743,451,-1769
NO4,1999,28,656,869,,2312,3554,2800,282,-1242
NO4,1999,29,585,816,,2863,3703,2791,191,-840
NO4,1999,30,643,706,,3266,3732,2804,162,-466
NO4,1999,31,327,516,,3175,3441,2726,154,-266
NO4,1999,32,530,438,,3215,3133,2900,123,82
NO4,1999,33,219,419,,2977,2858,2812,111,119
NO4,1999,34,405,512,,2927,2760,2805,102,168
NO4,1999,35,909,698,,3556,3053,3115,95,503
NO4,1999,36,562,850,,3478,3143,2951,88,335
NO4,1999,37,66,438,,2983,2932,2686,86,51
NO4,1999,38,-74,277,,2350,2608,2431,85,-258
NO4,1999,39,256,256,,2055,2362,2450,88,-308
NO4,1999,40,399,260,,1830,2125,2477,178,-295
NO4,1999,41,342,233,,1656,1980,2480,266,-324
NO4,1999,42,110,186,,1169,1730,2404,259,-561
NO4,1999,43,1470,355,,2292,1988,2803,894,303
NO4,1999,44,887,742,,2585,2382,2697,1083,203
NO4,1999,45,1968,790,,3917,2855,3090,1750,1062
NO4,1999,46,332,484,,3583,2931,2656,2008,652
NO4,1999,47,579,349,,3710,3141,2654,2196,570
NO4,1999,48,905,250,,4091,3210,2481,2977,881
NO4,1999,49,321,137,,3920,3206,2348,3278,714
NO4,1999,50,215,101,,3611,3181,2250,3479,430
NO4,1999,51,657,108,,3681,3090,2212,4037,591
NO4,1999,52,61,122,,3214,3018,2143,4036,196
NO4,2000,1,726,110,,3192,3130,2160,4597,62
NO4,2000,2,1122,202,,3750,3193,2128,5489,557
NO4,2000,3,1402,168,,4577,3246,2067,6722,1331
NO4,2000,4,866,101,,4859,3240,2033,7485,1619
NO4,2000,5,1388,82,,5797,3357,1988,8782,2439
NO4,2000,6,977,109,,6303,3470,1999,9595,2834
NO4,2000,7,404,80,,6195,3473,1941,9960,2722
NO4,2000,8,366,39,,6023,3402,1914,10299,2621
NO4,2000,9,495,57,,5997,3388,1899,10729,2609
NO4,2000,10,396,34,,5850,3328,1875,11100,2522
NO4,2000,11,875,42,,6213,3319,1875,11896,2894
NO4,2000,12,1907,202,,7479,3366,1923,13467,4113
NO4,2000,13,542,142,,7446,3333,1995,13771,4113
NO4,2000,14,363,78,,7337,3249,1942,14092,4088
NO4,2000,15,342,161,,7189,3134,2006,14186,4055
NO4,2000,16,525,255,,7263,3063,2186,14238,4200
NO4,2000,17,443,401,,7363,3113,2209,14218,4250
NO4,2000,18,261,454,,7370,3147,2398,13806,4223
NO4,2000,19,665,645,,7636,3068,2562,13601,4568
NO4,2000,20,40,1051,,7419,3332,3187,11924,4087
NO4,2000,21,379,1606,,7156,3618,3534,10262,3538
NO4,2000,22,451,1500,,7097,3783,3784,8886,3314
NO4,2000,23,134,1278,,6447,3380,3691,7780,3067
NO4,2000,24,952,1633,,6592,3334,3717,6969,3258
NO4,2000,25,740,1466,,6658,3270,3908,5976,3387
NO4,2000,26,346,1908,,6325,3743,3762,4500,2582
NO4,2000,27,283,1345,,6022,3819,3559,3607,2203
NO4,2000,28,185,1191,,5787,3965,3443,2703,1822
NO4,2000,29,125,1312,,5301,4133,3226,1763,1168
NO4,2000,30,-221,935,,4449,3942,2826,1113,507
NO4,2000,31,-8,644,,4000,3753,2625,767,246
NO4,2000,32,1390,1197,,4657,3998,3004,596,659
NO4,2000,33,443,721,,4607,4003,2960,449,604
NO4,2000,34,157,549,,4322,3955,2738,368,366
NO4,2000,35,422,530,,4343,3942,2820,288,401
NO4,2000,36,658,519,,4454,3916,2953,288,538
NO4,2000,37,647,770,,4285,3890,2845,272,395
NO4,2000,38,248,457,,3901,3690,2747,237,211
NO4,2000,39,122,367,,3227,3387,2595,90,-161
NO4,2000,40,27,283,,2696,3109,2450,87,-413
NO4,2000,41,237,257,,2475,2996,2428,121,-521
NO4,2000,42,227,254,,2189,2887,2425,101,-698
NO4,2000,43,267,269,,1875,2760,2370,139,-884
NO4,2000,44,126,153,,1481,2582,2250,226,-1101
NO4,2000,45,125,129,,1086,2397,2158,309,-1311
NO4,2000,46,109,116,,719,2279,2094,358,-1560
NO4,2000,47,34,89,,327,2213,2013,383,-1885
NO4,2000,48,192,84,,130,2214,1978,514,-2085
NO4,2000,49,564,205,,254,2349,2071,747,-2095
NO4,2000,50,127,114,,-105,2372,1975,847,-2477
NO4,2000,51,516,80,,-107,2317,1914,1320,-2424
NO4,2000,52,268,62,,-387,2166,1860,1571,-2553
NO4,2001,1,39,50,,-1081,2197,1838,1580,-3277
NO4,2001,2,570,65,,-998,2163,1848,2052,-3161
NO4,2001,3,770,352,,-983,2203,2042,2231,-3186
NO4,2001,4,64,97,,-1501,2163,1952,2282,-3664
NO4,2001,5,28,57,,-2046,2080,1896,2308,-4126
NO4,2001,6,406,48,,-2224,1994,1855,2688,-4218
NO4,2001,7,1710,280,,-1010,2279,2015,3875,-3289
NO4,2001,8,611,175,,-986,2308,1924,4374,-3294
NO4,2001,9,42,58,,-1632,2107,1867,4413,-3739
NO4,2001,10,261,44,,-1915,2051,1837,4651,-3966
NO4,2001,11,26,34,,-2418,1981,1808,4670,-4399
NO4,2001,12,105,26,,-2884,1840,1785,4768,-4723
NO4,2001,13,274,24,,-3122,1739,1769,5023,-4861
NO4,2001,14,841,123,,-2767,1717,1834,5628,-4485
NO4,2001,15,224,60,,-2705,1817,1782,5833,-4522
NO4,2001,16,232,31,,-2767,1651,1775,6031,-4418
NO4,2001,17,154,206,,-2863,1575,2120,5620,-4437
NO4,2001,18,549,515,,-2534,1718,2477,5252,-4252
NO4,2001,19,226,607,,-2308,1973,2795,4519,-4281
NO4,2001,20,111,564,,-2356,1837,2937,3895,-4193
NO4,2001,21,433,502,,-2169,1366,2807,3915,-3536
NO4,2001,22,76,426,,-2296,699,2961,3400,-2994
NO4,2001,23,206,798,,-2290,380,3067,2666,-2671
NO4,2001,24,493,1005,,-1955,300,3151,2022,-2255
NO4,2001,25,-154,1095,,-2275,287,2899,1037,-2561
NO4,2001,26,-72,921,,-2591,54,2612,423,-2645
NO4,2001,27,779,852,,-1837,83,2813,230,-1920
NO4,2001,28,547,754,,-1141,161,2895,126,-1303
NO4,2001,29,1048,812,,-140,345,3230,106,-486
NO4,2001,30,331,674,,157,465,3031,93,-308
NO4,2001,31,930,849,,1067,965,3156,92,102
NO4,2001,32,290,602,,1280,1127,3010,84,153
NO4,2001,33,732,656,,1893,1387,3230,81,506
NO4,2001,34,13,614,,1720,1566,2814,79,154
NO4,2001,35,629,739,,2017,1801,2845,78,216
NO4,2001,36,302,526,,2077,1972,2731,77,104
NO4,2001,37,112,418,,1874,1950,2569,76,-77
NO4,2001,38,84,347,,1578,1815,2462,75,-237
NO4,2001,39,433,256,,1304,1461,2416,273,-157
NO4,2001,40,417,283,,1184,1326,2474,334,-142
NO4,2001,41,275,244,,1133,1364,2502,338,-230
NO4,2001,42,712,550,,1299,1543,2703,277,-244
NO4,2001,43,507,303,,1235,1477,2669,484,-241
NO4,2001,44,825,283,,1569,1496,2580,1070,73
NO4,2001,45,1066,249,,2007,1366,2421,1998,641
NO4,2001,46,1829,221,,3310,1374,2349,3599,1936
NO4,2001,47,757,288,,3486,1391,2299,4076,2095
NO4,2001,48,135,172,,3104,1356,2266,4060,1748
NO4,2001,49,223,140,,2811,1331,2192,4200,1479
NO4,2001,50,393,250,,2612,1402,2327,4182,1210
NO4,2001,51,782,206,,2760,1373,2241,4804,1388
NO4,2001,52,55,95,,2247,1226,2148,4856,1021
NO4,2002,1,715,183,,2168,1363,2263,5237,805
NO4,2002,2,2889,1183,,4420,2456,2782,6242,1964
NO4,2002,3,936,758,,4667,2993,2434,6699,1674
NO4,2002,4,100,153,,4092,2919,2279,6793,1173
NO4,2002,5,271,99,,3814,2914,2191,7040,900
NO4,2002,6,375,131,,3667,2976,2142,7310,691
NO4,2002,7,1432,160,,4632,3158,2260,8395,1475
NO4,2002,8,1054,278,,5055,3265,2127,9256,1790
NO4,2002,9,389,84,,4922,3269,2053,9620,1653
NO4,2002,10,446,60,,4875,3285,2004,10038,1589
NO4,2002,11,233,49,,4555,3214,1980,10239,1341
NO4,2002,12,197,65,,4176,3113,1954,10385,1062
NO4,2002,13,1077,324,,4567,3197,2142,10880,1370
NO4,2002,14,88,216,,4141,3205,2152,10730,936
NO4,2002,15,413,260,,4103,3241,2208,10791,862
NO4,2002,16,61,142,,3929,3244,2129,10780,685
NO4,2002,17,532,702,,4204,3697,2808,9875,506
NO4,2002,18,121,822,,4304,4334,3058,8893,-30
NO4,2002,19,158,652,,4309,4484,3062,8358,-174
NO4,2002,20,245,1076,,4239,4731,3135,7397,-492
NO4,2002,21,-3,831,,3966,4552,3114,6557,-586
NO4,2002,22,-177,1427,,3282,4607,3230,4800,-1325
NO4,2002,23,-229,1745,,2220,4598,3017,3010,-2377
NO4,2002,24,-36,1549,,1768,4745,2726,1725,-2977
NO4,2002,25,670,1096,,2111,4588,2790,1231,-2476
NO4,2002,26,-6,625,,1789,4026,2554,889,-2237
NO4,2002,27,451,649,,2178,3822,2723,595,-1644
NO4,2002,28,424,802,,2461,3704,2735,346,-1243
NO4,2002,29,-28,609,,2288,3469,2426,214,-1181
NO4,2002,30,278,494,,2467,3286,2465,149,-818
NO4,2002,31,71,494,,2382,3146,2267,116,-764
NO4,2002,32,-148,399,,1955,2797,2008,92,-842
NO4,2002,33,336,475,,2013,2592,2144,81,-579
NO4,2002,34,-151,467,,1733,2517,1881,74,-784
NO4,2002,35,707,513,,2113,2502,2247,72,-389
NO4,2002,36,1121,757,,2741,2700,2670,75,41
NO4,2002,37,280,504,,2567,2627,2592,69,-60
NO4,2002,38,472,495,,2320,2459,2553,81,-138
NO4,2002,39,947,386,,2440,2295,2733,258,144
NO4,2002,40,500,458,,2127,2080,2604,392,47
NO4,2002,41,23,201,,1475,1730,2454,361,-255
NO4,2002,42,183,149,,849,1234,2305,534,-385
NO4,2002,43,193,125,,352,849,2223,674,-497
NO4,2002,44,316,150,,116,649,2167,877,-533
NO4,2002,45,133,105,,-358,355,2092,972,-714
NO4,2002,46,35,78,,-851,143,2014,1005,-994
NO4,2002,47,39,61,,-1293,-5,1952,1041,-1287
NO4,2002,48,35,51,,-1759,-156,1903,1071,-1603
NO4,2002,49,6,42,,-2282,-305,1859,1076,-1977
NO4,2002,50,529,93,,-2351,-397,1920,1425,-1954
NO4,2002,51,1176,100,,-1764,-476,1885,2485,-1288
NO4,2002,52,82,54,,-2281,-695,1836,2561,-1586
NO4,2003,1,233,39,,-2806,-692,1801,2780,-2114
NO4,2003,2,918,48,,-2644,-995,1773,3639,-1649
NO4,2003,3,1147,54,,-2156,-1159,1755,4707,-997
NO4,2003,4,627,40,,-2154,-1279,1732,5293,-875
NO4,2003,5,133,26,,-2610,-1410,1713,5416,-1200
NO4,2003,6,410,27,,-2748,-1482,1712,5782,-1266
NO4,2003,7,758,152,,-2668,-1543,1803,6251,-1125
NO4,2003,8,226,200,,-3159,-1625,1860,6197,-1534
NO4,2003,9,297,151,,-3585,-1746,1875,6305,-1839
NO4,2003,10,242,68,,-3962,-1848,1851,6488,-2114
NO4,2003,11,1189,257,,-3530,-1861,2015,7194,-1669
NO4,2003,12,1417,405,,-2823,-1686,2126,8013,-1137
NO4,2003,13,1532,521,,-2095,-1504,2247,8815,-591
NO4,2003,14,684,212,,-1907,-1458,2082,9415,-449
NO4,2003,15,82,110,,-2247,-1574,2057,9406,-673
NO4,2003,16,123,244,,-2442,-1547,2365,8963,-895
NO4,2003,17,25,523,,-2863,-1494,2462,8346,-1369
NO4,2003,18,85,161,,-2841,-1581,2324,8397,-1260
NO4,2003,19,273,265,,-2639,-1754,2505,8204,-885
NO4,2003,20,326,749,,-2571,-1794,3086,7161,-777
NO4,2003,21,176,1227,,-2553,-1437,3324,5818,-1115
NO4,2003,22,813,1506,,-1972,-974,3454,4903,-998
NO4,2003,23,255,1370,,-1963,-752,3459,3734,-1210
NO4,2003,24,8,923,,-2190,-1016,3152,3101,-1175
NO4,2003,25,129,778,,-2211,-1300,3174,2413,-910
NO4,2003,26,-202,1182,,-2784,-1327,2878,1346,-1457
NO4,2003,27,-189,967,,-3128,-1340,2572,602,-1789
NO4,2003,28,24,566,,-3047,-1470,2400,347,-1577
NO4,2003,29,-138,592,,-3031,-1508,2151,148,-1522
NO4,2003,30,455,699,,-2495,-1381,2225,94,-1114
NO4,2003,31,439,591,,-2051,-1349,2368,75,-703
NO4,2003,32,329,529,,-2041,-1535,2364,71,-507
NO4,2003,33,47,434,,-2278,-1743,2203,67,-534
NO4,2003,34,277,471,,-2255,-1784,2203,66,-471
NO4,2003,35,257,371,,-2275,-1817,2185,65,-458
NO4,2003,36,716,502,,-1912,-1716,2444,64,-196
NO4,2003,37,-44,411,,-2228,-1737,2168,62,-492
NO4,2003,38,2230,1312,,-822,-1126,2839,238,303
NO4,2003,39,1195,774,,-781,-1150,2885,331,370
NO4,2003,40,116,303,,-1339,-1410,2733,288,72
NO4,2003,41,252,279,,-1706,-1614,2681,296,-93
NO4,2003,42,647,335,,-1728,-1756,2800,452,28
NO4,2003,43,526,263,,-1931,-2025,2562,926,94
NO4,2003,44,1134,376,,-1452,-2062,2573,1614,610
NO4,2003,45,380,383,,-1642,-2020,2739,1418,378
NO4,2003,46,142,254,,-2041,-2060,2569,1462,18
NO4,2003,47,91,153,,-2438,-2119,2418,1543,-320
NO4,2003,48,24,114,,-2856,-2147,2313,1555,-709
NO4,2003,49,1285,214,,-2097,-2056,2345,2527,-41
NO4,2003,50,1613,258,,-1070,-1923,2306,3846,853
NO4,2003,51,834,143,,-754,-1907,2202,4608,1152
NO4,2003,52,783,103,,-426,-1900,2135,5323,1474
NO4,2004,1,513,82,,-577,-1752,2071,5799,1174
NO4,2004,2,100,53,,-904,-1756,2025,5888,852
NO4,2004,3,187,44,,-1213,-1800,1986,6060,587
NO4,2004,4,247,42,,-1588,-1931,1963,6279,343
NO4,2004,5,127,44,,-2011,-2000,1933,6386,-11
NO4,2004,6,409,39,,-2045,-1957,1915,6758,-88
NO4,2004,7,696,59,,-1815,-1914,1945,7334,99
NO4,2004,8,1228,307,,-1181,-1716,2206,7921,535
NO4,2004,9,240,206,,-1532,-1656,1999,8144,124
NO4,2004,10,613,70,,-1438,-1644,1951,8708,206
NO4,2004,11,119,86,,-1842,-1647,1973,8711,-194
NO4,2004,12,368,160,,-2016,-1599,2043,8817,-416
NO4,2004,13,235,107,,-2254,-1571,1952,9019,-683
NO4,2004,14,462,84,,-2125,-1506,1936,9390,-620
NO4,2004,15,570,187,,-1918,-1449,2019,9650,-469
NO4,2004,16,439,208,,-1682,-1328,2157,9714,-353
NO4,2004,17,141,520,,-1840,-1121,2321,9137,-719
NO4,2004,18,190,436,,-1747,-954,2524,8664,-793
NO4,2004,19,-19,1044,,-1394,110,3326,6764,-1504
NO4,2004,20,64,943,,-1676,185,2866,6299,-1860
NO4,2004,21,731,676,,-1352,-243,3030,6119,-1108
NO4,2004,22,54,578,,-1649,-900,3075,5532,-749
NO4,2004,23,44,879,,-2194,-1530,3258,4482,-664
NO4,2004,24,132,822,,-2487,-2077,3170,3848,-410
NO4,2004,25,800,1234,,-2321,-2332,3195,3313,10
NO4,2004,26,-33,1045,,-2525,-2255,3106,2305,-270
NO4,2004,27,355,1158,,-2110,-1737,3096,1494,-373
NO4,2004,28,668,1200,,-1697,-1426,3077,976,-271
NO4,2004,29,359,811,,-1514,-1336,2990,653,-178
NO4,2004,30,522,920,,-1037,-939,2939,396,-98
NO4,2004,31,25,642,,-1120,-865,2654,237,-256
NO4,2004,32,48,594,,-1172,-853,2487,135,-319
NO4,2004,33,129,501,,-1307,-963,2360,100,-344
NO4,2004,34,640,438,,-997,-996,2650,88,-1
NO4,2004,35,358,454,,-1003,-1012,2634,82,9
NO4,2004,36,134,427,,-1127,-1017,2520,74,-110
NO4,2004,37,1746,1056,,132,-398,3163,90,531
NO4,2004,38,575,564,,95,-365,3021,212,460
NO4,2004,39,675,629,,230,-193,3180,89,423
NO4,2004,40,92,403,,-209,-238,2918,62,30
NO4,2004,41,394,347,,-322,-267,2886,129,-55
NO4,2004,42,198,300,,-721,-395,2778,121,-326
NO4,2004,43,117,198,,-1136,-551,2610,199,-585
NO4,2004,44,506,204,,-1062,-571,2545,540,-492
NO4,2004,45,1256,463,,-321,-354,2733,1079,33
NO4,2004,46,835,387,,109,-85,2756,1450,194
NO4,2004,47,1171,264,,757,-19,2546,2511,777
NO4,2004,48,385,142,,702,-3,2411,2871,705
NO4,2004,49,396,124,,672,51,2324,3209,621
NO4,2004,50,810,215,,1003,222,2376,3704,781
NO4,2004,51,803,241,,1327,392,2324,4270,935
NO4,2004,52,1130,137,,1991,440,2215,5320,1551
NO4,2004,53,1441,152,,2861,446,2209,6545,2415
NO4,2005,1,734,133,,3025,400,2129,7191,2625
NO4,2005,2,707,91,,3272,429,2079,7825,2843
NO4,2005,3,504,104,,3209,389,2056,8222,2820
NO4,2005,4,746,65,,3366,340,2018,8907,3026
NO4,2005,5,1894,164,,4580,346,2050,10514,4234
NO4,2005,6,464,89,,4469,312,1985,10933,4158
NO4,2005,7,160,44,,4059,211,1951,11076,3848
NO4,2005,8,102,28,,3559,55,1925,11171,3504
NO4,2005,9,175,24,,3088,-132,1905,11335,3220
NO4,2005,10,318,34,,2805,-252,1901,11609,3057
NO4,2005,11,64,24,,2276,-394,1878,11669,2670
NO4,2005,12,782,117,,2490,-404,1974,12198,2894
NO4,2005,13,237,127,,2206,-403,2052,12210,2609
NO4,2005,14,532,334,,2091,-380,2132,12285,2471
NO4,2005,15,387,181,,2048,-411,2144,12453,2460
NO4,2005,16,41,129,,1769,-509,2088,12414,2278
NO4,2005,17,18,224,,1573,-539,2314,11975,2112
NO4,2005,18,277,378,,1675,-501,2362,11796,2177
NO4,2005,19,336,401,,1719,-745,2523,11535,2464
NO4,2005,20,482,388,,1859,-1231,2700,11415,3090
NO4,2005,21,957,1254,,2115,-1340,3330,10382,3455
NO4,2005,22,147,785,,1913,-1777,3352,9693,3689
NO4,2005,23,809,1414,,2216,-1722,3749,8592,3937
NO4,2005,24,-45,2329,,1901,-552,3689,6191,2453
NO4,2005,25,1008,2459,,2110,303,3728,4576,1807
NO4,2005,26,198,1553,,1728,503,3439,3467,1225
NO4,2005,27,-259,1731,,800,800,3040,1922,-1
NO4,2005,28,485,1214,,915,984,2889,1367,-69
NO4,2005,29,39,811,,880,1123,2651,927,-243
NO4,2005,30,356,603,,1106,1140,2678,720,-34
NO4,2005,31,445,507,,1165,918,2816,577,248
NO4,2005,32,352,651,,1308,1021,2808,421,287
NO4,2005,33,593,736,,1494,1135,2827,337,359
NO4,2005,34,972,794,,2203,1516,3154,272,687
NO4,2005,35,760,942,,2463,1871,3068,233,593
NO4,2005,36,1264,1019,,3004,2182,3305,221,823
NO4,2005,37,1561,1022,,3621,2376,3435,531,1245
NO4,2005,38,873,1005,,3650,2643,3441,339,1007
NO4,2005,39,324,625,,2984,2543,3221,66,442
NO4,2005,40,837,817,,3135,2762,3254,68,372
NO4,2005,41,945,653,,3399,2853,3489,128,547
NO4,2005,42,582,600,,3045,2701,3238,330,343
NO4,2005,43,173,310,,2509,2483,3109,310,26
NO4,2005,44,748,646,,2626,2716,3312,174,-91
NO4,2005,45,616,455,,2600,2773,3210,395,-173
NO4,2005,46,604,343,,2508,2693,2940,888,-185
NO4,2005,47,904,530,,2745,2886,2969,1171,-141
NO4,2005,48,547,242,,2657,2819,2737,1678,-162
NO4,2005,49,154,155,,2255,2765,2595,1807,-510
NO4,2005,50,1910,341,,3362,2785,2567,3309,577
NO4,2005,51,302,137,,3101,2731,2443,3585,370
NO4,2005,52,66,95,,2545,2532,2350,3646,13
NO4,2006,1,108,83,,1822,2502,2297,3718,-681
NO4,2006,2,682,146,,1952,2501,2340,4172,-549
NO4,2006,3,96,123,,1472,2456,2241,4235,-983
NO4,2006,4,1436,186,,2142,2393,2305,5343,-251
NO4,2006,5,915,316,,2306,2438,2294,5904,-132
NO4,2006,6,423,113,,2095,2367,2200,6288,-272
NO4,2006,7,190,82,,1598,2191,2145,6441,-593
NO4,2006,8,828,111,,1762,2094,2180,7080,-332
NO4,2006,9,315,83,,1386,1925,2104,7376,-540
NO4,2006,10,120,44,,896,1800,2062,7488,-904
NO4,2006,11,512,92,,720,1654,2127,7817,-934
NO4,2006,12,504,89,,567,1508,2048,8287,-941
NO4,2006,13,86,39,,88,1360,2013,8367,-1272
NO4,2006,14,87,34,,-272,1243,1999,8432,-1515
NO4,2006,15,93,61,,-555,1126,2046,8411,-1681
NO4,2006,16,275,148,,-661,1000,2112,8451,-1661
NO4,2006,17,94,421,,-933,1032,2515,7697,-1965
NO4,2006,18,-59,863,,-1316,1400,3140,6124,-2717
NO4,2006,19,273,1442,,-1773,1808,3104,4909,-3581
NO4,2006,20,300,428,,-1655,1504,2928,4938,-3159
NO4,2006,21,174,817,,-1483,1591,3177,4008,-3074
NO4,2006,22,105,785,,-1661,1219,3164,3311,-2880
NO4,2006,23,212,791,,-1965,577,3117,2745,-2541
NO4,2006,24,193,1187,,-2047,543,3026,1812,-2590
NO4,2006,25,720,1307,,-1842,430,3183,1042,-2272
NO4,2006,26,67,731,,-2217,-143,2916,690,-2074
NO4,2006,27,291,753,,-2169,-472,2900,366,-1697
NO4,2006,28,1135,975,,-1196,-353,3224,257,-843
NO4,2006,29,94,637,,-1417,-638,2850,193,-778
NO4,2006,30,-123,473,,-1896,-1111,2516,131,-785
NO4,2006,31,-172,488,,-2337,-1479,2198,91,-857
NO4,2006,32,96,467,,-2553,-1788,2104,73,-765
NO4,2006,33,144,413,,-2698,-2047,2088,65,-651
NO4,2006,34,-164,362,,-3122,-2275,1831,61,-847
NO4,2006,35,173,334,,-3189,-2415,1874,59,-774
NO4,2006,36,644,468,,-2893,-2425,2179,58,-467
NO4,2006,37,663,668,,-2631,-2250,2284,57,-381
NO4,2006,38,947,611,,-2017,-2001,2604,153,-16
NO4,2006,39,425,549,,-2382,-2171,2415,221,-211
NO4,2006,40,296,287,,-2524,-2213,2390,249,-310
NO4,2006,41,755,362,,-2179,-2112,2792,211,-67
NO4,2006,42,859,730,,-2160,-2022,2745,341,-138
NO4,2006,43,296,238,,-2459,-2191,2525,601,-267
NO4,2006,44,499,175,,-2484,-2334,2378,1049,-150
NO4,2006,45,1039,267,,-2037,-2402,2329,1815,366
NO4,2006,46,184,147,,-2229,-2386,2238,1932,157
NO4,2006,47,163,138,,-2327,-2228,2197,1985,-99
NO4,2006,48,1338,469,,-1460,-1851,2468,2500,391
NO4,2006,49,268,236,,-1550,-1620,2291,2691,70
NO4,2006,50,748,221,,-1239,-1409,2266,3203,169
NO4,2006,51,1982,486,,274,-924,2528,4328,1198
NO4,2006,52,1196,426,,940,-640,2338,5225,1580
NO4,2007,1,584,180,,926,-321,2225,5716,1246
NO4,2007,2,498,112,,1122,-123,2136,6170,1245
NO4,2007,3,639,102,,1393,36,2077,6740,1358
NO4,2007,4,988,80,,1875,92,2024,7658,1783
NO4,2007,5,1056,88,,2512,232,2033,8576,2280
NO4,2007,6,356,90,,2427,325,1970,8892,2102
NO4,2007,7,146,42,,2186,403,1935,9028,1783
NO4,2007,8,165,32,,1920,422,1907,9182,1497
NO4,2007,9,322,29,,1841,494,1889,9477,1347
NO4,2007,10,82,33,,1536,577,1890,9522,959
NO4,2007,11,1078,254,,2006,714,2006,10162,1291
NO4,2007,12,147,111,,1716,799,1951,10242,917
NO4,2007,13,347,220,,1501,863,2088,10204,638
NO4,2007,14,1786,393,,2716,1074,2121,11468,1642
NO4,2007,15,668,192,,3202,1303,2249,11787,1899
NO4,2007,16,402,551,,3188,1571,2343,11498,1617
NO4,2007,17,565,536,,3622,1983,2680,11136,1639
NO4,2007,18,153,414,,3771,2217,2641,10894,1554
NO4,2007,19,291,411,,3990,2200,2704,10680,1789
NO4,2007,20,550,617,,4418,2171,3106,10166,2247
NO4,2007,21,711,1221,,4601,2178,3525,9155,2423
NO4,2007,22,-23,1358,,3873,1978,3717,7533,1895
NO4,2007,23,-210,2343,,2328,2107,3600,5025,221
NO4,2007,24,164,1284,,1899,1869,3275,4182,30
NO4,2007,25,4,855,,1660,1568,3195,3394,92
NO4,2007,26,60,1203,,1458,1705,3083,2350,-247
NO4,2007,27,-109,1047,,1624,2267,2862,1458,-642
NO4,2007,28,468,821,,2165,2497,2934,1059,-332
NO4,2007,29,206,761,,2130,2444,2743,764,-314
NO4,2007,30,186,627,,2185,2435,2679,503,-250
NO4,2007,31,474,645,,2417,2451,2735,377,-34
NO4,2007,32,160,606,,2407,2498,2598,252,-91
NO4,2007,33,435,560,,2666,2582,2702,186,84
NO4,2007,34,405,541,,2675,2544,2722,148,130
NO4,2007,35,490,504,,2553,2402,2682,176,151
NO4,2007,36,612,468,,2621,2335,2792,198,286
NO4,2007,37,743,517,,2774,2304,2959,232,470
NO4,2007,38,934,598,,3001,2298,3074,403,703
NO4,2007,39,242,508,,2413,2225,2947,87,188
NO4,2007,40,255,389,,2072,2093,2865,64,-21
NO4,2007,41,902,381,,2382,2047,2855,550,336
NO4,2007,42,971,579,,2729,2221,3087,644,508
NO4,2007,43,604,772,,2697,2579,3148,364,118
NO4,2007,44,895,509,,2995,2733,3074,764,262
NO4,2007,45,409,280,,2795,2632,2823,1118,163
NO4,2007,46,445,192,,2755,2596,2672,1499,159
NO4,2007,47,867,271,,3050,2610,2628,2092,439
NO4,2007,48,353,164,,2984,2669,2481,2411,315
NO4,2007,49,211,116,,2625,2563,2392,2582,62
NO4,2007,50,559,149,,2551,2497,2444,2908,53
NO4,2007,51,1673,951,,3108,2811,2816,3138,296
NO4,2007,52,962,449,,3406,2985,2688,3716,421
NO4,2008,1,24,188,,2606,3068,2496,3737,-462
NO4,2008,2,96,111,,2190,3042,2390,3820,-851
NO4,2008,3,259,104,,1888,2997,2323,4026,-1109
NO4,2008,4,408,91,,1675,2927,2251,4397,-1252
NO4,2008,5,983,123,,2122,2989,2217,5246,-867
NO4,2008,6,121,74,,1766,3024,2178,5325,-1257
NO4,2008,7,1291,215,,2413,3080,2230,6281,-668
NO4,2008,8,1049,148,,2925,3153,2180,7185,-227
NO4,2008,9,682,112,,3128,3246,2119,7783,-117
NO4,2008,10,345,58,,2970,3247,2073,8103,-277
NO4,2008,11,58,71,,2578,3298,2071,8086,-720
NO4,2008,12,145,49,,2227,3258,2024,8222,-1031
NO4,2008,13,112,31,,1915,3247,2001,8321,-1332
NO4,2008,14,298,106,,1828,3278,2054,8442,-1449
NO4,2008,15,44,57,,1569,3225,2010,8471,-1656
NO4,2008,16,443,74,,1789,3184,2036,8793,-1395
NO4,2008,17,103,88,,1778,3117,2068,8770,-1339
NO4,2008,18,48,564,,1796,3470,2758,7549,-1674
NO4,2008,19,800,1114,,2468,4164,3084,6814,-1696
NO4,2008,20,297,508,,2587,3960,2755,6897,-1373
NO4,2008,21,22,296,,2415,3298,2866,6508,-883
NO4,2008,22,67,762,,2154,2865,3355,5290,-711
NO4,2008,23,-147,1939,,1025,2930,3344,3155,-1905
NO4,2008,24,337,1055,,959,2647,3056,2684,-1688
NO4,2008,25,255,946,,989,2459,3119,1907,-1471
NO4,2008,26,752,1008,,1397,2345,3238,1495,-947
NO4,2008,27,-7,904,,1275,2350,2959,929,-1075
NO4,2008,28,-156,571,,885,1963,2589,657,-1078
NO4,2008,29,440,593,,1184,1828,2719,459,-644
NO4,2008,30,204,576,,1262,1742,2640,312,-480
NO4,2008,31,-201,538,,910,1597,2265,193,-688
NO4,2008,32,-16,319,,577,1271,2089,158,-694
NO4,2008,33,295,336,,517,995,2194,131,-479
NO4,2008,34,125,324,,355,838,2145,112,-482
NO4,2008,35,181,304,,185,659,2133,101,-473
NO4,2008,36,374,297,,25,381,2246,101,-357
NO4,2008,37,-56,220,,-540,45,2044,93,-585
NO4,2008,38,19,157,,-1061,-313,1928,97,-748
NO4,2008,39,1240,582,,-388,-192,2514,136,-196
NO4,2008,40,793,685,,-487,-247,2385,325,-240
NO4,2008,41,1262,488,,301,-40,2816,595,341
NO4,2008,42,1114,984,,380,148,2701,754,231
NO4,2008,43,889,477,,557,146,2752,1053,411
NO4,2008,44,559,378,,398,34,2556,1384,363
NO4,2008,45,626,300,,415,-35,2514,1715,450
NO4,2008,46,204,181,,85,-139,2374,1862,224
NO4,2008,47,1331,203,,919,-102,2285,3017,1021
NO4,2008,48,521,116,,926,-182,2186,3500,1109
NO4,2008,49,120,84,,577,-228,2112,3606,805
NO4,2008,50,76,63,,110,-319,2053,3675,429
NO4,2008,51,493,136,,30,-365,2110,3943,395
NO4,2008,52,748,169,,191,-417,2170,4422,608
NO4,2009,1,1225,323,,518,-213,2179,5247,731
NO4,2009,2,1693,155,,1705,-125,2188,6703,1830
NO4,2009,3,1073,461,,1959,-20,2200,7238,1979
NO4,2009,4,28,100,,1414,-48,2108,7252,1461
NO4,2009,5,22,62,,905,-82,2049,7268,987
NO4,2009,6,275,70,,622,-125,2025,7483,748
NO4,2009,7,578,55,,678,-148,1983,8023,826
NO4,2009,8,134,38,,327,-178,1950,8147,505
NO4,2009,9,487,44,,281,-222,1923,8600,503
NO4,2009,10,74,38,,-161,-263,1915,8640,102
NO4,2009,11,62,38,,-648,-342,1905,8667,-306
NO4,2009,12,1319,133,,92,-320,1926,9763,412
NO4,2009,13,89,54,,-305,-372,1874,9846,67
NO4,2009,14,459,78,,-220,-354,1940,10139,134
NO4,2009,15,111,129,,-322,-238,1976,10076,-85
NO4,2009,16,321,201,,-257,-177,1992,10151,-80
NO4,2009,17,625,223,,179,-151,2288,10220,331
NO4,2009,18,302,702,,163,73,2746,9325,91
NO4,2009,19,316,875,,137,272,2981,8479,-134
NO4,2009,20,298,952,,-24,247,3289,7464,-271
NO4,2009,21,-42,1378,,-718,256,3340,5944,-974
NO4,2009,22,1017,1248,,-132,262,3470,5492,-394
NO4,2009,23,216,970,,-332,-96,3211,4957,-236
NO4,2009,24,65,747,,-387,-421,3265,4197,35
NO4,2009,25,564,1042,,-305,-741,3271,3662,436
NO4,2009,26,-231,1089,,-924,-860,3042,2574,-64
NO4,2009,27,-149,1133,,-1371,-774,2686,1680,-598
NO4,2009,28,-4,533,,-1372,-909,2517,1344,-463
NO4,2009,29,64,637,,-1338,-875,2419,940,-463
NO4,2009,30,329,583,,-951,-708,2504,686,-243
NO4,2009,31,155,710,,-881,-501,2278,489,-380
NO4,2009,32,-164,490,,-1146,-545,2007,334,-601
NO4,2009,33,819,584,,-668,-561,2438,259,-108
NO4,2009,34,221,393,,-666,-540,2383,232,-125
NO4,2009,35,90,458,,-808,-498,2202,195,-310
NO4,2009,36,1138,751,,-35,-175,2678,167,140
NO4,2009,37,1238,917,,912,446,3038,149,466
NO4,2009,38,620,720,,1057,703,2955,172,353
NO4,2009,39,1660,1164,,2001,1344,3356,148,657
NO4,2009,40,1381,1027,,2158,1396,3062,650,762
NO4,2009,41,532,331,,2019,1206,2799,1084,812
NO4,2009,42,351,342,,1737,1093,2847,1020,643
NO4,2009,43,300,371,,1344,967,2702,1068,376
NO4,2009,44,196,198,,985,809,2553,1200,176
NO4,2009,45,66,154,,480,599,2435,1223,-120
NO4,2009,46,76,122,,5,413,2320,1284,-408
NO4,2009,47,347,135,,-59,426,2375,1421,-484
NO4,2009,48,506,241,,-77,470,2321,1708,-547
NO4,2009,49,354,126,,-246,425,2211,2030,-671
NO4,2009,50,127,95,,-657,377,2158,2107,-1034
NO4,2009,51,231,80,,-1043,210,2093,2313,-1253
NO4,2009,52,42,56,,-1560,33,2038,2352,-1594
NO4,2009,53,225,47,,-1980,-197,1994,2562,-1782
NO4,2010,1,595,50,,-2103,-484,1972,3104,-1620
NO4,2010,2,483,179,,-2304,-594,2020,3331,-1710
NO4,2010,3,99,60,,-2837,-761,1971,3412,-2076
NO4,2010,4,825,99,,-2736,-901,1948,4117,-1834
NO4,2010,5,224,42,,-3108,-1015,1911,4326,-2093
NO4,2010,6,603,44,,-3090,-1101,1890,4881,-1989
NO4,2010,7,365,36,,-3337,-1245,1865,5222,-2093
NO4,2010,8,181,22,,-3767,-1414,1847,5391,-2354
NO4,2010,9,186,20,,-4146,-1524,1834,5563,-2622
NO4,2010,10,1882,137,,-2905,-1513,1883,7178,-1392
NO4,2010,11,389,55,,-3097,-1603,1844,7540,-1494
NO4,2010,12,378,33,,-3228,-1667,1828,7887,-1562
NO4,2010,13,57,52,,-3623,-1686,1878,7838,-1937
NO4,2010,14,39,106,,-4009,-1701,1915,7723,-2308
NO4,2010,15,569,284,,-3909,-1652,2070,7810,-2257
NO4,2010,16,228,122,,-3896,-1642,1997,7973,-2254
NO4,2010,17,614,150,,-3409,-1630,2033,8366,-1778
NO4,2010,18,188,123,,-3244,-1718,2078,8376,-1526
NO4,2010,19,242,335,,-2795,-1544,2610,7733,-1251
NO4,2010,20,303,1660,,-2353,-231,3212,5691,-2122
NO4,2010,21,210,998,,-2241,-55,3138,4934,-2186
NO4,2010,22,384,1024,,-2140,-154,3186,4184,-1985
NO4,2010,23,-45,727,,-2464,-642,3149,3432,-1823
NO4,2010,24,605,1054,,-2134,-775,3367,2702,-1359
NO4,2010,25,784,1229,,-1980,-1046,3446,2117,-935
NO4,2010,26,153,1096,,-2331,-1268,3248,1369,-1063
NO4,2010,27,277,1071,,-2408,-1311,3119,747,-1097
NO4,2010,28,410,818,,-2072,-1272,3054,470,-800
NO4,2010,29,1164,1070,,-1405,-1244,3357,303,-161
NO4,2010,30,179,679,,-1242,-1135,3138,187,-107
NO4,2010,31,248,717,,-1176,-1086,2940,116,-90
NO4,2010,32,50,555,,-1264,-1120,2720,78,-144
NO4,2010,33,148,469,,-1489,-1287,2533,69,-202
NO4,2010,34,149,371,,-1773,-1472,2371,67,-301
NO4,2010,35,448,327,,-1832,-1698,2490,84,-133
NO4,2010,36,-49,353,,-2314,-1949,2277,62,-365
NO4,2010,37,236,320,,-2468,-2084,2278,60,-384
NO4,2010,38,200,244,,-2750,-2293,2243,73,-457
NO4,2010,39,20,179,,-3325,-2654,2113,61,-671
NO4,2010,40,557,299,,-3235,-2741,2383,73,-494
NO4,2010,41,885,413,,-3032,-2848,2315,571,-184
NO4,2010,42,1142,415,,-2571,-2891,2385,1159,320
NO4,2010,43,631,290,,-2524,-2978,2351,1497,454
NO4,2010,44,925,278,,-2052,-2919,2288,2155,867
NO4,2010,45,366,156,,-2214,-3074,2142,2496,859
NO4,2010,46,61,95,,-2640,-3227,2054,2546,587
NO4,2010,47,106,74,,-3014,-3358,1980,2645,344
NO4,2010,48,471,94,,-3091,-3496,1964,3018,405
NO4,2010,49,363,69,,-3282,-3631,1903,3358,349
NO4,2010,50,392,62,,-3488,-3763,1862,3713,276
NO4,2010,51,50,40,,-4014,-3939,1823,3760,-75
NO4,2010,52,508,41,,-4079,-4122,1794,4232,43
NO4,2011,1,272,34,,-4551,-4109,1767,4486,-442
NO4,2011,2,266,29,,-4716,-4135,1745,4736,-580
NO4,2011,3,559,52,,-4588,-4088,1750,5209,-499
NO4,2011,4,1585,146,,-3522,-3944,1845,6476,422
NO4,2011,5,995,178,,-2962,-3721,1792,7296,759
NO4,2011,6,753,72,,-2589,-3567,1748,7991,979
NO4,2011,7,129,32,,-2962,-3615,1721,8112,653
NO4,2011,8,322,28,,-3154,-3674,1720,8391,520
NO4,2011,9,1460,163,,-2258,-3575,1795,9542,1317
NO4,2011,10,745,174,,-2016,-3432,1799,10070,1416
NO4,2011,11,196,57,,-2303,-3423,1765,10233,1120
NO4,2011,12,1657,170,,-1177,-3306,1792,11613,2129
NO4,2011,13,335,63,,-1247,-3259,1804,11861,2012
NO4,2011,14,550,321,,-1146,-3046,1958,11887,1900
NO4,2011,15,790,494,,-766,-2706,2326,11752,1941
NO4,2011,16,629,624,,-510,-2314,2331,11697,1804
NO4,2011,17,259,708,,-640,-2002,2627,10911,1361
NO4,2011,18,55,329,,-649,-1918,2555,10695,1270
NO4,2011,19,27,896,,-943,-1696,3009,9340,753
NO4,2011,20,628,1032,,-581,-1423,3349,8518,842
NO4,2011,21,557,1359,,-465,-1191,3447,7537,726
NO4,2011,22,784,1327,,190,-809,3815,6540,999
NO4,2011,23,279,2292,,141,285,3822,4437,-144
NO4,2011,24,-138,1672,,-392,617,3253,3165,-1009
NO4,2011,25,413,1195,,-193,704,3202,2397,-897
NO4,2011,26,64,1086,,-410,671,3031,1568,-1081
NO4,2011,27,-163,815,,-596,656,2724,986,-1252
NO4,2011,28,313,759,,-456,531,2643,695,-987
NO4,2011,29,233,650,,-186,587,2580,467,-774
NO4,2011,30,307,669,,-14,565,2542,311,-579
NO4,2011,31,47,521,,-182,394,2350,221,-576
NO4,2011,32,95,344,,-339,194,2216,193,-533
NO4,2011,33,414,525,,-168,226,2255,156,-393
NO4,2011,34,211,435,,-286,106,2219,129,-392
NO4,2011,35,260,445,,-324,76,2199,109,-399
NO4,2011,36,674,550,,78,238,2449,95,-160
NO4,2011,37,491,544,,357,487,2506,85,-130
NO4,2011,38,123,295,,97,415,2372,84,-317
NO4,2011,39,1068,634,,726,713,2785,74,13
NO4,2011,40,1433,897,,1426,1055,3082,239,371
NO4,2011,41,435,448,,1192,981,2933,349,211
NO4,2011,42,1276,678,,1764,1181,3131,677,583
NO4,2011,43,428,406,,1648,1243,3060,739,405
NO4,2011,44,1164,981,,2022,1705,3167,727,317
NO4,2011,45,565,589,,1923,1871,3072,759,52
NO4,2011,46,1286,700,,2482,2159,3148,1187,322
NO4,2011,47,1045,418,,2922,2304,3071,1828,618
NO4,2011,48,1001,414,,3292,2444,2925,2500,848
NO4,2011,49,184,223,,2847,2385,2708,2667,463
NO4,2011,50,169,158,,2527,2449,2593,2784,78
NO4,2011,51,639,155,,2635,2467,2548,3278,168
NO4,2011,52,1025,220,,3069,2468,2437,4147,601
NO4,2012,1,191,104,,2571,2602,2343,4321,-31
NO4,2012,2,552,85,,2630,2584,2270,4837,46
NO4,2012,3,358,107,,2404,2524,2232,5107,-120
NO4,2012,4,38,59,,1785,2371,2172,5142,-586
NO4,2012,5,5,43,,1162,2218,2127,5147,-1056
NO4,2012,6,671,80,,1202,2130,2168,5664,-929
NO4,2012,7,588,106,,1219,2115,2086,6197,-896
NO4,2012,8,701,63,,1479,2177,2050,6844,-698
NO4,2012,9,1101,146,,2007,2230,2096,7700,-223
NO4,2012,10,479,102,,2001,2305,2104,8045,-304
NO4,2012,11,1598,216,,2984,2410,2140,9311,574
NO4,2012,12,770,210,,3254,2560,2182,9789,694
NO4,2012,13,966,436,,3577,2793,2220,10216,783
NO4,2012,14,491,126,,3614,2779,2105,10676,835
NO4,2012,15,389,113,,3598,2699,2103,10933,899
NO4,2012,16,29,76,,3296,2535,2076,10908,761
NO4,2012,17,209,201,,3179,2384,2300,10673,796
NO4,2012,18,473,315,,3354,2241,2269,10825,1113
NO4,2012,19,329,278,,3347,1821,2442,10678,1526
NO4,2012,20,425,625,,3212,1366,2960,9911,1847
NO4,2012,21,164,831,,2962,1054,3279,8887,1908
NO4,2012,22,417,904,,3028,766,3097,8520,2261
NO4,2012,23,0,833,,2719,366,3201,7556,2353
NO4,2012,24,181,888,,2702,118,3315,6696,2584
NO4,2012,25,427,1449,,2749,321,3523,5402,2428
NO4,2012,26,-45,1314,,2277,422,3319,4217,1855
NO4,2012,27,383,1504,,2482,1077,3315,3053,1406
NO4,2012,28,183,1210,,2414,1406,3232,2101,1008
NO4,2012,29,272,963,,2431,1611,2976,1666,820
NO4,2012,30,384,795,,2707,1898,2938,1303,809
NO4,2012,31,270,768,,2737,2080,2858,945,657
NO4,2012,32,-30,469,,2387,1952,2615,762,435
NO4,2012,33,-175,490,,1909,1851,2329,533,58
NO4,2012,34,119,374,,1732,1784,2232,455,-52
NO4,2012,35,490,373,,1874,1735,2434,412,139
NO4,2012,36,1040,717,,2528,2067,2781,384,461
NO4,2012,37,595,517,,2674,2149,2869,378,525
NO4,2012,38,624,554,,2646,2112,2936,371,535
NO4,2012,39,60,304,,1827,1886,2693,93,-59
NO4,2012,40,432,297,,1707,1745,2806,105,-39
NO4,2012,41,276,303,,1415,1616,2714,156,-201
NO4,2012,42,43,194,,885,1396,2526,188,-510
NO4,2012,43,1401,265,,1605,1217,2517,1265,388
NO4,2012,44,236,176,,1307,1053,2421,1409,253
NO4,2012,45,706,175,,1462,913,2333,1994,548
NO4,2012,46,937,273,,1881,955,2424,2514,926
NO4,2012,47,426,248,,1862,1054,2363,2725,808
NO4,2012,48,28,128,,1376,968,2239,2745,407
NO4,2012,49,52,80,,817,777,2157,2794,39
NO4,2012,50,54,63,,254,615,2094,2845,-360
NO4,2012,51,43,51,,-308,423,2044,2884,-731
NO4,2012,52,194,46,,-625,292,2003,3063,-917
NO4,2013,1,223,55,,-1053,418,1982,3243,-1470
NO4,2013,2,267,61,,-1313,329,1959,3460,-1641
NO4,2013,3,537,69,,-1454,142,1974,3889,-1596
NO4,2013,4,631,66,,-1504,-7,1925,4477,-1497
NO4,2013,5,563,44,,-1469,-41,1898,5004,-1428
NO4,2013,6,129,31,,-1836,-75,1875,5125,-1761
NO4,2013,7,44,21,,-2322,-164,1855,5167,-2158
NO4,2013,8,419,45,,-2492,-276,1890,5487,-2216
NO4,2013,9,1686,535,,-1796,-199,2073,6349,-1597
NO4,2013,10,727,129,,-1674,-208,1962,7025,-1466
NO4,2013,11,310,52,,-1973,-327,1916,7315,-1646
NO4,2013,12,78,31,,-2543,-540,1887,7387,-2002
NO4,2013,13,569,37,,-2552,-681,1868,7914,-1871
NO4,2013,14,563,37,,-2472,-812,1849,8436,-1661
NO4,2013,15,103,23,,-2799,-1024,1844,8518,-1775
NO4,2013,16,541,308,,-2750,-1075,2113,8436,-1675
NO4,2013,17,368,400,,-2788,-1085,2232,8242,-1703
NO4,2013,18,270,231,,-2689,-1197,2268,8221,-1492
NO4,2013,19,332,463,,-2584,-1313,2598,7726,-1271
NO4,2013,20,276,975,,-2630,-1179,3259,6314,-1451
NO4,2013,21,-54,1972,,-2812,-30,3425,4051,-2782
NO4,2013,22,-254,1871,,-3385,668,3245,2057,-4054
NO4,2013,23,314,1364,,-3380,805,2994,1225,-4185
NO4,2013,24,146,673,,-3255,476,2791,905,-3731
NO4,2013,25,458,673,,-2857,145,2855,640,-3002
NO4,2013,26,136,757,,-2735,-27,2597,375,-2709
NO4,2013,27,334,616,,-2420,-276,2584,235,-2144
NO4,2013,28,710,702,,-1804,-359,2693,187,-1445
NO4,2013,29,720,679,,-1268,-411,2805,159,-857
NO4,2013,30,-95,565,,-1585,-670,2407,110,-915
NO4,2013,31,300,598,,-1417,-729,2379,80,-687
NO4,2013,32,182,491,,-1474,-871,2269,70,-603
NO4,2013,33,123,348,,-1670,-1143,2213,64,-527
NO4,2013,34,530,519,,-1457,-1122,2343,62,-335
NO4,2013,35,596,694,,-1357,-1072,2364,59,-284
NO4,2013,36,233,452,,-1576,-1231,2302,57,-345
NO4,2013,37,97,377,,-1980,-1508,2193,56,-472
NO4,2013,38,701,551,,-1715,-1452,2454,56,-264
NO4,2013,39,141,371,,-2318,-1760,2223,66,-557
NO4,2013,40,288,254,,-2632,-2027,2287,57,-605
NO4,2013,41,1257,614,,-1861,-1730,2666,272,-132
NO4,2013,42,560,370,,-1887,-1764,2435,666,-122
NO4,2013,43,440,284,,-1914,-1754,2489,746,-160
NO4,2013,44,630,357,,-1824,-1718,2429,1043,-105
NO4,2013,45,178,174,,-2202,-1889,2262,1203,-313
NO4,2013,46,1139,237,,-1593,-1888,2393,1914,295
NO4,2013,47,1130,338,,-1068,-1827,2227,2812,759
NO4,2013,48,1679,327,,44,-1692,2251,4062,1736
NO4,2013,49,1703,267,,1189,-1571,2148,5525,2760
NO4,2013,50,2037,526,,2554,-1216,2274,6795,3770
NO4,2013,51,618,284,,2592,-1115,2174,7191,3707
NO4,2013,52,392,164,,2482,-1103,2125,7444,3585
NO4,2014,1,268,143,,2033,-949,2085,7591,2982
NO4,2014,2,109,95,,1703,-919,2007,7676,2623
NO4,2014,3,7,55,,1131,-1046,1952,7683,2176
NO4,2014,4,6,40,,523,-1178,1912,7689,1701
NO4,2014,5,17,31,,12,-1242,1879,7704,1254
NO4,2014,6,268,65,,-173,-1182,1869,7902,1010
NO4,2014,7,76,44,,-441,-1059,1863,7934,618
NO4,2014,8,237,38,,-596,-989,1842,8143,393
NO4,2014,9,575,162,,-539,-884,1915,8449,345
NO4,2014,10,597,135,,-393,-730,2048,8742,337
NO4,2014,11,2631,795,,1230,-365,2239,10233,1595
NO4,2014,12,443,197,,1188,-234,2068,10630,1422
NO4,2014,13,314,137,,1019,-187,2072,10786,1206
NO4,2014,14,471,107,,1047,-207,2009,11191,1254
NO4,2014,15,341,134,,1074,-174,2075,11310,1248
NO4,2014,16,745,293,,1498,-63,2195,11589,1561
NO4,2014,17,258,296,,1546,0,2282,11441,1546
NO4,2014,18,468,302,,1752,-121,2242,11612,1873
NO4,2014,19,9,128,,1562,-580,2193,11544,2142
NO4,2014,20,311,266,,1589,-1145,2445,11314,2734
NO4,2014,21,339,1155,,1478,-1143,3195,9685,2621
NO4,2014,22,-41,1207,,956,-1282,3418,8176,2238
NO4,2014,23,-121,2070,,271,-659,3581,5753,930
NO4,2014,24,229,1769,,-43,-340,3227,4498,297
NO4,2014,25,734,755,,531,-615,3163,4480,1147
NO4,2014,26,5,603,,156,-1205,3062,3979,1361
NO4,2014,27,-5,1092,,-295,-1262,3016,2914,967
NO4,2014,28,-277,1373,,-789,-797,2709,1622,7
NO4,2014,29,394,1113,,-757,-624,2688,1000,-133
NO4,2014,30,-279,742,,-1275,-701,2268,590,-574
NO4,2014,31,225,539,,-1253,-779,2232,440,-474
NO4,2014,32,405,609,,-1070,-768,2319,321,-302
NO4,2014,33,469,532,,-981,-853,2415,260,-129
NO4,2014,34,229,389,,-1160,-1027,2376,230,-133
NO4,2014,35,-93,312,,-1661,-1277,2121,202,-384
NO4,2014,36,729,645,,-1543,-1334,2325,171,-209
NO4,2014,37,166,446,,-1871,-1474,2180,144,-397
NO4,2014,38,180,333,,-2203,-1694,2135,129,-509
NO4,2014,39,1235,492,,-1774,-1759,2651,180,-15
NO4,2014,40,963,958,,-1719,-1562,2610,182,-158
NO4,2014,41,-16,292,,-2280,-1713,2374,129,-567
NO4,2014,42,63,159,,-2828,-2008,2229,175,-820
NO4,2014,43,150,137,,-3135,-2152,2176,234,-984
NO4,2014,44,1278,448,,-2442,-2035,2446,724,-407
NO4,2014,45,330,271,,-2675,-2105,2326,882,-570
NO4,2014,46,372,191,,-2781,-2136,2235,1132,-645
NO4,2014,47,145,145,,-3078,-2156,2220,1139,-921
NO4,2014,48,296,183,,-3305,-2180,2195,1258,-1125
NO4,2014,49,1009,264,,-2838,-2069,2294,1850,-769
NO4,2014,50,327,193,,-3035,-1995,2137,2122,-1040
NO4,2014,51,343,96,,-3182,-2012,2049,2439,-1170
NO4,2014,52,619,78,,-3101,-2123,1986,3019,-978
NO4,2026,18,845,517,,,,2640,6409,-2932
NO5,1958,2,685,67,,,,2065,8613,1612
NO5,1958,3,1177,90,,,,2058,9690,2060
NO5,1958,4,388,42,,,,2035,10061,1757
NO5,1958,5,248,72,,,,2070,10196,1335
NO5,1958,6,572,75,,,,2037,10718,1231
NO5,1958,7,557,40,,,,2028,11236,1191
NO5,1958,8,294,25,,,,2015,11515,957
NO5,1958,9,185,12,,,,2008,11691,634
NO5,1958,10,730,59,,,,2014,12347,787
NO5,1958,11,2,10,,,,2005,12349,378
NO5,1958,12,10,5,,,,2000,12358,14
NO5,1958,13,2,3,,,,1997,12360,-294
NO5,1958,14,14,5,,,,1999,12367,-499
NO5,1958,15,89,8,,,,1998,12448,-503
NO5,1958,16,286,67,,,,2061,12596,-259
NO5,1958,17,552,141,,,,2112,12940,340
NO5,1958,18,863,354,,,,2345,13196,1223
NO5,1958,19,605,285,,,,2346,13496,2133
NO5,1958,20,206,220,,,,2339,13477,2939
NO5,1958,21,560,398,,,,2636,13319,4127
NO5,1958,22,749,1144,,,,3210,12293,4858
NO5,1958,23,-103,1849,,,,3578,9873,4051
NO5,1958,24,-74,1338,,,,3179,8789,3809
NO5,1958,25,520,1825,,,,3452,7113,3558
NO5,1958,26,220,1985,,,,3684,5024,2679
NO5,1958,27,-5,2706,,,,3569,2353,709
NO5,1958,28,380,1675,,,,3043,1551,57
NO5,1958,29,244,1025,,,,2778,1050,-207
NO5,1958,30,624,821,,,,2911,745,-28
NO5,1958,31,435,745,,,,2870,526,-37
NO5,1958,32,588,741,,,,2843,422,13
NO5,1958,33,354,626,,,,2826,273,-18
NO5,1958,34,60,562,,,,2534,185,-308
NO5,1958,35,482,558,,,,2659,123,-194
NO5,1958,36,-120,520,,,,2299,70,-581
NO5,1958,37,619,560,,,,2527,49,-376
NO5,1958,38,201,363,,,,2501,39,-475
NO5,1958,39,1123,761,,,,2886,21,-187
NO5,1958,40,534,515,,,,2990,3,-155
NO5,1958,41,1684,997,,,,3541,123,398
NO5,1958,42,950,991,,,,3283,295,152
NO5,1958,43,1205,778,,,,3717,248,384
NO5,1958,44,414,880,,,,3202,267,-314
NO5,1958,45,635,505,,,,3112,448,-518
NO5,1958,46,171,307,,,,2856,551,-987
NO5,1958,47,185,235,,,,2827,513,-1426
NO5,1958,48,486,326,,,,2813,666,-1759
NO5,1958,49,888,224,,,,2701,1421,-1644
NO5,1958,50,136,115,,,,2590,1549,-2206
NO5,1958,51,177,68,,,,2530,1712,-2659
NO5,1958,52,110,70,,,,2498,1782,-3144
NO5,1959,1,1482,97,,,,2469,3169,-2888
NO5,1959,2,195,39,,,,2442,3355,-3269
NO5,1959,3,235,28,,,,2424,3579,-3684
NO5,1959,4,617,34,,,,2411,4169,-3759
NO5,1959,5,160,19,,,,2404,4316,-4210
NO5,1959,6,0,11,,,,2395,4316,-4813
NO5,1959,7,64,9,,,,2388,4376,-5309
NO5,1959,8,2038,207,,,,2456,6106,-4012
NO5,1959,9,1263,392,,,,2696,6705,-3665
NO5,1959,10,470,398,,,,2695,6754,-4125
NO5,1959,11,51,138,,,,2565,6792,-4619
NO5,1959,12,147,82,,,,2502,6916,-4928
NO5,1959,13,275,80,,,,2499,7106,-5045
NO5,1959,14,719,151,,,,2523,7637,-4705
NO5,1959,15,180,82,,,,2475,7781,-4693
NO5,1959,16,358,484,,,,2985,7124,-4807
NO5,1959,17,184,317,,,,2892,7065,-4756
NO5,1959,18,447,786,,,,3296,6270,-4752
NO5,1959,19,398,523,,,,3113,6294,-4302
NO5,1959,20,-81,1816,,,,3930,3494,-5454
NO5,1959,21,-24,1481,,,,3488,2362,-5978
NO5,1959,22,34,980,,,,3155,1713,-5777
NO5,1959,23,290,862,,,,3099,1178,-5123
NO5,1959,24,108,754,,,,2801,832,-4527
NO5,1959,25,854,753,,,,2845,857,-3307
NO5,1959,26,-314,647,,,,2470,375,-3183
NO5,1959,27,224,605,,,,2375,208,-2631
NO5,1959,28,355,587,,,,2374,115,-2049
NO5,1959,29,192,486,,,,2257,71,-1708
NO5,1959,30,-127,409,,,,2005,30,-1649
NO5,1959,31,-64,416,,,,1832,10,-1590
NO5,1959,32,106,348,,,,1772,6,-1474
NO5,1959,33,598,400,,,,2203,3,-911
NO5,1959,34,313,662,,,,2103,1,-923
NO5,1959,35,760,708,,,,2252,3,-721
NO5,1959,36,-145,328,,,,1952,0,-998
NO5,1959,37,42,298,,,,1843,0,-1109
NO5,1959,38,20,199,,,,1733,0,-1282
NO5,1959,39,811,364,,,,2057,107,-930
NO5,1959,40,347,402,,,,2144,2,-1002
NO5,1959,41,-31,219,,,,1958,0,-1308
NO5,1959,42,-16,111,,,,1857,0,-1568
NO5,1959,43,1302,366,,,,2441,321,-819
NO5,1959,44,1498,493,,,,2418,1327,-37
NO5,1959,45,530,403,,,,2413,1442,-224
NO5,1959,46,806,276,,,,2305,2057,-32
NO5,1959,47,428,159,,,,2237,2394,-135
NO5,1959,48,683,534,,,,2487,2269,-481
NO5,1959,49,476,209,,,,2313,2696,-757
NO5,1959,50,159,114,,,,2208,2848,-1289
NO5,1959,51,473,94,,,,2177,3248,-1477
NO5,1959,52,516,85,,,,2143,3705,-1575
NO5,1959,53,766,115,,,,2157,4333,-1472
NO5,1960,1,317,87,,,,2135,4581,-1810
NO5,1960,2,18,29,,,,2106,4597,-2363
NO5,1960,3,477,38,,,,2116,5016,-2557
NO5,1960,4,349,92,,,,2120,5267,-2953
NO5,1960,5,196,33,,,,2102,5446,-3383
NO5,1960,6,201,34,,,,2096,5615,-3813
NO5,1960,7,145,18,,,,2082,5754,-4238
NO5,1960,8,218,16,,,,2076,5959,-4538
NO5,1960,9,653,56,,,,2091,6532,-4443
NO5,1960,10,35,20,,,,2079,6561,-4933
NO5,1960,11,53,15,,,,2077,6601,-5298
NO5,1960,12,11,15,,,,2082,6591,-5672
NO5,1960,13,0,10,,,,2072,6590,-5988
NO5,1960,14,313,78,,,,2104,6785,-5977
NO5,1960,15,643,168,,,,2159,7189,-5600
NO5,1960,16,319,114,,,,2155,7391,-5370
NO5,1960,17,121,76,,,,2151,7438,-5123
NO5,1960,18,235,169,,,,2506,7149,-4664
NO5,1960,19,-21,1238,,,,3633,4696,-5379
NO5,1960,20,-86,2230,,,,3611,2292,-6975
NO5,1960,21,461,1303,,,,3542,1462,-6824
NO5,1960,22,-178,1111,,,,3156,571,-6918
NO5,1960,23,361,995,,,,3001,180,-6218
NO5,1960,24,574,779,,,,2925,104,-5131
NO5,1960,25,31,642,,,,2592,31,-4385
NO5,1960,26,1287,1029,,,,2940,27,-3061
NO5,1960,27,319,582,,,,2837,14,-2363
NO5,1960,28,1031,872,,,,3120,9,-1410
NO5,1960,29,1103,1193,,,,3130,6,-899
NO5,1960,30,58,621,,,,2752,3,-928
NO5,1960,31,181,650,,,,2543,1,-888
NO5,1960,32,607,532,,,,2777,0,-475
NO5,1960,33,543,576,,,,2844,1,-272
NO5,1960,34,838,858,,,,2956,0,-71
NO5,1960,35,298,587,,,,2749,7,-220
NO5,1960,36,182,387,,,,2591,5,-355
NO5,1960,37,-58,348,,,,2335,0,-617
NO5,1960,38,864,462,,,,2858,1,-156
NO5,1960,39,225,509,,,,2566,8,-520
NO5,1960,40,1140,477,,,,3189,36,78
NO5,1960,41,431,601,,,,2923,119,-224
NO5,1960,42,-3,239,,,,2672,121,-633
NO5,1960,43,12,131,,,,2536,133,-913
NO5,1960,44,558,107,,,,2489,620,-674
NO5,1960,45,270,85,,,,2428,868,-782
NO5,1960,46,378,66,,,,2388,1218,-788
NO5,1960,47,433,56,,,,2371,1607,-788
NO5,1960,48,1158,276,,,,2503,2331,-403
NO5,1960,49,92,108,,,,2404,2411,-951
NO5,1960,50,214,60,,,,2391,2572,-1381
NO5,1960,51,583,87,,,,2359,3091,-1452
NO5,1960,52,284,61,,,,2346,3323,-1754
NO5,1961,1,140,29,,,,2325,3454,-2746
NO5,1961,2,625,40,,,,2329,4024,-2714
NO5,1961,3,107,47,,,,2312,4101,-3275
NO5,1961,4,240,20,,,,2302,4326,-3712
NO5,1961,5,557,45,,,,2296,4837,-3798
NO5,1961,6,1409,82,,,,2305,6137,-3082
NO5,1961,7,379,121,,,,2352,6340,-3382
NO5,1961,8,140,112,,,,2371,6341,-3861
NO5,1961,9,851,158,,,,2401,6987,-3678
NO5,1961,10,527,406,,,,2808,6676,-4090
NO5,1961,11,1359,366,,,,2717,7722,-3536
NO5,1961,12,1428,268,,,,2640,8929,-2775
NO5,1961,13,1292,214,,,,2520,10109,-2022
NO5,1961,14,258,68,,,,2467,10351,-2048
NO5,1961,15,406,139,,,,2547,10529,-1873
NO5,1961,16,56,172,,,,2568,10386,-1962
NO5,1961,17,6,674,,,,3204,9049,-2459
NO5,1961,18,240,877,,,,3412,8149,-2758
NO5,1961,19,162,908,,,,3363,7405,-2941
NO5,1961,20,-56,1021,,,,3552,6086,-3239
NO5,1961,21,371,1064,,,,3370,5504,-2953
NO5,1961,22,439,1418,,,,3844,3994,-2807
NO5,1961,23,325,2221,,,,3716,2148,-3535
NO5,1961,24,3,1268,,,,3299,1286,-3575
NO5,1961,25,1275,1358,,,,3326,1117,-2565
NO5,1961,26,275,1001,,,,2967,756,-2305
NO5,1961,27,362,723,,,,2870,523,-1820
NO5,1961,28,857,1016,,,,2991,310,-1237
NO5,1961,29,147,707,,,,2750,147,-1138
NO5,1961,30,747,731,,,,2888,99,-698
NO5,1961,31,247,545,,,,2730,69,-633
NO5,1961,32,693,611,,,,2903,50,-299
NO5,1961,33,397,636,,,,2778,35,-304
NO5,1961,34,294,452,,,,2712,27,-288
NO5,1961,35,155,511,,,,2520,16,-440
NO5,1961,36,433,470,,,,2583,13,-355
NO5,1961,37,839,559,,,,2930,13,-9
NO5,1961,38,645,811,,,,2868,9,-138
NO5,1961,39,999,677,,,,3235,5,146
NO5,1961,40,109,546,,,,2889,4,-255
NO5,1961,41,1716,1117,,,,3459,28,221
NO5,1961,42,619,703,,,,3349,39,-38
NO5,1961,43,1501,1047,,,,3589,215,222
NO5,1961,44,887,741,,,,3270,642,129
NO5,1961,45,974,432,,,,3049,1371,341
NO5,1961,46,273,273,,,,2830,1593,28
NO5,1961,47,625,221,,,,2766,2044,44
NO5,1961,48,481,143,,,,2651,2488,-98
NO5,1961,49,1029,107,,,,2581,3468,283
NO5,1961,50,55,50,,,,2540,3513,-291
NO5,1961,51,95,67,,,,2542,3535,-825
NO5,1961,52,724,58,,,,2504,4225,-695
NO5,1962,1,635,92,,,,2515,4744,-1266
NO5,1962,2,1040,144,,,,2505,5632,-929
NO5,1962,3,1163,105,,,,2490,6690,-508
NO5,1962,4,1029,91,,,,2472,7634,-234
NO5,1962,5,1001,81,,,,2462,8546,78
NO5,1962,6,1297,93,,,,2467,9725,669
NO5,1962,7,2199,124,,,,2444,11804,2174
NO5,1962,8,322,48,,,,2434,12094,1955
NO5,1962,9,48,14,,,,2422,12140,1497
NO5,1962,10,361,20,,,,2414,12484,1325
NO5,1962,11,65,13,,,,2409,12547,980
NO5,1962,12,160,10,,,,2405,12699,758
NO5,1962,13,366,16,,,,2406,13041,796
NO5,1962,14,517,35,,,,2403,13524,1062
NO5,1962,15,259,27,,,,2407,13751,1209
NO5,1962,16,44,88,,,,2496,13616,1196
NO5,1962,17,246,335,,,,2731,13275,1294
NO5,1962,18,13,196,,,,2659,13156,1497
NO5,1962,19,99,446,,,,3053,12390,1735
NO5,1962,20,292,702,,,,3149,11836,2107
NO5,1962,21,702,1126,,,,3497,11003,2672
NO5,1962,22,172,974,,,,3256,10384,2996
NO5,1962,23,-57,1254,,,,3829,8439,2869
NO5,1962,24,159,1517,,,,3762,7063,2665
NO5,1962,25,782,2134,,,,3906,5443,2341
NO5,1962,26,291,1504,,,,3658,4409,2038
NO5,1962,27,65,1448,,,,3592,3035,1413
NO5,1962,28,-60,1558,,,,3320,1665,447
NO5,1962,29,211,1130,,,,3092,989,46
NO5,1962,30,247,804,,,,2869,685,-131
NO5,1962,31,330,659,,,,2852,433,-147
NO5,1962,32,850,690,,,,3124,348,220
NO5,1962,33,688,786,,,,3077,304,264
NO5,1962,34,734,745,,,,3226,212,411
NO5,1962,35,868,854,,,,3279,186,488
NO5,1962,36,923,970,,,,3286,158,493
NO5,1962,37,298,508,,,,3022,199,268
NO5,1962,38,601,532,,,,3067,211,263
NO5,1962,39,62,367,,,,2816,36,-242
NO5,1962,40,1117,822,,,,3156,9,18
NO5,1962,41,4,358,,,,2824,19,-422
NO5,1962,42,1189,765,,,,3184,46,-195
NO5,1962,43,781,680,,,,3102,201,-278
NO5,1962,44,619,379,,,,2834,687,-261
NO5,1962,45,196,293,,,,2764,651,-664
NO5,1962,46,399,165,,,,2616,1018,-761
NO5,1962,47,484,106,,,,2527,1480,-759
NO5,1962,48,639,119,,,,2498,2020,-719
NO5,1962,49,384,117,,,,2546,2231,-989
NO5,1962,50,1187,153,,,,2478,3315,-551
NO5,1962,51,234,55,,,,2439,3536,-926
NO5,1962,52,107,35,,,,2414,3631,-1378
NO5,1963,1,8,18,,,,2396,3639,-2491
NO5,1963,2,66,14,,,,2384,3702,-2981
NO5,1963,3,52,10,,,,2374,3751,-3563
NO5,1963,4,636,25,,,,2369,4355,-3616
NO5,1963,5,29,12,,,,2363,4381,-4187
NO5,1963,6,12,6,,,,2358,4393,-4774
NO5,1963,7,134,9,,,,2353,4521,-5200
NO5,1963,8,237,9,,,,2351,4746,-5477
NO5,1963,9,290,17,,,,2350,5013,-5703
NO5,1963,10,219,33,,,,2369,5173,-6032
NO5,1963,11,63,18,,,,2360,5225,-6390
NO5,1963,12,101,21,,,,2356,5306,-6683
NO5,1963,13,320,60,,,,2373,5539,-6739
NO5,1963,14,195,43,,,,2375,5683,-6808
NO5,1963,15,115,56,,,,2401,5712,-6836
NO5,1963,16,273,105,,,,2434,5841,-6641
NO5,1963,17,37,227,,,,2699,5381,-6633
NO5,1963,18,607,544,,,,2921,5184,-6213
NO5,1963,19,1022,884,,,,3749,4442,-5518
NO5,1963,20,332,1424,,,,3532,3492,-5853
NO5,1963,21,411,943,,,,3735,2712,-5381
NO5,1963,22,306,2098,,,,3702,890,-6053
NO5,1963,23,-243,1242,,,,2999,196,-6205
NO5,1963,24,-205,667,,,,2413,61,-5685
NO5,1963,25,374,454,,,,2492,29,-4487
NO5,1963,26,487,521,,,,2601,15,-3413
NO5,1963,27,165,596,,,,2496,4,-2714
NO5,1963,28,715,623,,,,2680,5,-1854
NO5,1963,29,1062,738,,,,3076,4,-955
NO5,1963,30,396,748,,,,2834,2,-848
NO5,1963,31,-20,499,,,,2552,1,-879
NO5,1963,32,1365,837,,,,3281,0,29
NO5,1963,33,702,874,,,,3237,0,121
NO5,1963,34,385,805,,,,2943,0,-84
NO5,1963,35,555,682,,,,2893,1,-83
NO5,1963,36,288,473,,,,2813,0,-138
NO5,1963,37,1000,697,,,,3107,23,178
NO5,1963,38,418,758,,,,2807,5,-203
NO5,1963,39,2009,820,,,,3319,398,623
NO5,1963,40,597,636,,,,2948,698,498
NO5,1963,41,1593,805,,,,3443,938,1116
NO5,1963,42,722,702,,,,3152,1215,942
NO5,1963,43,784,1103,,,,3359,635,412
NO5,1963,44,2,417,,,,2973,588,-222
NO5,1963,45,473,253,,,,2829,931,-318
NO5,1963,46,418,173,,,,2689,1309,-397
NO5,1963,47,643,122,,,,2598,1912,-256
NO5,1963,48,340,91,,,,2559,2197,-481
NO5,1963,49,39,62,,,,2512,2220,-1034
NO5,1963,50,40,37,,,,2476,2257,-1612
NO5,1963,51,145,29,,,,2450,2395,-2056
NO5,1963,52,1036,83,,,,2475,3306,-1643
NO5,1964,1,940,225,,,,2520,3957,-2049
NO5,1964,2,85,72,,,,2462,4023,-2580
NO5,1964,3,37,33,,,,2432,4055,-3201
NO5,1964,4,1356,131,,,,2442,5251,-2647
NO5,1964,5,847,125,,,,2452,5950,-2529
NO5,1964,6,1260,115,,,,2442,7089,-1993
NO5,1964,7,112,49,,,,2417,7174,-2482
NO5,1964,8,97,21,,,,2400,7265,-2909
NO5,1964,9,397,46,,,,2411,7596,-3058
NO5,1964,10,91,31,,,,2396,7669,-3508
NO5,1964,11,46,25,,,,2394,7691,-3890
NO5,1964,12,2,12,,,,2381,7693,-4271
NO5,1964,13,6,7,,,,2374,7699,-4579
NO5,1964,14,4,5,,,,2371,7701,-4795
NO5,1964,15,262,36,,,,2403,7887,-4658
NO5,1964,16,601,176,,,,2690,8008,-4218
NO5,1964,17,41,726,,,,3034,6950,-4729
NO5,1964,18,584,759,,,,3205,6556,-4558
NO5,1964,19,1303,946,,,,3723,6309,-3677
NO5,1964,20,595,1213,,,,3355,5990,-3533
NO5,1964,21,-29,1021,,,,3629,4619,-3580
NO5,1964,22,47,1730,,,,3425,3057,-4163
NO5,1964,23,439,783,,,,3395,2703,-3301
NO5,1964,24,1143,1697,,,,3546,1934,-2679
NO5,1964,25,1130,1590,,,,3490,1475,-2043
NO5,1964,26,488,1096,,,,3338,1021,-1670
NO5,1964,27,961,1175,,,,3193,918,-1103
NO5,1964,28,917,864,,,,3368,784,-387
NO5,1964,29,93,833,,,,2968,510,-558
NO5,1964,30,512,796,,,,3017,287,-380
NO5,1964,31,1250,1110,,,,3191,251,10
NO5,1964,32,-28,608,,,,2736,171,-345
NO5,1964,33,2,565,,,,2478,79,-560
NO5,1964,34,1177,767,,,,2931,69,-27
NO5,1964,35,901,882,,,,3044,49,117
NO5,1964,36,182,557,,,,2753,39,-158
NO5,1964,37,461,470,,,,2728,89,-135
NO5,1964,38,843,658,,,,2970,37,-8
NO5,1964,39,533,573,,,,2977,10,-107
NO5,1964,40,906,779,,,,2987,106,-54
NO5,1964,41,1560,793,,,,3695,122,551
NO5,1964,42,1010,869,,,,3247,683,504
NO5,1964,43,672,576,,,,3162,833,414
NO5,1964,44,37,287,,,,2880,860,-42
NO5,1964,45,340,188,,,,2769,1109,-200
NO5,1964,46,697,239,,,,2794,1518,-82
NO5,1964,47,1369,311,,,,2808,2532,573
NO5,1964,48,1741,456,,,,2735,3856,1354
NO5,1964,49,551,136,,,,2619,4375,1228
NO5,1964,50,1665,294,,,,2645,5684,1984
NO5,1964,51,687,144,,,,2554,6304,1957
NO5,1964,52,282,51,,,,2510,6572,1658
NO5,1964,53,1176,88,,,,2495,7659,2192
NO5,1965,1,835,63,,,,2474,8443,2391
NO5,1965,2,2293,153,,,,2483,10550,3966
NO5,1965,3,198,45,,,,2455,10736,3502
NO5,1965,4,75,18,,,,2440,10808,2908
NO5,1965,5,96,16,,,,2438,10887,2394
NO5,1965,6,490,40,,,,2440,11326,2242
NO5,1965,7,151,20,,,,2426,11469,1821
NO5,1965,8,161,12,,,,2418,11622,1467
NO5,1965,9,10,7,,,,2412,11632,979
NO5,1965,10,179,10,,,,2410,11799,635
NO5,1965,11,478,62,,,,2432,12182,639
NO5,1965,12,189,23,,,,2416,12363,434
NO5,1965,13,641,118,,,,2477,12808,634
NO5,1965,14,235,90,,,,2469,12952,556
NO5,1965,15,473,114,,,,2488,13280,819
NO5,1965,16,126,130,,,,2565,13194,843
NO5,1965,17,26,246,,,,2745,12791,824
NO5,1965,18,116,388,,,,2815,12422,919
NO5,1965,19,58,573,,,,3074,11622,988
NO5,1965,20,99,368,,,,2861,11538,1522
NO5,1965,21,-29,743,,,,3373,10223,1769
NO5,1965,22,-67,1284,,,,3729,8450,1534
NO5,1965,23,318,2367,,,,3878,6116,595
NO5,1965,24,410,2223,,,,3771,4310,-79
NO5,1965,25,666,1786,,,,3708,3175,-125
NO5,1965,26,651,1468,,,,3366,2642,-21
NO5,1965,27,456,985,,,,3368,2091,246
NO5,1965,28,-89,931,,,,3038,1422,-77
NO5,1965,29,-113,954,,,,2744,753,-538
NO5,1965,30,893,743,,,,3116,570,2
NO5,1965,31,896,1074,,,,3144,417,130
NO5,1965,32,-59,603,,,,2705,291,-256
NO5,1965,33,-28,528,,,,2440,164,-514
NO5,1965,34,829,594,,,,2804,121,-102
NO5,1965,35,461,496,,,,2870,91,-15
NO5,1965,36,1236,940,,,,3238,72,360
NO5,1965,37,1337,951,,,,3569,105,721
NO5,1965,38,780,1147,,,,3262,69,316
NO5,1965,39,3,493,,,,2890,2,-203
NO5,1965,40,212,373,,,,2770,2,-377
NO5,1965,41,481,335,,,,2872,57,-336
NO5,1965,42,205,350,,,,2739,40,-646
NO5,1965,43,1907,913,,,,3225,485,129
NO5,1965,44,783,607,,,,2873,982,72
NO5,1965,45,22,218,,,,2680,969,-429
NO5,1965,46,42,121,,,,2553,1010,-832
NO5,1965,47,377,83,,,,2479,1369,-918
NO5,1965,48,63,55,,,,2432,1428,-1378
NO5,1965,49,140,35,,,,2401,1562,-1804
NO5,1965,50,909,53,,,,2381,2425,-1539
NO5,1965,51,800,60,,,,2366,3173,-1363
NO5,1965,52,169,24,,,,2351,3334,-1738
NO5,1966,1,121,16,,,,2343,3446,-2736
NO5,1966,2,2,10,,,,2334,3448,-3284
NO5,1966,3,164,11,,,,2327,3604,-3757
NO5,1966,4,439,19,,,,2323,4021,-3996
NO5,1966,5,1114,68,,,,2326,5053,-3552
NO5,1966,6,268,25,,,,2318,5308,-3898
NO5,1966,7,88,10,,,,2312,5392,-4369
NO5,1966,8,579,35,,,,2321,5921,-4332
NO5,1966,9,315,55,,,,2341,6156,-4568
NO5,1966,10,657,205,,,,2394,6536,-4644
NO5,1966,11,643,110,,,,2394,7053,-4528
NO5,1966,12,864,105,,,,2366,7823,-4156
NO5,1966,13,312,39,,,,2341,8118,-4192
NO5,1966,14,26,20,,,,2329,8137,-4399
NO5,1966,15,1,11,,,,2319,8137,-4492
NO5,1966,16,68,10,,,,2320,8193,-4404
NO5,1966,17,313,283,,,,2799,7731,-4183
NO5,1966,18,289,917,,,,3027,6808,-4484
NO5,1966,19,297,565,,,,3306,6229,-4174
NO5,1966,20,1027,1666,,,,3706,5087,-4085
NO5,1966,21,543,1142,,,,3430,4711,-3687
NO5,1966,22,438,1071,,,,3674,3770,-3201
NO5,1966,23,142,1719,,,,3688,2110,-3602
NO5,1966,24,-333,1659,,,,3102,708,-4350
NO5,1966,25,238,1003,,,,2819,304,-3885
NO5,1966,26,60,621,,,,2525,152,-3352
NO5,1966,27,136,502,,,,2329,87,-2798
NO5,1966,28,395,467,,,,2408,52,-2078
NO5,1966,29,-166,441,,,,2114,15,-1906
NO5,1966,30,772,647,,,,2364,9,-1311
NO5,1966,31,867,552,,,,2798,5,-628
NO5,1966,32,304,564,,,,2693,3,-556
NO5,1966,33,495,574,,,,2710,2,-404
NO5,1966,34,61,420,,,,2476,1,-550
NO5,1966,35,105,361,,,,2388,1,-588
NO5,1966,36,1695,1135,,,,2951,13,14
NO5,1966,37,1284,990,,,,3206,50,304
NO5,1966,38,669,868,,,,3045,9,38
NO5,1966,39,353,445,,,,2939,7,-148
NO5,1966,40,439,459,,,,2900,18,-230
NO5,1966,41,306,304,,,,2771,138,-357
NO5,1966,42,936,584,,,,3191,59,-175
NO5,1966,43,287,359,,,,2873,293,-415
NO5,1966,44,290,217,,,,2701,523,-558
NO5,1966,45,788,379,,,,2787,817,-473
NO5,1966,46,408,238,,,,2664,1094,-636
NO5,1966,47,346,113,,,,2569,1411,-786
NO5,1966,48,854,114,,,,2518,2184,-535
NO5,1966,49,726,105,,,,2486,2831,-449
NO5,1966,50,850,84,,,,2484,3591,-269
NO5,1966,51,1667,194,,,,2443,5090,631
NO5,1966,52,641,51,,,,2420,5695,692
NO5,1967,1,246,34,,,,2400,5928,-198
NO5,1967,2,711,37,,,,2393,6595,-77
NO5,1967,3,173,44,,,,2395,6720,-574
NO5,1967,4,388,27,,,,2377,7090,-873
NO5,1967,5,1366,74,,,,2383,8361,-187
NO5,1967,6,1586,244,,,,2408,9661,545
NO5,1967,7,62,33,,,,2382,9716,25
NO5,1967,8,566,62,,,,2380,10217,24
NO5,1967,9,1923,142,,,,2415,11937,1286
NO5,1967,10,1411,349,,,,2478,12903,1808
NO5,1967,11,2261,231,,,,2425,14949,3399
NO5,1967,12,2354,220,,,,2413,17079,5146
NO5,1967,13,539,88,,,,2386,17554,5289
NO5,1967,14,380,87,,,,2403,17824,5362
NO5,1967,15,90,97,,,,2440,17777,5268
NO5,1967,16,848,176,,,,2423,18450,5956
NO5,1967,17,90,95,,,,2483,18383,6154
NO5,1967,18,294,93,,,,2466,18596,6744
NO5,1967,19,533,342,,,,2874,18360,7525
NO5,1967,20,753,723,,,,2955,18259,8336
NO5,1967,21,752,1070,,,,3502,17332,9006
NO5,1967,22,77,2018,,,,4061,14725,8141
NO5,1967,23,703,1867,,,,3657,13860,8117
NO5,1967,24,-124,2462,,,,4149,10657,6647
NO5,1967,25,592,2576,,,,3683,8998,5674
NO5,1967,26,742,1987,,,,3843,7487,5301
NO5,1967,27,211,1850,,,,3712,5900,4399
NO5,1967,28,318,1786,,,,3499,4574,3535
NO5,1967,29,780,2016,,,,3531,3248,2743
NO5,1967,30,266,1338,,,,3147,2538,2000
NO5,1967,31,1172,1642,,,,3412,1792,1772
NO5,1967,32,32,979,,,,3015,1295,1058
NO5,1967,33,694,967,,,,3058,1011,952
NO5,1967,34,-172,658,,,,2680,680,333
NO5,1967,35,519,690,,,,2785,493,302
NO5,1967,36,1264,1089,,,,3066,408,523
NO5,1967,37,-135,497,,,,2661,299,8
NO5,1967,38,308,405,,,,2704,237,-74
NO5,1967,39,571,505,,,,2907,18,-169
NO5,1967,40,2345,1520,,,,3493,194,539
NO5,1967,41,1741,1036,,,,3727,607,1068
NO5,1967,42,1678,1314,,,,3358,1261,1193
NO5,1967,43,1541,969,,,,3407,1707,1532
NO5,1967,44,452,486,,,,3042,2010,1270
NO5,1967,45,772,328,,,,2887,2589,1398
NO5,1967,46,1923,342,,,,2810,4213,2629
NO5,1967,47,317,427,,,,2926,3971,2130
NO5,1967,48,451,264,,,,2931,4130,1823
NO5,1967,49,1660,368,,,,2787,5533,2554
NO5,1967,50,1514,349,,,,2836,6606,3098
NO5,1967,51,1003,191,,,,2680,7552,3331
NO5,1967,52,522,101,,,,2602,8048,3226
NO5,1968,1,259,55,,,,2555,8295,2325
NO5,1968,2,431,42,,,,2525,8707,2166
NO5,1968,3,646,52,,,,2521,9293,2127
NO5,1968,4,993,134,,,,2521,10128,2309
NO5,1968,5,1510,123,,,,2510,11506,3085
NO5,1968,6,417,49,,,,2487,11898,2862
NO5,1968,7,643,37,,,,2470,12511,2908
NO5,1968,8,183,16,,,,2459,12686,2572
NO5,1968,9,48,10,,,,2451,12731,2117
NO5,1968,10,520,30,,,,2450,13210,2087
NO5,1968,11,735,31,,,,2443,13907,2375
NO5,1968,12,1093,49,,,,2442,14941,3037
NO5,1968,13,1733,411,,,,2756,15909,4014
NO5,1968,14,596,217,,,,2574,16454,4162
NO5,1968,15,127,72,,,,2530,16551,4133
NO5,1968,16,57,169,,,,2736,16227,4046
NO5,1968,17,205,719,,,,3235,15171,3694
NO5,1968,18,376,1161,,,,3347,14198,3226
NO5,1968,19,536,531,,,,3063,14454,3808
NO5,1968,20,215,362,,,,2965,14393,4480
NO5,1968,21,-27,460,,,,3203,13650,5025
NO5,1968,22,-69,1221,,,,3842,11657,4854
NO5,1968,23,670,2640,,,,3878,9503,3982
NO5,1968,24,-171,2051,,,,3965,7092,2897
NO5,1968,25,116,2525,,,,3565,4970,1527
NO5,1968,26,1213,1868,,,,3577,4221,1769
NO5,1968,27,-135,1469,,,,3216,2959,962
NO5,1968,28,502,1072,,,,3089,2496,1046
NO5,1968,29,161,798,,,,3051,1914,930
NO5,1968,30,-216,810,,,,2663,1347,326
NO5,1968,31,-232,718,,,,2323,870,-239
NO5,1968,32,-193,600,,,,2051,541,-660
NO5,1968,33,17,377,,,,1904,427,-786
NO5,1968,34,95,338,,,,1927,313,-787
NO5,1968,35,117,434,,,,1979,189,-808
NO5,1968,36,1610,989,,,,2829,126,5
NO5,1968,37,-37,553,,,,2441,91,-419
NO5,1968,38,84,273,,,,2298,85,-633
NO5,1968,39,1114,384,,,,2946,119,-29
NO5,1968,40,1013,984,,,,3017,52,-79
NO5,1968,41,628,370,,,,2840,465,40
NO5,1968,42,872,690,,,,2856,596,27
NO5,1968,43,1545,1053,,,,3302,568,288
NO5,1968,44,1451,833,,,,3013,1423,653
NO5,1968,45,62,268,,,,2741,1482,146
NO5,1968,46,0,140,,,,2595,1483,-316
NO5,1968,47,344,120,,,,2586,1701,-479
NO5,1968,48,420,209,,,,2543,1941,-754
NO5,1968,49,28,72,,,,2479,1957,-1330
NO5,1968,50,1,44,,,,2433,1958,-1954
NO5,1968,51,483,46,,,,2409,2411,-2082
NO5,1968,52,230,42,,,,2390,2615,-2418
NO5,1969,1,823,60,,,,2394,3360,-2771
NO5,1969,2,213,51,,,,2373,3541,-3151
NO5,1969,3,582,38,,,,2373,4076,-3239
NO5,1969,4,617,55,,,,2363,4653,-3324
NO5,1969,5,615,72,,,,2369,5180,-3382
NO5,1969,6,381,53,,,,2361,5507,-3656
NO5,1969,7,198,22,,,,2345,5696,-4033
NO5,1969,8,17,10,,,,2336,5712,-4524
NO5,1969,9,5,6,,,,2331,5716,-5018
NO5,1969,10,610,24,,,,2329,6294,-4952
NO5,1969,11,209,11,,,,2325,6493,-5158
NO5,1969,12,1,3,,,,2322,6494,-5530
NO5,1969,13,180,6,,,,2324,6659,-5668
NO5,1969,14,408,47,,,,2350,6985,-5531
NO5,1969,15,535,239,,,,2541,7069,-5338
NO5,1969,16,299,105,,,,2461,7337,-5118
NO5,1969,17,359,138,,,,2528,7485,-4699
NO5,1969,18,390,266,,,,2550,7574,-4194
NO5,1969,19,175,440,,,,3095,6743,-3871
NO5,1969,20,396,1064,,,,3298,5805,-3775
NO5,1969,21,123,879,,,,3523,4773,-3532
NO5,1969,22,101,1875,,,,3842,2579,-4224
NO5,1969,23,337,1343,,,,3451,1910,-4039
NO5,1969,24,-269,1167,,,,3054,870,-4235
NO5,1969,25,36,951,,,,2782,322,-3904
NO5,1969,26,40,787,,,,2415,121,-3492
NO5,1969,27,750,667,,,,2615,81,-2518
NO5,1969,28,627,685,,,,2659,57,-1822
NO5,1969,29,329,539,,,,2610,36,-1390
NO5,1969,30,275,644,,,,2449,19,-1216
NO5,1969,31,221,655,,,,2310,9,-1113
NO5,1969,32,-237,490,,,,1917,5,-1330
NO5,1969,33,-169,404,,,,1654,4,-1459
NO5,1969,34,494,375,,,,1981,3,-1043
NO5,1969,35,193,384,,,,1957,2,-1016
NO5,1969,36,237,308,,,,1985,2,-963
NO5,1969,37,1593,785,,,,2895,2,-56
NO5,1969,38,29,614,,,,2416,2,-597
NO5,1969,39,2118,1173,,,,3067,178,151
NO5,1969,40,1631,848,,,,2822,1155,829
NO5,1969,41,390,917,,,,3067,348,149
NO5,1969,42,541,811,,,,2994,130,-302
NO5,1969,43,450,511,,,,2844,202,-535
NO5,1969,44,2596,620,,,,2693,2280,1191
NO5,1969,45,1040,252,,,,2504,3246,1671
NO5,1969,46,1023,182,,,,2408,4168,2181
NO5,1969,47,622,115,,,,2337,4740,2311
NO5,1969,48,346,59,,,,2288,5070,2121
NO5,1969,49,370,41,,,,2257,5422,1913
NO5,1969,50,374,51,,,,2254,5739,1648
NO5,1969,51,74,28,,,,2231,5806,1136
NO5,1969,52,255,29,,,,2219,6041,836
NO5,1970,1,331,26,,,,2210,6347,32
NO5,1970,2,209,17,,,,2200,6546,-320
NO5,1970,3,389,36,,,,2199,6898,-591
NO5,1970,4,100,15,,,,2191,6992,-1157
NO5,1970,5,254,17,,,,2185,7234,-1512
NO5,1970,6,133,11,,,,2181,7358,-1984
NO5,1970,7,105,7,,,,2177,7458,-2438
NO5,1970,8,338,10,,,,2174,7782,-2617
NO5,1970,9,282,13,,,,2172,8051,-2842
NO5,1970,10,440,14,,,,2170,8471,-2933
NO5,1970,11,98,8,,,,2168,8565,-3242
NO5,1970,12,622,63,,,,2182,9100,-3064
NO5,1970,13,264,22,,,,2176,9342,-3133
NO5,1970,14,18,8,,,,2170,9359,-3337
NO5,1970,15,97,8,,,,2169,9448,-3332
NO5,1970,16,204,46,,,,2240,9531,-3145
NO5,1970,17,440,143,,,,2279,9776,-2657
NO5,1970,18,131,107,,,,2294,9785,-2240
NO5,1970,19,1,435,,,,2857,8775,-2077
NO5,1970,20,-34,1489,,,,3592,6434,-2852
NO5,1970,21,862,1375,,,,3297,6124,-2406
NO5,1970,22,373,1257,,,,3706,4765,-2174
NO5,1970,23,-80,1509,,,,3706,3111,-2583
NO5,1970,24,-167,1829,,,,3218,1560,-3382
NO5,1970,25,-337,1212,,,,2734,604,-3669
NO5,1970,26,567,1072,,,,2669,291,-3068
NO5,1970,27,1381,1074,,,,3181,169,-1863
NO5,1970,28,810,914,,,,3234,104,-1201
NO5,1970,29,584,853,,,,3065,68,-902
NO5,1970,30,1243,1032,,,,3357,46,-281
NO5,1970,31,355,853,,,,3021,25,-386
NO5,1970,32,-249,550,,,,2479,12,-761
NO5,1970,33,175,380,,,,2411,8,-699
NO5,1970,34,619,531,,,,2623,5,-399
NO5,1970,35,-85,402,,,,2343,3,-630
NO5,1970,36,1456,861,,,,2903,79,31
NO5,1970,37,657,659,,,,2974,15,37
NO5,1970,38,750,665,,,,3108,6,99
NO5,1970,39,94,447,,,,2753,10,-331
NO5,1970,40,503,384,,,,2883,15,-250
NO5,1970,41,680,487,,,,2990,88,-188
NO5,1970,42,176,373,,,,2862,36,-527
NO5,1970,43,1261,611,,,,2895,602,-84
NO5,1970,44,1359,336,,,,2688,1803,708
NO5,1970,45,424,154,,,,2555,2203,680
NO5,1970,46,737,112,,,,2479,2893,977
NO5,1970,47,698,121,,,,2483,3458,1175
NO5,1970,48,1164,391,,,,2600,4088,1451
NO5,1970,49,866,155,,,,2507,4876,1617
NO5,1970,50,511,229,,,,2569,5083,1307
NO5,1970,51,919,222,,,,2631,5689,1420
NO5,1970,52,463,236,,,,2509,6022,1108
NO5,1970,53,83,61,,,,2446,6102,586
NO5,1971,1,1569,176,,,,2664,7246,1384
NO5,1971,2,507,699,,,,2685,6994,614
NO5,1971,3,601,182,,,,2581,7494,387
NO5,1971,4,470,105,,,,2508,7926,95
NO5,1971,5,617,98,,,,2522,8417,9
NO5,1971,6,754,194,,,,2542,8935,-47
NO5,1971,7,586,121,,,,2473,9460,-141
NO5,1971,8,570,66,,,,2441,9987,-145
NO5,1971,9,20,27,,,,2415,10006,-644
NO5,1971,10,916,57,,,,2411,10851,-312
NO5,1971,11,445,47,,,,2408,11248,-320
NO5,1971,12,691,64,,,,2402,11872,-71
NO5,1971,13,147,33,,,,2405,11982,-264
NO5,1971,14,27,52,,,,2418,11945,-503
NO5,1971,15,367,164,,,,2547,12002,-399
NO5,1971,16,992,240,,,,2543,12735,362
NO5,1971,17,146,79,,,,2492,12849,628
NO5,1971,18,138,324,,,,2859,12283,824
NO5,1971,19,92,964,,,,3264,10948,503
NO5,1971,20,620,1470,,,,3414,9863,399
NO5,1971,21,411,805,,,,3723,9110,1006
NO5,1971,22,67,2580,,,,3959,6235,-451
NO5,1971,23,-74,1724,,,,3471,4845,-1084
NO5,1971,24,348,945,,,,3214,4455,-491
NO5,1971,25,242,993,,,,3383,3498,-128
NO5,1971,26,758,1671,,,,3526,2395,-108
NO5,1971,27,-148,1388,,,,2971,1429,-813
NO5,1971,28,1088,1065,,,,3230,1176,-132
NO5,1971,29,224,703,,,,2968,975,-92
NO5,1971,30,465,882,,,,3026,593,-66
NO5,1971,31,434,829,,,,2987,361,-84
NO5,1971,32,356,772,,,,2708,279,-265
NO5,1971,33,-142,414,,,,2378,185,-554
NO5,1971,34,-31,393,,,,2189,114,-724
NO5,1971,35,741,479,,,,2496,101,-380
NO5,1971,36,27,469,,,,2243,63,-645
NO5,1971,37,216,284,,,,2226,54,-671
NO5,1971,38,1498,1012,,,,2696,63,-255
NO5,1971,39,954,666,,,,3006,16,-73
NO5,1971,40,1354,1156,,,,3078,108,39
NO5,1971,41,1095,899,,,,2778,552,64
NO5,1971,42,2369,942,,,,3091,1594,1259
NO5,1971,43,179,525,,,,2720,1600,739
NO5,1971,44,2606,1515,,,,3131,2168,1516
NO5,1971,45,741,436,,,,2737,2840,1499
NO5,1971,46,1215,311,,,,2565,3894,2065
NO5,1971,47,503,196,,,,2600,4147,1981
NO5,1971,48,676,339,,,,2587,4469,1818
NO5,1971,49,1967,481,,,,2601,5898,2733
NO5,1971,50,1480,506,,,,2812,6618,3085
NO5,1971,51,2685,711,,,,2768,8577,4444
NO5,1971,52,197,347,,,,2612,8568,3757
NO5,1972,1,3,94,,,,2513,8572,2560
NO5,1972,2,69,56,,,,2457,8638,2029
NO5,1972,3,360,47,,,,2426,8977,1714
NO5,1972,4,482,110,,,,2422,9342,1424
NO5,1972,5,148,34,,,,2396,9482,947
NO5,1972,6,271,30,,,,2381,9736,593
NO5,1972,7,228,27,,,,2369,9946,242
NO5,1972,8,4,11,,,,2358,9951,-264
NO5,1972,9,128,10,,,,2351,10073,-642
NO5,1972,10,174,20,,,,2348,10233,-993
NO5,1972,11,17,20,,,,2367,10212,-1397
NO5,1972,12,1256,172,,,,2401,11239,-705
NO5,1972,13,578,76,,,,2376,11761,-514
NO5,1972,14,682,107,,,,2400,12303,-163
NO5,1972,15,174,102,,,,2420,12351,-177
NO5,1972,16,80,76,,,,2407,12367,-142
NO5,1972,17,173,63,,,,2406,12473,167
NO5,1972,18,227,340,,,,2872,11882,436
NO5,1972,19,-22,848,,,,3188,10648,127
NO5,1972,20,126,651,,,,3163,10106,391
NO5,1972,21,438,1186,,,,3516,8939,627
NO5,1972,22,330,1183,,,,3637,7906,898
NO5,1972,23,1566,2552,,,,4009,6413,1022
NO5,1972,24,201,1699,,,,3760,5099,699
NO5,1972,25,745,1625,,,,3570,4339,901
NO5,1972,26,477,1658,,,,3886,2803,660
NO5,1972,27,342,1750,,,,3440,1841,68
NO5,1972,28,-52,1009,,,,2975,1295,-269
NO5,1972,29,-249,942,,,,2548,690,-797
NO5,1972,30,105,727,,,,2406,393,-885
NO5,1972,31,816,799,,,,2678,264,-490
NO5,1972,32,1487,1334,,,,2993,182,-76
NO5,1972,33,275,684,,,,2749,128,-240
NO5,1972,34,55,448,,,,2481,98,-448
NO5,1972,35,-169,369,,,,2175,58,-743
NO5,1972,36,555,367,,,,2315,158,-477
NO5,1972,37,249,284,,,,2273,165,-514
NO5,1972,38,348,376,,,,2355,99,-560
NO5,1972,39,-18,193,,,,2165,42,-888
NO5,1972,40,233,266,,,,2203,2,-943
NO5,1972,41,228,264,,,,2193,12,-1060
NO5,1972,42,291,152,,,,2119,220,-1087
NO5,1972,43,1676,372,,,,2315,1294,27
NO5,1972,44,1271,660,,,,2573,1599,390
NO5,1972,45,2807,735,,,,2460,3719,2101
NO5,1972,46,516,249,,,,2250,4180,2035
NO5,1972,47,88,87,,,,2162,4263,1659
NO5,1972,48,1264,264,,,,2221,5167,2150
NO5,1972,49,1217,228,,,,2168,6189,2590
NO5,1972,50,1330,224,,,,2233,7208,3097
NO5,1972,51,60,115,,,,2170,7213,2482
NO5,1972,52,251,81,,,,2183,7363,2122
NO5,1973,1,1107,558,,,,2503,7547,1524
NO5,1973,2,36,207,,,,2358,7509,801
NO5,1973,3,153,88,,,,2271,7652,235
NO5,1973,4,669,169,,,,2291,8113,65
NO5,1973,5,562,106,,,,2265,8584,-82
NO5,1973,6,2003,304,,,,2271,10244,992
NO5,1973,7,462,66,,,,2222,10683,832
NO5,1973,8,1488,338,,,,2313,11709,1449
NO5,1973,9,641,107,,,,2266,12279,1479
NO5,1973,10,555,81,,,,2238,12769,1433
NO5,1973,11,391,82,,,,2279,13026,1329
NO5,1973,12,510,257,,,,2432,13103,1190
NO5,1973,13,382,268,,,,2426,13200,975
NO5,1973,14,659,126,,,,2345,13799,1278
NO5,1973,15,248,52,,,,2311,14023,1385
NO5,1973,16,245,101,,,,2331,14139,1554
NO5,1973,17,268,90,,,,2343,14299,1930
NO5,1973,18,802,153,,,,2426,14854,2961
NO5,1973,19,701,414,,,,2712,14827,3830
NO5,1973,20,484,339,,,,2699,14965,4786
NO5,1973,21,165,714,,,,3245,13843,5261
NO5,1973,22,780,1819,,,,3805,12128,5288
NO5,1973,23,200,1647,,,,3704,10698,5002
NO5,1973,24,1053,1542,,,,3485,10330,5655
NO5,1973,25,-179,2094,,,,3794,7638,4424
NO5,1973,26,-185,2239,,,,3352,5565,2889
NO5,1973,27,349,2048,,,,3446,3715,1947
NO5,1973,28,613,1831,,,,3207,2710,1379
NO5,1973,29,321,1380,,,,3056,1838,858
NO5,1973,30,123,1055,,,,2808,1241,365
NO5,1973,31,170,875,,,,2620,840,29
NO5,1973,32,1590,1376,,,,2980,700,428
NO5,1973,33,-62,710,,,,2589,473,-55
NO5,1973,34,163,500,,,,2304,437,-286
NO5,1973,35,309,364,,,,2446,339,-191
NO5,1973,36,1869,1368,,,,2990,289,329
NO5,1973,37,304,749,,,,2587,264,-101
NO5,1973,38,196,356,,,,2501,245,-269
NO5,1973,39,434,233,,,,2362,413,-319
NO5,1973,40,15,317,,,,2536,13,-599
NO5,1973,41,501,310,,,,2463,259,-544
NO5,1973,42,89,134,,,,2338,334,-754
NO5,1973,43,806,356,,,,2576,520,-485
NO5,1973,44,425,334,,,,2480,685,-617
NO5,1973,45,2334,746,,,,2908,1773,603
NO5,1973,46,723,349,,,,2588,2452,646
NO5,1973,47,2128,279,,,,2497,4357,2088
NO5,1973,48,93,101,,,,2402,4446,1611
NO5,1973,49,1189,99,,,,2358,5562,2153
NO5,1973,50,1722,180,,,,2349,7082,3086
NO5,1973,51,427,51,,,,2317,7487,2902
NO5,1973,52,865,153,,,,2420,8075,3071
NO5,1974,1,648,220,,,,2356,8553,2383
NO5,1974,2,516,96,,,,2343,8975,2253
NO5,1974,3,1609,186,,,,2359,10361,3031
NO5,1974,4,839,159,,,,2350,11036,3045
NO5,1974,5,400,110,,,,2329,11337,2736
NO5,1974,6,594,89,,,,2301,11863,2640
NO5,1974,7,834,114,,,,2310,12561,2798
NO5,1974,8,536,103,,,,2323,12968,2717
NO5,1974,9,69,56,,,,2289,13012,2236
NO5,1974,10,31,25,,,,2272,13034,1732
NO5,1974,11,96,19,,,,2259,13124,1407
NO5,1974,12,383,33,,,,2260,13469,1385
NO5,1974,13,0,16,,,,2258,13458,1065
NO5,1974,14,-4,87,,,,2397,13229,760
NO5,1974,15,64,194,,,,2499,12987,538
NO5,1974,16,26,154,,,,2600,12751,435
NO5,1974,17,2,229,,,,2735,12376,399
NO5,1974,18,35,491,,,,2929,11698,308
NO5,1974,19,-12,356,,,,2980,11269,540
NO5,1974,20,-65,848,,,,3393,9901,416
NO5,1974,21,452,1782,,,,3683,8176,32
NO5,1974,22,336,931,,,,3312,7906,573
NO5,1974,23,1037,1159,,,,3486,7534,1621
NO5,1974,24,70,1202,,,,3780,6052,1672
NO5,1974,25,-100,2205,,,,3610,3836,437
NO5,1974,26,-42,1597,,,,3104,2661,-263
NO5,1974,27,711,1267,,,,3287,1903,-24
NO5,1974,28,282,1044,,,,3153,1297,-89
NO5,1974,29,635,1007,,,,3139,964,67
NO5,1974,30,699,1047,,,,3004,760,79
NO5,1974,31,474,767,,,,2872,620,60
NO5,1974,32,-48,513,,,,2584,436,-232
NO5,1974,33,977,845,,,,2947,291,120
NO5,1974,34,326,700,,,,2718,214,-95
NO5,1974,35,764,925,,,,2765,132,-79
NO5,1974,36,887,738,,,,3043,90,183
NO5,1974,37,1149,1036,,,,3180,73,301
NO5,1974,38,1325,1141,,,,3259,180,424
NO5,1974,39,1268,906,,,,3404,209,519
NO5,1974,40,317,520,,,,3080,316,248
NO5,1974,41,63,299,,,,2841,310,-114
NO5,1974,42,321,237,,,,2840,383,-203
NO5,1974,43,554,210,,,,2703,852,-26
NO5,1974,44,70,114,,,,2596,915,-272
NO5,1974,45,591,95,,,,2564,1427,-87
NO5,1974,46,1591,315,,,,2599,2643,848
NO5,1974,47,240,115,,,,2520,2844,598
NO5,1974,48,184,57,,,,2476,3013,251
NO5,1974,49,1788,188,,,,2483,4574,1291
NO5,1974,50,1311,178,,,,2477,5689,1821
NO5,1974,51,1383,125,,,,2504,6896,2498
NO5,1974,52,1395,485,,,,2582,7692,2850
NO5,1975,1,1747,262,,,,2576,9150,3200
NO5,1975,2,2319,237,,,,2504,11278,4717
NO5,1975,3,1810,434,,,,2561,12560,5433
NO5,1975,4,1140,153,,,,2488,13604,5751
NO5,1975,5,1053,105,,,,2484,14543,6096
NO5,1975,6,27,82,,,,2448,14525,5450
NO5,1975,7,30,30,,,,2419,14554,4900
NO5,1975,8,712,75,,,,2423,15175,5026
NO5,1975,9,33,26,,,,2404,15201,4540
NO5,1975,10,333,63,,,,2431,15434,4291
NO5,1975,11,51,38,,,,2405,15472,3902
NO5,1975,12,17,15,,,,2390,15488,3533
NO5,1975,13,215,19,,,,2382,15688,3419
NO5,1975,14,170,12,,,,2376,15850,3360
NO5,1975,15,207,15,,,,2377,16036,3465
NO5,1975,16,70,24,,,,2396,16064,3544
NO5,1975,17,244,138,,,,2494,16064,3845
NO5,1975,18,764,231,,,,2513,16556,4750
NO5,1975,19,38,540,,,,3239,15305,4834
NO5,1975,20,597,1246,,,,3458,14356,4936
NO5,1975,21,190,1133,,,,3338,13468,4978
NO5,1975,22,0,1058,,,,3312,12364,5031
NO5,1975,23,147,733,,,,3571,11483,5654
NO5,1975,24,235,2441,,,,3725,8987,4552
NO5,1975,25,232,1388,,,,3699,7785,4476
NO5,1975,26,110,1769,,,,3307,6436,3714
NO5,1975,27,-147,1510,,,,3326,4709,2822
NO5,1975,28,-130,1902,,,,3213,2772,1447
NO5,1975,29,319,1510,,,,2957,1857,779
NO5,1975,30,988,1453,,,,3104,1287,707
NO5,1975,31,-70,917,,,,2658,857,84
NO5,1975,32,-246,846,,,,2266,422,-564
NO5,1975,33,70,701,,,,2110,214,-793
NO5,1975,34,318,530,,,,2126,140,-762
NO5,1975,35,595,546,,,,2334,100,-542
NO5,1975,36,453,564,,,,2352,70,-529
NO5,1975,37,950,787,,,,2547,63,-342
NO5,1975,38,1076,812,,,,2870,51,-94
NO5,1975,39,2369,1692,,,,3278,122,305
NO5,1975,40,1521,1308,,,,3512,44,408
NO5,1975,41,1295,1275,,,,3172,349,256
NO5,1975,42,226,364,,,,2841,522,-62
NO5,1975,43,74,243,,,,2861,326,-394
NO5,1975,44,624,710,,,,3026,65,-691
NO5,1975,45,540,590,,,,2899,119,-1060
NO5,1975,46,146,223,,,,2694,235,-1465
NO5,1975,47,848,181,,,,2569,1013,-1184
NO5,1975,48,931,304,,,,2557,1623,-1058
NO5,1975,49,1109,153,,,,2494,2623,-649
NO5,1975,50,1445,174,,,,2459,3913,28
NO5,1975,51,1209,166,,,,2464,4930,493
NO5,1975,52,3542,528,,,,2682,7667,2925
NO5,1976,1,2624,539,,,,2531,9872,3877
NO5,1976,2,2531,194,,,,2464,12254,5652
NO5,1976,3,820,91,,,,2415,13029,5756
NO5,1976,4,1450,122,,,,2396,14358,6415
NO5,1976,5,17,26,,,,2372,14375,5816
NO5,1976,6,0,14,,,,2357,14375,5208
NO5,1976,7,389,32,,,,2351,14730,5007
NO5,1976,8,104,14,,,,2344,14825,4595
NO5,1976,9,2825,345,,,,2432,17175,6542
NO5,1976,10,568,155,,,,2382,17637,6445
NO5,1976,11,14,27,,,,2355,17650,6029
NO5,1976,12,7,14,,,,2340,17657,5652
NO5,1976,13,741,41,,,,2366,18316,6031
NO5,1976,14,1969,224,,,,2353,20049,7536
NO5,1976,15,808,97,,,,2405,20694,8151
NO5,1976,16,931,309,,,,2627,21066,8776
NO5,1976,17,183,244,,,,2615,21006,8909
NO5,1976,18,152,151,,,,2540,21069,9290
NO5,1976,19,253,205,,,,2742,20908,9941
NO5,1976,20,616,833,,,,3046,20336,10504
NO5,1976,21,-27,1193,,,,3555,18547,10274
NO5,1976,22,230,1926,,,,3554,16743,9652
NO5,1976,23,289,1578,,,,3682,15246,9528
NO5,1976,24,424,1919,,,,3892,13438,9171
NO5,1976,25,525,2257,,,,3937,11539,8468
NO5,1976,26,278,2225,,,,3986,9440,7397
NO5,1976,27,233,2320,,,,3713,7524,6023
NO5,1976,28,-97,2445,,,,3607,5028,4097
NO5,1976,29,353,2117,,,,3479,3384,2827
NO5,1976,30,9,1426,,,,2869,2599,1784
NO5,1976,31,757,1140,,,,2873,2206,1647
NO5,1976,32,173,742,,,,2641,1892,1282
NO5,1976,33,-225,832,,,,2386,1250,519
NO5,1976,34,-210,736,,,,2072,818,-137
NO5,1976,35,-118,572,,,,1834,561,-581
NO5,1976,36,491,543,,,,1884,511,-555
NO5,1976,37,909,468,,,,2127,689,-136
NO5,1976,38,302,364,,,,2328,461,-226
NO5,1976,39,-75,262,,,,2124,234,-737
NO5,1976,40,41,181,,,,2025,45,-1078
NO5,1976,41,1041,434,,,,2550,108,-607
NO5,1976,42,1470,551,,,,2595,956,125
NO5,1976,43,466,244,,,,2443,1329,191
NO5,1976,44,160,166,,,,2339,1426,-18
NO5,1976,45,509,120,,,,2295,1847,64
NO5,1976,46,518,119,,,,2255,2281,142
NO5,1976,47,288,73,,,,2224,2523,-19
NO5,1976,48,892,113,,,,2229,3280,272
NO5,1976,49,854,149,,,,2205,3989,428
NO5,1976,50,604,80,,,,2189,4526,370
NO5,1976,51,34,30,,,,2163,4558,-181
NO5,1976,52,123,18,,,,2147,4676,-601
NO5,1976,53,417,21,,,,2138,5073,-752
NO5,1977,1,992,75,,,,2149,5965,-412
NO5,1977,2,180,23,,,,2135,6137,-794
NO5,1977,3,74,15,,,,2127,6208,-1354
NO5,1977,4,364,20,,,,2123,6551,-1666
NO5,1977,5,350,21,,,,2122,6878,-1930
NO5,1977,6,53,10,,,,2117,6929,-2478
NO5,1977,7,158,9,,,,2114,7080,-2880
NO5,1977,8,55,6,,,,2111,7133,-3329
NO5,1977,9,565,33,,,,2120,7647,-3298
NO5,1977,10,297,108,,,,2193,7756,-3624
NO5,1977,11,331,107,,,,2198,7969,-3809
NO5,1977,12,106,58,,,,2170,8042,-4134
NO5,1977,13,268,36,,,,2150,8288,-4213
NO5,1977,14,406,38,,,,2135,8671,-4059
NO5,1977,15,244,26,,,,2132,8891,-3926
NO5,1977,16,431,84,,,,2170,9190,-3556
NO5,1977,17,362,111,,,,2211,9395,-3107
NO5,1977,18,38,374,,,,2733,8533,-3053
NO5,1977,19,603,578,,,,2840,8402,-2467
NO5,1977,20,-19,526,,,,3189,7486,-2203
NO5,1977,21,-69,2149,,,,3968,4374,-3485
NO5,1977,22,19,1282,,,,3565,3450,-3629
NO5,1977,23,1049,1023,,,,3816,3166,-2418
NO5,1977,24,-115,2084,,,,3717,1060,-3383
NO5,1977,25,-185,1251,,,,3029,402,-3577
NO5,1977,26,741,839,,,,3064,288,-2677
NO5,1977,27,-342,726,,,,2515,68,-2631
NO5,1977,28,-112,506,,,,2126,33,-2379
NO5,1977,29,782,466,,,,2522,25,-1489
NO5,1977,30,977,788,,,,2852,17,-816
NO5,1977,31,525,687,,,,2845,13,-573
NO5,1977,32,-89,527,,,,2407,10,-835
NO5,1977,33,263,446,,,,2442,8,-667
NO5,1977,34,713,529,,,,2724,8,-295
NO5,1977,35,579,660,,,,2741,7,-228
NO5,1977,36,1144,821,,,,2775,268,93
NO5,1977,37,683,514,,,,2704,489,241
NO5,1977,38,-82,460,,,,2614,50,-352
NO5,1977,39,1490,739,,,,3035,331,271
NO5,1977,40,383,429,,,,2669,633,154
NO5,1977,41,601,549,,,,2994,341,70
NO5,1977,42,360,504,,,,3069,123,-234
NO5,1977,43,830,757,,,,3129,140,-313
NO5,1977,44,1170,793,,,,3017,584,-181
NO5,1977,45,2214,1011,,,,3305,1417,644
NO5,1977,46,302,473,,,,2853,1679,137
NO5,1977,47,223,185,,,,2670,1891,-205
NO5,1977,48,43,105,,,,2567,1926,-744
NO5,1977,49,501,90,,,,2516,2382,-868
NO5,1977,50,1160,211,,,,2546,3281,-518
NO5,1977,51,889,142,,,,2507,4054,-340
NO5,1977,52,755,131,,,,2459,4716,-249
NO5,1978,1,1525,131,,,,2485,6066,26
NO5,1978,2,605,158,,,,2441,6538,-86
NO5,1978,3,192,65,,,,2417,6683,-588
NO5,1978,4,232,34,,,,2390,6903,-1046
NO5,1978,5,251,27,,,,2373,7143,-1415
NO5,1978,6,33,15,,,,2362,7174,-1988
NO5,1978,7,172,13,,,,2354,7338,-2381
NO5,1978,8,733,30,,,,2352,8032,-2188
NO5,1978,9,574,121,,,,2397,8430,-2239
NO5,1978,10,498,75,,,,2393,8853,-2328
NO5,1978,11,355,68,,,,2369,9161,-2445
NO5,1978,12,312,30,,,,2354,9456,-2535
NO5,1978,13,691,137,,,,2405,9946,-2300
NO5,1978,14,24,68,,,,2395,9911,-2560
NO5,1978,15,294,51,,,,2368,10175,-2405
NO5,1978,16,165,63,,,,2412,10230,-2274
NO5,1978,17,131,93,,,,2387,10288,-2038
NO5,1978,18,34,72,,,,2447,10194,-1677
NO5,1978,19,-1,318,,,,2618,9692,-1399
NO5,1978,20,93,465,,,,3150,8760,-967
NO5,1978,21,584,2111,,,,3946,6312,-1570
NO5,1978,22,-179,2704,,,,3934,3317,-3394
NO5,1978,23,599,2290,,,,3543,1930,-3927
NO5,1978,24,-93,1088,,,,3190,1117,-3853
NO5,1978,25,250,947,,,,3009,645,-3354
NO5,1978,26,605,783,,,,3148,392,-2489
NO5,1978,27,1288,1159,,,,3464,253,-1497
NO5,1978,28,-121,813,,,,2791,137,-1610
NO5,1978,29,130,431,,,,2610,99,-1327
NO5,1978,30,428,600,,,,2629,58,-997
NO5,1978,31,130,566,,,,2524,21,-887
NO5,1978,32,81,507,,,,2322,11,-919
NO5,1978,33,573,565,,,,2489,8,-621
NO5,1978,34,930,812,,,,2707,8,-312
NO5,1978,35,1,353,,,,2384,10,-582
NO5,1978,36,551,329,,,,2651,12,-287
NO5,1978,37,1301,782,,,,3147,26,221
NO5,1978,38,1179,944,,,,3046,312,342
NO5,1978,39,701,662,,,,2874,313,92
NO5,1978,40,764,500,,,,2920,495,267
NO5,1978,41,192,669,,,,2907,47,-312
NO5,1978,42,880,468,,,,2879,456,-91
NO5,1978,43,1929,592,,,,2995,1637,1051
NO5,1978,44,1437,1150,,,,3276,1567,1061
NO5,1978,45,1020,1103,,,,3208,1486,616
NO5,1978,46,3352,850,,,,2986,4127,2718
NO5,1978,47,2276,560,,,,2736,6050,4020
NO5,1978,48,93,166,,,,2572,6139,3474
NO5,1978,49,19,85,,,,2486,6158,2877
NO5,1978,50,313,66,,,,2440,6446,2541
NO5,1978,51,167,43,,,,2405,6602,2106
NO5,1978,52,44,26,,,,2382,6644,1603
NO5,1979,1,321,25,,,,2369,6947,790
NO5,1979,2,1174,70,,,,2357,8049,1341
NO5,1979,3,103,17,,,,2347,8146,804
NO5,1979,4,34,9,,,,2339,8178,177
NO5,1979,5,263,13,,,,2333,8429,-169
NO5,1979,6,427,16,,,,2328,8837,-359
NO5,1979,7,1,5,,,,2324,8838,-912
NO5,1979,8,26,4,,,,2321,8863,-1390
NO5,1979,9,1363,93,,,,2377,10050,-638
NO5,1979,10,1842,208,,,,2353,11680,459
NO5,1979,11,191,34,,,,2332,11862,218
NO5,1979,12,308,21,,,,2325,12149,130
NO5,1979,13,621,81,,,,2355,12652,355
NO5,1979,14,264,78,,,,2361,12831,326
NO5,1979,15,134,87,,,,2394,12844,290
NO5,1979,16,211,92,,,,2405,12948,436
NO5,1979,17,315,126,,,,2427,13108,822
NO5,1979,18,402,96,,,,2392,13442,1515
NO5,1979,19,73,50,,,,2390,13467,2148
NO5,1979,20,948,689,,,,2973,13095,3190
NO5,1979,21,1004,1062,,,,3554,12384,4110
NO5,1979,22,525,1803,,,,4009,10554,3918
NO5,1979,23,-89,2805,,,,3848,7677,2125
NO5,1979,24,26,2094,,,,3590,5763,1194
NO5,1979,25,-99,1651,,,,3475,4067,534
NO5,1979,26,1207,1789,,,,3463,3421,855
NO5,1979,27,166,925,,,,3188,2916,890
NO5,1979,28,254,1160,,,,3135,2062,659
NO5,1979,29,1154,1300,,,,3464,1579,1008
NO5,1979,30,-7,854,,,,3031,1201,548
NO5,1979,31,698,1014,,,,3103,866,537
NO5,1979,32,942,1044,,,,3259,652,658
NO5,1979,33,1420,1321,,,,3610,455,948
NO5,1979,34,375,1022,,,,3159,338,470
NO5,1979,35,303,613,,,,2953,279,255
NO5,1979,36,710,794,,,,3067,187,304
NO5,1979,37,1089,875,,,,3109,341,497
NO5,1979,38,1734,1207,,,,3298,605,888
NO5,1979,39,1062,814,,,,3147,581,634
NO5,1979,40,16,334,,,,2800,598,250
NO5,1979,41,854,874,,,,3271,75,81
NO5,1979,42,1149,697,,,,3335,438,347
NO5,1979,43,179,439,,,,2925,572,-84
NO5,1979,44,923,224,,,,2767,1405,391
NO5,1979,45,1133,262,,,,2668,2358,948
NO5,1979,46,378,98,,,,2584,2717,907
NO5,1979,47,1008,213,,,,2690,3386,1310
NO5,1979,48,1690,277,,,,2658,4798,2219
NO5,1979,49,2412,498,,,,2620,6712,3565
NO5,1979,50,171,98,,,,2532,6875,3062
NO5,1979,51,210,51,,,,2485,7075,2659
NO5,1979,52,773,83,,,,2472,7765,2813
NO5,1980,1,158,34,,,,2445,7916,1835
NO5,1980,2,56,19,,,,2429,7969,1332
NO5,1980,3,518,52,,,,2429,8423,1164
NO5,1980,4,143,21,,,,2417,8556,633
NO5,1980,5,249,18,,,,2407,8794,270
NO5,1980,6,147,13,,,,2400,8935,-189
NO5,1980,7,853,59,,,,2412,9705,43
NO5,1980,8,1,24,,,,2403,9692,-478
NO5,1980,9,641,36,,,,2403,10288,-375
NO5,1980,10,251,27,,,,2397,10518,-659
NO5,1980,11,240,24,,,,2391,10737,-848
NO5,1980,12,41,9,,,,2384,10775,-1186
NO5,1980,13,298,15,,,,2381,11057,-1213
NO5,1980,14,282,26,,,,2387,11308,-1170
NO5,1980,15,351,48,,,,2420,11571,-958
NO5,1980,16,392,179,,,,2526,11667,-724
NO5,1980,17,13,101,,,,2559,11543,-611
NO5,1980,18,39,443,,,,3026,10651,-641
NO5,1980,19,9,769,,,,2966,9897,-846
NO5,1980,20,-69,934,,,,3596,8224,-1058
NO5,1980,21,-60,1520,,,,3455,6702,-1670
NO5,1980,22,852,1275,,,,3922,5730,-993
NO5,1980,23,-6,2191,,,,4021,3352,-2027
NO5,1980,24,283,2312,,,,3550,1750,-2859
NO5,1980,25,645,1535,,,,3423,997,-2588
NO5,1980,26,527,982,,,,3317,677,-2035
NO5,1980,27,137,904,,,,2975,366,-1872
NO5,1980,28,82,708,,,,2704,177,-1658
NO5,1980,29,549,658,,,,2813,94,-1129
NO5,1980,30,152,596,,,,2590,45,-1049
NO5,1980,31,-165,496,,,,2255,17,-1159
NO5,1980,32,518,551,,,,2401,11,-840
NO5,1980,33,-171,344,,,,2095,7,-1015
NO5,1980,34,948,614,,,,2540,7,-480
NO5,1980,35,262,418,,,,2444,8,-524
NO5,1980,36,918,726,,,,2739,4,-207
NO5,1980,37,1055,847,,,,2969,21,38
NO5,1980,38,874,820,,,,3055,11,51
NO5,1980,39,138,500,,,,2786,7,-301
NO5,1980,40,1590,834,,,,3031,463,346
NO5,1980,41,1525,872,,,,3171,921,827
NO5,1980,42,548,371,,,,2825,1421,821
NO5,1980,43,369,211,,,,2646,1753,818
NO5,1980,44,871,220,,,,2616,2417,1251
NO5,1980,45,7,99,,,,2515,2424,861
NO5,1980,46,652,84,,,,2460,3034,1100
NO5,1980,47,2465,221,,,,2673,5025,2931
NO5,1980,48,767,452,,,,2565,5428,2755
NO5,1980,49,536,129,,,,2481,5906,2621
NO5,1980,50,2039,263,,,,2583,7538,3775
NO5,1980,51,626,204,,,,2458,8067,3625
NO5,1980,52,1517,111,,,,2414,9493,4484
NO5,1981,1,2841,236,,,,2406,12076,5957
NO5,1981,2,719,59,,,,2377,12755,6066
NO5,1981,3,933,56,,,,2359,13637,6307
NO5,1981,4,490,43,,,,2374,14058,6093
NO5,1981,5,1267,200,,,,2559,14916,6544
NO5,1981,6,2100,469,,,,2486,16570,7532
NO5,1981,7,761,90,,,,2429,17292,7647
NO5,1981,8,48,33,,,,2400,17336,7163
NO5,1981,9,66,20,,,,2381,17399,6716
NO5,1981,10,494,27,,,,2371,17870,6666
NO5,1981,11,1045,69,,,,2370,18836,7231
NO5,1981,12,188,24,,,,2359,19011,7025
NO5,1981,13,627,45,,,,2363,19585,7297
NO5,1981,14,422,108,,,,2413,19839,7386
NO5,1981,15,191,157,,,,2543,19737,7332
NO5,1981,16,101,211,,,,2561,19597,7242
NO5,1981,17,29,88,,,,2490,19601,7379
NO5,1981,18,239,53,,,,2453,19818,7952
NO5,1981,19,310,111,,,,2656,19812,8759
NO5,1981,20,10,1375,,,,3610,17420,8153
NO5,1981,21,5,2187,,,,3911,14819,6903
NO5,1981,22,1039,2546,,,,3861,13219,6436
NO5,1981,23,478,2220,,,,3941,11285,5827
NO5,1981,24,688,1680,,,,3593,10548,5982
NO5,1981,25,440,1684,,,,3722,9090,5803
NO5,1981,26,390,1720,,,,3902,7494,5368
NO5,1981,27,397,1709,,,,3656,6358,4801
NO5,1981,28,166,1816,,,,3802,4506,3769
NO5,1981,29,809,1963,,,,3531,3566,3062
NO5,1981,30,211,1212,,,,3396,2696,2408
NO5,1981,31,427,1208,,,,3215,2105,1888
NO5,1981,32,192,1019,,,,2893,1629,1270
NO5,1981,33,329,976,,,,2816,1144,843
NO5,1981,34,365,717,,,,2662,975,610
NO5,1981,35,55,504,,,,2442,806,272
NO5,1981,36,-11,397,,,,2311,631,-9
NO5,1981,37,140,441,,,,2189,524,-239
NO5,1981,38,286,301,,,,2265,481,-269
NO5,1981,39,1565,860,,,,2978,284,168
NO5,1981,40,1633,1498,,,,3240,16,108
NO5,1981,41,1081,678,,,,3104,529,367
NO5,1981,42,387,411,,,,2790,804,169
NO5,1981,43,508,274,,,,2626,1182,227
NO5,1981,44,222,142,,,,2523,1356,96
NO5,1981,45,1250,225,,,,2485,2393,800
NO5,1981,46,664,135,,,,2438,2954,998
NO5,1981,47,1313,135,,,,2408,4139,1781
NO5,1981,48,2298,182,,,,2371,6269,3403
NO5,1981,49,664,75,,,,2348,6879,3462
NO5,1981,50,33,32,,,,2322,6910,2888
NO5,1981,51,63,17,,,,2306,6971,2376
NO5,1981,52,121,15,,,,2295,7087,1958
NO5,1981,53,382,22,,,,2288,7449,1775
NO5,1982,1,179,19,,,,2280,7620,1375
NO5,1982,2,475,30,,,,2283,8055,1272
NO5,1982,3,226,62,,,,2297,8198,807
NO5,1982,4,913,54,,,,2282,9057,1000
NO5,1982,5,288,38,,,,2286,9301,656
NO5,1982,6,679,98,,,,2329,9827,631
NO5,1982,7,163,89,,,,2295,9928,149
NO5,1982,8,122,21,,,,2280,10040,-253
NO5,1982,9,728,66,,,,2285,10685,-95
NO5,1982,10,516,48,,,,2285,11146,-142
NO5,1982,11,573,54,,,,2285,11663,-27
NO5,1982,12,578,157,,,,2385,11973,13
NO5,1982,13,107,107,,,,2409,11944,-299
NO5,1982,14,1056,193,,,,2415,12778,328
NO5,1982,15,317,115,,,,2419,12971,442
NO5,1982,16,134,186,,,,2548,12777,409
NO5,1982,17,781,292,,,,2587,13199,1074
NO5,1982,18,424,176,,,,2583,13442,1707
NO5,1982,19,57,361,,,,2906,12805,2002
NO5,1982,20,453,1077,,,,3248,11771,2141
NO5,1982,21,531,1233,,,,3568,10683,2423
NO5,1982,22,-125,2333,,,,4116,7559,1030
NO5,1982,23,-100,2109,,,,3456,5904,-40
NO5,1982,24,41,963,,,,3349,5045,234
NO5,1982,25,-49,1193,,,,3366,3743,100
NO5,1982,26,623,1388,,,,3631,2657,259
NO5,1982,27,280,1334,,,,3369,1850,5
NO5,1982,28,66,1363,,,,3125,859,-554
NO5,1982,29,-185,804,,,,2614,482,-940
NO5,1982,30,-261,629,,,,2238,195,-1250
NO5,1982,31,-255,597,,,,1896,64,-1471
NO5,1982,32,1214,853,,,,2368,49,-835
NO5,1982,33,584,651,,,,2382,35,-700
NO5,1982,34,808,608,,,,2625,37,-365
NO5,1982,35,1246,900,,,,2741,244,9
NO5,1982,36,1423,992,,,,3235,110,394
NO5,1982,37,814,1236,,,,2914,31,-6
NO5,1982,38,964,908,,,,2927,75,-14
NO5,1982,39,1580,1084,,,,3361,127,394
NO5,1982,40,114,569,,,,3009,43,-96
NO5,1982,41,174,287,,,,2732,197,-336
NO5,1982,42,1340,403,,,,2818,1014,406
NO5,1982,43,465,386,,,,2875,1017,311
NO5,1982,44,823,546,,,,2859,1274,350
NO5,1982,45,1890,645,,,,3033,2285,1240
NO5,1982,46,1313,391,,,,2741,3462,1809
NO5,1982,47,1756,295,,,,2626,5010,2870
NO5,1982,48,166,119,,,,2559,5123,2445
NO5,1982,49,623,107,,,,2506,5682,2422
NO5,1982,50,1242,82,,,,2466,6859,2980
NO5,1982,51,1245,106,,,,2476,7975,3550
NO5,1982,52,910,176,,,,2476,8691,3744
NO5,1983,1,2526,254,,,,2488,10907,4870
NO5,1983,2,1799,316,,,,2477,12374,5785
NO5,1983,3,2605,198,,,,2489,14737,7538
NO5,1983,4,2738,360,,,,2475,17097,9232
NO5,1983,5,783,94,,,,2417,17843,9329
NO5,1983,6,112,32,,,,2394,17950,8820
NO5,1983,7,20,15,,,,2380,17969,8276
NO5,1983,8,53,10,,,,2372,18019,7818
NO5,1983,9,496,33,,,,2379,18466,7780
NO5,1983,10,2465,240,,,,2405,20637,9468
NO5,1983,11,309,125,,,,2426,20791,9242
NO5,1983,12,441,62,,,,2393,21198,9246
NO5,1983,13,146,27,,,,2375,21334,9058
NO5,1983,14,271,26,,,,2374,21578,9086
NO5,1983,15,197,53,,,,2412,21680,9143
NO5,1983,16,1158,288,,,,2527,22404,10014
NO5,1983,17,97,347,,,,2733,21937,9958
NO5,1983,18,15,427,,,,2869,21374,9925
NO5,1983,19,1214,1048,,,,3213,21119,10623
NO5,1983,20,1073,1404,,,,3576,20350,11048
NO5,1983,21,1184,1704,,,,3905,19410,11487
NO5,1983,22,589,1816,,,,3779,18215,11349
NO5,1983,23,165,1453,,,,3703,16927,11230
NO5,1983,24,41,1423,,,,3685,15486,11011
NO5,1983,25,-74,2402,,,,3766,12807,9565
NO5,1983,26,299,1798,,,,3691,11288,8950
NO5,1983,27,98,2205,,,,3920,8859,7566
NO5,1983,28,4,2627,,,,3437,6623,5522
NO5,1983,29,199,1295,,,,3174,5748,4887
NO5,1983,30,-71,1615,,,,2965,4254,3535
NO5,1983,31,1048,1608,,,,3103,3521,3192
NO5,1983,32,-82,1186,,,,2761,2632,2142
NO5,1983,33,889,1206,,,,2890,2186,1959
NO5,1983,34,-67,986,,,,2514,1603,1090
NO5,1983,35,237,696,,,,2475,1262,762
NO5,1983,36,679,632,,,,2642,1157,848
NO5,1983,37,748,650,,,,2961,990,999
NO5,1983,38,1985,1397,,,,3404,1068,1456
NO5,1983,39,723,1106,,,,2972,166,43
NO5,1983,40,1181,1025,,,,3138,112,102
NO5,1983,41,1344,684,,,,3346,515,596
NO5,1983,42,1786,1014,,,,3130,1442,1147
NO5,1983,43,2305,1100,,,,3243,2445,2107
NO5,1983,44,2353,941,,,,3013,4011,3242
NO5,1983,45,768,681,,,,2962,4105,2989
NO5,1983,46,527,258,,,,2763,4552,2921
NO5,1983,47,1115,227,,,,2672,5505,3411
NO5,1983,48,328,138,,,,2597,5758,3118
NO5,1983,49,967,349,,,,2632,6314,3180
NO5,1983,50,358,201,,,,2575,6512,2742
NO5,1983,51,442,86,,,,2505,6927,2531
NO5,1983,52,2570,233,,,,2526,9213,4316
NO5,1984,1,2087,216,,,,2462,11139,5075
NO5,1984,2,1636,113,,,,2444,12662,6040
NO5,1984,3,194,41,,,,2418,12847,5577
NO5,1984,4,40,17,,,,2404,12885,4949
NO5,1984,5,432,28,,,,2401,13286,4756
NO5,1984,6,812,47,,,,2393,14049,4918
NO5,1984,7,76,18,,,,2387,14112,4426
NO5,1984,8,98,10,,,,2380,14206,4012
NO5,1984,9,411,25,,,,2378,14589,3901
NO5,1984,10,731,63,,,,2386,15239,4050
NO5,1984,11,54,16,,,,2375,15290,3690
NO5,1984,12,10,6,,,,2370,15299,3324
NO5,1984,13,201,11,,,,2367,15490,3206
NO5,1984,14,92,26,,,,2401,15522,3057
NO5,1984,15,778,177,,,,2551,15951,3553
NO5,1984,16,440,214,,,,2576,16136,3796
NO5,1984,17,38,414,,,,2990,15326,3604
NO5,1984,18,342,952,,,,3157,14492,3330
NO5,1984,19,62,339,,,,2880,14476,3647
NO5,1984,20,453,967,,,,3637,13148,3907
NO5,1984,21,26,2020,,,,3882,10799,2853
NO5,1984,22,845,2751,,,,4285,8336,1976
NO5,1984,23,123,2846,,,,3823,5952,375
NO5,1984,24,223,1291,,,,3485,5168,494
NO5,1984,25,564,1602,,,,3398,4149,539
NO5,1984,26,182,914,,,,3243,3542,756
NO5,1984,27,-41,996,,,,3071,2669,527
NO5,1984,28,330,1275,,,,3078,1724,264
NO5,1984,29,229,1074,,,,2833,1173,-29
NO5,1984,30,82,630,,,,2607,900,-177
NO5,1984,31,1277,972,,,,3295,594,457
NO5,1984,32,114,891,,,,2822,406,-23
NO5,1984,33,-89,518,,,,2473,283,-361
NO5,1984,34,-202,411,,,,2169,175,-683
NO5,1984,35,1487,895,,,,2849,148,20
NO5,1984,36,53,502,,,,2466,127,-358
NO5,1984,37,422,375,,,,2534,126,-292
NO5,1984,38,791,339,,,,2815,299,98
NO5,1984,39,268,464,,,,2792,85,-218
NO5,1984,40,926,543,,,,3149,100,101
NO5,1984,41,2165,946,,,,3266,1143,1143
NO5,1984,42,1919,1043,,,,3650,1563,1787
NO5,1984,43,1076,840,,,,3242,2160,1822
NO5,1984,44,1107,1060,,,,3673,1703,1594
NO5,1984,45,676,709,,,,3148,2154,1224
NO5,1984,46,122,276,,,,2883,2254,742
NO5,1984,47,407,157,,,,2744,2628,606
NO5,1984,48,1017,249,,,,2745,3373,881
NO5,1984,49,992,268,,,,2842,3973,1049
NO5,1984,50,593,266,,,,2663,4466,785
NO5,1984,51,794,107,,,,2602,5196,897
NO5,1984,52,590,217,,,,2603,5553,733
NO5,1985,1,251,63,,,,2547,5792,-187
NO5,1985,2,218,40,,,,2513,6000,-552
NO5,1985,3,84,25,,,,2492,6080,-1116
NO5,1985,4,753,43,,,,2477,6799,-1063
NO5,1985,5,1258,63,,,,2469,7989,-473
NO5,1985,6,275,26,,,,2459,8249,-816
NO5,1985,7,298,15,,,,2451,8534,-1088
NO5,1985,8,590,28,,,,2459,9079,-1035
NO5,1985,9,598,74,,,,2457,9602,-1006
NO5,1985,10,663,50,,,,2455,10210,-909
NO5,1985,11,692,104,,,,2461,10778,-736
NO5,1985,12,160,27,,,,2459,10910,-975
NO5,1985,13,286,37,,,,2448,11168,-1036
NO5,1985,14,509,51,,,,2459,11611,-795
NO5,1985,15,84,45,,,,2465,11644,-840
NO5,1985,16,629,127,,,,2508,12087,-322
NO5,1985,17,278,95,,,,2473,12302,63
NO5,1985,18,127,70,,,,2493,12340,515
NO5,1985,19,11,277,,,,2825,11740,856
NO5,1985,20,65,1165,,,,3565,9831,519
NO5,1985,21,259,1683,,,,3571,8295,38
NO5,1985,22,180,1949,,,,3807,6191,-647
NO5,1985,23,256,1780,,,,3628,4750,-1021
NO5,1985,24,459,1332,,,,3699,3750,-711
NO5,1985,25,86,1466,,,,3605,2424,-980
NO5,1985,26,872,1785,,,,3635,1438,-956
NO5,1985,27,187,1270,,,,3200,819,-1194
NO5,1985,28,319,986,,,,2974,449,-1115
NO5,1985,29,1250,970,,,,3407,325,-303
NO5,1985,30,45,772,,,,2877,222,-584
NO5,1985,31,62,553,,,,2623,135,-674
NO5,1985,32,568,548,,,,2776,102,-374
NO5,1985,33,632,716,,,,2835,75,-208
NO5,1985,34,721,709,,,,3002,55,29
NO5,1985,35,1035,918,,,,3174,49,247
NO5,1985,36,688,674,,,,3079,165,294
NO5,1985,37,411,511,,,,3114,55,217
NO5,1985,38,1878,1071,,,,3321,587,893
NO5,1985,39,197,477,,,,2974,321,200
NO5,1985,40,1681,1393,,,,3548,37,437
NO5,1985,41,1252,1221,,,,3329,243,306
NO5,1985,42,341,670,,,,3149,84,-193
NO5,1985,43,115,381,,,,2881,77,-624
NO5,1985,44,294,244,,,,2728,264,-790
NO5,1985,45,1194,248,,,,2632,1270,-176
NO5,1985,46,244,117,,,,2536,1491,-367
NO5,1985,47,10,59,,,,2476,1500,-789
NO5,1985,48,63,37,,,,2438,1560,-1239
NO5,1985,49,1200,111,,,,2438,2634,-694
NO5,1985,50,699,120,,,,2462,3174,-708
NO5,1985,51,1340,119,,,,2450,4388,-63
NO5,1985,52,726,139,,,,2417,4998,-8
NO5,1986,1,76,32,,,,2388,5070,-1067
NO5,1986,2,557,36,,,,2374,5599,-1093
NO5,1986,3,635,48,,,,2362,6194,-1132
NO5,1986,4,970,55,,,,2356,7107,-877
NO5,1986,5,135,15,,,,2348,7236,-1347
NO5,1986,6,17,7,,,,2343,7252,-1929
NO5,1986,7,7,4,,,,2339,7259,-2476
NO5,1986,8,54,4,,,,2336,7311,-2927
NO5,1986,9,161,6,,,,2333,7464,-3268
NO5,1986,10,956,58,,,,2350,8327,-2897
NO5,1986,11,69,37,,,,2355,8353,-3268
NO5,1986,12,545,99,,,,2404,8734,-3207
NO5,1986,13,897,132,,,,2376,9511,-2764
NO5,1986,14,132,41,,,,2360,9618,-2887
NO5,1986,15,56,18,,,,2345,9670,-2933
NO5,1986,16,74,13,,,,2339,9737,-2840
NO5,1986,17,195,60,,,,2397,9813,-2503
NO5,1986,18,382,404,,,,3090,9082,-2146
NO5,1986,19,394,1777,,,,3643,7037,-3029
NO5,1986,20,688,1220,,,,3389,6684,-2804
NO5,1986,21,994,1293,,,,3611,6090,-2127
NO5,1986,22,832,1082,,,,3351,6036,-1258
NO5,1986,23,490,1535,,,,3867,4387,-1146
NO5,1986,24,327,1684,,,,3595,3227,-1338
NO5,1986,25,126,2006,,,,3502,1392,-2114
NO5,1986,26,-317,1239,,,,2845,555,-2628
NO5,1986,27,-45,842,,,,2483,211,-2520
NO5,1986,28,191,518,,,,2242,168,-2129
NO5,1986,29,98,423,,,,2134,99,-1803
NO5,1986,30,19,359,,,,1958,68,-1658
NO5,1986,31,1221,695,,,,2647,47,-738
NO5,1986,32,1055,769,,,,3029,37,-186
NO5,1986,33,598,686,,,,3094,29,6
NO5,1986,34,651,763,,,,3028,31,32
NO5,1986,35,163,450,,,,2777,29,-171
NO5,1986,36,777,564,,,,2913,99,62
NO5,1986,37,498,407,,,,2797,281,126
NO5,1986,38,707,400,,,,2964,399,348
NO5,1986,39,350,490,,,,2752,254,-88
NO5,1986,40,1301,947,,,,2960,359,171
NO5,1986,41,658,554,,,,3122,268,125
NO5,1986,42,521,580,,,,3029,287,-109
NO5,1986,43,752,411,,,,2799,830,47
NO5,1986,44,1522,883,,,,3117,1087,421
NO5,1986,45,1247,422,,,,2868,2126,916
NO5,1986,46,1665,738,,,,2871,2959,1436
NO5,1986,47,487,294,,,,2712,3286,1232
NO5,1986,48,1766,539,,,,3010,4151,1924
NO5,1986,49,3742,803,,,,2898,7126,4257
NO5,1986,50,669,444,,,,2739,7484,3878
NO5,1986,51,547,143,,,,2621,7993,3713
NO5,1986,52,336,80,,,,2552,8314,3443
NO5,1987,1,604,66,,,,2511,8888,2874
NO5,1987,2,544,45,,,,2484,9407,2826
NO5,1987,3,0,18,,,,2466,9408,2186
NO5,1987,4,337,24,,,,2456,9725,1842
NO5,1987,5,471,29,,,,2447,10168,1685
NO5,1987,6,620,105,,,,2465,10647,1589
NO5,1987,7,446,39,,,,2442,11072,1440
NO5,1987,8,270,21,,,,2431,11327,1185
NO5,1987,9,476,22,,,,2422,11779,1136
NO5,1987,10,147,13,,,,2416,11920,762
NO5,1987,11,43,6,,,,2411,11961,397
NO5,1987,12,548,23,,,,2408,12484,547
NO5,1987,13,546,29,,,,2415,12988,752
NO5,1987,14,247,76,,,,2445,13127,706
NO5,1987,15,62,55,,,,2443,13133,627
NO5,1987,16,404,134,,,,2493,13341,918
NO5,1987,17,364,229,,,,2719,13242,1248
NO5,1987,18,312,796,,,,3160,12261,1103
NO5,1987,19,298,491,,,,2973,12233,1497
NO5,1987,20,238,298,,,,2866,12259,2247
NO5,1987,21,44,470,,,,3222,11461,2856
NO5,1987,22,407,1293,,,,3471,10258,3085
NO5,1987,23,113,1036,,,,3649,9104,3353
NO5,1987,24,580,1598,,,,3671,7969,3481
NO5,1987,25,408,1457,,,,3736,6779,3507
NO5,1987,26,517,1551,,,,3752,5657,3380
NO5,1987,27,610,1822,,,,3744,4376,2907
NO5,1987,28,428,1684,,,,3473,3324,2259
NO5,1987,29,-137,1187,,,,3224,2236,1424
NO5,1987,30,-144,1170,,,,2877,1294,487
NO5,1987,31,77,654,,,,2633,990,192
NO5,1987,32,551,603,,,,2782,812,341
NO5,1987,33,246,526,,,,2744,626,253
NO5,1987,34,495,679,,,,2817,440,230
NO5,1987,35,531,623,,,,2850,366,240
NO5,1987,36,354,502,,,,2780,324,154
NO5,1987,37,1400,829,,,,3253,403,704
NO5,1987,38,1643,1164,,,,3440,634,1059
NO5,1987,39,682,947,,,,3186,363,455
NO5,1987,40,12,351,,,,2836,154,-158
NO5,1987,41,1751,905,,,,3339,436,510
NO5,1987,42,1980,1055,,,,3909,732,1215
NO5,1987,43,209,821,,,,3272,734,425
NO5,1987,44,527,385,,,,3022,1104,344
NO5,1987,45,162,281,,,,3012,985,-81
NO5,1987,46,499,218,,,,2824,1435,-136
NO5,1987,47,1010,201,,,,2743,2309,286
NO5,1987,48,261,102,,,,2656,2555,-26
NO5,1987,49,35,54,,,,2603,2587,-575
NO5,1987,50,247,48,,,,2575,2807,-962
NO5,1987,51,607,62,,,,2557,3361,-984
NO5,1987,52,1125,211,,,,2620,4190,-614
NO5,1987,53,1178,246,,,,2636,5080,-247
NO5,1988,1,344,100,,,,2577,5376,-573
NO5,1988,2,887,164,,,,2566,6088,-412
NO5,1988,3,799,88,,,,2535,6819,-334
NO5,1988,4,561,54,,,,2504,7353,-483
NO5,1988,5,695,65,,,,2503,7981,-447
NO5,1988,6,325,39,,,,2482,8289,-753
NO5,1988,7,699,54,,,,2480,8927,-667
NO5,1988,8,504,39,,,,2468,9400,-705
NO5,1988,9,699,35,,,,2459,10063,-544
NO5,1988,10,280,22,,,,2452,10328,-794
NO5,1988,11,144,12,,,,2447,10465,-1063
NO5,1988,12,242,26,,,,2453,10674,-1218
NO5,1988,13,473,51,,,,2470,11073,-1108
NO5,1988,14,332,71,,,,2486,11314,-1066
NO5,1988,15,919,89,,,,2559,12050,-339
NO5,1988,16,482,204,,,,2537,12336,-43
NO5,1988,17,6,54,,,,2524,12302,113
NO5,1988,18,401,439,,,,3025,11741,448
NO5,1988,19,-25,1297,,,,3682,9687,-340
NO5,1988,20,160,1346,,,,3287,8812,-778
NO5,1988,21,-3,1217,,,,3988,6826,-1013
NO5,1988,22,480,2613,,,,3837,4710,-2097
NO5,1988,23,-155,1983,,,,3731,2615,-3054
NO5,1988,24,-239,1624,,,,3241,1233,-3685
NO5,1988,25,-208,1104,,,,2751,502,-3755
NO5,1988,26,324,888,,,,2712,174,-3142
NO5,1988,27,888,952,,,,2869,94,-2250
NO5,1988,28,689,782,,,,2956,58,-1524
NO5,1988,29,1345,1292,,,,3203,37,-795
NO5,1988,30,1204,1132,,,,3369,30,-285
NO5,1988,31,613,873,,,,3185,26,-221
NO5,1988,32,120,645,,,,2886,21,-345
NO5,1988,33,1094,844,,,,3258,19,160
NO5,1988,34,465,836,,,,2998,18,-11
NO5,1988,35,1134,879,,,,3336,17,377
NO5,1988,36,85,694,,,,2860,17,-74
NO5,1988,37,266,432,,,,2749,17,-186
NO5,1988,38,1474,912,,,,3340,23,348
NO5,1988,39,1577,1318,,,,3326,229,461
NO5,1988,40,839,753,,,,3307,300,459
NO5,1988,41,639,489,,,,3115,623,472
NO5,1988,42,24,323,,,,2917,512,3
NO5,1988,43,1001,321,,,,2815,1264,498
NO5,1988,44,495,190,,,,2677,1698,593
NO5,1988,45,556,232,,,,2737,1946,605
NO5,1988,46,645,285,,,,2694,2325,625
NO5,1988,47,267,165,,,,2657,2455,345
NO5,1988,48,304,99,,,,2565,2743,70
NO5,1988,49,1215,118,,,,2530,3857,621
NO5,1988,50,827,123,,,,2513,4568,737
NO5,1988,51,1653,149,,,,2499,6064,1662
NO5,1988,52,2380,522,,,,2703,7670,2949
NO5,1989,1,523,300,,,,2621,7955,2051
NO5,1989,2,2693,333,,,,2618,10266,3818
NO5,1989,3,2975,624,,,,2738,12436,5486
NO5,1989,4,1440,418,,,,2811,13328,5799
NO5,1989,5,2270,648,,,,2805,14898,6772
NO5,1989,6,2454,504,,,,2683,16941,8100
NO5,1989,7,2085,226,,,,2589,18867,9382
NO5,1989,8,1718,153,,,,2540,20465,10431
NO5,1989,9,498,77,,,,2514,20909,10358
NO5,1989,10,832,161,,,,2539,21537,10503
NO5,1989,11,777,117,,,,2505,22214,10744
NO5,1989,12,958,110,,,,2490,23064,11209
NO5,1989,13,683,178,,,,2533,23511,11393
NO5,1989,14,175,65,,,,2500,23650,11284
NO5,1989,15,838,349,,,,2939,23678,11669
NO5,1989,16,151,469,,,,2843,23428,11355
NO5,1989,17,165,166,,,,2691,23572,11551
NO5,1989,18,333,393,,,,2949,23234,11864
NO5,1989,19,573,441,,,,2972,23305,12568
NO5,1989,20,744,959,,,,3281,22728,13132
NO5,1989,21,8,1376,,,,3488,21079,12739
NO5,1989,22,329,691,,,,3137,21021,13514
NO5,1989,23,598,1128,,,,3690,19878,14167
NO5,1989,24,-138,2109,,,,3876,17342,13058
NO5,1989,25,5,2947,,,,3815,14308,11114
NO5,1989,26,1700,2919,,,,3740,12906,10618
NO5,1989,27,-189,2387,,,,3912,10059,8758
NO5,1989,28,150,2369,,,,3444,8212,7118
NO5,1989,29,43,1296,,,,3385,6975,6324
NO5,1989,30,315,2137,,,,3466,5018,4800
NO5,1989,31,608,1507,,,,3335,4212,4115
NO5,1989,32,702,1445,,,,3521,3280,3549
NO5,1989,33,1039,1609,,,,3535,2670,3088
NO5,1989,34,1323,1715,,,,3430,2334,2737
NO5,1989,35,118,716,,,,3081,2088,2193
NO5,1989,36,317,673,,,,2901,1912,1863
NO5,1989,37,396,475,,,,2937,1797,1782
NO5,1989,38,989,1062,,,,3160,1509,1654
NO5,1989,39,479,905,,,,2924,192,21
NO5,1989,40,243,378,,,,2764,210,-174
NO5,1989,41,674,303,,,,2615,712,61
NO5,1989,42,791,450,,,,3107,532,214
NO5,1989,43,1886,1166,,,,3000,1284,703
NO5,1989,44,414,354,,,,2815,1509,542
NO5,1989,45,867,290,,,,2787,2094,802
NO5,1989,46,471,304,,,,2650,2382,638
NO5,1989,47,134,113,,,,2541,2503,278
NO5,1989,48,106,71,,,,2486,2588,-164
NO5,1989,49,446,96,,,,2461,2952,-354
NO5,1989,50,368,50,,,,2420,3303,-622
NO5,1989,51,1219,90,,,,2409,4429,-63
NO5,1989,52,517,166,,,,2421,4757,-245
NO5,1990,1,177,39,,,,2399,4911,-1215
NO5,1990,2,1756,245,,,,2476,6313,-277
NO5,1990,3,3087,386,,,,2459,8984,1755
NO5,1990,4,980,182,,,,2413,9816,1889
NO5,1990,5,1133,184,,,,2453,10704,2226
NO5,1990,6,2284,615,,,,2588,12174,3238
NO5,1990,7,733,148,,,,2491,12848,3266
NO5,1990,8,2776,588,,,,2816,14637,4880
NO5,1990,9,1047,314,,,,2582,15586,5102
NO5,1990,10,3224,293,,,,2530,18539,7495
NO5,1990,11,2920,572,,,,3226,20121,9372
NO5,1990,12,2860,1222,,,,3016,21873,10544
NO5,1990,13,678,396,,,,2877,22275,10501
NO5,1990,14,1519,404,,,,2763,23470,11367
NO5,1990,15,629,218,,,,2712,23915,11678
NO5,1990,16,372,174,,,,2742,24076,11902
NO5,1990,17,288,501,,,,2971,23609,11868
NO5,1990,18,256,1267,,,,3760,21745,11186
NO5,1990,19,-71,1838,,,,3749,19745,9786
NO5,1990,20,-32,1228,,,,3369,18801,9293
NO5,1990,21,178,571,,,,3079,18661,9913
NO5,1990,22,73,708,,,,3481,17594,10430
NO5,1990,23,247,1986,,,,3845,15389,9835
NO5,1990,24,-157,2469,,,,3784,12706,8330
NO5,1990,25,1116,2575,,,,4123,10768,7883
NO5,1990,26,451,2130,,,,3771,9348,7091
NO5,1990,27,1084,2041,,,,3829,8240,6855
NO5,1990,28,703,1653,,,,3698,7354,6514
NO5,1990,29,-217,1670,,,,3503,5627,5095
NO5,1990,30,-132,1482,,,,3290,4221,3827
NO5,1990,31,415,1568,,,,3182,3183,2934
NO5,1990,32,189,1077,,,,2773,2718,2238
NO5,1990,33,1077,1215,,,,3195,2173,2251
NO5,1990,34,208,858,,,,2891,1867,1731
NO5,1990,35,426,872,,,,2886,1493,1403
NO5,1990,36,796,920,,,,2952,1322,1323
NO5,1990,37,255,536,,,,2789,1230,1067
NO5,1990,38,1078,732,,,,2894,1431,1310
NO5,1990,39,656,496,,,,2984,467,356
NO5,1990,40,1149,877,,,,3121,550,523
NO5,1990,41,1698,985,,,,3155,1167,1056
NO5,1990,42,370,869,,,,3027,761,362
NO5,1990,43,21,295,,,,2726,775,-80
NO5,1990,44,747,232,,,,2589,1417,223
NO5,1990,45,0,111,,,,2482,1415,-182
NO5,1990,46,1258,279,,,,2631,2215,451
NO5,1990,47,334,181,,,,2475,2517,226
NO5,1990,48,358,98,,,,2423,2821,7
NO5,1990,49,1772,442,,,,2508,4027,769
NO5,1990,50,150,99,,,,2438,4144,237
NO5,1990,51,422,78,,,,2402,4511,12
NO5,1990,52,1339,267,,,,2439,5517,533
NO5,1991,1,1659,150,,,,2394,7050,919
NO5,1991,2,843,79,,,,2356,7847,1137
NO5,1991,3,231,38,,,,2344,8052,708
NO5,1991,4,592,91,,,,2345,8541,547
NO5,1991,5,70,26,,,,2325,8603,-3
NO5,1991,6,15,13,,,,2312,8617,-595
NO5,1991,7,172,13,,,,2304,8781,-988
NO5,1991,8,738,52,,,,2335,9421,-817
NO5,1991,9,402,95,,,,2324,9732,-1009
NO5,1991,10,438,48,,,,2341,10101,-1132
NO5,1991,11,585,149,,,,2377,10487,-1112
NO5,1991,12,534,190,,,,2386,10809,-1150
NO5,1991,13,196,84,,,,2386,10916,-1349
NO5,1991,14,755,295,,,,2488,11246,-1132
NO5,1991,15,238,309,,,,2788,10861,-1300
NO5,1991,16,235,274,,,,2628,10960,-1328
NO5,1991,17,25,108,,,,2550,10950,-1213
NO5,1991,18,-11,121,,,,2574,10794,-950
NO5,1991,19,36,268,,,,2914,10209,-585
NO5,1991,20,134,513,,,,3002,9710,-166
NO5,1991,21,729,753,,,,3083,9556,812
NO5,1991,22,-73,1219,,,,3514,7773,642
NO5,1991,23,541,778,,,,3330,7667,1596
NO5,1991,24,237,1082,,,,3567,6528,1936
NO5,1991,25,501,1538,,,,3646,5332,1970
NO5,1991,26,265,1571,,,,3656,3951,1579
NO5,1991,27,-247,1633,,,,3473,2227,487
NO5,1991,28,377,1706,,,,3197,1198,-144
NO5,1991,29,337,971,,,,2963,851,-221
NO5,1991,30,-105,712,,,,2574,563,-547
NO5,1991,31,-185,616,,,,2261,336,-834
NO5,1991,32,443,582,,,,2408,247,-597
NO5,1991,33,1058,883,,,,2710,207,-200
NO5,1991,34,-125,517,,,,2286,168,-573
NO5,1991,35,-87,325,,,,2054,142,-781
NO5,1991,36,56,317,,,,1954,125,-872
NO5,1991,37,836,439,,,,2374,127,-451
NO5,1991,38,1194,922,,,,2646,136,-233
NO5,1991,39,2122,1216,,,,2970,431,306
NO5,1991,40,1477,562,,,,2966,1306,1124
NO5,1991,41,196,638,,,,2895,918,547
NO5,1991,42,308,374,,,,2737,993,304
NO5,1991,43,9,194,,,,2566,975,-40
NO5,1991,44,576,157,,,,2527,1414,159
NO5,1991,45,1169,231,,,,2464,2394,780
NO5,1991,46,1024,169,,,,2405,3293,1303
NO5,1991,47,627,225,,,,2747,3331,1312
NO5,1991,48,471,741,,,,2821,2942,525
NO5,1991,49,147,239,,,,2621,3034,-111
NO5,1991,50,1491,380,,,,2901,3819,375
NO5,1991,51,1984,461,,,,2627,5577,1303
NO5,1991,52,1390,196,,,,2561,6820,1957
NO5,1992,1,3618,479,,,,2634,9836,3944
NO5,1992,2,1771,258,,,,2539,11427,4899
NO5,1992,3,1073,263,,,,2567,12190,5069
NO5,1992,4,202,115,,,,2491,12348,4499
NO5,1992,5,224,122,,,,2554,12378,4001
NO5,1992,6,1052,185,,,,2614,13160,4250
NO5,1992,7,954,191,,,,2546,13970,4442
NO5,1992,8,620,102,,,,2538,14484,4449
NO5,1992,9,1207,233,,,,2514,15458,4906
NO5,1992,10,429,166,,,,2537,15683,4646
NO5,1992,11,1086,193,,,,2486,16600,5111
NO5,1992,12,914,180,,,,2542,17258,5455
NO5,1992,13,398,131,,,,2490,17570,5409
NO5,1992,14,124,46,,,,2448,17688,5271
NO5,1992,15,156,93,,,,2595,17601,5248
NO5,1992,16,769,228,,,,2597,18121,5801
NO5,1992,17,263,98,,,,2541,18337,6165
NO5,1992,18,779,244,,,,2698,18697,7076
NO5,1992,19,934,514,,,,2811,18971,8073
NO5,1992,20,369,448,,,,3128,18555,8806
NO5,1992,21,67,1510,,,,3772,16386,8331
NO5,1992,22,-104,2547,,,,3943,13439,6737
NO5,1992,23,-167,2965,,,,3940,10170,4710
NO5,1992,24,-68,2962,,,,3619,7334,2793
NO5,1992,25,127,1620,,,,3195,6198,2385
NO5,1992,26,-45,1132,,,,3097,5088,2156
NO5,1992,27,61,1041,,,,2877,4301,1964
NO5,1992,28,50,1229,,,,2844,3153,1458
NO5,1992,29,485,1052,,,,2883,2541,1388
NO5,1992,30,960,1333,,,,3206,1860,1382
NO5,1992,31,961,1398,,,,3091,1536,1196
NO5,1992,32,1045,1303,,,,3142,1241,1130
NO5,1992,33,776,997,,,,3220,987,1090
NO5,1992,34,335,781,,,,3017,804,794
NO5,1992,35,1344,1064,,,,3401,705,1130
NO5,1992,36,746,908,,,,3282,662,994
NO5,1992,37,524,670,,,,3205,598,851
NO5,1992,38,574,685,,,,3136,569,690
NO5,1992,39,1257,1007,,,,3540,169,615
NO5,1992,40,9,622,,,,3004,126,-18
NO5,1992,41,467,451,,,,3002,144,-119
NO5,1992,42,153,283,,,,2750,250,-425
NO5,1992,43,169,155,,,,2596,411,-574
NO5,1992,44,180,96,,,,2506,579,-698
NO5,1992,45,2262,348,,,,2706,2250,878
NO5,1992,46,532,240,,,,2541,2697,844
NO5,1992,47,367,94,,,,2467,3039,739
NO5,1992,48,1240,159,,,,2458,4111,1331
NO5,1992,49,1607,320,,,,2480,5338,2052
NO5,1992,50,1094,167,,,,2457,6267,2379
NO5,1992,51,2446,465,,,,2544,8111,3754
NO5,1992,52,208,123,,,,2450,8285,3312
NO5,1992,53,82,54,,,,2420,8339,2797
NO5,1993,1,1698,152,,,,2426,9848,3749
NO5,1993,2,3711,246,,,,2454,13239,6627
NO5,1993,3,2923,352,,,,2426,15812,8551
NO5,1993,4,358,71,,,,2381,16153,8194
NO5,1993,5,2529,369,,,,2479,18171,9720
NO5,1993,6,88,108,,,,2422,18215,9114
NO5,1993,7,980,110,,,,2406,19081,9414
NO5,1993,8,267,52,,,,2385,19313,9125
NO5,1993,9,166,26,,,,2367,19467,8769
NO5,1993,10,142,43,,,,2381,19548,8355
NO5,1993,11,2394,288,,,,2467,21533,10025
NO5,1993,12,917,164,,,,2408,22337,10400
NO5,1993,13,327,49,,,,2394,22627,10370
NO5,1993,14,41,42,,,,2383,22638,10155
NO5,1993,15,284,43,,,,2399,22858,10309
NO5,1993,16,571,147,,,,2537,23133,10754
NO5,1993,17,9,923,,,,3320,21393,10001
NO5,1993,18,456,1051,,,,3207,20839,9728
NO5,1993,19,56,953,,,,3471,19637,9399
NO5,1993,20,128,1791,,,,3977,17368,8468
NO5,1993,21,24,1971,,,,3588,15708,7468
NO5,1993,22,266,1225,,,,3623,14645,7624
NO5,1993,23,-11,1800,,,,3868,12500,6968
NO5,1993,24,49,1177,,,,3318,11863,7022
NO5,1993,25,154,1101,,,,3458,10719,7169
NO5,1993,26,80,2105,,,,3556,8500,6027
NO5,1993,27,664,1651,,,,3347,7638,5771
NO5,1993,28,1182,2222,,,,3858,5992,5312
NO5,1993,29,469,2033,,,,3783,4443,4191
NO5,1993,30,1231,2000,,,,3867,3528,3710
NO5,1993,31,423,1526,,,,3567,2711,2846
NO5,1993,32,690,1318,,,,3446,2188,2382
NO5,1993,33,362,860,,,,3265,1874,2022
NO5,1993,34,269,648,,,,3128,1640,1742
NO5,1993,35,351,713,,,,3041,1383,1448
NO5,1993,36,-23,385,,,,2745,1284,1078
NO5,1993,37,14,220,,,,2536,1282,866
NO5,1993,38,990,570,,,,2999,1228,1212
NO5,1993,39,11,316,,,,2742,326,-27
NO5,1993,40,828,429,,,,3112,338,302
NO5,1993,41,295,411,,,,2890,430,54
NO5,1993,42,384,282,,,,2768,634,-24
NO5,1993,43,126,228,,,,2758,532,-291
NO5,1993,44,39,129,,,,2628,565,-589
NO5,1993,45,367,96,,,,2569,882,-627
NO5,1993,46,99,68,,,,2515,965,-914
NO5,1993,47,160,45,,,,2476,1116,-1174
NO5,1993,48,856,71,,,,2476,1884,-878
NO5,1993,49,872,106,,,,2451,2669,-647
NO5,1993,50,616,59,,,,2484,3180,-681
NO5,1993,51,1253,164,,,,2443,4288,-170
NO5,1993,52,237,33,,,,2422,4512,-490
NO5,1994,1,359,28,,,,2407,4854,-1264
NO5,1994,2,576,49,,,,2409,5371,-1285
NO5,1994,3,2101,139,,,,2443,7262,17
NO5,1994,4,2077,131,,,,2404,9239,1303
NO5,1994,5,1181,73,,,,2393,10358,1820
NO5,1994,6,106,16,,,,2384,10459,1319
NO5,1994,7,25,8,,,,2378,10483,787
NO5,1994,8,24,5,,,,2373,10505,305
NO5,1994,9,661,32,,,,2394,11100,429
NO5,1994,10,2310,232,,,,2427,13107,1959
NO5,1994,11,1016,82,,,,2394,14064,2483
NO5,1994,12,941,64,,,,2393,14930,2978
NO5,1994,13,1121,137,,,,2446,15843,3637
NO5,1994,14,348,102,,,,2427,16104,3665
NO5,1994,15,23,97,,,,2447,16007,3506
NO5,1994,16,428,103,,,,2472,16296,3851
NO5,1994,17,1180,764,,,,3118,16010,4416
NO5,1994,18,218,741,,,,3234,15326,4241
NO5,1994,19,116,1348,,,,3685,13567,3543
NO5,1994,20,242,904,,,,3292,13241,3655
NO5,1994,21,-26,659,,,,3161,12656,3989
NO5,1994,22,556,875,,,,3672,11771,4798
NO5,1994,23,732,1508,,,,3515,11064,5179
NO5,1994,24,385,1096,,,,3330,10470,5641
NO5,1994,25,630,1209,,,,3630,9519,6140
NO5,1994,26,572,2284,,,,3821,7483,5276
NO5,1994,27,-187,2727,,,,3769,4509,3064
NO5,1994,28,434,2398,,,,3482,2754,1697
NO5,1994,29,-222,1361,,,,2919,1744,628
NO5,1994,30,96,1161,,,,2685,997,-2
NO5,1994,31,440,1001,,,,2697,583,-152
NO5,1994,32,806,788,,,,2996,423,167
NO5,1994,33,777,903,,,,3020,351,254
NO5,1994,34,738,742,,,,3171,293,437
NO5,1994,35,43,574,,,,2726,268,18
NO5,1994,36,794,493,,,,3073,261,383
NO5,1994,37,416,578,,,,2949,257,254
NO5,1994,38,114,373,,,,2772,225,-18
NO5,1994,39,800,344,,,,2634,731,271
NO5,1994,40,581,416,,,,2974,534,361
NO5,1994,41,645,673,,,,3050,402,186
NO5,1994,42,67,317,,,,2728,459,-239
NO5,1994,43,387,272,,,,2722,563,-296
NO5,1994,44,365,169,,,,2644,827,-312
NO5,1994,45,384,218,,,,2642,983,-453
NO5,1994,46,1403,256,,,,2582,2165,352
NO5,1994,47,1641,631,,,,2865,2839,937
NO5,1994,48,743,369,,,,2741,3313,817
NO5,1994,49,1226,225,,,,2682,4344,1260
NO5,1994,50,755,174,,,,2578,5017,1250
NO5,1994,51,1252,201,,,,2595,6018,1711
NO5,1994,52,1472,232,,,,2530,7292,2398
NO5,1995,1,287,63,,1020,-498,2494,7550,1518
NO5,1995,2,1049,106,,1447,-454,2489,8477,1901
NO5,1995,3,1381,231,,2064,-330,2508,9575,2395
NO5,1995,4,440,80,,1812,-293,2461,9983,2105
NO5,1995,5,1898,107,,3040,-238,2466,11743,3278
NO5,1995,6,1395,168,,3805,-96,2445,12979,3901
NO5,1995,7,1186,137,,4398,17,2459,13996,4381
NO5,1995,8,877,86,,4667,4,2433,14803,4663
NO5,1995,9,1244,85,,5430,113,2424,15958,5317
NO5,1995,10,232,33,,5140,131,2422,16161,5009
NO5,1995,11,881,89,,5476,91,2430,16930,5385
NO5,1995,12,976,133,,5950,108,2453,17734,5842
NO5,1995,13,769,76,,6311,92,2443,18428,6220
NO5,1995,14,1047,101,,6999,59,2435,19371,6940
NO5,1995,15,330,116,,7037,-30,2510,19505,7067
NO5,1995,16,48,66,,6854,-223,2466,19528,7077
NO5,1995,17,123,196,,6760,-435,2582,19326,7196
NO5,1995,18,191,443,,6740,-576,3084,18551,7317
NO5,1995,19,218,597,,6644,-859,2911,18301,7503
NO5,1995,20,280,208,,6746,-1643,2758,18509,8389
NO5,1995,21,40,685,,6572,-2193,3574,17019,8765
NO5,1995,22,1075,2550,,6736,-1588,3991,14977,8323
NO5,1995,23,552,2256,,6630,-1110,3959,13181,7740
NO5,1995,24,382,2191,,6444,-615,4074,11144,7058
NO5,1995,25,270,2022,,6229,-130,4063,9305,6360
NO5,1995,26,-44,2555,,5046,418,3616,7041,4628
NO5,1995,27,291,1237,,4591,147,3456,6202,4444
NO5,1995,28,6,1703,,3770,391,3601,4316,3379
NO5,1995,29,1390,2160,,4237,1197,3780,3295,3040
NO5,1995,30,-44,1437,,3388,1461,3203,2408,1927
NO5,1995,31,-80,1291,,2640,1724,2835,1512,916
NO5,1995,32,-176,742,,1764,1476,2423,1116,287
NO5,1995,33,-56,668,,1306,1450,2187,787,-144
NO5,1995,34,452,664,,1341,1467,2309,593,-126
NO5,1995,35,-10,355,,824,1196,2068,537,-372
NO5,1995,36,754,501,,1261,1236,2541,434,24
NO5,1995,37,88,369,,860,1029,2401,382,-169
NO5,1995,38,352,302,,615,752,2502,376,-137
NO5,1995,39,1757,651,,1052,687,2607,853,365
NO5,1995,40,1260,1075,,1807,1358,3343,254,449
NO5,1995,41,501,937,,1619,1688,2999,197,-69
NO5,1995,42,2090,1262,,2702,2154,3263,711,549
NO5,1995,43,2151,1775,,3008,2419,3579,592,589
NO5,1995,44,401,672,,2050,1964,2954,914,86
NO5,1995,45,257,282,,1437,1691,2722,1102,-254
NO5,1995,46,272,158,,914,1381,2566,1361,-468
NO5,1995,47,1241,383,,1333,1356,2880,1863,-24
NO5,1995,48,219,435,,648,1381,2633,1872,-732
NO5,1995,49,183,132,,73,1292,2517,2029,-1220
NO5,1995,50,302,275,,-551,1238,2624,1932,-1789
NO5,1995,51,166,114,,-1358,945,2509,2090,-2302
NO5,1995,52,230,66,,-2083,586,2445,2309,-2669
NO5,1996,1,52,39,,-3407,353,2406,2359,-3760
NO5,1996,2,463,77,,-3696,226,2413,2730,-3922
NO5,1996,3,111,57,,-4336,156,2394,2803,-4491
NO5,1996,4,34,27,,-5065,71,2368,2835,-5136
NO5,1996,5,16,16,,-5773,-46,2353,2851,-5727
NO5,1996,6,69,12,,-6434,-169,2342,2917,-6264
NO5,1996,7,974,49,,-6114,-206,2351,3814,-5908
NO5,1996,8,114,24,,-6606,-291,2338,3921,-6315
NO5,1996,9,1011,52,,-5961,-100,2333,4871,-5861
NO5,1996,10,63,14,,-6345,-27,2327,4929,-6318
NO5,1996,11,15,8,,-6696,16,2323,4940,-6712
NO5,1996,12,21,6,,-7104,-37,2320,4958,-7067
NO5,1996,13,381,18,,-7132,-115,2317,5317,-7017
NO5,1996,14,16,9,,-7345,-121,2320,5321,-7224
NO5,1996,15,25,115,,-7581,-178,2443,5103,-7403
NO5,1996,16,146,300,,-7635,-95,2928,4448,-7540
NO5,1996,17,764,1015,,-7364,290,3342,3717,-7654
NO5,1996,18,550,499,,-7155,86,3018,4059,-7241
NO5,1996,19,238,323,,-7120,-394,2914,4069,-6726
NO5,1996,20,268,814,,-7141,-661,3149,3249,-6480
NO5,1996,21,366,470,,-7094,-1537,3198,3073,-5556
NO5,1996,22,290,566,,-7055,-2381,3245,2726,-4674
NO5,1996,23,522,1074,,-6707,-2674,3451,1916,-4033
NO5,1996,24,514,1404,,-6526,-2807,3132,1308,-3720
NO5,1996,25,490,883,,-6098,-3139,3111,939,-2959
NO5,1996,26,-231,703,,-6313,-3478,2649,545,-2835
NO5,1996,27,1304,949,,-5164,-3523,3147,425,-1641
NO5,1996,28,137,649,,-5054,-3668,2836,317,-1385
NO5,1996,29,99,536,,-5157,-3926,2552,253,-1231
NO5,1996,30,-57,466,,-5235,-4046,2318,177,-1189
NO5,1996,31,414,450,,-5002,-4126,2398,158,-875
NO5,1996,32,10,427,,-5110,-4205,2211,136,-905
NO5,1996,33,-220,354,,-5339,-4249,1907,120,-1090
NO5,1996,34,261,384,,-4965,-4124,2078,108,-841
NO5,1996,35,934,558,,-4103,-3865,2636,102,-238
NO5,1996,36,-17,457,,-4471,-3938,2320,98,-533
NO5,1996,37,109,244,,-4954,-4321,2192,127,-633
NO5,1996,38,-88,185,,-5527,-4664,2059,94,-863
NO5,1996,39,722,216,,-5340,-4912,2489,177,-428
NO5,1996,40,1528,769,,-4468,-4699,2883,496,231
NO5,1996,41,780,734,,-4048,-4177,2970,424,129
NO5,1996,42,686,547,,-3805,-3883,2917,588,79
NO5,1996,43,228,353,,-4153,-3945,2821,552,-209
NO5,1996,44,1660,464,,-2818,-3558,3043,1479,740
NO5,1996,45,1526,883,,-2061,-3095,2909,2203,1034
NO5,1996,46,616,274,,-1906,-2950,2762,2677,1045
NO5,1996,47,186,191,,-2209,-2866,2609,2815,657
NO5,1996,48,57,88,,-2745,-2897,2520,2869,152
NO5,1996,49,576,95,,-2655,-2750,2484,3377,95
NO5,1996,50,428,129,,-2793,-2597,2487,3661,-197
NO5,1996,51,537,67,,-2947,-2658,2439,4174,-288
NO5,1996,52,199,42,,-3392,-2733,2410,4355,-658
NO5,1997,1,4,21,,-4469,-2691,2389,4359,-1777
NO5,1997,2,163,18,,-4833,-2655,2374,4514,-2178
NO5,1997,3,1649,344,,-3773,-2241,2525,5630,-1533
NO5,1997,4,200,113,,-4073,-1968,2448,5786,-2105
NO5,1997,5,439,121,,-4093,-1701,2445,6094,-2391
NO5,1997,6,1400,123,,-3031,-1294,2442,7345,-1736
NO5,1997,7,1127,175,,-2308,-959,2412,8312,-1349
NO5,1997,8,2127,153,,-561,-652,2516,10149,91
NO5,1997,9,2124,399,,1102,-174,2530,11812,1276
NO5,1997,10,2112,410,,2574,145,2510,13493,2429
NO5,1997,11,203,154,,2443,374,2453,13592,2069
NO5,1997,12,23,46,,2054,380,2405,13614,1674
NO5,1997,13,1585,153,,3264,488,2419,15008,2776
NO5,1997,14,2371,584,,5046,761,2519,16632,4285
NO5,1997,15,667,169,,5487,801,2502,17132,4685
NO5,1997,16,37,94,,5295,635,2509,17067,4659
NO5,1997,17,427,69,,5574,364,2457,17465,5210
NO5,1997,18,313,299,,5685,78,2780,17145,5607
NO5,1997,19,584,226,,6155,-395,2765,17494,6550
NO5,1997,20,351,659,,6221,-828,3129,16797,7049
NO5,1997,21,156,677,,5998,-1539,3010,16355,7537
NO5,1997,22,186,626,,5923,-2329,3274,15623,8252
NO5,1997,23,-123,1689,,5141,-2454,3777,13217,7595
NO5,1997,24,66,2652,,4598,-1514,3890,10382,6112
NO5,1997,25,177,1905,,4102,-1338,3644,8804,5439
NO5,1997,26,623,1918,,4097,-934,3937,7123,5031
NO5,1997,27,976,3105,,3688,89,3921,4891,3599
NO5,1997,28,-155,1847,,2686,444,3493,3287,2242
NO5,1997,29,-45,1426,,2061,771,3115,2210,1290
NO5,1997,30,244,1204,,1673,922,2988,1447,751
NO5,1997,31,557,1021,,1707,1096,2981,1061,611
NO5,1997,32,-197,802,,987,1017,2543,679,-30
NO5,1997,33,-197,689,,332,862,2173,414,-530
NO5,1997,34,197,573,,153,722,2182,276,-569
NO5,1997,35,1471,865,,1487,1224,3033,205,262
NO5,1997,36,447,831,,1369,1308,2843,169,62
NO5,1997,37,1257,915,,1768,1372,3158,191,397
NO5,1997,38,1330,1134,,2043,1565,3228,265,478
NO5,1997,39,4,565,,1018,1193,2812,107,-175
NO5,1997,40,1140,578,,1383,1063,2962,506,320
NO5,1997,41,985,884,,1495,1232,3189,339,263
NO5,1997,42,682,489,,1471,1203,3168,525,267
NO5,1997,43,518,450,,970,814,2825,911,155
NO5,1997,44,305,287,,417,462,2920,818,-45
NO5,1997,45,316,276,,-104,214,2695,1065,-318
NO5,1997,46,697,224,,-108,67,2633,1587,-174
NO5,1997,47,67,122,,-697,-92,2529,1633,-605
NO5,1997,48,45,68,,-1300,-199,2459,1676,-1102
NO5,1997,49,626,67,,-1443,-360,2425,2259,-1083
NO5,1997,50,596,185,,-1493,-222,2467,2607,-1270
NO5,1997,51,84,59,,-2125,-324,2415,2685,-1801
NO5,1997,52,265,49,,-2612,-498,2392,2918,-2114
NO5,1998,1,706,70,,-2966,-374,2391,3543,-2592
NO5,1998,2,1350,120,,-2083,-161,2540,4604,-1922
NO5,1998,3,1113,582,,-1812,243,2573,5060,-2055
NO5,1998,4,363,137,,-2149,342,2467,5383,-2490
NO5,1998,5,431,75,,-2379,356,2408,5788,-2735
NO5,1998,6,1186,78,,-1750,488,2388,6897,-2239
NO5,1998,7,1550,274,,-618,931,2493,8032,-1549
NO5,1998,8,1568,708,,290,1541,3127,8194,-1252
NO5,1998,9,2304,855,,1679,2045,2839,9860,-366
NO5,1998,10,755,234,,1787,2148,2631,10582,-362
NO5,1998,11,386,109,,1718,2211,2532,10950,-494
NO5,1998,12,661,125,,1940,2280,2503,11502,-340
NO5,1998,13,423,119,,1998,2354,2516,11779,-356
NO5,1998,14,773,518,,2305,2655,2708,11808,-349
NO5,1998,15,394,145,,2443,2636,2593,12163,-193
NO5,1998,16,470,103,,2643,2441,2549,12569,201
NO5,1998,17,201,205,,2760,2366,2819,12288,395
NO5,1998,18,385,669,,2853,2380,3170,11622,473
NO5,1998,19,582,653,,3210,2246,3253,11420,964
NO5,1998,20,23,1169,,2789,2199,3797,9671,590
NO5,1998,21,160,1383,,2213,1875,3349,8816,337
NO5,1998,22,21,743,,1911,1146,3612,7797,764
NO5,1998,23,460,1438,,1569,612,3579,6777,957
NO5,1998,24,863,1834,,1891,759,3635,5657,1133
NO5,1998,25,614,1350,,1945,454,3647,4852,1491
NO5,1998,26,588,2021,,2022,1058,3746,3247,965
NO5,1998,27,799,1832,,2176,1477,3610,2302,699
NO5,1998,28,299,1104,,2067,1508,3325,1772,559
NO5,1998,29,531,950,,2149,1505,3293,1385,643
NO5,1998,30,810,1090,,2640,1905,3415,1004,735
NO5,1998,31,257,897,,2258,1853,3120,717,406
NO5,1998,32,798,937,,2520,2024,3204,544,496
NO5,1998,33,321,736,,2296,1978,3054,381,318
NO5,1998,34,948,983,,2716,2309,3112,322,407
NO5,1998,35,-4,489,,2049,2024,2717,284,25
NO5,1998,36,-66,337,,1315,1567,2464,234,-252
NO5,1998,37,721,506,,1512,1431,2850,184,82
NO5,1998,38,775,730,,1625,1458,3026,156,167
NO5,1998,39,-45,455,,922,1206,2685,125,-285
NO5,1998,40,193,315,,424,878,2591,103,-454
NO5,1998,41,299,219,,33,528,2653,117,-496
NO5,1998,42,1161,319,,622,455,2614,978,167
NO5,1998,43,1315,415,,1288,411,2860,1599,877
NO5,1998,44,1432,472,,1944,337,2723,2667,1607
NO5,1998,45,155,162,,1472,172,2565,2813,1300
NO5,1998,46,373,111,,1272,33,2485,3148,1239
NO5,1998,47,289,77,,897,-174,2469,3368,1071
NO5,1998,48,519,214,,702,-183,2442,3681,885
NO5,1998,49,325,138,,452,-78,2455,3842,531
NO5,1998,50,64,55,,-135,-93,2402,3901,-42
NO5,1998,51,2023,381,,1199,207,2567,5327,993
NO5,1998,52,1036,173,,1495,183,2462,6274,1313
NO5,1998,53,738,109,,1516,122,2417,6940,1394
NO5,1999,1,634,91,,1363,-3,2388,7504,1366
NO5,1999,2,624,49,,1331,-59,2362,8093,1389
NO5,1999,3,1803,261,,2454,183,2429,9529,2271
NO5,1999,4,585,118,,2292,217,2377,10038,2075
NO5,1999,5,2040,269,,3746,530,2432,11715,3216
NO5,1999,6,43,65,,3219,610,2381,11752,2608
NO5,1999,7,1857,152,,4621,889,2371,13434,3731
NO5,1999,8,953,59,,5111,998,2349,14336,4112
NO5,1999,9,878,60,,5551,1121,2336,15159,4430
NO5,1999,10,307,36,,5281,1086,2330,15439,4195
NO5,1999,11,594,85,,5388,1097,2347,15920,4292
NO5,1999,12,828,67,,5731,1059,2353,16664,4672
NO5,1999,13,465,305,,5782,1276,2567,16591,4506
NO5,1999,14,1529,747,,6686,1709,3366,16476,4977
NO5,1999,15,507,660,,6507,1804,2828,16824,4703
NO5,1999,16,72,229,,6287,1716,2779,16708,4571
NO5,1999,17,178,548,,6145,1771,2965,16121,4374
NO5,1999,18,-1,348,,5857,1457,2996,15722,4400
NO5,1999,19,64,288,,5631,864,2806,15669,4767
NO5,1999,20,239,924,,5560,704,3585,14149,4856
NO5,1999,21,1311,1566,,5986,451,3766,13596,5535
NO5,1999,22,261,1485,,5817,407,3822,12232,5410
NO5,1999,23,459,1849,,5893,738,3956,10599,5155
NO5,1999,24,568,2162,,6062,1381,3999,8841,4681
NO5,1999,25,490,1902,,5607,1285,3898,7433,4322
NO5,1999,26,1081,2478,,5673,1883,3895,5924,3790
NO5,1999,27,93,1873,,4699,1931,3760,4222,2768
NO5,1999,28,135,1833,,3622,1911,3399,2850,1711
NO5,1999,29,815,1554,,3547,2093,3457,2032,1453
NO5,1999,30,-90,1084,,2564,1881,2996,1372,684
NO5,1999,31,-212,918,,1531,1587,2558,818,-56
NO5,1999,32,357,692,,1053,1174,2518,613,-121
NO5,1999,33,-38,417,,439,784,2294,478,-344
NO5,1999,34,235,390,,234,532,2353,376,-298
NO5,1999,35,199,515,,331,735,2296,276,-404
NO5,1999,36,306,545,,268,732,2269,217,-465
NO5,1999,37,638,494,,397,591,2580,178,-194
NO5,1999,38,650,554,,565,604,2821,155,-39
NO5,1999,39,1048,676,,780,529,3152,193,250
NO5,1999,40,423,527,,399,320,2883,343,79
NO5,1999,41,1291,584,,829,198,2830,1066,631
NO5,1999,42,133,224,,468,98,2623,1172,370
NO5,1999,43,859,431,,642,29,2956,1239,614
NO5,1999,44,1616,1363,,1035,453,3251,1114,583
NO5,1999,45,218,521,,501,540,3097,943,-38
NO5,1999,46,191,307,,-32,458,2795,1110,-490
NO5,1999,47,1555,560,,813,732,3042,1805,80
NO5,1999,48,2442,841,,2074,933,2905,3474,1141
NO5,1999,49,1761,304,,3142,1102,2707,5099,2040
NO5,1999,50,760,139,,3210,1143,2591,5820,2067
NO5,1999,51,907,147,,3417,1168,2595,6555,2249
NO5,1999,52,465,150,,3065,1037,2523,6929,2028
NO5,2000,1,2610,349,,4368,1235,2625,9034,3133
NO5,2000,2,1121,283,,4710,1303,2509,9964,3408
NO5,2000,3,696,133,,4657,1324,2508,10512,3333
NO5,2000,4,899,75,,4845,1357,2475,11352,3488
NO5,2000,5,2444,169,,6680,1540,2571,13500,5140
NO5,2000,6,1546,319,,7533,1789,2548,14719,5743
NO5,2000,7,581,111,,7510,1853,2472,15259,5657
NO5,2000,8,965,70,,7814,1778,2456,16153,6036
NO5,2000,9,1679,198,,8790,1800,2449,17607,6991
NO5,2000,10,1790,119,,9849,1711,2435,19278,8139
NO5,2000,11,885,72,,10168,1628,2432,20083,8539
NO5,2000,12,591,103,,10127,1478,2437,20557,8649
NO5,2000,13,180,46,,9755,1281,2449,20676,8474
NO5,2000,14,803,85,,10022,1051,2462,21375,8971
NO5,2000,15,159,117,,9766,843,2486,21386,8923
NO5,2000,16,720,300,,10196,844,2808,21460,9352
NO5,2000,17,439,695,,10267,1009,3213,20758,9258
NO5,2000,18,230,1400,,9880,1468,3524,19206,8412
NO5,2000,19,-64,1513,,9369,2004,3691,17382,7364
NO5,2000,20,572,2357,,9071,2804,3717,15427,6267
NO5,2000,21,389,1310,,8933,2607,3659,14493,6325
NO5,2000,22,894,1166,,9072,1901,3531,14285,7171
NO5,2000,23,89,1127,,8465,1141,3819,12906,7325
NO5,2000,24,1591,2253,,8665,903,3573,12348,7762
NO5,2000,25,672,2336,,8193,1070,4010,10121,7123
NO5,2000,26,947,2165,,8129,1343,4395,8419,6786
NO5,2000,27,524,2654,,6971,1591,3820,6774,5380
NO5,2000,28,407,1559,,6431,1577,3695,5697,4854
NO5,2000,29,-118,1535,,5374,1684,3469,4256,3690
NO5,2000,30,120,1535,,4584,1948,3277,3043,2636
NO5,2000,31,152,1171,,3726,1821,3052,2285,1905
NO5,2000,32,421,940,,3236,1650,2938,1900,1585
NO5,2000,33,738,1093,,3217,1815,3018,1502,1402
NO5,2000,34,568,872,,2888,1661,2982,1273,1228
NO5,2000,35,825,932,,2848,1612,3200,1013,1237
NO5,2000,36,1050,888,,3257,1829,3476,902,1428
NO5,2000,37,499,892,,2622,1593,3139,842,1029
NO5,2000,38,194,605,,2001,1410,2853,754,591
NO5,2000,39,364,483,,1203,1233,2923,141,-30
NO5,2000,40,173,432,,867,1101,2786,127,-235
NO5,2000,41,1310,756,,1187,1002,3140,310,184
NO5,2000,42,798,679,,1525,1356,3349,246,169
NO5,2000,43,899,775,,1381,1274,3215,473,107
NO5,2000,44,1406,539,,1855,1112,3003,1522,743
NO5,2000,45,416,264,,1570,976,2823,1849,594
NO5,2000,46,707,237,,1613,878,2752,2379,736
NO5,2000,47,1073,188,,2047,809,2691,3313,1238
NO5,2000,48,594,194,,2101,937,2726,3675,1164
NO5,2000,49,633,391,,2103,1249,2831,3789,854
NO5,2000,50,724,284,,2115,1416,2730,4314,699
NO5,2000,51,25,115,,1262,1213,2612,4338,49
NO5,2000,52,220,69,,634,962,2547,4549,-328
NO5,2001,1,557,69,,-69,881,2523,5052,-950
NO5,2001,2,366,58,,-412,769,2495,5390,-1181
NO5,2001,3,2,24,,-1168,657,2471,5392,-1825
NO5,2001,4,427,50,,-1436,672,2478,5753,-2108
NO5,2001,5,44,29,,-2116,568,2457,5790,-2684
NO5,2001,6,502,31,,-2283,528,2443,6269,-2812
NO5,2001,7,970,101,,-1882,627,2464,7100,-2509
NO5,2001,8,595,77,,-1904,597,2463,7609,-2501
NO5,2001,9,244,28,,-2328,453,2442,7842,-2781
NO5,2001,10,971,73,,-1935,470,2457,8712,-2405
NO5,2001,11,494,74,,-1862,529,2451,9133,-2391
NO5,2001,12,4,20,,-2316,459,2434,9136,-2775
NO5,2001,13,138,16,,-2552,410,2433,9257,-2961
NO5,2001,14,1310,216,,-1682,427,2495,10262,-2109
NO5,2001,15,174,77,,-1704,389,2468,10387,-2094
NO5,2001,16,96,37,,-1816,189,2452,10460,-2005
NO5,2001,17,538,113,,-1403,-19,2514,10813,-1385
NO5,2001,18,435,246,,-1060,-254,2575,10937,-807
NO5,2001,19,-32,719,,-1389,-407,3530,9196,-983
NO5,2001,20,286,1724,,-2173,-476,3571,7610,-1696
NO5,2001,21,155,988,,-2343,-808,3539,6754,-1535
NO5,2001,22,637,1657,,-2220,-756,3677,5504,-1464
NO5,2001,23,554,1233,,-2168,-1200,3687,4744,-968
NO5,2001,24,-3,876,,-2534,-1897,3581,3942,-637
NO5,2001,25,345,1722,,-2680,-1755,3717,2366,-925
NO5,2001,26,101,1689,,-2891,-1367,3455,1050,-1524
NO5,2001,27,-65,1183,,-2779,-951,2951,435,-1828
NO5,2001,28,976,1107,,-1816,-669,3157,234,-1147
NO5,2001,29,391,730,,-1564,-708,3011,169,-856
NO5,2001,30,337,818,,-1436,-629,2753,124,-807
NO5,2001,31,808,688,,-830,-503,2995,110,-327
NO5,2001,32,431,600,,-879,-666,2935,104,-213
NO5,2001,33,700,851,,-376,-318,2964,96,-58
NO5,2001,34,256,655,,-406,-249,2780,90,-157
NO5,2001,35,789,810,,-158,-138,2869,87,-20
NO5,2001,36,419,571,,-326,-246,2784,87,-80
NO5,2001,37,121,368,,-813,-579,2635,83,-234
NO5,2001,38,294,397,,-957,-685,2663,80,-272
NO5,2001,39,-24,276,,-1457,-870,2420,88,-587
NO5,2001,40,1770,1039,,-277,-356,3144,83,79
NO5,2001,41,1300,986,,363,72,3461,95,290
NO5,2001,42,247,655,,41,287,3098,82,-246
NO5,2001,43,561,419,,-172,97,3202,110,-269
NO5,2001,44,2239,1003,,1072,375,3500,979,697
NO5,2001,45,1005,648,,1116,394,3040,1760,722
NO5,2001,46,772,342,,1149,339,2871,2333,810
NO5,2001,47,701,269,,1178,332,2735,2877,846
NO5,2001,48,1189,232,,1795,493,2705,3835,1302
NO5,2001,49,592,179,,1749,572,2621,4322,1177
NO5,2001,50,118,177,,1124,594,2632,4242,529
NO5,2001,51,395,93,,666,403,2554,4610,263
NO5,2001,52,279,58,,177,220,2505,4876,-43
NO5,2002,1,777,56,,-262,173,2474,5616,-435
NO5,2002,2,228,50,,-659,144,2485,5777,-803
NO5,2002,3,796,259,,-638,277,2565,6208,-915
NO5,2002,4,1281,147,,-95,356,2505,7384,-451
NO5,2002,5,1942,128,,1244,501,2532,9142,743
NO5,2002,6,1326,257,,1924,726,2538,10184,1198
NO5,2002,7,1097,146,,2435,852,2531,11126,1583
NO5,2002,8,893,139,,2603,783,2474,11919,1820
NO5,2002,9,594,49,,2628,763,2444,12487,1865
NO5,2002,10,2689,137,,4727,853,2445,15003,3874
NO5,2002,11,961,80,,5207,853,2430,15900,4354
NO5,2002,12,331,55,,5022,767,2429,16171,4255
NO5,2002,13,100,67,,4710,734,2451,16177,3977
NO5,2002,14,61,186,,4395,770,2598,15894,3626
NO5,2002,15,38,158,,4078,665,2577,15785,3413
NO5,2002,16,45,223,,3816,558,2735,15439,3258
NO5,2002,17,376,658,,3837,702,3001,14846,3134
NO5,2002,18,998,552,,4687,743,2986,15276,3943
NO5,2002,19,17,867,,4523,861,3538,13834,3663
NO5,2002,20,177,1209,,4500,1106,3399,12873,3394
NO5,2002,21,187,1591,,4562,1613,3799,10977,2949
NO5,2002,22,685,1860,,4698,1837,3819,9687,2861
NO5,2002,23,-162,2441,,3704,2313,4040,6751,1391
NO5,2002,24,632,2590,,3103,2543,3757,4962,560
NO5,2002,25,408,1722,,2799,2464,3550,3793,335
NO5,2002,26,881,1500,,2957,2316,3618,3052,641
NO5,2002,27,756,1463,,2674,1965,3557,2365,709
NO5,2002,28,1099,1716,,3092,2342,3685,1603,750
NO5,2002,29,30,1227,,2279,2146,3243,925,133
NO5,2002,30,383,1048,,1864,1955,2987,607,-90
NO5,2002,31,-305,739,,1166,1801,2492,305,-635
NO5,2002,32,-8,631,,507,1343,2238,178,-836
NO5,2002,33,216,586,,279,1087,2188,122,-808
NO5,2002,34,-176,479,,-254,795,1888,91,-1049
NO5,2002,35,478,458,,-124,633,2141,79,-757
NO5,2002,36,694,561,,41,481,2437,73,-440
NO5,2002,37,-117,455,,-626,140,2118,68,-765
NO5,2002,38,148,282,,-1142,-253,2050,76,-889
NO5,2002,39,259,230,,-1511,-599,2112,71,-912
NO5,2002,40,592,428,,-1406,-663,2341,65,-743
NO5,2002,41,56,200,,-2119,-1116,2141,121,-1003
NO5,2002,42,98,107,,-2662,-1487,2031,219,-1175
NO5,2002,43,1813,187,,-1712,-1980,2068,1781,268
NO5,2002,44,798,163,,-1712,-2409,2016,2464,697
NO5,2002,45,333,86,,-2000,-2640,1986,2732,640
NO5,2002,46,458,58,,-2174,-2891,1955,3157,717
NO5,2002,47,204,43,,-2538,-3044,1928,3344,506
NO5,2002,48,237,30,,-2951,-3191,1918,3559,240
NO5,2002,49,75,22,,-3558,-3324,1908,3624,-235
NO5,2002,50,4,13,,-4166,-3344,1896,3627,-822
NO5,2002,51,298,23,,-4520,-3409,1894,3896,-1111
NO5,2002,52,215,24,,-5053,-3607,1899,4078,-1446
NO5,2003,1,304,25,,-5995,-3724,1886,4368,-2271
NO5,2003,2,326,20,,-6274,-3763,1890,4665,-2510
NO5,2003,3,2739,356,,-4193,-3391,2036,6850,-802
NO5,2003,4,1356,198,,-3404,-3091,1979,8048,-313
NO5,2003,5,434,115,,-3572,-2980,1956,8383,-592
NO5,2003,6,303,41,,-3680,-2748,1947,8644,-932
NO5,2003,7,139,96,,-3981,-2534,1943,8683,-1447
NO5,2003,8,0,20,,-4421,-2454,1923,8683,-1967
NO5,2003,9,3,11,,-4797,-2329,1912,8685,-2468
NO5,2003,10,624,40,,-4633,-2232,1924,9249,-2401
NO5,2003,11,487,141,,-4496,-2031,1952,9559,-2465
NO5,2003,12,7,31,,-4811,-1951,1942,9543,-2860
NO5,2003,13,173,77,,-4907,-1831,1997,9578,-3076
NO5,2003,14,451,111,,-4672,-1708,1975,9927,-2964
NO5,2003,15,105,36,,-4703,-1721,1955,10012,-2981
NO5,2003,16,-3,156,,-4755,-1652,2425,9388,-3103
NO5,2003,17,50,503,,-4934,-1553,2712,8619,-3381
NO5,2003,18,657,426,,-4409,-1619,2688,8841,-2790
NO5,2003,19,810,640,,-3777,-1732,2910,8754,-2044
NO5,2003,20,785,690,,-3387,-2224,2926,8789,-1163
NO5,2003,21,723,1028,,-3106,-2630,3489,7863,-475
NO5,2003,22,345,1449,,-3037,-2571,3645,6534,-466
NO5,2003,23,414,2258,,-3085,-1902,3952,4266,-1183
NO5,2003,24,218,1937,,-3437,-1693,3561,2855,-1744
NO5,2003,25,345,1385,,-3327,-1645,3428,1898,-1682
NO5,2003,26,468,1388,,-3173,-1541,3402,995,-1632
NO5,2003,27,497,1242,,-2891,-1382,3231,473,-1509
NO5,2003,28,366,915,,-2752,-1477,3009,254,-1275
NO5,2003,29,-41,727,,-2886,-1630,2667,112,-1256
NO5,2003,30,560,727,,-2375,-1530,2758,81,-845
NO5,2003,31,337,682,,-2237,-1512,2639,69,-724
NO5,2003,32,-86,536,,-2746,-1824,2267,63,-922
NO5,2003,33,1147,753,,-1904,-1730,2884,59,-174
NO5,2003,34,683,818,,-1685,-1637,2923,57,-48
NO5,2003,35,-54,488,,-1983,-1556,2494,56,-426
NO5,2003,36,122,332,,-2301,-1810,2405,55,-491
NO5,2003,37,656,567,,-2167,-1883,2614,54,-284
NO5,2003,38,709,647,,-1951,-1752,2762,54,-199
NO5,2003,39,2178,1396,,-746,-1175,3396,128,429
NO5,2003,40,527,760,,-1080,-1193,3117,144,113
NO5,2003,41,695,461,,-1067,-1269,2960,508,203
NO5,2003,42,41,280,,-1662,-1457,2700,521,-205
NO5,2003,43,98,145,,-2513,-2098,2551,615,-415
NO5,2003,44,670,270,,-2682,-2443,2615,928,-240
NO5,2003,45,392,225,,-2835,-2457,2660,1040,-378
NO5,2003,46,131,131,,-3282,-2580,2534,1158,-702
NO5,2003,47,540,141,,-3237,-2548,2490,1587,-689
NO5,2003,48,371,111,,-3426,-2518,2458,1871,-908
NO5,2003,49,678,142,,-3296,-2383,2455,2398,-913
NO5,2003,50,1157,240,,-2782,-2177,2477,3263,-604
NO5,2003,51,1219,359,,-2297,-1959,2605,3958,-338
NO5,2003,52,1375,255,,-1644,-1873,2532,5121,230
NO5,2004,1,166,98,,-2505,-1700,2442,5278,-805
NO5,2004,2,488,71,,-2594,-1661,2408,5725,-933
NO5,2004,3,554,80,,-2692,-1606,2384,6218,-1086
NO5,2004,4,546,43,,-2875,-1631,2368,6728,-1244
NO5,2004,5,695,53,,-2854,-1651,2349,7379,-1203
NO5,2004,6,1643,303,,-1682,-1192,2492,8542,-490
NO5,2004,7,241,103,,-2002,-1102,2409,8764,-901
NO5,2004,8,130,47,,-2421,-1100,2374,8878,-1320
NO5,2004,9,612,43,,-2360,-1106,2350,9462,-1254
NO5,2004,10,147,22,,-2700,-1060,2338,9595,-1640
NO5,2004,11,138,16,,-2950,-1029,2331,9722,-1922
NO5,2004,12,1102,344,,-2334,-767,2479,10298,-1568
NO5,2004,13,207,94,,-2576,-811,2407,10480,-1765
NO5,2004,14,115,100,,-2712,-742,2435,10460,-1970
NO5,2004,15,313,131,,-2599,-718,2428,10639,-1881
NO5,2004,16,335,324,,-2482,-624,2813,10245,-1859
NO5,2004,17,410,859,,-2424,-262,3199,9351,-2162
NO5,2004,18,365,1100,,-2559,6,3332,8421,-2565
NO5,2004,19,1109,1874,,-1299,1531,4098,6782,-2830
NO5,2004,20,159,1773,,-1775,1919,3500,5684,-3693
NO5,2004,21,1132,1264,,-1195,1667,3339,5626,-2862
NO5,2004,22,-4,681,,-1645,745,3427,4828,-2390
NO5,2004,23,-152,1559,,-2796,125,3401,3078,-2921
NO5,2004,24,559,1459,,-2552,81,3403,2124,-2633
NO5,2004,25,803,1172,,-2293,-397,3381,1731,-1896
NO5,2004,26,431,894,,-2102,-718,3361,1284,-1384
NO5,2004,27,526,1056,,-1894,-810,3298,832,-1084
NO5,2004,28,-29,707,,-2145,-1054,2867,580,-1091
NO5,2004,29,323,593,,-1991,-1190,2821,413,-802
NO5,2004,30,365,649,,-1736,-1106,2783,271,-630
NO5,2004,31,-166,519,,-2100,-1209,2370,171,-891
NO5,2004,32,535,679,,-1848,-1264,2567,102,-583
NO5,2004,33,-276,541,,-2351,-1426,2120,72,-925
NO5,2004,34,675,479,,-1985,-1522,2501,63,-463
NO5,2004,35,684,525,,-1568,-1398,2747,60,-170
NO5,2004,36,812,829,,-1251,-1207,2851,56,-44
NO5,2004,37,-21,422,,-1802,-1452,2549,53,-349
NO5,2004,38,1260,845,,-1043,-1070,2986,55,27
NO5,2004,39,1146,1041,,-609,-659,3084,60,50
NO5,2004,40,737,745,,-558,-523,3003,111,-34
NO5,2004,41,1058,820,,-286,-336,3126,189,50
NO5,2004,42,35,309,,-802,-408,2825,207,-394
NO5,2004,43,521,248,,-958,-670,2770,523,-288
NO5,2004,44,362,214,,-1298,-949,2661,772,-349
NO5,2004,45,662,270,,-1227,-952,2707,1097,-274
NO5,2004,46,1064,413,,-685,-712,2893,1530,28
NO5,2004,47,1669,618,,196,-461,2781,2642,657
NO5,2004,48,1212,270,,769,-329,2700,3635,1097
NO5,2004,49,578,236,,799,-89,2721,3934,889
NO5,2004,50,1308,572,,1209,214,2732,4608,995
NO5,2004,51,1258,550,,1541,445,2775,5223,1096
NO5,2004,52,1190,229,,1862,353,2611,6322,1509
NO5,2004,53,1493,202,,2578,338,2561,7641,2240
NO5,2005,1,3898,400,,5617,499,2605,11038,5118
NO5,2005,2,2564,509,,7495,899,2556,13106,6596
NO5,2005,3,871,248,,7672,1100,2511,13749,6572
NO5,2005,4,195,56,,7107,1053,2463,13931,6054
NO5,2005,5,651,142,,7038,1086,2507,14375,5952
NO5,2005,6,1143,171,,7468,1163,2467,15362,6305
NO5,2005,7,359,55,,7132,1078,2432,15695,6054
NO5,2005,8,14,23,,6376,830,2410,15709,5546
NO5,2005,9,288,20,,5938,622,2398,15984,5316
NO5,2005,10,248,20,,5493,463,2394,16210,5030
NO5,2005,11,1076,64,,5952,319,2392,17216,5633
NO5,2005,12,51,69,,5499,254,2453,17137,5245
NO5,2005,13,4,104,,5045,210,2474,17012,4835
NO5,2005,14,810,298,,5291,185,2582,17390,5106
NO5,2005,15,827,319,,5726,219,2655,17801,5507
NO5,2005,16,66,226,,5457,90,2662,17621,5367
NO5,2005,17,112,255,,5423,8,2856,17272,5415
NO5,2005,18,520,658,,5614,-16,2961,16988,5631
NO5,2005,19,40,289,,5548,-429,2869,16817,5977
NO5,2005,20,601,379,,6046,-954,3095,16783,7000
NO5,2005,21,608,1101,,6372,-1123,3448,15874,7494
NO5,2005,22,252,1022,,6285,-1566,3563,14933,7852
NO5,2005,23,180,1026,,5999,-2193,3491,14101,8192
NO5,2005,24,1029,1961,,6560,-1834,3934,12620,8394
NO5,2005,25,328,2582,,6351,-807,3858,10308,7158
NO5,2005,26,-36,1893,,5411,-711,3858,8292,6122
NO5,2005,27,159,2837,,4400,251,3870,5493,4149
NO5,2005,28,140,2278,,3051,430,3425,3735,2622
NO5,2005,29,1040,2135,,2968,966,3693,2345,2002
NO5,2005,30,481,1635,,2204,973,3395,1520,1231
NO5,2005,31,365,1106,,1659,869,3144,1077,789
NO5,2005,32,152,841,,1059,680,2904,727,379
NO5,2005,33,-79,611,,386,432,2570,500,-47
NO5,2005,34,692,721,,656,545,2762,376,111
NO5,2005,35,906,937,,1092,896,2876,296,196
NO5,2005,36,673,844,,1185,1042,2853,241,143
NO5,2005,37,1398,1166,,1682,1333,3063,238,349
NO5,2005,38,658,891,,1494,1401,2919,189,93
NO5,2005,39,856,700,,1433,1350,3100,78,84
NO5,2005,40,280,621,,952,1189,2852,59,-237
NO5,2005,41,352,497,,543,981,2764,63,-438
NO5,2005,42,520,325,,367,775,2739,280,-407
NO5,2005,43,889,455,,634,781,3156,278,-147
NO5,2005,44,1022,1134,,1019,1468,3260,74,-449
NO5,2005,45,1557,1118,,1575,1944,3305,404,-369
NO5,2005,46,1961,1012,,2403,2212,3061,1524,191
NO5,2005,47,628,454,,2059,2098,2898,1829,-39
NO5,2005,48,371,217,,1565,1935,2694,2173,-370
NO5,2005,49,387,147,,1261,1931,2632,2464,-670
NO5,2005,50,1139,330,,1569,2041,2600,3273,-472
NO5,2005,51,713,151,,1506,1987,2563,3857,-481
NO5,2005,52,82,83,,689,1698,2480,3935,-1009
NO5,2006,1,30,43,,-620,1505,2440,3961,-2125
NO5,2006,2,852,181,,-508,1508,2489,4561,-2016
NO5,2006,3,1037,114,,-370,1359,2434,5525,-1729
NO5,2006,4,194,48,,-978,1256,2407,5699,-2234
NO5,2006,5,210,43,,-1540,1124,2410,5857,-2664
NO5,2006,6,1176,118,,-1114,1102,2404,6904,-2216
NO5,2006,7,186,38,,-1603,1015,2391,7065,-2618
NO5,2006,8,12,26,,-2198,933,2389,7053,-3131
NO5,2006,9,115,21,,-2759,773,2371,7162,-3532
NO5,2006,10,47,12,,-3480,527,2360,7207,-4007
NO5,2006,11,19,8,,-4021,376,2357,7222,-4397
NO5,2006,12,97,11,,-4427,256,2352,7310,-4683
NO5,2006,13,535,70,,-4232,300,2376,7744,-4531
NO5,2006,14,506,49,,-4013,283,2381,8189,-4295
NO5,2006,15,395,89,,-3810,269,2410,8460,-4079
NO5,2006,16,498,123,,-3508,177,2412,8821,-3684
NO5,2006,17,300,179,,-3251,121,2484,8856,-3372
NO5,2006,18,115,487,,-2987,373,3167,7791,-3360
NO5,2006,19,19,1546,,-3583,784,3361,5981,-4367
NO5,2006,20,485,685,,-3248,536,3426,5667,-3784
NO5,2006,21,791,944,,-2885,51,3284,5607,-2936
NO5,2006,22,136,727,,-2979,-605,3396,4874,-2374
NO5,2006,23,-137,1232,,-3559,-1010,3693,3158,-2549
NO5,2006,24,-193,2003,,-4410,-857,3267,1340,-3552
NO5,2006,25,551,1356,,-4005,-793,3064,732,-3212
NO5,2006,26,-172,767,,-4353,-1278,2619,335,-3074
NO5,2006,27,-152,636,,-4413,-1600,2262,139,-2813
NO5,2006,28,718,739,,-3755,-1704,2387,101,-2051
NO5,2006,29,-190,505,,-4069,-2117,2012,71,-1953
NO5,2006,30,20,503,,-4169,-2437,1895,57,-1732
NO5,2006,31,117,508,,-4215,-2643,1807,52,-1572
NO5,2006,32,411,479,,-4262,-3051,1991,50,-1211
NO5,2006,33,442,506,,-4193,-3283,2159,48,-910
NO5,2006,34,603,548,,-3952,-3416,2445,46,-536
NO5,2006,35,816,712,,-3454,-3231,2707,45,-223
NO5,2006,36,670,677,,-3287,-3169,2787,45,-118
NO5,2006,37,-29,494,,-3769,-3340,2480,44,-429
NO5,2006,38,579,710,,-3524,-3084,2532,43,-440
NO5,2006,39,732,644,,-3186,-2918,2784,42,-268
NO5,2006,40,1123,644,,-2420,-2618,3295,51,198
NO5,2006,41,291,700,,-2838,-2562,2944,45,-276
NO5,2006,42,757,450,,-2559,-2431,3035,262,-128
NO5,2006,43,618,465,,-2611,-2473,2893,550,-138
NO5,2006,44,1431,412,,-1717,-2367,2855,1578,650
NO5,2006,45,1928,1003,,-723,-1938,2955,2337,1215
NO5,2006,46,1854,467,,521,-1720,2826,3809,2240
NO5,2006,47,847,369,,871,-1449,2822,4265,2320
NO5,2006,48,1616,1026,,1540,-826,3182,4421,2366
NO5,2006,49,1412,720,,2016,-460,2917,5324,2475
NO5,2006,50,3035,711,,4227,72,2837,7663,4155
NO5,2006,51,685,350,,4180,261,2842,7978,3919
NO5,2006,52,554,384,,3947,408,2803,8160,3539
NO5,2007,1,1463,332,,4252,719,2711,9348,3533
NO5,2007,2,2351,341,,5955,996,2661,11363,4958
NO5,2007,3,1897,269,,7152,1210,2588,13042,5942
NO5,2007,4,474,82,,6763,1086,2525,13493,5677
NO5,2007,5,1426,196,,7402,1113,2573,14647,6289
NO5,2007,6,414,119,,6970,986,2504,15005,5985
NO5,2007,7,338,59,,6631,925,2500,15279,5706
NO5,2007,8,565,68,,6431,733,2465,15807,5698
NO5,2007,9,382,48,,6252,712,2457,16148,5540
NO5,2007,10,826,107,,6479,744,2502,16807,5735
NO5,2007,11,1946,525,,7719,1018,2591,18085,6700
NO5,2007,12,341,127,,7550,1008,2539,18348,6542
NO5,2007,13,0,146,,7062,978,2531,18205,6084
NO5,2007,14,115,97,,6791,907,2532,18218,5884
NO5,2007,15,758,201,,7105,760,2707,18586,6344
NO5,2007,16,574,399,,7094,573,2741,18697,6521
NO5,2007,17,311,783,,7071,864,3298,17621,6207
NO5,2007,18,-42,1245,,6388,1138,3596,15972,5250
NO5,2007,19,368,855,,6233,916,3200,15826,5317
NO5,2007,20,849,558,,6848,451,3441,15835,6398
NO5,2007,21,817,1357,,6818,-1,3485,15162,6819
NO5,2007,22,656,1545,,7297,269,4032,13640,7028
NO5,2007,23,-207,2834,,5927,842,4224,10261,5085
NO5,2007,24,-81,2298,,4616,771,3508,8496,3844
NO5,2007,25,604,2052,,4339,885,4019,6442,3454
NO5,2007,26,204,2112,,3425,956,3614,4884,2469
NO5,2007,27,1370,2472,,4203,2096,3930,3390,2107
NO5,2007,28,1544,2498,,4273,2501,3804,2505,1771
NO5,2007,29,507,1578,,3965,2748,3472,1780,1216
NO5,2007,30,311,1102,,3585,2757,3269,1243,828
NO5,2007,31,287,858,,3322,2773,3011,970,549
NO5,2007,32,-12,870,,2696,2675,2711,562,21
NO5,2007,33,1203,1084,,3241,2870,3087,401,371
NO5,2007,34,116,737,,2628,2626,2755,275,2
NO5,2007,35,576,568,,2442,2378,2776,264,64
NO5,2007,36,767,748,,2385,2254,2846,236,131
NO5,2007,37,950,797,,2240,1957,2895,340,283
NO5,2007,38,1359,895,,2366,1733,3158,490,633
NO5,2007,39,536,934,,1736,1787,2927,117,-51
NO5,2007,40,273,465,,1188,1449,2814,73,-261
NO5,2007,41,370,362,,746,1123,2778,111,-377
NO5,2007,42,589,572,,732,1250,2782,126,-518
NO5,2007,43,174,287,,356,1136,2716,85,-780
NO5,2007,44,2327,1267,,1427,1432,3131,646,-6
NO5,2007,45,1013,513,,1510,1347,2754,1487,163
NO5,2007,46,155,212,,893,1114,2597,1576,-221
NO5,2007,47,469,185,,668,995,2503,1937,-327
NO5,2007,48,1374,198,,1360,1012,2465,3120,348
NO5,2007,49,1289,376,,1953,1248,2558,3914,705
NO5,2007,50,23,133,,1133,1119,2424,3935,15
NO5,2007,51,14,63,,349,943,2360,3947,-594
NO5,2007,52,1689,316,,1286,1071,2434,5205,215
NO5,2008,1,292,105,,394,1096,2347,5476,-703
NO5,2008,2,1135,119,,929,1170,2339,6486,-241
NO5,2008,3,1567,160,,1875,1357,2350,7857,519
NO5,2008,4,2117,179,,3274,1488,2353,9773,1785
NO5,2008,5,1322,241,,3870,1615,2350,10836,2255
NO5,2008,6,1145,136,,4408,1749,2381,11802,2659
NO5,2008,7,206,88,,3922,1700,2329,11967,2222
NO5,2008,8,2115,370,,5385,1962,2469,13527,3423
NO5,2008,9,2086,300,,6775,2081,2389,15370,4694
NO5,2008,10,860,113,,6946,2024,2357,16140,4923
NO5,2008,11,584,163,,6931,2002,2348,16556,4929
NO5,2008,12,362,52,,6719,1854,2311,16899,4865
NO5,2008,13,327,35,,6491,1643,2303,17196,4848
NO5,2008,14,688,158,,6680,1530,2353,17663,5151
NO5,2008,15,326,81,,6623,1312,2334,17925,5310
NO5,2008,16,95,59,,6391,1013,2327,17968,5378
NO5,2008,17,79,165,,6208,720,2473,17728,5489
NO5,2008,18,1091,1051,,6812,957,3317,16856,5854
NO5,2008,19,-28,1464,,6181,1284,3782,14823,4896
NO5,2008,20,335,1548,,5873,1456,3558,13737,4417
NO5,2008,21,91,627,,5612,714,3294,13432,4899
NO5,2008,22,-51,1573,,5138,753,4144,10886,4385
NO5,2008,23,-196,3445,,3350,1532,4190,7028,1818
NO5,2008,24,635,2081,,3113,1607,3542,6123,1506
NO5,2008,25,505,1386,,3136,1410,3603,5130,1725
NO5,2008,26,246,1157,,2737,984,3438,4344,1753
NO5,2008,27,-45,1566,,2158,1205,3446,2720,952
NO5,2008,28,738,1753,,1880,1267,3352,1800,614
NO5,2008,29,734,1295,,1965,1403,3226,1371,561
NO5,2008,30,-64,1040,,1519,1567,2892,744,-48
NO5,2008,31,92,965,,1179,1583,2682,346,-404
NO5,2008,32,627,791,,1144,1412,2740,244,-269
NO5,2008,33,773,756,,1436,1463,2901,189,-28
NO5,2008,34,-18,507,,829,1135,2581,140,-306
NO5,2008,35,225,448,,667,1032,2495,116,-365
NO5,2008,36,870,698,,1007,1075,2783,99,-68
NO5,2008,37,87,395,,465,755,2574,87,-290
NO5,2008,38,83,249,,-100,381,2451,83,-481
NO5,2008,39,43,248,,-608,54,2365,67,-662
NO5,2008,40,702,294,,-468,-142,2408,413,-326
NO5,2008,41,897,453,,101,112,2942,312,-11
NO5,2008,42,969,804,,312,368,2803,567,-56
NO5,2008,43,2460,1006,,1842,688,3112,1623,1154
NO5,2008,44,787,582,,1505,383,2734,2170,1122
NO5,2008,45,232,222,,1038,214,2633,2268,823
NO5,2008,46,1427,351,,1842,291,2850,3096,1551
NO5,2008,47,900,363,,1980,285,2588,3874,1696
NO5,2008,48,1112,304,,2333,336,2569,4665,1997
NO5,2008,49,216,117,,1728,165,2459,4871,1563
NO5,2008,50,441,78,,1286,-54,2404,5280,1340
NO5,2008,51,1292,211,,1690,-145,2434,6302,1835
NO5,2008,52,606,126,,1484,-304,2383,6828,1788
NO5,2009,1,130,36,,302,-476,2351,6952,777
NO5,2009,2,682,99,,307,-497,2397,7472,804
NO5,2009,3,1393,539,,630,-338,2451,8205,968
NO5,2009,4,761,107,,690,-269,2401,8898,959
NO5,2009,5,107,52,,120,-307,2361,8997,427
NO5,2009,6,420,37,,-48,-259,2337,9398,212
NO5,2009,7,204,25,,-418,-260,2322,9593,-158
NO5,2009,8,778,51,,-245,-302,2339,10291,57
NO5,2009,9,745,108,,-76,-269,2332,10925,192
NO5,2009,10,675,85,,29,-232,2350,11485,261
NO5,2009,11,612,93,,129,-243,2347,12000,372
NO5,2009,12,459,98,,90,-268,2349,12353,357
NO5,2009,13,279,47,,-76,-355,2327,12604,279
NO5,2009,14,457,99,,55,-362,2434,12849,417
NO5,2009,15,543,329,,367,-157,2731,12742,524
NO5,2009,16,162,526,,151,-12,2911,12168,163
NO5,2009,17,23,561,,-103,94,3212,11303,-197
NO5,2009,18,317,1321,,-282,598,3678,9761,-879
NO5,2009,19,795,941,,182,668,3307,9915,-486
NO5,2009,20,76,629,,56,291,3298,9345,-235
NO5,2009,21,214,1019,,-54,-8,3585,8196,-47
NO5,2009,22,885,1621,,113,-198,3820,7136,311
NO5,2009,23,-112,1485,,-942,-836,3360,5934,-106
NO5,2009,24,331,1127,,-1081,-1366,3463,4982,286
NO5,2009,25,333,1075,,-1064,-1712,3475,4181,648
NO5,2009,26,-259,1548,,-1721,-1521,3376,2453,-200
NO5,2009,27,-321,1636,,-2413,-1129,2853,1076,-1284
NO5,2009,28,426,1077,,-1978,-802,2726,636,-1176
NO5,2009,29,251,713,,-1594,-583,2631,394,-1011
NO5,2009,30,803,850,,-833,-234,2811,274,-599
NO5,2009,31,651,712,,-216,75,2939,201,-291
NO5,2009,32,221,763,,-241,191,2688,131,-432
NO5,2009,33,580,577,,95,256,2849,107,-161
NO5,2009,34,1183,1086,,732,593,3076,90,138
NO5,2009,35,795,823,,1204,913,3191,76,291
NO5,2009,36,1124,1229,,1640,1355,3165,71,285
NO5,2009,37,812,968,,1774,1582,3078,66,191
NO5,2009,38,1,488,,936,1186,2704,61,-250
NO5,2009,39,1155,926,,1535,1609,2960,61,-73
NO5,2009,40,1247,911,,1605,1433,2820,501,172
NO5,2009,41,970,445,,1652,1099,2635,1183,553
NO5,2009,42,212,269,,1142,817,2636,1115,325
NO5,2009,43,27,192,,317,320,2500,1078,-4
NO5,2009,44,116,125,,-315,-96,2394,1170,-219
NO5,2009,45,476,119,,-501,-333,2347,1564,-167
NO5,2009,46,269,71,,-856,-565,2308,1796,-290
NO5,2009,47,1193,369,,-178,-307,2729,2167,129
NO5,2009,48,1336,550,,307,-97,2566,3075,404
NO5,2009,49,163,163,,-352,-220,2408,3226,-132
NO5,2009,50,139,91,,-923,-257,2339,3340,-665
NO5,2009,51,260,57,,-1572,-547,2290,3587,-1024
NO5,2009,52,342,39,,-2021,-771,2260,3913,-1250
NO5,2009,53,265,31,,-2675,-1118,2241,4164,-1556
NO5,2010,1,22,13,,-3720,-1609,2229,4185,-2111
NO5,2010,2,26,9,,-4352,-1717,2221,4209,-2635
NO5,2010,3,79,9,,-4978,-1789,2215,4283,-3189
NO5,2010,4,342,15,,-5501,-1980,2211,4608,-3521
NO5,2010,5,169,12,,-5926,-1971,2207,4769,-3955
NO5,2010,6,59,5,,-6475,-1979,2203,4825,-4496
NO5,2010,7,79,5,,-6988,-2016,2201,4901,-4972
NO5,2010,8,270,12,,-7199,-1983,2198,5159,-5216
NO5,2010,9,184,8,,-7343,-1809,2197,5334,-5534
NO5,2010,10,353,37,,-7381,-1646,2218,5621,-5735
NO5,2010,11,846,172,,-6909,-1420,2428,6059,-5489
NO5,2010,12,524,291,,-6888,-1246,2430,6273,-5643
NO5,2010,13,510,172,,-6749,-1126,2364,6664,-5623
NO5,2010,14,119,190,,-6910,-996,2412,6540,-5914
NO5,2010,15,772,206,,-6326,-874,2485,7011,-5452
NO5,2010,16,419,131,,-6115,-980,2397,7383,-5135
NO5,2010,17,565,456,,-5658,-809,2915,6949,-4849
NO5,2010,18,28,285,,-5691,-965,2697,6895,-4726
NO5,2010,19,210,293,,-5391,-1173,3145,6347,-4217
NO5,2010,20,525,1971,,-5382,-452,3874,4074,-4930
NO5,2010,21,196,1121,,-5493,-633,3329,3638,-4860
NO5,2010,22,-20,1092,,-5623,-793,3475,2340,-4830
NO5,2010,23,630,1479,,-5268,-793,3726,1198,-4476
NO5,2010,24,82,1038,,-5383,-1192,3162,807,-4191
NO5,2010,25,44,730,,-5148,-1482,2944,398,-3666
NO5,2010,26,320,783,,-4644,-1645,2859,171,-2999
NO5,2010,27,17,580,,-4473,-1893,2530,103,-2581
NO5,2010,28,802,728,,-3407,-1788,2847,72,-1619
NO5,2010,29,701,946,,-2831,-1625,2769,61,-1206
NO5,2010,30,289,604,,-2707,-1782,2706,53,-925
NO5,2010,31,290,586,,-2575,-1792,2598,50,-783
NO5,2010,32,510,625,,-2269,-1804,2739,48,-466
NO5,2010,33,231,588,,-2147,-1702,2626,46,-445
NO5,2010,34,780,671,,-1659,-1510,2827,50,-150
NO5,2010,35,145,458,,-1928,-1592,2592,48,-336
NO5,2010,36,150,359,,-2080,-1716,2542,44,-364
NO5,2010,37,1304,871,,-1357,-1447,2974,67,89
NO5,2010,38,862,719,,-1158,-1324,3079,102,166
NO5,2010,39,32,388,,-1836,-1573,2760,71,-263
NO5,2010,40,1647,1216,,-655,-795,3242,47,140
NO5,2010,41,8,408,,-1532,-1169,2853,50,-363
NO5,2010,42,618,328,,-1590,-1335,2718,453,-255
NO5,2010,43,1147,599,,-1324,-1412,3142,528,88
NO5,2010,44,1042,738,,-1387,-1527,2857,1065,140
NO5,2010,45,132,193,,-2009,-1781,2662,1189,-228
NO5,2010,46,167,114,,-2497,-1998,2554,1342,-499
NO5,2010,47,17,65,,-3218,-2295,2486,1358,-923
NO5,2010,48,18,42,,-4107,-2687,2443,1375,-1420
NO5,2010,49,355,38,,-4616,-2974,2415,1710,-1641
NO5,2010,50,297,32,,-5100,-3140,2392,1992,-1960
NO5,2010,51,239,25,,-5781,-3476,2376,2220,-2305
NO5,2010,52,371,25,,-6286,-3758,2369,2526,-2528
NO5,2011,1,659,37,,-6695,-3678,2357,3151,-3018
NO5,2011,2,1202,70,,-5955,-3518,2354,4275,-2437
NO5,2011,3,872,130,,-5594,-3260,2381,4973,-2334
NO5,2011,4,255,52,,-5882,-3093,2366,5184,-2790
NO5,2011,5,1429,127,,-4938,-2831,2378,6445,-2108
NO5,2011,6,894,70,,-4450,-2562,2354,7282,-1888
NO5,2011,7,96,21,,-4895,-2533,2339,7373,-2362
NO5,2011,8,309,38,,-5209,-2612,2366,7610,-2597
NO5,2011,9,285,64,,-5309,-2434,2360,7830,-2875
NO5,2011,10,778,66,,-4961,-2271,2348,8536,-2690
NO5,2011,11,409,42,,-4923,-2194,2343,8904,-2729
NO5,2011,12,2040,591,,-3580,-1873,2595,10043,-1707
NO5,2011,13,456,193,,-3547,-1779,2703,10180,-1768
NO5,2011,14,1345,842,,-2878,-1334,3002,10319,-1544
NO5,2011,15,300,844,,-3253,-1028,3219,9504,-2225
NO5,2011,16,42,974,,-3682,-504,3585,8154,-3178
NO5,2011,17,-25,1099,,-4096,64,3402,7151,-4159
NO5,2011,18,43,674,,-4193,240,3248,6638,-4433
NO5,2011,19,296,1485,,-4210,886,3625,4988,-5096
NO5,2011,20,848,1053,,-3723,802,3409,4944,-4525
NO5,2011,21,1050,1067,,-3202,362,3331,4932,-3565
NO5,2011,22,571,1034,,-2787,111,3499,4248,-2898
NO5,2011,23,1637,2491,,-1359,1265,4197,2579,-2624
NO5,2011,24,534,1795,,-1139,1536,3674,1810,-2675
NO5,2011,25,182,1113,,-964,1492,3247,1306,-2456
NO5,2011,26,1198,1559,,237,2054,3470,741,-1817
NO5,2011,27,551,1221,,572,2112,3302,370,-1541
NO5,2011,28,71,816,,281,1757,2832,231,-1476
NO5,2011,29,1147,885,,1272,1839,3330,139,-567
NO5,2011,30,703,1289,,1320,1892,3033,80,-572
NO5,2011,31,342,771,,1192,1664,2915,45,-472
NO5,2011,32,90,573,,570,1205,2581,36,-635
NO5,2011,33,1027,816,,845,1006,2929,27,-161
NO5,2011,34,1014,800,,1400,1098,3310,19,302
NO5,2011,35,546,918,,1314,1207,3069,14,107
NO5,2011,36,1021,981,,1711,1439,3210,12,271
NO5,2011,37,1026,1020,,1987,1652,3277,11,335
NO5,2011,38,1112,935,,2095,1647,3422,41,448
NO5,2011,39,519,929,,1897,1814,3174,4,83
NO5,2011,40,1630,1131,,2352,1839,3307,353,512
NO5,2011,41,942,693,,2076,1473,3017,851,603
NO5,2011,42,693,547,,2017,1462,3110,871,556
NO5,2011,43,503,510,,1620,1254,3129,819,367
NO5,2011,44,612,819,,1391,1473,3324,376,-82
NO5,2011,45,156,552,,556,1339,3048,247,-783
NO5,2011,46,336,340,,39,1158,3040,235,-1119
NO5,2011,47,1790,585,,1081,1413,3113,1321,-332
NO5,2011,48,2441,950,,2401,1786,2997,2856,615
NO5,2011,49,763,271,,2314,1754,2768,3559,561
NO5,2011,50,1352,254,,2826,1766,2669,4736,1060
NO5,2011,51,712,141,,2768,1710,2619,5341,1059
NO5,2011,52,2170,599,,4096,2031,2724,6765,2065
NO5,2012,1,1162,197,,3946,2035,2610,7826,1911
NO5,2012,2,1490,177,,4626,1960,2558,9174,2666
NO5,2012,3,755,88,,4553,1851,2511,9879,2702
NO5,2012,4,364,49,,4020,1655,2481,10224,2365
NO5,2012,5,269,33,,3364,1354,2460,10480,2009
NO5,2012,6,230,22,,2762,1140,2446,10699,1622
NO5,2012,7,774,55,,2859,1084,2453,11396,1775
NO5,2012,8,1979,197,,4171,1145,2488,13111,3026
NO5,2012,9,858,281,,4340,1242,2607,13557,3098
NO5,2012,10,1010,215,,4643,1289,2635,14292,3353
NO5,2012,11,625,446,,4593,1489,2890,14189,3104
NO5,2012,12,886,529,,4706,1652,3044,14355,3054
NO5,2012,13,357,672,,4269,1878,3068,13974,2391
NO5,2012,14,239,249,,4001,1855,2826,14185,2146
NO5,2012,15,663,222,,4214,1734,2757,14672,2480
NO5,2012,16,350,146,,4189,1478,2702,14925,2711
NO5,2012,17,776,328,,4633,1290,2889,15167,3343
NO5,2012,18,284,554,,4430,992,3095,14662,3438
NO5,2012,19,414,397,,4491,448,3087,14665,4043
NO5,2012,20,886,702,,4777,-240,3202,14693,5017
NO5,2012,21,-65,1561,,4104,-266,3922,12275,4369
NO5,2012,22,-31,1514,,3444,-483,3277,11295,3927
NO5,2012,23,58,799,,3140,-1251,3530,10260,4390
NO5,2012,24,476,1681,,3141,-1190,3783,8708,4331
NO5,2012,25,343,1666,,3066,-1021,3842,7254,4087
NO5,2012,26,248,1857,,2847,-532,3768,5640,3379
NO5,2012,27,366,1925,,2712,140,3750,4034,2571
NO5,2012,28,1383,2441,,2990,872,3843,2813,2118
NO5,2012,29,275,1244,,2495,862,3386,2282,1633
NO5,2012,30,340,1258,,2318,1240,3179,1582,1078
NO5,2012,31,417,1057,,2032,1292,3067,1104,740
NO5,2012,32,316,845,,1566,1103,2936,779,462
NO5,2012,33,299,749,,1356,1044,2974,455,312
NO5,2012,34,698,958,,1240,990,2960,317,250
NO5,2012,35,713,765,,1435,1104,3067,240,331
NO5,2012,36,891,954,,1791,1482,3022,238,309
NO5,2012,37,1178,988,,2141,1647,3226,220,494
NO5,2012,38,849,985,,1774,1514,2948,328,260
NO5,2012,39,327,396,,1053,1107,2919,122,-54
NO5,2012,40,1047,789,,1212,1088,3126,146,124
NO5,2012,41,327,399,,705,788,2854,329,-83
NO5,2012,42,766,362,,799,660,3022,542,139
NO5,2012,43,440,349,,294,239,2804,833,55
NO5,2012,44,722,247,,198,-115,2693,1401,312
NO5,2012,45,824,204,,378,-242,2663,2035,620
NO5,2012,46,1145,543,,765,-101,2878,2383,867
NO5,2012,47,1267,633,,1214,134,2981,2865,1080
NO5,2012,48,115,249,,441,-23,2728,2974,464
NO5,2012,49,84,119,,-413,-306,2606,3054,-107
NO5,2012,50,281,78,,-1012,-524,2537,3320,-488
NO5,2012,51,223,63,,-1702,-815,2499,3516,-886
NO5,2012,52,1034,84,,-1373,-900,2513,4437,-474
NO5,2013,1,1610,277,,-960,-694,2554,5706,-266
NO5,2013,2,128,114,,-1601,-807,2493,5778,-795
NO5,2013,3,7,39,,-2474,-1024,2453,5785,-1450
NO5,2013,4,62,24,,-3237,-1172,2429,5845,-2066
NO5,2013,5,1064,101,,-2811,-1105,2436,6789,-1706
NO5,2013,6,399,42,,-3056,-1113,2416,7165,-1943
NO5,2013,7,130,17,,-3585,-1203,2404,7287,-2382
NO5,2013,8,249,25,,-3977,-1316,2400,7512,-2661
NO5,2013,9,263,23,,-4211,-1293,2402,7746,-2918
NO5,2013,10,98,23,,-4670,-1317,2395,7826,-3352
NO5,2013,11,134,13,,-5088,-1453,2387,7953,-3635
NO5,2013,12,65,11,,-5515,-1563,2382,8011,-3951
NO5,2013,13,2,5,,-5798,-1538,2377,8013,-4260
NO5,2013,14,45,5,,-5983,-1547,2376,8053,-4437
NO5,2013,15,63,8,,-6128,-1662,2380,8103,-4465
NO5,2013,16,1159,580,,-5258,-1362,2728,8292,-3897
NO5,2013,17,1138,351,,-4255,-1323,2661,9119,-2932
NO5,2013,18,976,202,,-3325,-1539,2595,9938,-1785
NO5,2013,19,557,954,,-2991,-1357,3401,8674,-1634
NO5,2013,20,1342,1577,,-2132,-1002,4038,7709,-1130
NO5,2013,21,760,2559,,-2183,-176,3898,5923,-2007
NO5,2013,22,465,2291,,-2074,656,4132,3783,-2730
NO5,2013,23,471,1613,,-2377,310,3524,3189,-2687
NO5,2013,24,173,1255,,-2366,178,3425,2191,-2544
NO5,2013,25,738,1317,,-1748,214,3712,1335,-1962
NO5,2013,26,827,1568,,-1294,396,3515,823,-1691
NO5,2013,27,260,995,,-1160,372,3182,500,-1532
NO5,2013,28,-129,742,,-1501,67,2728,242,-1568
NO5,2013,29,424,745,,-1153,109,2635,138,-1262
NO5,2013,30,-127,594,,-1493,-183,2322,52,-1310
NO5,2013,31,870,695,,-793,-127,2736,30,-666
NO5,2013,32,977,994,,-372,-27,2887,21,-344
NO5,2013,33,977,704,,117,-58,3275,17,174
NO5,2013,34,371,956,,-129,53,2832,14,-182
NO5,2013,35,-25,461,,-617,-157,2505,12,-460
NO5,2013,36,587,558,,-466,-219,2695,9,-247
NO5,2013,37,86,514,,-994,-516,2466,8,-478
NO5,2013,38,1449,860,,-311,-364,2946,122,53
NO5,2013,39,33,391,,-1092,-717,2651,68,-375
NO5,2013,40,396,287,,-1319,-1018,2814,33,-300
NO5,2013,41,985,1022,,-1049,-642,2852,7,-407
NO5,2013,42,3,292,,-1653,-838,2588,22,-815
NO5,2013,43,1443,849,,-1049,-639,3065,106,-411
NO5,2013,44,1129,714,,-782,-543,2972,571,-239
NO5,2013,45,986,381,,-575,-623,2739,1388,48
NO5,2013,46,1274,423,,88,-430,2969,1943,518
NO5,2013,47,500,424,,-223,-419,2697,2265,196
NO5,2013,48,640,255,,-296,-386,2694,2633,90
NO5,2013,49,1843,256,,814,-305,2594,4291,1119
NO5,2013,50,1023,314,,1132,-97,2735,4838,1229
NO5,2013,51,1516,344,,1819,8,2676,6037,1811
NO5,2013,52,2235,410,,3181,107,2643,7856,3075
NO5,2014,1,1226,276,,3236,330,2573,8859,2906
NO5,2014,2,852,226,,3416,439,2539,9503,2977
NO5,2014,3,400,85,,2925,258,2472,9884,2667
NO5,2014,4,176,47,,2281,135,2434,10052,2146
NO5,2014,5,346,37,,1896,34,2412,10381,1862
NO5,2014,6,475,72,,1748,83,2424,10765,1665
NO5,2014,7,776,99,,1989,210,2443,11410,1780
NO5,2014,8,636,86,,2046,223,2435,11961,1823
NO5,2014,9,1074,364,,2352,348,2471,12599,2005
NO5,2014,10,1076,184,,2789,421,2530,13412,2368
NO5,2014,11,822,204,,3130,564,2520,14022,2566
NO5,2014,12,2571,317,,5171,763,2546,16207,4408
NO5,2014,13,186,161,,4740,616,2545,16230,4124
NO5,2014,14,21,151,,4173,400,2540,16098,3772
NO5,2014,15,1080,428,,4740,437,2747,16505,4303
NO5,2014,16,459,287,,4830,340,2697,16709,4490
NO5,2014,17,-9,512,,4532,380,3087,15777,4152
NO5,2014,18,10,702,,4124,311,2998,15134,3813
NO5,2014,19,352,363,,4316,-69,2966,15127,4384
NO5,2014,20,368,752,,4431,-363,3452,14219,4794
NO5,2014,21,465,2074,,4567,440,4087,11868,4127
NO5,2014,22,-101,2157,,3855,901,3835,9764,2954
NO5,2014,23,204,2258,,3269,1224,3876,7568,2044
NO5,2014,24,231,2064,,3115,1762,3591,5922,1353
NO5,2014,25,-25,1484,,2500,1547,3136,4825,953
NO5,2014,26,-77,962,,1700,818,2958,3953,882
NO5,2014,27,301,1225,,1345,564,3013,2981,781
NO5,2014,28,423,1765,,1282,1061,3059,1700,221
NO5,2014,29,331,1384,,850,1034,2809,1042,-184
NO5,2014,30,11,1087,,203,803,2596,488,-600
NO5,2014,31,378,1018,,-77,704,2363,287,-782
NO5,2014,32,196,687,,-408,442,2244,159,-849
NO5,2014,33,218,476,,-648,172,2190,107,-821
NO5,2014,34,738,520,,-381,56,2510,80,-437
NO5,2014,35,102,468,,-748,-149,2320,57,-599
NO5,2014,36,-30,353,,-1198,-421,2135,38,-778
NO5,2014,37,406,501,,-1331,-645,2239,26,-687
NO5,2014,38,-35,331,,-2005,-1081,2071,20,-925
NO5,2014,39,1033,447,,-1529,-1088,2605,48,-442
NO5,2014,40,425,715,,-1770,-1022,2386,15,-747
NO5,2014,41,1086,523,,-1258,-959,2842,124,-299
NO5,2014,42,409,425,,-1372,-891,2757,188,-481
NO5,2014,43,2002,1332,,-174,-125,3315,217,-49
NO5,2014,44,2509,2171,,825,887,3456,265,-62
NO5,2014,45,609,840,,352,971,3056,402,-619
NO5,2014,46,599,507,,133,1004,2922,602,-870
NO5,2014,47,110,222,,-559,803,2703,701,-1362
NO5,2014,48,941,216,,-365,757,2607,1508,-1122
NO5,2014,49,585,181,,-594,668,2566,1939,-1261
NO5,2014,50,1623,188,,198,632,2508,3403,-434
NO5,2014,51,1841,170,,1207,556,2472,5081,651
NO5,2014,52,961,111,,1250,283,2434,5957,968
NO5,2026,18,108,568,,,,3310,5952,-5056
,,,,,,,,,,
"Applied filters:
Iso-uke is not blank
Data is not Avvik snow, mark og grunnvann or Magasinavvik
Iso-year is not Glattet snitt 2002-2021",,,,,,,,,,